<gpx xmlns:ns3="http://www.garmin.com/xmlschemas/TrackPointExtension/v1" xmlns="http://www.topografix.com/GPX/1/1" xmlns:xsi="http://www.w3.org/2001/XMLSchema-instance" xmlns:ns2="http://www.garmin.com/xmlschemas/GpxExtensions/v3" creator="Garmin Connect" version="1.1" xsi:schemaLocation="http://www.topografix.com/GPX/1/1 http://www.topografix.com/GPX/11.xsd">
  <extensions>
<distance>5005.53</distance>
<average_hr>160.0</average_hr>
<average_speed>2.9386609930976664</average_speed>
<start_time>2016-06-22T11:34:41+00:00</start_time>
<end_time>2016-06-22T12:03:04.337000+00:00</end_time>
<moving_time>1681.0</moving_time>
<elapsed_time>1704.767</elapsed_time>
</extensions>
<metadata>
    <link href="connect.garmin.com">
      <text>Garmin Connect</text>
    </link>
    <time>2016-06-22T11:34:41.000Z</time>
  </metadata>
  <trk>
    <name>跑步</name>
    <type>running</type>
    <trkseg>
      <trkpt lat="29.1494259797036647796630859375" lon="120.32925479114055633544921875">
        <ele>140.600006103515625</ele>
        <time>2016-06-22T11:34:47.000Z</time>
        <extensions>
          <ns3:TrackPointExtension>
            <ns3:cad>0</ns3:cad>
          </ns3:TrackPointExtension>
        </extensions>
      </trkpt>
      <trkpt lat="29.14943025447428226470947265625" lon="120.32924515195190906524658203125">
        <ele>140.600006103515625</ele>
        <time>2016-06-22T11:34:48.000Z</time>
        <extensions>
          <ns3:TrackPointExtension>
            <ns3:cad>0</ns3:cad>
          </ns3:TrackPointExtension>
        </extensions>
      </trkpt>
      <trkpt lat="29.14943025447428226470947265625" lon="120.32924515195190906524658203125">
        <ele>140.600006103515625</ele>
        <time>2016-06-22T11:34:49.000Z</time>
        <extensions>
          <ns3:TrackPointExtension>
            <ns3:cad>0</ns3:cad>
          </ns3:TrackPointExtension>
        </extensions>
      </trkpt>
      <trkpt lat="29.14945003576576709747314453125" lon="120.3292113728821277618408203125">
        <ele>140.600006103515625</ele>
        <time>2016-06-22T11:34:50.000Z</time>
        <extensions>
          <ns3:TrackPointExtension>
            <ns3:cad>0</ns3:cad>
          </ns3:TrackPointExtension>
        </extensions>
      </trkpt>
      <trkpt lat="29.14945003576576709747314453125" lon="120.3292113728821277618408203125">
        <ele>140.600006103515625</ele>
        <time>2016-06-22T11:34:51.000Z</time>
        <extensions>
          <ns3:TrackPointExtension>
            <ns3:cad>0</ns3:cad>
          </ns3:TrackPointExtension>
        </extensions>
      </trkpt>
      <trkpt lat="29.14960308931767940521240234375" lon="120.32893485389649868011474609375">
        <ele>143.1999969482421875</ele>
        <time>2016-06-22T11:34:52.000Z</time>
        <extensions>
          <ns3:TrackPointExtension>
            <ns3:cad>95</ns3:cad>
          </ns3:TrackPointExtension>
        </extensions>
      </trkpt>
      <trkpt lat="29.149596802890300750732421875" lon="120.328896045684814453125">
        <ele>143.1999969482421875</ele>
        <time>2016-06-22T11:34:54.000Z</time>
        <extensions>
          <ns3:TrackPointExtension>
            <ns3:cad>95</ns3:cad>
          </ns3:TrackPointExtension>
        </extensions>
      </trkpt>
      <trkpt lat="29.149617254734039306640625" lon="120.3288613446056842803955078125">
        <ele>143.600006103515625</ele>
        <time>2016-06-22T11:34:55.000Z</time>
        <extensions>
          <ns3:TrackPointExtension>
            <ns3:cad>95</ns3:cad>
          </ns3:TrackPointExtension>
        </extensions>
      </trkpt>
      <trkpt lat="29.14963804185390472412109375" lon="120.32883100211620330810546875">
        <ele>144</ele>
        <time>2016-06-22T11:34:56.000Z</time>
        <extensions>
          <ns3:TrackPointExtension>
            <ns3:cad>95</ns3:cad>
          </ns3:TrackPointExtension>
        </extensions>
      </trkpt>
      <trkpt lat="29.149645082652568817138671875" lon="120.3287912718951702117919921875">
        <ele>144.1999969482421875</ele>
        <time>2016-06-22T11:34:57.000Z</time>
        <extensions>
          <ns3:TrackPointExtension>
            <ns3:cad>95</ns3:cad>
          </ns3:TrackPointExtension>
        </extensions>
      </trkpt>
      <trkpt lat="29.149645082652568817138671875" lon="120.3287912718951702117919921875">
        <ele>144.1999969482421875</ele>
        <time>2016-06-22T11:34:58.000Z</time>
        <extensions>
          <ns3:TrackPointExtension>
            <ns3:cad>95</ns3:cad>
          </ns3:TrackPointExtension>
        </extensions>
      </trkpt>
      <trkpt lat="29.14965522475540637969970703125" lon="120.3287721611559391021728515625">
        <ele>144.600006103515625</ele>
        <time>2016-06-22T11:34:59.000Z</time>
        <extensions>
          <ns3:TrackPointExtension>
            <ns3:cad>96</ns3:cad>
          </ns3:TrackPointExtension>
        </extensions>
      </trkpt>
      <trkpt lat="29.14966193027794361114501953125" lon="120.328748188912868499755859375">
        <ele>144.8000030517578125</ele>
        <time>2016-06-22T11:35:00.000Z</time>
        <extensions>
          <ns3:TrackPointExtension>
            <ns3:cad>98</ns3:cad>
          </ns3:TrackPointExtension>
        </extensions>
      </trkpt>
      <trkpt lat="29.149667881429195404052734375" lon="120.328685827553272247314453125">
        <ele>145.600006103515625</ele>
        <time>2016-06-22T11:35:01.000Z</time>
        <extensions>
          <ns3:TrackPointExtension>
            <ns3:cad>96</ns3:cad>
          </ns3:TrackPointExtension>
        </extensions>
      </trkpt>
      <trkpt lat="29.149667881429195404052734375" lon="120.328685827553272247314453125">
        <ele>145.600006103515625</ele>
        <time>2016-06-22T11:35:02.000Z</time>
        <extensions>
          <ns3:TrackPointExtension>
            <ns3:cad>96</ns3:cad>
          </ns3:TrackPointExtension>
        </extensions>
      </trkpt>
      <trkpt lat="29.1496633552014827728271484375" lon="120.32865489833056926727294921875">
        <ele>146</ele>
        <time>2016-06-22T11:35:03.000Z</time>
        <extensions>
          <ns3:TrackPointExtension>
            <ns3:cad>96</ns3:cad>
          </ns3:TrackPointExtension>
        </extensions>
      </trkpt>
      <trkpt lat="29.14965807460248470306396484375" lon="120.3286222927272319793701171875">
        <ele>146.1999969482421875</ele>
        <time>2016-06-22T11:35:04.000Z</time>
        <extensions>
          <ns3:TrackPointExtension>
            <ns3:cad>97</ns3:cad>
          </ns3:TrackPointExtension>
        </extensions>
      </trkpt>
      <trkpt lat="29.14964877068996429443359375" lon="120.32858968712389469146728515625">
        <ele>146.399993896484375</ele>
        <time>2016-06-22T11:35:05.000Z</time>
        <extensions>
          <ns3:TrackPointExtension>
            <ns3:cad>97</ns3:cad>
          </ns3:TrackPointExtension>
        </extensions>
      </trkpt>
      <trkpt lat="29.14963804185390472412109375" lon="120.3285552375018596649169921875">
        <ele>146.8000030517578125</ele>
        <time>2016-06-22T11:35:06.000Z</time>
        <extensions>
          <ns3:TrackPointExtension>
            <ns3:cad>97</ns3:cad>
          </ns3:TrackPointExtension>
        </extensions>
      </trkpt>
      <trkpt lat="29.14962572045624256134033203125" lon="120.32852397300302982330322265625">
        <ele>147</ele>
        <time>2016-06-22T11:35:07.000Z</time>
        <extensions>
          <ns3:TrackPointExtension>
            <ns3:cad>99</ns3:cad>
          </ns3:TrackPointExtension>
        </extensions>
      </trkpt>
      <trkpt lat="29.14961465634405612945556640625" lon="120.3284938819706439971923828125">
        <ele>147</ele>
        <time>2016-06-22T11:35:08.000Z</time>
        <extensions>
          <ns3:TrackPointExtension>
            <ns3:cad>99</ns3:cad>
          </ns3:TrackPointExtension>
        </extensions>
      </trkpt>
      <trkpt lat="29.14960158057510852813720703125" lon="120.32846312038600444793701171875">
        <ele>147</ele>
        <time>2016-06-22T11:35:09.000Z</time>
        <extensions>
          <ns3:TrackPointExtension>
            <ns3:cad>99</ns3:cad>
          </ns3:TrackPointExtension>
        </extensions>
      </trkpt>
      <trkpt lat="29.1495862416923046112060546875" lon="120.328432023525238037109375">
        <ele>147</ele>
        <time>2016-06-22T11:35:10.000Z</time>
        <extensions>
          <ns3:TrackPointExtension>
            <ns3:cad>99</ns3:cad>
          </ns3:TrackPointExtension>
        </extensions>
      </trkpt>
      <trkpt lat="29.149569310247898101806640625" lon="120.32840092666447162628173828125">
        <ele>147</ele>
        <time>2016-06-22T11:35:11.000Z</time>
        <extensions>
          <ns3:TrackPointExtension>
            <ns3:cad>99</ns3:cad>
          </ns3:TrackPointExtension>
        </extensions>
      </trkpt>
      <trkpt lat="29.1495496965944766998291015625" lon="120.3283721767365932464599609375">
        <ele>146.8000030517578125</ele>
        <time>2016-06-22T11:35:12.000Z</time>
        <extensions>
          <ns3:TrackPointExtension>
            <ns3:cad>99</ns3:cad>
          </ns3:TrackPointExtension>
        </extensions>
      </trkpt>
      <trkpt lat="29.1495274007320404052734375" lon="120.32834376208484172821044921875">
        <ele>146.8000030517578125</ele>
        <time>2016-06-22T11:35:13.000Z</time>
        <extensions>
          <ns3:TrackPointExtension>
            <ns3:cad>100</ns3:cad>
          </ns3:TrackPointExtension>
        </extensions>
      </trkpt>
      <trkpt lat="29.14950083009898662567138671875" lon="120.32831995747983455657958984375">
        <ele>146.8000030517578125</ele>
        <time>2016-06-22T11:35:14.000Z</time>
        <extensions>
          <ns3:TrackPointExtension>
            <ns3:cad>101</ns3:cad>
          </ns3:TrackPointExtension>
        </extensions>
      </trkpt>
      <trkpt lat="29.14944718591868877410888671875" lon="120.32828056253492832183837890625">
        <ele>146.399993896484375</ele>
        <time>2016-06-22T11:35:15.000Z</time>
        <extensions>
          <ns3:TrackPointExtension>
            <ns3:cad>101</ns3:cad>
          </ns3:TrackPointExtension>
        </extensions>
      </trkpt>
      <trkpt lat="29.14944718591868877410888671875" lon="120.32828056253492832183837890625">
        <ele>146.399993896484375</ele>
        <time>2016-06-22T11:35:16.000Z</time>
        <extensions>
          <ns3:TrackPointExtension>
            <ns3:cad>101</ns3:cad>
          </ns3:TrackPointExtension>
        </extensions>
      </trkpt>
      <trkpt lat="29.14941952563822269439697265625" lon="120.32826346345245838165283203125">
        <ele>146.1999969482421875</ele>
        <time>2016-06-22T11:35:17.000Z</time>
        <extensions>
          <ns3:TrackPointExtension>
            <ns3:cad>101</ns3:cad>
          </ns3:TrackPointExtension>
        </extensions>
      </trkpt>
      <trkpt lat="29.14939127862453460693359375" lon="120.32824854366481304168701171875">
        <ele>146</ele>
        <time>2016-06-22T11:35:18.000Z</time>
        <extensions>
          <ns3:TrackPointExtension>
            <ns3:cad>100</ns3:cad>
          </ns3:TrackPointExtension>
        </extensions>
      </trkpt>
      <trkpt lat="29.1493637859821319580078125" lon="120.32823479734361171722412109375">
        <ele>145.8000030517578125</ele>
        <time>2016-06-22T11:35:19.000Z</time>
        <extensions>
          <ns3:TrackPointExtension>
            <ns3:cad>100</ns3:cad>
          </ns3:TrackPointExtension>
        </extensions>
      </trkpt>
      <trkpt lat="29.14933822117745876312255859375" lon="120.32822138629853725433349609375">
        <ele>145.600006103515625</ele>
        <time>2016-06-22T11:35:20.000Z</time>
        <extensions>
          <ns3:TrackPointExtension>
            <ns3:cad>100</ns3:cad>
          </ns3:TrackPointExtension>
        </extensions>
      </trkpt>
      <trkpt lat="29.14931324310600757598876953125" lon="120.32820931635797023773193359375">
        <ele>145.399993896484375</ele>
        <time>2016-06-22T11:35:21.000Z</time>
        <extensions>
          <ns3:TrackPointExtension>
            <ns3:cad>101</ns3:cad>
          </ns3:TrackPointExtension>
        </extensions>
      </trkpt>
      <trkpt lat="29.14928742684423923492431640625" lon="120.328201018273830413818359375">
        <ele>145.1999969482421875</ele>
        <time>2016-06-22T11:35:22.000Z</time>
        <extensions>
          <ns3:TrackPointExtension>
            <ns3:cad>101</ns3:cad>
          </ns3:TrackPointExtension>
        </extensions>
      </trkpt>
      <trkpt lat="29.1492603532969951629638671875" lon="120.3281934745609760284423828125">
        <ele>145</ele>
        <time>2016-06-22T11:35:23.000Z</time>
        <extensions>
          <ns3:TrackPointExtension>
            <ns3:cad>101</ns3:cad>
          </ns3:TrackPointExtension>
        </extensions>
      </trkpt>
      <trkpt lat="29.1492315195500850677490234375" lon="120.32818836160004138946533203125">
        <ele>145</ele>
        <time>2016-06-22T11:35:24.000Z</time>
        <extensions>
          <ns3:TrackPointExtension>
            <ns3:cad>101</ns3:cad>
          </ns3:TrackPointExtension>
        </extensions>
      </trkpt>
      <trkpt lat="29.14920276962220668792724609375" lon="120.32818324863910675048828125">
        <ele>144.8000030517578125</ele>
        <time>2016-06-22T11:35:25.000Z</time>
        <extensions>
          <ns3:TrackPointExtension>
            <ns3:cad>101</ns3:cad>
          </ns3:TrackPointExtension>
        </extensions>
      </trkpt>
      <trkpt lat="29.1491733491420745849609375" lon="120.3281740285456180572509765625">
        <ele>144.600006103515625</ele>
        <time>2016-06-22T11:35:26.000Z</time>
        <extensions>
          <ns3:TrackPointExtension>
            <ns3:cad>101</ns3:cad>
          </ns3:TrackPointExtension>
        </extensions>
      </trkpt>
      <trkpt lat="29.149142839014530181884765625" lon="120.32816983759403228759765625">
        <ele>144.399993896484375</ele>
        <time>2016-06-22T11:35:27.000Z</time>
        <extensions>
          <ns3:TrackPointExtension>
            <ns3:cad>101</ns3:cad>
          </ns3:TrackPointExtension>
        </extensions>
      </trkpt>
      <trkpt lat="29.14911475963890552520751953125" lon="120.32816589809954166412353515625">
        <ele>144.1999969482421875</ele>
        <time>2016-06-22T11:35:28.000Z</time>
        <extensions>
          <ns3:TrackPointExtension>
            <ns3:cad>101</ns3:cad>
          </ns3:TrackPointExtension>
        </extensions>
      </trkpt>
      <trkpt lat="29.14908684790134429931640625" lon="120.32815868966281414031982421875">
        <ele>144.1999969482421875</ele>
        <time>2016-06-22T11:35:29.000Z</time>
        <extensions>
          <ns3:TrackPointExtension>
            <ns3:cad>100</ns3:cad>
          </ns3:TrackPointExtension>
        </extensions>
      </trkpt>
      <trkpt lat="29.1490615345537662506103515625" lon="120.328148044645786285400390625">
        <ele>144</ele>
        <time>2016-06-22T11:35:30.000Z</time>
        <extensions>
          <ns3:TrackPointExtension>
            <ns3:cad>100</ns3:cad>
          </ns3:TrackPointExtension>
        </extensions>
      </trkpt>
      <trkpt lat="29.14903412573039531707763671875" lon="120.32813874073326587677001953125">
        <ele>143.8000030517578125</ele>
        <time>2016-06-22T11:35:31.000Z</time>
        <extensions>
          <ns3:TrackPointExtension>
            <ns3:cad>100</ns3:cad>
          </ns3:TrackPointExtension>
        </extensions>
      </trkpt>
      <trkpt lat="29.14900747127830982208251953125" lon="120.328125916421413421630859375">
        <ele>143.8000030517578125</ele>
        <time>2016-06-22T11:35:32.000Z</time>
        <extensions>
          <ns3:TrackPointExtension>
            <ns3:cad>100</ns3:cad>
          </ns3:TrackPointExtension>
        </extensions>
      </trkpt>
      <trkpt lat="29.1489797271788120269775390625" lon="120.32811527140438556671142578125">
        <ele>143.600006103515625</ele>
        <time>2016-06-22T11:35:33.000Z</time>
        <extensions>
          <ns3:TrackPointExtension>
            <ns3:cad>99</ns3:cad>
          </ns3:TrackPointExtension>
        </extensions>
      </trkpt>
      <trkpt lat="29.14896422065794467926025390625" lon="120.328095741569995880126953125">
        <ele>143.600006103515625</ele>
        <time>2016-06-22T11:35:34.000Z</time>
        <extensions>
          <ns3:TrackPointExtension>
            <ns3:cad>99</ns3:cad>
          </ns3:TrackPointExtension>
        </extensions>
      </trkpt>
      <trkpt lat="29.148945696651935577392578125" lon="120.32807721756398677825927734375">
        <ele>143.600006103515625</ele>
        <time>2016-06-22T11:35:35.000Z</time>
        <extensions>
          <ns3:TrackPointExtension>
            <ns3:cad>100</ns3:cad>
          </ns3:TrackPointExtension>
        </extensions>
      </trkpt>
      <trkpt lat="29.1489217244088649749755859375" lon="120.32806481234729290008544921875">
        <ele>143.600006103515625</ele>
        <time>2016-06-22T11:35:36.000Z</time>
        <extensions>
          <ns3:TrackPointExtension>
            <ns3:cad>100</ns3:cad>
          </ns3:TrackPointExtension>
        </extensions>
      </trkpt>
      <trkpt lat="29.14889649488031864166259765625" lon="120.3280536644160747528076171875">
        <ele>143.399993896484375</ele>
        <time>2016-06-22T11:35:37.000Z</time>
        <extensions>
          <ns3:TrackPointExtension>
            <ns3:cad>100</ns3:cad>
          </ns3:TrackPointExtension>
        </extensions>
      </trkpt>
      <trkpt lat="29.14887201972305774688720703125" lon="120.3280415944755077362060546875">
        <ele>143.399993896484375</ele>
        <time>2016-06-22T11:35:38.000Z</time>
        <extensions>
          <ns3:TrackPointExtension>
            <ns3:hr>141</ns3:hr>
            <ns3:cad>100</ns3:cad>
          </ns3:TrackPointExtension>
        </extensions>
      </trkpt>
      <trkpt lat="29.14884821511805057525634765625" lon="120.32802893780171871185302734375">
        <ele>143.399993896484375</ele>
        <time>2016-06-22T11:35:39.000Z</time>
        <extensions>
          <ns3:TrackPointExtension>
            <ns3:hr>140</ns3:hr>
            <ns3:cad>100</ns3:cad>
          </ns3:TrackPointExtension>
        </extensions>
      </trkpt>
      <trkpt lat="29.14882399141788482666015625" lon="120.32801561057567596435546875">
        <ele>143.1999969482421875</ele>
        <time>2016-06-22T11:35:40.000Z</time>
        <extensions>
          <ns3:TrackPointExtension>
            <ns3:hr>141</ns3:hr>
            <ns3:cad>100</ns3:cad>
          </ns3:TrackPointExtension>
        </extensions>
      </trkpt>
      <trkpt lat="29.14879742078483104705810546875" lon="120.32800228334963321685791015625">
        <ele>143.1999969482421875</ele>
        <time>2016-06-22T11:35:41.000Z</time>
        <extensions>
          <ns3:TrackPointExtension>
            <ns3:hr>139</ns3:hr>
            <ns3:cad>100</ns3:cad>
          </ns3:TrackPointExtension>
        </extensions>
      </trkpt>
      <trkpt lat="29.1487683355808258056640625" lon="120.32799222506582736968994140625">
        <ele>143</ele>
        <time>2016-06-22T11:35:42.000Z</time>
        <extensions>
          <ns3:TrackPointExtension>
            <ns3:hr>139</ns3:hr>
            <ns3:cad>100</ns3:cad>
          </ns3:TrackPointExtension>
        </extensions>
      </trkpt>
      <trkpt lat="29.1487415134906768798828125" lon="120.32798015512526035308837890625">
        <ele>143</ele>
        <time>2016-06-22T11:35:43.000Z</time>
        <extensions>
          <ns3:TrackPointExtension>
            <ns3:hr>139</ns3:hr>
            <ns3:cad>100</ns3:cad>
          </ns3:TrackPointExtension>
        </extensions>
      </trkpt>
      <trkpt lat="29.14871242828667163848876953125" lon="120.32797135412693023681640625">
        <ele>143</ele>
        <time>2016-06-22T11:35:44.000Z</time>
        <extensions>
          <ns3:TrackPointExtension>
            <ns3:hr>139</ns3:hr>
            <ns3:cad>100</ns3:cad>
          </ns3:TrackPointExtension>
        </extensions>
      </trkpt>
      <trkpt lat="29.14868292398750782012939453125" lon="120.32796598970890045166015625">
        <ele>143</ele>
        <time>2016-06-22T11:35:45.000Z</time>
        <extensions>
          <ns3:TrackPointExtension>
            <ns3:hr>140</ns3:hr>
            <ns3:cad>100</ns3:cad>
          </ns3:TrackPointExtension>
        </extensions>
      </trkpt>
      <trkpt lat="29.148655347526073455810546875" lon="120.32796037383377552032470703125">
        <ele>143</ele>
        <time>2016-06-22T11:35:46.000Z</time>
        <extensions>
          <ns3:TrackPointExtension>
            <ns3:hr>142</ns3:hr>
            <ns3:cad>100</ns3:cad>
          </ns3:TrackPointExtension>
        </extensions>
      </trkpt>
      <trkpt lat="29.14862684905529022216796875" lon="120.32795551232993602752685546875">
        <ele>143</ele>
        <time>2016-06-22T11:35:47.000Z</time>
        <extensions>
          <ns3:TrackPointExtension>
            <ns3:hr>142</ns3:hr>
            <ns3:cad>100</ns3:cad>
          </ns3:TrackPointExtension>
        </extensions>
      </trkpt>
      <trkpt lat="29.14859868586063385009765625" lon="120.32795350067317485809326171875">
        <ele>143</ele>
        <time>2016-06-22T11:35:48.000Z</time>
        <extensions>
          <ns3:TrackPointExtension>
            <ns3:hr>142</ns3:hr>
            <ns3:cad>100</ns3:cad>
          </ns3:TrackPointExtension>
        </extensions>
      </trkpt>
      <trkpt lat="29.14853959344327449798583984375" lon="120.32796003855764865875244140625">
        <ele>143</ele>
        <time>2016-06-22T11:35:49.000Z</time>
        <extensions>
          <ns3:TrackPointExtension>
            <ns3:hr>142</ns3:hr>
            <ns3:cad>100</ns3:cad>
          </ns3:TrackPointExtension>
        </extensions>
      </trkpt>
      <trkpt lat="29.14853959344327449798583984375" lon="120.32796003855764865875244140625">
        <ele>143</ele>
        <time>2016-06-22T11:35:50.000Z</time>
        <extensions>
          <ns3:TrackPointExtension>
            <ns3:hr>142</ns3:hr>
            <ns3:cad>100</ns3:cad>
          </ns3:TrackPointExtension>
        </extensions>
      </trkpt>
      <trkpt lat="29.14850975386798381805419921875" lon="120.32796842046082019805908203125">
        <ele>143</ele>
        <time>2016-06-22T11:35:51.000Z</time>
        <extensions>
          <ns3:TrackPointExtension>
            <ns3:hr>144</ns3:hr>
            <ns3:cad>100</ns3:cad>
          </ns3:TrackPointExtension>
        </extensions>
      </trkpt>
      <trkpt lat="29.14845879189670085906982421875" lon="120.32796137966215610504150390625">
        <ele>143</ele>
        <time>2016-06-22T11:35:52.000Z</time>
        <extensions>
          <ns3:TrackPointExtension>
            <ns3:hr>144</ns3:hr>
            <ns3:cad>100</ns3:cad>
          </ns3:TrackPointExtension>
        </extensions>
      </trkpt>
      <trkpt lat="29.14841227233409881591796875" lon="120.327958278357982635498046875">
        <ele>143</ele>
        <time>2016-06-22T11:35:53.000Z</time>
        <extensions>
          <ns3:TrackPointExtension>
            <ns3:hr>144</ns3:hr>
            <ns3:cad>100</ns3:cad>
          </ns3:TrackPointExtension>
        </extensions>
      </trkpt>
      <trkpt lat="29.148381091654300689697265625" lon="120.3279658220708370208740234375">
        <ele>143</ele>
        <time>2016-06-22T11:35:54.000Z</time>
        <extensions>
          <ns3:TrackPointExtension>
            <ns3:hr>144</ns3:hr>
            <ns3:cad>100</ns3:cad>
          </ns3:TrackPointExtension>
        </extensions>
      </trkpt>
      <trkpt lat="29.1483525931835174560546875" lon="120.3279775567352771759033203125">
        <ele>143</ele>
        <time>2016-06-22T11:35:55.000Z</time>
        <extensions>
          <ns3:TrackPointExtension>
            <ns3:hr>145</ns3:hr>
            <ns3:cad>100</ns3:cad>
          </ns3:TrackPointExtension>
        </extensions>
      </trkpt>
      <trkpt lat="29.148324429988861083984375" lon="120.3279943205416202545166015625">
        <ele>142.8000030517578125</ele>
        <time>2016-06-22T11:35:56.000Z</time>
        <extensions>
          <ns3:TrackPointExtension>
            <ns3:hr>145</ns3:hr>
            <ns3:cad>100</ns3:cad>
          </ns3:TrackPointExtension>
        </extensions>
      </trkpt>
      <trkpt lat="29.14826869033277034759521484375" lon="120.32803438603878021240234375">
        <ele>142.600006103515625</ele>
        <time>2016-06-22T11:35:57.000Z</time>
        <extensions>
          <ns3:TrackPointExtension>
            <ns3:hr>145</ns3:hr>
            <ns3:cad>100</ns3:cad>
          </ns3:TrackPointExtension>
        </extensions>
      </trkpt>
      <trkpt lat="29.14826869033277034759521484375" lon="120.32803438603878021240234375">
        <ele>142.600006103515625</ele>
        <time>2016-06-22T11:35:58.000Z</time>
        <extensions>
          <ns3:TrackPointExtension>
            <ns3:hr>145</ns3:hr>
            <ns3:cad>100</ns3:cad>
          </ns3:TrackPointExtension>
        </extensions>
      </trkpt>
      <trkpt lat="29.14824597537517547607421875" lon="120.3280553407967090606689453125">
        <ele>142.8000030517578125</ele>
        <time>2016-06-22T11:35:59.000Z</time>
        <extensions>
          <ns3:TrackPointExtension>
            <ns3:hr>144</ns3:hr>
            <ns3:cad>100</ns3:cad>
          </ns3:TrackPointExtension>
        </extensions>
      </trkpt>
      <trkpt lat="29.1482265293598175048828125" lon="120.32807537354528903961181640625">
        <ele>142.8000030517578125</ele>
        <time>2016-06-22T11:36:00.000Z</time>
        <extensions>
          <ns3:TrackPointExtension>
            <ns3:hr>144</ns3:hr>
            <ns3:cad>100</ns3:cad>
          </ns3:TrackPointExtension>
        </extensions>
      </trkpt>
      <trkpt lat="29.1482082568109035491943359375" lon="120.32809875905513763427734375">
        <ele>142.8000030517578125</ele>
        <time>2016-06-22T11:36:01.000Z</time>
        <extensions>
          <ns3:TrackPointExtension>
            <ns3:hr>144</ns3:hr>
            <ns3:cad>100</ns3:cad>
          </ns3:TrackPointExtension>
        </extensions>
      </trkpt>
      <trkpt lat="29.1481878049671649932861328125" lon="120.32812398858368396759033203125">
        <ele>143</ele>
        <time>2016-06-22T11:36:02.000Z</time>
        <extensions>
          <ns3:TrackPointExtension>
            <ns3:hr>143</ns3:hr>
            <ns3:cad>99</ns3:cad>
          </ns3:TrackPointExtension>
        </extensions>
      </trkpt>
      <trkpt lat="29.14816726930439472198486328125" lon="120.32814695499837398529052734375">
        <ele>143</ele>
        <time>2016-06-22T11:36:03.000Z</time>
        <extensions>
          <ns3:TrackPointExtension>
            <ns3:hr>142</ns3:hr>
            <ns3:cad>99</ns3:cad>
          </ns3:TrackPointExtension>
        </extensions>
      </trkpt>
      <trkpt lat="29.14814664982259273529052734375" lon="120.328170172870159149169921875">
        <ele>143</ele>
        <time>2016-06-22T11:36:04.000Z</time>
        <extensions>
          <ns3:TrackPointExtension>
            <ns3:hr>142</ns3:hr>
            <ns3:cad>100</ns3:cad>
          </ns3:TrackPointExtension>
        </extensions>
      </trkpt>
      <trkpt lat="29.14812619797885417938232421875" lon="120.3281995095312595367431640625">
        <ele>143</ele>
        <time>2016-06-22T11:36:05.000Z</time>
        <extensions>
          <ns3:TrackPointExtension>
            <ns3:hr>142</ns3:hr>
            <ns3:cad>100</ns3:cad>
          </ns3:TrackPointExtension>
        </extensions>
      </trkpt>
      <trkpt lat="29.14810943417251110076904296875" lon="120.3282295167446136474609375">
        <ele>143.1999969482421875</ele>
        <time>2016-06-22T11:36:06.000Z</time>
        <extensions>
          <ns3:TrackPointExtension>
            <ns3:hr>142</ns3:hr>
            <ns3:cad>100</ns3:cad>
          </ns3:TrackPointExtension>
        </extensions>
      </trkpt>
      <trkpt lat="29.1480966098606586456298828125" lon="120.32825910486280918121337890625">
        <ele>143.1999969482421875</ele>
        <time>2016-06-22T11:36:07.000Z</time>
        <extensions>
          <ns3:TrackPointExtension>
            <ns3:hr>142</ns3:hr>
            <ns3:cad>100</ns3:cad>
          </ns3:TrackPointExtension>
        </extensions>
      </trkpt>
      <trkpt lat="29.1480848751962184906005859375" lon="120.32828995026648044586181640625">
        <ele>143.399993896484375</ele>
        <time>2016-06-22T11:36:08.000Z</time>
        <extensions>
          <ns3:TrackPointExtension>
            <ns3:hr>144</ns3:hr>
            <ns3:cad>100</ns3:cad>
          </ns3:TrackPointExtension>
        </extensions>
      </trkpt>
      <trkpt lat="29.14807490073144435882568359375" lon="120.32832079567015171051025390625">
        <ele>143.399993896484375</ele>
        <time>2016-06-22T11:36:09.000Z</time>
        <extensions>
          <ns3:TrackPointExtension>
            <ns3:hr>143</ns3:hr>
            <ns3:cad>100</ns3:cad>
          </ns3:TrackPointExtension>
        </extensions>
      </trkpt>
      <trkpt lat="29.14806819520890712738037109375" lon="120.32835314981639385223388671875">
        <ele>143.399993896484375</ele>
        <time>2016-06-22T11:36:10.000Z</time>
        <extensions>
          <ns3:TrackPointExtension>
            <ns3:hr>143</ns3:hr>
            <ns3:cad>100</ns3:cad>
          </ns3:TrackPointExtension>
        </extensions>
      </trkpt>
      <trkpt lat="29.1480654291808605194091796875" lon="120.32838173210620880126953125">
        <ele>143.399993896484375</ele>
        <time>2016-06-22T11:36:11.000Z</time>
        <extensions>
          <ns3:TrackPointExtension>
            <ns3:hr>143</ns3:hr>
            <ns3:cad>100</ns3:cad>
          </ns3:TrackPointExtension>
        </extensions>
      </trkpt>
      <trkpt lat="29.14807163178920745849609375" lon="120.32841903157532215118408203125">
        <ele>143.399993896484375</ele>
        <time>2016-06-22T11:36:12.000Z</time>
        <extensions>
          <ns3:TrackPointExtension>
            <ns3:hr>143</ns3:hr>
            <ns3:cad>100</ns3:cad>
          </ns3:TrackPointExtension>
        </extensions>
      </trkpt>
      <trkpt lat="29.14807456545531749725341796875" lon="120.32845021225512027740478515625">
        <ele>143.399993896484375</ele>
        <time>2016-06-22T11:36:13.000Z</time>
        <extensions>
          <ns3:TrackPointExtension>
            <ns3:hr>143</ns3:hr>
            <ns3:cad>100</ns3:cad>
          </ns3:TrackPointExtension>
        </extensions>
      </trkpt>
      <trkpt lat="29.14807741530239582061767578125" lon="120.3284861706197261810302734375">
        <ele>143.399993896484375</ele>
        <time>2016-06-22T11:36:14.000Z</time>
        <extensions>
          <ns3:TrackPointExtension>
            <ns3:hr>143</ns3:hr>
            <ns3:cad>100</ns3:cad>
          </ns3:TrackPointExtension>
        </extensions>
      </trkpt>
      <trkpt lat="29.14808177389204502105712890625" lon="120.32851559109985828399658203125">
        <ele>143.399993896484375</ele>
        <time>2016-06-22T11:36:15.000Z</time>
        <extensions>
          <ns3:TrackPointExtension>
            <ns3:hr>143</ns3:hr>
            <ns3:cad>100</ns3:cad>
          </ns3:TrackPointExtension>
        </extensions>
      </trkpt>
      <trkpt lat="29.1480870544910430908203125" lon="120.32854844816029071807861328125">
        <ele>143.600006103515625</ele>
        <time>2016-06-22T11:36:16.000Z</time>
        <extensions>
          <ns3:TrackPointExtension>
            <ns3:hr>143</ns3:hr>
            <ns3:cad>99</ns3:cad>
          </ns3:TrackPointExtension>
        </extensions>
      </trkpt>
      <trkpt lat="29.14809216745197772979736328125" lon="120.328618772327899932861328125">
        <ele>144</ele>
        <time>2016-06-22T11:36:17.000Z</time>
        <extensions>
          <ns3:TrackPointExtension>
            <ns3:hr>143</ns3:hr>
            <ns3:cad>101</ns3:cad>
          </ns3:TrackPointExtension>
        </extensions>
      </trkpt>
      <trkpt lat="29.14809216745197772979736328125" lon="120.328618772327899932861328125">
        <ele>144</ele>
        <time>2016-06-22T11:36:18.000Z</time>
        <extensions>
          <ns3:TrackPointExtension>
            <ns3:hr>143</ns3:hr>
            <ns3:cad>101</ns3:cad>
          </ns3:TrackPointExtension>
        </extensions>
      </trkpt>
      <trkpt lat="29.14810113608837127685546875" lon="120.3286487795412540435791015625">
        <ele>144.1999969482421875</ele>
        <time>2016-06-22T11:36:19.000Z</time>
        <extensions>
          <ns3:TrackPointExtension>
            <ns3:hr>144</ns3:hr>
            <ns3:cad>101</ns3:cad>
          </ns3:TrackPointExtension>
        </extensions>
      </trkpt>
      <trkpt lat="29.14811161346733570098876953125" lon="120.32867820002138614654541015625">
        <ele>144.399993896484375</ele>
        <time>2016-06-22T11:36:20.000Z</time>
        <extensions>
          <ns3:TrackPointExtension>
            <ns3:hr>144</ns3:hr>
            <ns3:cad>100</ns3:cad>
          </ns3:TrackPointExtension>
        </extensions>
      </trkpt>
      <trkpt lat="29.148126952350139617919921875" lon="120.3286997415125370025634765625">
        <ele>144.600006103515625</ele>
        <time>2016-06-22T11:36:21.000Z</time>
        <extensions>
          <ns3:TrackPointExtension>
            <ns3:hr>145</ns3:hr>
            <ns3:cad>100</ns3:cad>
          </ns3:TrackPointExtension>
        </extensions>
      </trkpt>
      <trkpt lat="29.1481425426900386810302734375" lon="120.32872228883206844329833984375">
        <ele>144.600006103515625</ele>
        <time>2016-06-22T11:36:22.000Z</time>
        <extensions>
          <ns3:TrackPointExtension>
            <ns3:hr>145</ns3:hr>
            <ns3:cad>100</ns3:cad>
          </ns3:TrackPointExtension>
        </extensions>
      </trkpt>
      <trkpt lat="29.14816014468669891357421875" lon="120.3287418186664581298828125">
        <ele>144.8000030517578125</ele>
        <time>2016-06-22T11:36:23.000Z</time>
        <extensions>
          <ns3:TrackPointExtension>
            <ns3:hr>145</ns3:hr>
            <ns3:cad>100</ns3:cad>
          </ns3:TrackPointExtension>
        </extensions>
      </trkpt>
      <trkpt lat="29.1481834463775157928466796875" lon="120.32875933684408664703369140625">
        <ele>144.8000030517578125</ele>
        <time>2016-06-22T11:36:24.000Z</time>
        <extensions>
          <ns3:TrackPointExtension>
            <ns3:hr>145</ns3:hr>
            <ns3:cad>99</ns3:cad>
          </ns3:TrackPointExtension>
        </extensions>
      </trkpt>
      <trkpt lat="29.1482095979154109954833984375" lon="120.32878146506845951080322265625">
        <ele>144.600006103515625</ele>
        <time>2016-06-22T11:36:25.000Z</time>
        <extensions>
          <ns3:TrackPointExtension>
            <ns3:hr>146</ns3:hr>
            <ns3:cad>99</ns3:cad>
          </ns3:TrackPointExtension>
        </extensions>
      </trkpt>
      <trkpt lat="29.14823482744395732879638671875" lon="120.328799821436405181884765625">
        <ele>144.600006103515625</ele>
        <time>2016-06-22T11:36:26.000Z</time>
        <extensions>
          <ns3:TrackPointExtension>
            <ns3:hr>144</ns3:hr>
            <ns3:cad>99</ns3:cad>
          </ns3:TrackPointExtension>
        </extensions>
      </trkpt>
      <trkpt lat="29.14826366119086742401123046875" lon="120.32881482504308223724365234375">
        <ele>144.399993896484375</ele>
        <time>2016-06-22T11:36:27.000Z</time>
        <extensions>
          <ns3:TrackPointExtension>
            <ns3:hr>143</ns3:hr>
            <ns3:cad>99</ns3:cad>
          </ns3:TrackPointExtension>
        </extensions>
      </trkpt>
      <trkpt lat="29.1482900641858577728271484375" lon="120.3288331814110279083251953125">
        <ele>144.399993896484375</ele>
        <time>2016-06-22T11:36:28.000Z</time>
        <extensions>
          <ns3:TrackPointExtension>
            <ns3:hr>141</ns3:hr>
            <ns3:cad>99</ns3:cad>
          </ns3:TrackPointExtension>
        </extensions>
      </trkpt>
      <trkpt lat="29.1483162157237529754638671875" lon="120.3288459219038486480712890625">
        <ele>144.1999969482421875</ele>
        <time>2016-06-22T11:36:29.000Z</time>
        <extensions>
          <ns3:TrackPointExtension>
            <ns3:hr>142</ns3:hr>
            <ns3:cad>99</ns3:cad>
          </ns3:TrackPointExtension>
        </extensions>
      </trkpt>
      <trkpt lat="29.1483671776950359344482421875" lon="120.3288697265088558197021484375">
        <ele>143.8000030517578125</ele>
        <time>2016-06-22T11:36:30.000Z</time>
        <extensions>
          <ns3:TrackPointExtension>
            <ns3:hr>143</ns3:hr>
            <ns3:cad>99</ns3:cad>
          </ns3:TrackPointExtension>
        </extensions>
      </trkpt>
      <trkpt lat="29.1483671776950359344482421875" lon="120.3288697265088558197021484375">
        <ele>143.8000030517578125</ele>
        <time>2016-06-22T11:36:31.000Z</time>
        <extensions>
          <ns3:TrackPointExtension>
            <ns3:hr>146</ns3:hr>
            <ns3:cad>100</ns3:cad>
          </ns3:TrackPointExtension>
        </extensions>
      </trkpt>
      <trkpt lat="29.1483966819941997528076171875" lon="120.3288759291172027587890625">
        <ele>143.600006103515625</ele>
        <time>2016-06-22T11:36:32.000Z</time>
        <extensions>
          <ns3:TrackPointExtension>
            <ns3:hr>147</ns3:hr>
            <ns3:cad>100</ns3:cad>
          </ns3:TrackPointExtension>
        </extensions>
      </trkpt>
      <trkpt lat="29.1484261862933635711669921875" lon="120.3288824670016765594482421875">
        <ele>143.600006103515625</ele>
        <time>2016-06-22T11:36:33.000Z</time>
        <extensions>
          <ns3:TrackPointExtension>
            <ns3:hr>147</ns3:hr>
            <ns3:cad>100</ns3:cad>
          </ns3:TrackPointExtension>
        </extensions>
      </trkpt>
      <trkpt lat="29.1484330594539642333984375" lon="120.32890987582504749298095703125">
        <ele>143.600006103515625</ele>
        <time>2016-06-22T11:36:34.000Z</time>
        <extensions>
          <ns3:TrackPointExtension>
            <ns3:hr>147</ns3:hr>
            <ns3:cad>100</ns3:cad>
          </ns3:TrackPointExtension>
        </extensions>
      </trkpt>
      <trkpt lat="29.14844621904194355010986328125" lon="120.32893166877329349517822265625">
        <ele>143.600006103515625</ele>
        <time>2016-06-22T11:36:35.000Z</time>
        <extensions>
          <ns3:TrackPointExtension>
            <ns3:hr>147</ns3:hr>
            <ns3:cad>100</ns3:cad>
          </ns3:TrackPointExtension>
        </extensions>
      </trkpt>
      <trkpt lat="29.148471616208553314208984375" lon="120.32894256524741649627685546875">
        <ele>143.1999969482421875</ele>
        <time>2016-06-22T11:36:36.000Z</time>
        <extensions>
          <ns3:TrackPointExtension>
            <ns3:hr>147</ns3:hr>
            <ns3:cad>100</ns3:cad>
          </ns3:TrackPointExtension>
        </extensions>
      </trkpt>
      <trkpt lat="29.148497767746448516845703125" lon="120.3289522044360637664794921875">
        <ele>142.600006103515625</ele>
        <time>2016-06-22T11:36:37.000Z</time>
        <extensions>
          <ns3:TrackPointExtension>
            <ns3:hr>147</ns3:hr>
            <ns3:cad>101</ns3:cad>
          </ns3:TrackPointExtension>
        </extensions>
      </trkpt>
      <trkpt lat="29.1485242545604705810546875" lon="120.3289617598056793212890625">
        <ele>142.1999969482421875</ele>
        <time>2016-06-22T11:36:38.000Z</time>
        <extensions>
          <ns3:TrackPointExtension>
            <ns3:hr>148</ns3:hr>
            <ns3:cad>101</ns3:cad>
          </ns3:TrackPointExtension>
        </extensions>
      </trkpt>
      <trkpt lat="29.14855082519352436065673828125" lon="120.32897693105041980743408203125">
        <ele>141.8000030517578125</ele>
        <time>2016-06-22T11:36:39.000Z</time>
        <extensions>
          <ns3:TrackPointExtension>
            <ns3:hr>148</ns3:hr>
            <ns3:cad>100</ns3:cad>
          </ns3:TrackPointExtension>
        </extensions>
      </trkpt>
      <trkpt lat="29.1485753841698169708251953125" lon="120.32899235375225543975830078125">
        <ele>141.399993896484375</ele>
        <time>2016-06-22T11:36:40.000Z</time>
        <extensions>
          <ns3:TrackPointExtension>
            <ns3:hr>148</ns3:hr>
            <ns3:cad>100</ns3:cad>
          </ns3:TrackPointExtension>
        </extensions>
      </trkpt>
      <trkpt lat="29.14859734475612640380859375" lon="120.3290085308253765106201171875">
        <ele>141.1999969482421875</ele>
        <time>2016-06-22T11:36:41.000Z</time>
        <extensions>
          <ns3:TrackPointExtension>
            <ns3:hr>148</ns3:hr>
            <ns3:cad>101</ns3:cad>
          </ns3:TrackPointExtension>
        </extensions>
      </trkpt>
      <trkpt lat="29.14861888624727725982666015625" lon="120.329022109508514404296875">
        <ele>140.8000030517578125</ele>
        <time>2016-06-22T11:36:42.000Z</time>
        <extensions>
          <ns3:TrackPointExtension>
            <ns3:hr>148</ns3:hr>
            <ns3:cad>101</ns3:cad>
          </ns3:TrackPointExtension>
        </extensions>
      </trkpt>
      <trkpt lat="29.14864084683358669281005859375" lon="120.32903174869716167449951171875">
        <ele>140.399993896484375</ele>
        <time>2016-06-22T11:36:43.000Z</time>
        <extensions>
          <ns3:TrackPointExtension>
            <ns3:hr>148</ns3:hr>
            <ns3:cad>101</ns3:cad>
          </ns3:TrackPointExtension>
        </extensions>
      </trkpt>
      <trkpt lat="29.14866465143859386444091796875" lon="120.329043231904506683349609375">
        <ele>140</ele>
        <time>2016-06-22T11:36:44.000Z</time>
        <extensions>
          <ns3:TrackPointExtension>
            <ns3:hr>148</ns3:hr>
            <ns3:cad>101</ns3:cad>
          </ns3:TrackPointExtension>
        </extensions>
      </trkpt>
      <trkpt lat="29.14869247935712337493896484375" lon="120.32905253581702709197998046875">
        <ele>139.600006103515625</ele>
        <time>2016-06-22T11:36:45.000Z</time>
        <extensions>
          <ns3:TrackPointExtension>
            <ns3:hr>148</ns3:hr>
            <ns3:cad>101</ns3:cad>
          </ns3:TrackPointExtension>
        </extensions>
      </trkpt>
      <trkpt lat="29.14872382767498493194580078125" lon="120.32906527630984783172607421875">
        <ele>139</ele>
        <time>2016-06-22T11:36:46.000Z</time>
        <extensions>
          <ns3:TrackPointExtension>
            <ns3:hr>148</ns3:hr>
            <ns3:cad>100</ns3:cad>
          </ns3:TrackPointExtension>
        </extensions>
      </trkpt>
      <trkpt lat="29.14877680130302906036376953125" lon="120.3290900029242038726806640625">
        <ele>138.8000030517578125</ele>
        <time>2016-06-22T11:36:47.000Z</time>
        <extensions>
          <ns3:TrackPointExtension>
            <ns3:hr>148</ns3:hr>
            <ns3:cad>100</ns3:cad>
          </ns3:TrackPointExtension>
        </extensions>
      </trkpt>
      <trkpt lat="29.14877680130302906036376953125" lon="120.3290900029242038726806640625">
        <ele>138.8000030517578125</ele>
        <time>2016-06-22T11:36:48.000Z</time>
        <extensions>
          <ns3:TrackPointExtension>
            <ns3:hr>148</ns3:hr>
            <ns3:cad>100</ns3:cad>
          </ns3:TrackPointExtension>
        </extensions>
      </trkpt>
      <trkpt lat="29.14880253374576568603515625" lon="120.329107940196990966796875">
        <ele>138.600006103515625</ele>
        <time>2016-06-22T11:36:49.000Z</time>
        <extensions>
          <ns3:TrackPointExtension>
            <ns3:hr>148</ns3:hr>
            <ns3:cad>100</ns3:cad>
          </ns3:TrackPointExtension>
        </extensions>
      </trkpt>
      <trkpt lat="29.14882876910269260406494140625" lon="120.32911858521401882171630859375">
        <ele>138.399993896484375</ele>
        <time>2016-06-22T11:36:50.000Z</time>
        <extensions>
          <ns3:TrackPointExtension>
            <ns3:hr>147</ns3:hr>
            <ns3:cad>101</ns3:cad>
          </ns3:TrackPointExtension>
        </extensions>
      </trkpt>
      <trkpt lat="29.14885374717414379119873046875" lon="120.32913543283939361572265625">
        <ele>138.399993896484375</ele>
        <time>2016-06-22T11:36:51.000Z</time>
        <extensions>
          <ns3:TrackPointExtension>
            <ns3:hr>148</ns3:hr>
            <ns3:cad>100</ns3:cad>
          </ns3:TrackPointExtension>
        </extensions>
      </trkpt>
      <trkpt lat="29.14888006635010242462158203125" lon="120.329150520265102386474609375">
        <ele>138.1999969482421875</ele>
        <time>2016-06-22T11:36:52.000Z</time>
        <extensions>
          <ns3:TrackPointExtension>
            <ns3:hr>150</ns3:hr>
            <ns3:cad>100</ns3:cad>
          </ns3:TrackPointExtension>
        </extensions>
      </trkpt>
      <trkpt lat="29.14893639273941516876220703125" lon="120.3291781805455684661865234375">
        <ele>137.8000030517578125</ele>
        <time>2016-06-22T11:36:53.000Z</time>
        <extensions>
          <ns3:TrackPointExtension>
            <ns3:hr>152</ns3:hr>
            <ns3:cad>100</ns3:cad>
          </ns3:TrackPointExtension>
        </extensions>
      </trkpt>
      <trkpt lat="29.14893639273941516876220703125" lon="120.3291781805455684661865234375">
        <ele>137.8000030517578125</ele>
        <time>2016-06-22T11:36:54.000Z</time>
        <extensions>
          <ns3:TrackPointExtension>
            <ns3:hr>152</ns3:hr>
            <ns3:cad>100</ns3:cad>
          </ns3:TrackPointExtension>
        </extensions>
      </trkpt>
      <trkpt lat="29.14896748960018157958984375" lon="120.329188071191310882568359375">
        <ele>137.8000030517578125</ele>
        <time>2016-06-22T11:36:55.000Z</time>
        <extensions>
          <ns3:TrackPointExtension>
            <ns3:hr>152</ns3:hr>
            <ns3:cad>100</ns3:cad>
          </ns3:TrackPointExtension>
        </extensions>
      </trkpt>
      <trkpt lat="29.14899473078548908233642578125" lon="120.3291952796280384063720703125">
        <ele>137.600006103515625</ele>
        <time>2016-06-22T11:36:56.000Z</time>
        <extensions>
          <ns3:TrackPointExtension>
            <ns3:hr>152</ns3:hr>
            <ns3:cad>100</ns3:cad>
          </ns3:TrackPointExtension>
        </extensions>
      </trkpt>
      <trkpt lat="29.14901786483824253082275390625" lon="120.329205505549907684326171875">
        <ele>137.600006103515625</ele>
        <time>2016-06-22T11:36:57.000Z</time>
        <extensions>
          <ns3:TrackPointExtension>
            <ns3:hr>152</ns3:hr>
            <ns3:cad>100</ns3:cad>
          </ns3:TrackPointExtension>
        </extensions>
      </trkpt>
      <trkpt lat="29.14904133416712284088134765625" lon="120.3292174078524112701416015625">
        <ele>137.8000030517578125</ele>
        <time>2016-06-22T11:36:58.000Z</time>
        <extensions>
          <ns3:TrackPointExtension>
            <ns3:hr>152</ns3:hr>
            <ns3:cad>100</ns3:cad>
          </ns3:TrackPointExtension>
        </extensions>
      </trkpt>
      <trkpt lat="29.14906865917146205902099609375" lon="120.32922235317528247833251953125">
        <ele>138</ele>
        <time>2016-06-22T11:36:59.000Z</time>
        <extensions>
          <ns3:TrackPointExtension>
            <ns3:hr>152</ns3:hr>
            <ns3:cad>100</ns3:cad>
          </ns3:TrackPointExtension>
        </extensions>
      </trkpt>
      <trkpt lat="29.14909866638481616973876953125" lon="120.3292251192033290863037109375">
        <ele>138.1999969482421875</ele>
        <time>2016-06-22T11:37:00.000Z</time>
        <extensions>
          <ns3:TrackPointExtension>
            <ns3:hr>152</ns3:hr>
            <ns3:cad>100</ns3:cad>
          </ns3:TrackPointExtension>
        </extensions>
      </trkpt>
      <trkpt lat="29.1491277515888214111328125" lon="120.3292254544794559478759765625">
        <ele>138.600006103515625</ele>
        <time>2016-06-22T11:37:01.000Z</time>
        <extensions>
          <ns3:TrackPointExtension>
            <ns3:hr>152</ns3:hr>
            <ns3:cad>101</ns3:cad>
          </ns3:TrackPointExtension>
        </extensions>
      </trkpt>
      <trkpt lat="29.149151556193828582763671875" lon="120.329224281013011932373046875">
        <ele>138.600006103515625</ele>
        <time>2016-06-22T11:37:02.000Z</time>
        <extensions>
          <ns3:TrackPointExtension>
            <ns3:hr>152</ns3:hr>
            <ns3:cad>101</ns3:cad>
          </ns3:TrackPointExtension>
        </extensions>
      </trkpt>
      <trkpt lat="29.149173013865947723388671875" lon="120.32922017388045787811279296875">
        <ele>138.8000030517578125</ele>
        <time>2016-06-22T11:37:03.000Z</time>
        <extensions>
          <ns3:TrackPointExtension>
            <ns3:hr>153</ns3:hr>
            <ns3:cad>101</ns3:cad>
          </ns3:TrackPointExtension>
        </extensions>
      </trkpt>
      <trkpt lat="29.149201847612857818603515625" lon="120.32921698875725269317626953125">
        <ele>139.1999969482421875</ele>
        <time>2016-06-22T11:37:04.000Z</time>
        <extensions>
          <ns3:TrackPointExtension>
            <ns3:hr>152</ns3:hr>
            <ns3:cad>101</ns3:cad>
          </ns3:TrackPointExtension>
        </extensions>
      </trkpt>
      <trkpt lat="29.14922825060784816741943359375" lon="120.32921162433922290802001953125">
        <ele>139.399993896484375</ele>
        <time>2016-06-22T11:37:05.000Z</time>
        <extensions>
          <ns3:TrackPointExtension>
            <ns3:hr>153</ns3:hr>
            <ns3:cad>101</ns3:cad>
          </ns3:TrackPointExtension>
        </extensions>
      </trkpt>
      <trkpt lat="29.14925456978380680084228515625" lon="120.32920382916927337646484375">
        <ele>139.8000030517578125</ele>
        <time>2016-06-22T11:37:06.000Z</time>
        <extensions>
          <ns3:TrackPointExtension>
            <ns3:hr>152</ns3:hr>
            <ns3:cad>100</ns3:cad>
          </ns3:TrackPointExtension>
        </extensions>
      </trkpt>
      <trkpt lat="29.1492811404168605804443359375" lon="120.3291902504861354827880859375">
        <ele>140</ele>
        <time>2016-06-22T11:37:07.000Z</time>
        <extensions>
          <ns3:TrackPointExtension>
            <ns3:hr>152</ns3:hr>
            <ns3:cad>100</ns3:cad>
          </ns3:TrackPointExtension>
        </extensions>
      </trkpt>
      <trkpt lat="29.1493146680295467376708984375" lon="120.329169966280460357666015625">
        <ele>140.1999969482421875</ele>
        <time>2016-06-22T11:37:08.000Z</time>
        <extensions>
          <ns3:TrackPointExtension>
            <ns3:hr>153</ns3:hr>
            <ns3:cad>100</ns3:cad>
          </ns3:TrackPointExtension>
        </extensions>
      </trkpt>
      <trkpt lat="29.14934274740517139434814453125" lon="120.32914741896092891693115234375">
        <ele>140.1999969482421875</ele>
        <time>2016-06-22T11:37:09.000Z</time>
        <extensions>
          <ns3:TrackPointExtension>
            <ns3:hr>153</ns3:hr>
            <ns3:cad>100</ns3:cad>
          </ns3:TrackPointExtension>
        </extensions>
      </trkpt>
      <trkpt lat="29.149364791810512542724609375" lon="120.32912562601268291473388671875">
        <ele>140.399993896484375</ele>
        <time>2016-06-22T11:37:10.000Z</time>
        <extensions>
          <ns3:TrackPointExtension>
            <ns3:hr>155</ns3:hr>
            <ns3:cad>100</ns3:cad>
          </ns3:TrackPointExtension>
        </extensions>
      </trkpt>
      <trkpt lat="29.14938968606293201446533203125" lon="120.3291039168834686279296875">
        <ele>140.600006103515625</ele>
        <time>2016-06-22T11:37:11.000Z</time>
        <extensions>
          <ns3:TrackPointExtension>
            <ns3:hr>156</ns3:hr>
            <ns3:cad>100</ns3:cad>
          </ns3:TrackPointExtension>
        </extensions>
      </trkpt>
      <trkpt lat="29.1494093835353851318359375" lon="120.32908312976360321044921875">
        <ele>140.8000030517578125</ele>
        <time>2016-06-22T11:37:12.000Z</time>
        <extensions>
          <ns3:TrackPointExtension>
            <ns3:hr>155</ns3:hr>
            <ns3:cad>100</ns3:cad>
          </ns3:TrackPointExtension>
        </extensions>
      </trkpt>
      <trkpt lat="29.14942681789398193359375" lon="120.32905924133956432342529296875">
        <ele>141</ele>
        <time>2016-06-22T11:37:13.000Z</time>
        <extensions>
          <ns3:TrackPointExtension>
            <ns3:hr>155</ns3:hr>
            <ns3:cad>100</ns3:cad>
          </ns3:TrackPointExtension>
        </extensions>
      </trkpt>
      <trkpt lat="29.14944131858646869659423828125" lon="120.32903459854423999786376953125">
        <ele>141.1999969482421875</ele>
        <time>2016-06-22T11:37:14.000Z</time>
        <extensions>
          <ns3:TrackPointExtension>
            <ns3:hr>155</ns3:hr>
            <ns3:cad>100</ns3:cad>
          </ns3:TrackPointExtension>
        </extensions>
      </trkpt>
      <trkpt lat="29.149453975260257720947265625" lon="120.32900576479732990264892578125">
        <ele>141.399993896484375</ele>
        <time>2016-06-22T11:37:15.000Z</time>
        <extensions>
          <ns3:TrackPointExtension>
            <ns3:hr>155</ns3:hr>
            <ns3:cad>100</ns3:cad>
          </ns3:TrackPointExtension>
        </extensions>
      </trkpt>
      <trkpt lat="29.1494665481150150299072265625" lon="120.3289786912500858306884765625">
        <ele>141.600006103515625</ele>
        <time>2016-06-22T11:37:16.000Z</time>
        <extensions>
          <ns3:TrackPointExtension>
            <ns3:hr>157</ns3:hr>
            <ns3:cad>100</ns3:cad>
          </ns3:TrackPointExtension>
        </extensions>
      </trkpt>
      <trkpt lat="29.1494843177497386932373046875" lon="120.3289481811225414276123046875">
        <ele>141.8000030517578125</ele>
        <time>2016-06-22T11:37:17.000Z</time>
        <extensions>
          <ns3:TrackPointExtension>
            <ns3:hr>157</ns3:hr>
            <ns3:cad>100</ns3:cad>
          </ns3:TrackPointExtension>
        </extensions>
      </trkpt>
      <trkpt lat="29.14949932135641574859619140625" lon="120.32891624607145786285400390625">
        <ele>142.1999969482421875</ele>
        <time>2016-06-22T11:37:18.000Z</time>
        <extensions>
          <ns3:TrackPointExtension>
            <ns3:hr>158</ns3:hr>
            <ns3:cad>100</ns3:cad>
          </ns3:TrackPointExtension>
        </extensions>
      </trkpt>
      <trkpt lat="29.14951273240149021148681640625" lon="120.3288821317255496978759765625">
        <ele>142.399993896484375</ele>
        <time>2016-06-22T11:37:19.000Z</time>
        <extensions>
          <ns3:TrackPointExtension>
            <ns3:hr>158</ns3:hr>
            <ns3:cad>99</ns3:cad>
          </ns3:TrackPointExtension>
        </extensions>
      </trkpt>
      <trkpt lat="29.1495255567133426666259765625" lon="120.328848771750926971435546875">
        <ele>142.600006103515625</ele>
        <time>2016-06-22T11:37:20.000Z</time>
        <extensions>
          <ns3:TrackPointExtension>
            <ns3:hr>157</ns3:hr>
            <ns3:cad>99</ns3:cad>
          </ns3:TrackPointExtension>
        </extensions>
      </trkpt>
      <trkpt lat="29.149538464844226837158203125" lon="120.3288157470524311065673828125">
        <ele>142.8000030517578125</ele>
        <time>2016-06-22T11:37:21.000Z</time>
        <extensions>
          <ns3:TrackPointExtension>
            <ns3:hr>157</ns3:hr>
            <ns3:cad>100</ns3:cad>
          </ns3:TrackPointExtension>
        </extensions>
      </trkpt>
      <trkpt lat="29.1495476849377155303955078125" lon="120.32874709926545619964599609375">
        <ele>143.1999969482421875</ele>
        <time>2016-06-22T11:37:22.000Z</time>
        <extensions>
          <ns3:TrackPointExtension>
            <ns3:hr>156</ns3:hr>
            <ns3:cad>101</ns3:cad>
          </ns3:TrackPointExtension>
        </extensions>
      </trkpt>
      <trkpt lat="29.1495476849377155303955078125" lon="120.32874709926545619964599609375">
        <ele>143.1999969482421875</ele>
        <time>2016-06-22T11:37:23.000Z</time>
        <extensions>
          <ns3:TrackPointExtension>
            <ns3:hr>156</ns3:hr>
            <ns3:cad>101</ns3:cad>
          </ns3:TrackPointExtension>
        </extensions>
      </trkpt>
      <trkpt lat="29.149548523128032684326171875" lon="120.32871206291019916534423828125">
        <ele>143.600006103515625</ele>
        <time>2016-06-22T11:37:24.000Z</time>
        <extensions>
          <ns3:TrackPointExtension>
            <ns3:hr>156</ns3:hr>
            <ns3:cad>101</ns3:cad>
          </ns3:TrackPointExtension>
        </extensions>
      </trkpt>
      <trkpt lat="29.149545840919017791748046875" lon="120.32867870293557643890380859375">
        <ele>144</ele>
        <time>2016-06-22T11:37:25.000Z</time>
        <extensions>
          <ns3:TrackPointExtension>
            <ns3:hr>156</ns3:hr>
            <ns3:cad>101</ns3:cad>
          </ns3:TrackPointExtension>
        </extensions>
      </trkpt>
      <trkpt lat="29.14953888393938541412353515625" lon="120.328646600246429443359375">
        <ele>144.1999969482421875</ele>
        <time>2016-06-22T11:37:26.000Z</time>
        <extensions>
          <ns3:TrackPointExtension>
            <ns3:hr>156</ns3:hr>
            <ns3:cad>101</ns3:cad>
          </ns3:TrackPointExtension>
        </extensions>
      </trkpt>
      <trkpt lat="29.14953201077878475189208984375" lon="120.3286132402718067169189453125">
        <ele>144.399993896484375</ele>
        <time>2016-06-22T11:37:27.000Z</time>
        <extensions>
          <ns3:TrackPointExtension>
            <ns3:hr>156</ns3:hr>
            <ns3:cad>101</ns3:cad>
          </ns3:TrackPointExtension>
        </extensions>
      </trkpt>
      <trkpt lat="29.14952295832335948944091796875" lon="120.328581221401691436767578125">
        <ele>144.600006103515625</ele>
        <time>2016-06-22T11:37:28.000Z</time>
        <extensions>
          <ns3:TrackPointExtension>
            <ns3:hr>156</ns3:hr>
            <ns3:cad>101</ns3:cad>
          </ns3:TrackPointExtension>
        </extensions>
      </trkpt>
      <trkpt lat="29.14951189421117305755615234375" lon="120.32854928635060787200927734375">
        <ele>144.8000030517578125</ele>
        <time>2016-06-22T11:37:29.000Z</time>
        <extensions>
          <ns3:TrackPointExtension>
            <ns3:hr>156</ns3:hr>
            <ns3:cad>101</ns3:cad>
          </ns3:TrackPointExtension>
        </extensions>
      </trkpt>
      <trkpt lat="29.14949856698513031005859375" lon="120.3285190276801586151123046875">
        <ele>145</ele>
        <time>2016-06-22T11:37:30.000Z</time>
        <extensions>
          <ns3:TrackPointExtension>
            <ns3:hr>155</ns3:hr>
            <ns3:cad>101</ns3:cad>
          </ns3:TrackPointExtension>
        </extensions>
      </trkpt>
      <trkpt lat="29.1494839824736118316650390625" lon="120.32848902046680450439453125">
        <ele>145.1999969482421875</ele>
        <time>2016-06-22T11:37:31.000Z</time>
        <extensions>
          <ns3:TrackPointExtension>
            <ns3:hr>156</ns3:hr>
            <ns3:cad>101</ns3:cad>
          </ns3:TrackPointExtension>
        </extensions>
      </trkpt>
      <trkpt lat="29.1494643688201904296875" lon="120.328458845615386962890625">
        <ele>145.1999969482421875</ele>
        <time>2016-06-22T11:37:32.000Z</time>
        <extensions>
          <ns3:TrackPointExtension>
            <ns3:hr>155</ns3:hr>
            <ns3:cad>101</ns3:cad>
          </ns3:TrackPointExtension>
        </extensions>
      </trkpt>
      <trkpt lat="29.14944224059581756591796875" lon="120.32842908985912799835205078125">
        <ele>145.1999969482421875</ele>
        <time>2016-06-22T11:37:33.000Z</time>
        <extensions>
          <ns3:TrackPointExtension>
            <ns3:hr>155</ns3:hr>
            <ns3:cad>101</ns3:cad>
          </ns3:TrackPointExtension>
        </extensions>
      </trkpt>
      <trkpt lat="29.1494212858378887176513671875" lon="120.32840159721672534942626953125">
        <ele>145.1999969482421875</ele>
        <time>2016-06-22T11:37:34.000Z</time>
        <extensions>
          <ns3:TrackPointExtension>
            <ns3:hr>156</ns3:hr>
            <ns3:cad>101</ns3:cad>
          </ns3:TrackPointExtension>
        </extensions>
      </trkpt>
      <trkpt lat="29.14939505048096179962158203125" lon="120.3283815644681453704833984375">
        <ele>145</ele>
        <time>2016-06-22T11:37:35.000Z</time>
        <extensions>
          <ns3:TrackPointExtension>
            <ns3:hr>155</ns3:hr>
            <ns3:cad>101</ns3:cad>
          </ns3:TrackPointExtension>
        </extensions>
      </trkpt>
      <trkpt lat="29.149368815124034881591796875" lon="120.328361280262470245361328125">
        <ele>144.8000030517578125</ele>
        <time>2016-06-22T11:37:36.000Z</time>
        <extensions>
          <ns3:TrackPointExtension>
            <ns3:hr>155</ns3:hr>
            <ns3:cad>100</ns3:cad>
          </ns3:TrackPointExtension>
        </extensions>
      </trkpt>
      <trkpt lat="29.149338640272617340087890625" lon="120.328347869217395782470703125">
        <ele>144.600006103515625</ele>
        <time>2016-06-22T11:37:37.000Z</time>
        <extensions>
          <ns3:TrackPointExtension>
            <ns3:hr>155</ns3:hr>
            <ns3:cad>100</ns3:cad>
          </ns3:TrackPointExtension>
        </extensions>
      </trkpt>
      <trkpt lat="29.149311482906341552734375" lon="120.32833118923008441925048828125">
        <ele>144.399993896484375</ele>
        <time>2016-06-22T11:37:38.000Z</time>
        <extensions>
          <ns3:TrackPointExtension>
            <ns3:hr>156</ns3:hr>
            <ns3:cad>101</ns3:cad>
          </ns3:TrackPointExtension>
        </extensions>
      </trkpt>
      <trkpt lat="29.14928223006427288055419921875" lon="120.3283188678324222564697265625">
        <ele>144</ele>
        <time>2016-06-22T11:37:39.000Z</time>
        <extensions>
          <ns3:TrackPointExtension>
            <ns3:hr>156</ns3:hr>
            <ns3:cad>101</ns3:cad>
          </ns3:TrackPointExtension>
        </extensions>
      </trkpt>
      <trkpt lat="29.14925255812704563140869140625" lon="120.32831157557666301727294921875">
        <ele>143.8000030517578125</ele>
        <time>2016-06-22T11:37:40.000Z</time>
        <extensions>
          <ns3:TrackPointExtension>
            <ns3:hr>158</ns3:hr>
            <ns3:cad>101</ns3:cad>
          </ns3:TrackPointExtension>
        </extensions>
      </trkpt>
      <trkpt lat="29.14922338910400867462158203125" lon="120.32830260694026947021484375">
        <ele>143.8000030517578125</ele>
        <time>2016-06-22T11:37:41.000Z</time>
        <extensions>
          <ns3:TrackPointExtension>
            <ns3:hr>159</ns3:hr>
            <ns3:cad>101</ns3:cad>
          </ns3:TrackPointExtension>
        </extensions>
      </trkpt>
      <trkpt lat="29.1491912864148616790771484375" lon="120.3282964043319225311279296875">
        <ele>143.600006103515625</ele>
        <time>2016-06-22T11:37:42.000Z</time>
        <extensions>
          <ns3:TrackPointExtension>
            <ns3:hr>158</ns3:hr>
            <ns3:cad>101</ns3:cad>
          </ns3:TrackPointExtension>
        </extensions>
      </trkpt>
      <trkpt lat="29.14915834553539752960205078125" lon="120.328295230865478515625">
        <ele>143.399993896484375</ele>
        <time>2016-06-22T11:37:43.000Z</time>
        <extensions>
          <ns3:TrackPointExtension>
            <ns3:hr>159</ns3:hr>
            <ns3:cad>101</ns3:cad>
          </ns3:TrackPointExtension>
        </extensions>
      </trkpt>
      <trkpt lat="29.14909732528030872344970703125" lon="120.32828391529619693756103515625">
        <ele>143</ele>
        <time>2016-06-22T11:37:44.000Z</time>
        <extensions>
          <ns3:TrackPointExtension>
            <ns3:hr>160</ns3:hr>
            <ns3:cad>101</ns3:cad>
          </ns3:TrackPointExtension>
        </extensions>
      </trkpt>
      <trkpt lat="29.14909732528030872344970703125" lon="120.32828391529619693756103515625">
        <ele>143</ele>
        <time>2016-06-22T11:37:45.000Z</time>
        <extensions>
          <ns3:TrackPointExtension>
            <ns3:hr>159</ns3:hr>
            <ns3:cad>101</ns3:cad>
          </ns3:TrackPointExtension>
        </extensions>
      </trkpt>
      <trkpt lat="29.149065054953098297119140625" lon="120.3282789699733257293701171875">
        <ele>142.8000030517578125</ele>
        <time>2016-06-22T11:37:46.000Z</time>
        <extensions>
          <ns3:TrackPointExtension>
            <ns3:hr>158</ns3:hr>
            <ns3:cad>101</ns3:cad>
          </ns3:TrackPointExtension>
        </extensions>
      </trkpt>
      <trkpt lat="29.14903563447296619415283203125" lon="120.328275449573993682861328125">
        <ele>142.600006103515625</ele>
        <time>2016-06-22T11:37:47.000Z</time>
        <extensions>
          <ns3:TrackPointExtension>
            <ns3:hr>157</ns3:hr>
            <ns3:cad>101</ns3:cad>
          </ns3:TrackPointExtension>
        </extensions>
      </trkpt>
      <trkpt lat="29.14900696836411952972412109375" lon="120.328269414603710174560546875">
        <ele>142.399993896484375</ele>
        <time>2016-06-22T11:37:48.000Z</time>
        <extensions>
          <ns3:TrackPointExtension>
            <ns3:hr>157</ns3:hr>
            <ns3:cad>101</ns3:cad>
          </ns3:TrackPointExtension>
        </extensions>
      </trkpt>
      <trkpt lat="29.148977212607860565185546875" lon="120.3282628767192363739013671875">
        <ele>142.399993896484375</ele>
        <time>2016-06-22T11:37:49.000Z</time>
        <extensions>
          <ns3:TrackPointExtension>
            <ns3:hr>157</ns3:hr>
            <ns3:cad>100</ns3:cad>
          </ns3:TrackPointExtension>
        </extensions>
      </trkpt>
      <trkpt lat="29.14895013906061649322509765625" lon="120.3282563388347625732421875">
        <ele>142.399993896484375</ele>
        <time>2016-06-22T11:37:50.000Z</time>
        <extensions>
          <ns3:TrackPointExtension>
            <ns3:hr>158</ns3:hr>
            <ns3:cad>100</ns3:cad>
          </ns3:TrackPointExtension>
        </extensions>
      </trkpt>
      <trkpt lat="29.1489227302372455596923828125" lon="120.328247286379337310791015625">
        <ele>142.399993896484375</ele>
        <time>2016-06-22T11:37:51.000Z</time>
        <extensions>
          <ns3:TrackPointExtension>
            <ns3:hr>158</ns3:hr>
            <ns3:cad>100</ns3:cad>
          </ns3:TrackPointExtension>
        </extensions>
      </trkpt>
      <trkpt lat="29.14889213629066944122314453125" lon="120.3282407484948635101318359375">
        <ele>142.399993896484375</ele>
        <time>2016-06-22T11:37:52.000Z</time>
        <extensions>
          <ns3:TrackPointExtension>
            <ns3:hr>158</ns3:hr>
            <ns3:cad>100</ns3:cad>
          </ns3:TrackPointExtension>
        </extensions>
      </trkpt>
      <trkpt lat="29.14886313490569591522216796875" lon="120.32823261804878711700439453125">
        <ele>142.399993896484375</ele>
        <time>2016-06-22T11:37:53.000Z</time>
        <extensions>
          <ns3:TrackPointExtension>
            <ns3:hr>158</ns3:hr>
            <ns3:cad>100</ns3:cad>
          </ns3:TrackPointExtension>
        </extensions>
      </trkpt>
      <trkpt lat="29.14883413352072238922119140625" lon="120.32822239212691783905029296875">
        <ele>142.399993896484375</ele>
        <time>2016-06-22T11:37:54.000Z</time>
        <extensions>
          <ns3:TrackPointExtension>
            <ns3:hr>157</ns3:hr>
            <ns3:cad>100</ns3:cad>
          </ns3:TrackPointExtension>
        </extensions>
      </trkpt>
      <trkpt lat="29.14880529977381229400634765625" lon="120.3282088972628116607666015625">
        <ele>142.399993896484375</ele>
        <time>2016-06-22T11:37:55.000Z</time>
        <extensions>
          <ns3:TrackPointExtension>
            <ns3:hr>157</ns3:hr>
            <ns3:cad>100</ns3:cad>
          </ns3:TrackPointExtension>
        </extensions>
      </trkpt>
      <trkpt lat="29.14877680130302906036376953125" lon="120.32819934189319610595703125">
        <ele>142.1999969482421875</ele>
        <time>2016-06-22T11:37:56.000Z</time>
        <extensions>
          <ns3:TrackPointExtension>
            <ns3:hr>157</ns3:hr>
            <ns3:cad>100</ns3:cad>
          </ns3:TrackPointExtension>
        </extensions>
      </trkpt>
      <trkpt lat="29.1487470455467700958251953125" lon="120.32818903215229511260986328125">
        <ele>142.1999969482421875</ele>
        <time>2016-06-22T11:37:57.000Z</time>
        <extensions>
          <ns3:TrackPointExtension>
            <ns3:hr>157</ns3:hr>
            <ns3:cad>100</ns3:cad>
          </ns3:TrackPointExtension>
        </extensions>
      </trkpt>
      <trkpt lat="29.1487185470759868621826171875" lon="120.32817712984979152679443359375">
        <ele>142.1999969482421875</ele>
        <time>2016-06-22T11:37:58.000Z</time>
        <extensions>
          <ns3:TrackPointExtension>
            <ns3:hr>157</ns3:hr>
            <ns3:cad>100</ns3:cad>
          </ns3:TrackPointExtension>
        </extensions>
      </trkpt>
      <trkpt lat="29.148692898452281951904296875" lon="120.32816673628985881805419921875">
        <ele>142.1999969482421875</ele>
        <time>2016-06-22T11:37:59.000Z</time>
        <extensions>
          <ns3:TrackPointExtension>
            <ns3:hr>157</ns3:hr>
            <ns3:cad>100</ns3:cad>
          </ns3:TrackPointExtension>
        </extensions>
      </trkpt>
      <trkpt lat="29.14866507053375244140625" lon="120.3281557559967041015625">
        <ele>142.1999969482421875</ele>
        <time>2016-06-22T11:38:00.000Z</time>
        <extensions>
          <ns3:TrackPointExtension>
            <ns3:hr>158</ns3:hr>
            <ns3:cad>100</ns3:cad>
          </ns3:TrackPointExtension>
        </extensions>
      </trkpt>
      <trkpt lat="29.14861033670604228973388671875" lon="120.3281337954103946685791015625">
        <ele>142.399993896484375</ele>
        <time>2016-06-22T11:38:01.000Z</time>
        <extensions>
          <ns3:TrackPointExtension>
            <ns3:hr>157</ns3:hr>
            <ns3:cad>100</ns3:cad>
          </ns3:TrackPointExtension>
        </extensions>
      </trkpt>
      <trkpt lat="29.14861033670604228973388671875" lon="120.3281337954103946685791015625">
        <ele>142.399993896484375</ele>
        <time>2016-06-22T11:38:02.000Z</time>
        <extensions>
          <ns3:TrackPointExtension>
            <ns3:hr>157</ns3:hr>
            <ns3:cad>100</ns3:cad>
          </ns3:TrackPointExtension>
        </extensions>
      </trkpt>
      <trkpt lat="29.14858217351138591766357421875" lon="120.3281244076788425445556640625">
        <ele>142.399993896484375</ele>
        <time>2016-06-22T11:38:03.000Z</time>
        <extensions>
          <ns3:TrackPointExtension>
            <ns3:hr>157</ns3:hr>
            <ns3:cad>100</ns3:cad>
          </ns3:TrackPointExtension>
        </extensions>
      </trkpt>
      <trkpt lat="29.148554764688014984130859375" lon="120.3281114995479583740234375">
        <ele>142.399993896484375</ele>
        <time>2016-06-22T11:38:04.000Z</time>
        <extensions>
          <ns3:TrackPointExtension>
            <ns3:hr>157</ns3:hr>
            <ns3:cad>100</ns3:cad>
          </ns3:TrackPointExtension>
        </extensions>
      </trkpt>
      <trkpt lat="29.14852869696915149688720703125" lon="120.32810236327350139617919921875">
        <ele>142.399993896484375</ele>
        <time>2016-06-22T11:38:05.000Z</time>
        <extensions>
          <ns3:TrackPointExtension>
            <ns3:hr>156</ns3:hr>
            <ns3:cad>100</ns3:cad>
          </ns3:TrackPointExtension>
        </extensions>
      </trkpt>
      <trkpt lat="29.14850321598351001739501953125" lon="120.32809264026582241058349609375">
        <ele>142.399993896484375</ele>
        <time>2016-06-22T11:38:06.000Z</time>
        <extensions>
          <ns3:TrackPointExtension>
            <ns3:hr>156</ns3:hr>
            <ns3:cad>100</ns3:cad>
          </ns3:TrackPointExtension>
        </extensions>
      </trkpt>
      <trkpt lat="29.148476310074329376220703125" lon="120.328084342181682586669921875">
        <ele>142.600006103515625</ele>
        <time>2016-06-22T11:38:07.000Z</time>
        <extensions>
          <ns3:TrackPointExtension>
            <ns3:hr>157</ns3:hr>
            <ns3:cad>100</ns3:cad>
          </ns3:TrackPointExtension>
        </extensions>
      </trkpt>
      <trkpt lat="29.1484479792416095733642578125" lon="120.3280808217823505401611328125">
        <ele>142.600006103515625</ele>
        <time>2016-06-22T11:38:08.000Z</time>
        <extensions>
          <ns3:TrackPointExtension>
            <ns3:hr>156</ns3:hr>
            <ns3:cad>100</ns3:cad>
          </ns3:TrackPointExtension>
        </extensions>
      </trkpt>
      <trkpt lat="29.1484194807708263397216796875" lon="120.32807864248752593994140625">
        <ele>142.600006103515625</ele>
        <time>2016-06-22T11:38:09.000Z</time>
        <extensions>
          <ns3:TrackPointExtension>
            <ns3:hr>157</ns3:hr>
            <ns3:cad>99</ns3:cad>
          </ns3:TrackPointExtension>
        </extensions>
      </trkpt>
      <trkpt lat="29.14839307777583599090576171875" lon="120.32807755284011363983154296875">
        <ele>142.600006103515625</ele>
        <time>2016-06-22T11:38:10.000Z</time>
        <extensions>
          <ns3:TrackPointExtension>
            <ns3:hr>157</ns3:hr>
            <ns3:cad>99</ns3:cad>
          </ns3:TrackPointExtension>
        </extensions>
      </trkpt>
      <trkpt lat="29.14836625568568706512451171875" lon="120.32808191142976284027099609375">
        <ele>142.600006103515625</ele>
        <time>2016-06-22T11:38:11.000Z</time>
        <extensions>
          <ns3:TrackPointExtension>
            <ns3:hr>158</ns3:hr>
            <ns3:cad>100</ns3:cad>
          </ns3:TrackPointExtension>
        </extensions>
      </trkpt>
      <trkpt lat="29.1483390145003795623779296875" lon="120.32809046097099781036376953125">
        <ele>142.399993896484375</ele>
        <time>2016-06-22T11:38:12.000Z</time>
        <extensions>
          <ns3:TrackPointExtension>
            <ns3:hr>158</ns3:hr>
            <ns3:cad>100</ns3:cad>
          </ns3:TrackPointExtension>
        </extensions>
      </trkpt>
      <trkpt lat="29.14831160567700862884521484375" lon="120.32810051925480365753173828125">
        <ele>142.399993896484375</ele>
        <time>2016-06-22T11:38:13.000Z</time>
        <extensions>
          <ns3:TrackPointExtension>
            <ns3:hr>157</ns3:hr>
            <ns3:cad>100</ns3:cad>
          </ns3:TrackPointExtension>
        </extensions>
      </trkpt>
      <trkpt lat="29.14828495122492313385009765625" lon="120.32811108045279979705810546875">
        <ele>142.600006103515625</ele>
        <time>2016-06-22T11:38:14.000Z</time>
        <extensions>
          <ns3:TrackPointExtension>
            <ns3:hr>157</ns3:hr>
            <ns3:cad>100</ns3:cad>
          </ns3:TrackPointExtension>
        </extensions>
      </trkpt>
      <trkpt lat="29.1482582129538059234619140625" lon="120.3281220607459545135498046875">
        <ele>142.600006103515625</ele>
        <time>2016-06-22T11:38:15.000Z</time>
        <extensions>
          <ns3:TrackPointExtension>
            <ns3:hr>156</ns3:hr>
            <ns3:cad>100</ns3:cad>
          </ns3:TrackPointExtension>
        </extensions>
      </trkpt>
      <trkpt lat="29.148229546844959259033203125" lon="120.32813471741974353790283203125">
        <ele>142.8000030517578125</ele>
        <time>2016-06-22T11:38:16.000Z</time>
        <extensions>
          <ns3:TrackPointExtension>
            <ns3:hr>156</ns3:hr>
            <ns3:cad>100</ns3:cad>
          </ns3:TrackPointExtension>
        </extensions>
      </trkpt>
      <trkpt lat="29.14820096455514430999755859375" lon="120.3281508944928646087646484375">
        <ele>142.8000030517578125</ele>
        <time>2016-06-22T11:38:17.000Z</time>
        <extensions>
          <ns3:TrackPointExtension>
            <ns3:hr>156</ns3:hr>
            <ns3:cad>100</ns3:cad>
          </ns3:TrackPointExtension>
        </extensions>
      </trkpt>
      <trkpt lat="29.148150421679019927978515625" lon="120.32819087617099285125732421875">
        <ele>143</ele>
        <time>2016-06-22T11:38:18.000Z</time>
        <extensions>
          <ns3:TrackPointExtension>
            <ns3:hr>156</ns3:hr>
            <ns3:cad>100</ns3:cad>
          </ns3:TrackPointExtension>
        </extensions>
      </trkpt>
      <trkpt lat="29.148150421679019927978515625" lon="120.32819087617099285125732421875">
        <ele>143</ele>
        <time>2016-06-22T11:38:19.000Z</time>
        <extensions>
          <ns3:TrackPointExtension>
            <ns3:hr>156</ns3:hr>
            <ns3:cad>100</ns3:cad>
          </ns3:TrackPointExtension>
        </extensions>
      </trkpt>
      <trkpt lat="29.14812820963561534881591796875" lon="120.3282142616808414459228515625">
        <ele>143.1999969482421875</ele>
        <time>2016-06-22T11:38:20.000Z</time>
        <extensions>
          <ns3:TrackPointExtension>
            <ns3:hr>156</ns3:hr>
            <ns3:cad>100</ns3:cad>
          </ns3:TrackPointExtension>
        </extensions>
      </trkpt>
      <trkpt lat="29.14810490794479846954345703125" lon="120.32823932357132434844970703125">
        <ele>143.1999969482421875</ele>
        <time>2016-06-22T11:38:21.000Z</time>
        <extensions>
          <ns3:TrackPointExtension>
            <ns3:hr>155</ns3:hr>
            <ns3:cad>100</ns3:cad>
          </ns3:TrackPointExtension>
        </extensions>
      </trkpt>
      <trkpt lat="29.14808026514947414398193359375" lon="120.32826581038534641265869140625">
        <ele>143.399993896484375</ele>
        <time>2016-06-22T11:38:22.000Z</time>
        <extensions>
          <ns3:TrackPointExtension>
            <ns3:hr>155</ns3:hr>
            <ns3:cad>100</ns3:cad>
          </ns3:TrackPointExtension>
        </extensions>
      </trkpt>
      <trkpt lat="29.14806065149605274200439453125" lon="120.32829179428517818450927734375">
        <ele>143.399993896484375</ele>
        <time>2016-06-22T11:38:23.000Z</time>
        <extensions>
          <ns3:TrackPointExtension>
            <ns3:hr>155</ns3:hr>
            <ns3:cad>100</ns3:cad>
          </ns3:TrackPointExtension>
        </extensions>
      </trkpt>
      <trkpt lat="29.1480446420609951019287109375" lon="120.3283151797950267791748046875">
        <ele>143.399993896484375</ele>
        <time>2016-06-22T11:38:24.000Z</time>
        <extensions>
          <ns3:TrackPointExtension>
            <ns3:hr>155</ns3:hr>
            <ns3:cad>100</ns3:cad>
          </ns3:TrackPointExtension>
        </extensions>
      </trkpt>
      <trkpt lat="29.14802947081625461578369140625" lon="120.328339822590351104736328125">
        <ele>143.600006103515625</ele>
        <time>2016-06-22T11:38:25.000Z</time>
        <extensions>
          <ns3:TrackPointExtension>
            <ns3:hr>156</ns3:hr>
            <ns3:cad>100</ns3:cad>
          </ns3:TrackPointExtension>
        </extensions>
      </trkpt>
      <trkpt lat="29.14801605977118015289306640625" lon="120.32836697995662689208984375">
        <ele>143.600006103515625</ele>
        <time>2016-06-22T11:38:26.000Z</time>
        <extensions>
          <ns3:TrackPointExtension>
            <ns3:hr>156</ns3:hr>
            <ns3:cad>100</ns3:cad>
          </ns3:TrackPointExtension>
        </extensions>
      </trkpt>
      <trkpt lat="29.14800449274480342864990234375" lon="120.328393466770648956298828125">
        <ele>143.600006103515625</ele>
        <time>2016-06-22T11:38:27.000Z</time>
        <extensions>
          <ns3:TrackPointExtension>
            <ns3:hr>156</ns3:hr>
            <ns3:cad>100</ns3:cad>
          </ns3:TrackPointExtension>
        </extensions>
      </trkpt>
      <trkpt lat="29.147992171347141265869140625" lon="120.328423976898193359375">
        <ele>143.600006103515625</ele>
        <time>2016-06-22T11:38:28.000Z</time>
        <extensions>
          <ns3:TrackPointExtension>
            <ns3:hr>156</ns3:hr>
            <ns3:cad>100</ns3:cad>
          </ns3:TrackPointExtension>
        </extensions>
      </trkpt>
      <trkpt lat="29.147984124720096588134765625" lon="120.3284556604921817779541015625">
        <ele>143.600006103515625</ele>
        <time>2016-06-22T11:38:29.000Z</time>
        <extensions>
          <ns3:TrackPointExtension>
            <ns3:hr>156</ns3:hr>
            <ns3:cad>100</ns3:cad>
          </ns3:TrackPointExtension>
        </extensions>
      </trkpt>
      <trkpt lat="29.147979430854320526123046875" lon="120.328484661877155303955078125">
        <ele>143.600006103515625</ele>
        <time>2016-06-22T11:38:30.000Z</time>
        <extensions>
          <ns3:TrackPointExtension>
            <ns3:hr>156</ns3:hr>
            <ns3:cad>100</ns3:cad>
          </ns3:TrackPointExtension>
        </extensions>
      </trkpt>
      <trkpt lat="29.14797306060791015625" lon="120.328514166176319122314453125">
        <ele>143.8000030517578125</ele>
        <time>2016-06-22T11:38:31.000Z</time>
        <extensions>
          <ns3:TrackPointExtension>
            <ns3:hr>156</ns3:hr>
            <ns3:cad>100</ns3:cad>
          </ns3:TrackPointExtension>
        </extensions>
      </trkpt>
      <trkpt lat="29.14796845056116580963134765625" lon="120.32854241319000720977783203125">
        <ele>144</ele>
        <time>2016-06-22T11:38:32.000Z</time>
        <extensions>
          <ns3:TrackPointExtension>
            <ns3:hr>156</ns3:hr>
            <ns3:cad>101</ns3:cad>
          </ns3:TrackPointExtension>
        </extensions>
      </trkpt>
      <trkpt lat="29.1479658521711826324462890625" lon="120.328570492565631866455078125">
        <ele>144.1999969482421875</ele>
        <time>2016-06-22T11:38:33.000Z</time>
        <extensions>
          <ns3:TrackPointExtension>
            <ns3:hr>156</ns3:hr>
            <ns3:cad>101</ns3:cad>
          </ns3:TrackPointExtension>
        </extensions>
      </trkpt>
      <trkpt lat="29.1479681991040706634521484375" lon="120.3286050260066986083984375">
        <ele>144.399993896484375</ele>
        <time>2016-06-22T11:38:34.000Z</time>
        <extensions>
          <ns3:TrackPointExtension>
            <ns3:hr>156</ns3:hr>
            <ns3:cad>101</ns3:cad>
          </ns3:TrackPointExtension>
        </extensions>
      </trkpt>
      <trkpt lat="29.1479728929698467254638671875" lon="120.32863318920135498046875">
        <ele>144.399993896484375</ele>
        <time>2016-06-22T11:38:35.000Z</time>
        <extensions>
          <ns3:TrackPointExtension>
            <ns3:hr>156</ns3:hr>
            <ns3:cad>101</ns3:cad>
          </ns3:TrackPointExtension>
        </extensions>
      </trkpt>
      <trkpt lat="29.147981107234954833984375" lon="120.3286608494818210601806640625">
        <ele>144.600006103515625</ele>
        <time>2016-06-22T11:38:36.000Z</time>
        <extensions>
          <ns3:TrackPointExtension>
            <ns3:hr>156</ns3:hr>
            <ns3:cad>101</ns3:cad>
          </ns3:TrackPointExtension>
        </extensions>
      </trkpt>
      <trkpt lat="29.147992171347141265869140625" lon="120.32868892885744571685791015625">
        <ele>144.600006103515625</ele>
        <time>2016-06-22T11:38:37.000Z</time>
        <extensions>
          <ns3:TrackPointExtension>
            <ns3:hr>156</ns3:hr>
            <ns3:cad>101</ns3:cad>
          </ns3:TrackPointExtension>
        </extensions>
      </trkpt>
      <trkpt lat="29.14800415746867656707763671875" lon="120.32871843315660953521728515625">
        <ele>144.8000030517578125</ele>
        <time>2016-06-22T11:38:38.000Z</time>
        <extensions>
          <ns3:TrackPointExtension>
            <ns3:hr>157</ns3:hr>
            <ns3:cad>100</ns3:cad>
          </ns3:TrackPointExtension>
        </extensions>
      </trkpt>
      <trkpt lat="29.14801790378987789154052734375" lon="120.32874877564609050750732421875">
        <ele>144.8000030517578125</ele>
        <time>2016-06-22T11:38:39.000Z</time>
        <extensions>
          <ns3:TrackPointExtension>
            <ns3:hr>158</ns3:hr>
            <ns3:cad>100</ns3:cad>
          </ns3:TrackPointExtension>
        </extensions>
      </trkpt>
      <trkpt lat="29.1480278782546520233154296875" lon="120.3287815488874912261962890625">
        <ele>145</ele>
        <time>2016-06-22T11:38:40.000Z</time>
        <extensions>
          <ns3:TrackPointExtension>
            <ns3:hr>158</ns3:hr>
            <ns3:cad>100</ns3:cad>
          </ns3:TrackPointExtension>
        </extensions>
      </trkpt>
      <trkpt lat="29.148041792213916778564453125" lon="120.32880895771086215972900390625">
        <ele>145</ele>
        <time>2016-06-22T11:38:41.000Z</time>
        <extensions>
          <ns3:TrackPointExtension>
            <ns3:hr>158</ns3:hr>
            <ns3:cad>100</ns3:cad>
          </ns3:TrackPointExtension>
        </extensions>
      </trkpt>
      <trkpt lat="29.14806065149605274200439453125" lon="120.32883770763874053955078125">
        <ele>145</ele>
        <time>2016-06-22T11:38:42.000Z</time>
        <extensions>
          <ns3:TrackPointExtension>
            <ns3:hr>159</ns3:hr>
            <ns3:cad>100</ns3:cad>
          </ns3:TrackPointExtension>
        </extensions>
      </trkpt>
      <trkpt lat="29.14807992987334728240966796875" lon="120.3288636915385723114013671875">
        <ele>145</ele>
        <time>2016-06-22T11:38:43.000Z</time>
        <extensions>
          <ns3:TrackPointExtension>
            <ns3:hr>158</ns3:hr>
            <ns3:cad>100</ns3:cad>
          </ns3:TrackPointExtension>
        </extensions>
      </trkpt>
      <trkpt lat="29.14810088463127613067626953125" lon="120.32888640649616718292236328125">
        <ele>145</ele>
        <time>2016-06-22T11:38:44.000Z</time>
        <extensions>
          <ns3:TrackPointExtension>
            <ns3:hr>159</ns3:hr>
            <ns3:cad>101</ns3:cad>
          </ns3:TrackPointExtension>
        </extensions>
      </trkpt>
      <trkpt lat="29.14812217466533184051513671875" lon="120.32891054637730121612548828125">
        <ele>145</ele>
        <time>2016-06-22T11:38:45.000Z</time>
        <extensions>
          <ns3:TrackPointExtension>
            <ns3:hr>158</ns3:hr>
            <ns3:cad>101</ns3:cad>
          </ns3:TrackPointExtension>
        </extensions>
      </trkpt>
      <trkpt lat="29.14814581163227558135986328125" lon="120.3289297409355640411376953125">
        <ele>145</ele>
        <time>2016-06-22T11:38:46.000Z</time>
        <extensions>
          <ns3:TrackPointExtension>
            <ns3:hr>159</ns3:hr>
            <ns3:cad>101</ns3:cad>
          </ns3:TrackPointExtension>
        </extensions>
      </trkpt>
      <trkpt lat="29.1481983661651611328125" lon="120.32895714975893497467041015625">
        <ele>144.8000030517578125</ele>
        <time>2016-06-22T11:38:47.000Z</time>
        <extensions>
          <ns3:TrackPointExtension>
            <ns3:hr>159</ns3:hr>
            <ns3:cad>101</ns3:cad>
          </ns3:TrackPointExtension>
        </extensions>
      </trkpt>
      <trkpt lat="29.14822527207434177398681640625" lon="120.32896905206143856048583984375">
        <ele>144.8000030517578125</ele>
        <time>2016-06-22T11:38:48.000Z</time>
        <extensions>
          <ns3:TrackPointExtension>
            <ns3:hr>160</ns3:hr>
            <ns3:cad>101</ns3:cad>
          </ns3:TrackPointExtension>
        </extensions>
      </trkpt>
      <trkpt lat="29.14822527207434177398681640625" lon="120.32896905206143856048583984375">
        <ele>144.8000030517578125</ele>
        <time>2016-06-22T11:38:49.000Z</time>
        <extensions>
          <ns3:TrackPointExtension>
            <ns3:hr>160</ns3:hr>
            <ns3:cad>101</ns3:cad>
          </ns3:TrackPointExtension>
        </extensions>
      </trkpt>
      <trkpt lat="29.14825108833611011505126953125" lon="120.32898196019232273101806640625">
        <ele>144.8000030517578125</ele>
        <time>2016-06-22T11:38:50.000Z</time>
        <extensions>
          <ns3:TrackPointExtension>
            <ns3:hr>160</ns3:hr>
            <ns3:cad>100</ns3:cad>
          </ns3:TrackPointExtension>
        </extensions>
      </trkpt>
      <trkpt lat="29.14827455766499042510986328125" lon="120.32899503596127033233642578125">
        <ele>144.600006103515625</ele>
        <time>2016-06-22T11:38:51.000Z</time>
        <extensions>
          <ns3:TrackPointExtension>
            <ns3:hr>161</ns3:hr>
            <ns3:cad>100</ns3:cad>
          </ns3:TrackPointExtension>
        </extensions>
      </trkpt>
      <trkpt lat="29.14830473251640796661376953125" lon="120.329021774232387542724609375">
        <ele>144.600006103515625</ele>
        <time>2016-06-22T11:38:52.000Z</time>
        <extensions>
          <ns3:TrackPointExtension>
            <ns3:hr>161</ns3:hr>
            <ns3:cad>101</ns3:cad>
          </ns3:TrackPointExtension>
        </extensions>
      </trkpt>
      <trkpt lat="29.1483349911868572235107421875" lon="120.32903845421969890594482421875">
        <ele>144.399993896484375</ele>
        <time>2016-06-22T11:38:53.000Z</time>
        <extensions>
          <ns3:TrackPointExtension>
            <ns3:hr>160</ns3:hr>
            <ns3:cad>101</ns3:cad>
          </ns3:TrackPointExtension>
        </extensions>
      </trkpt>
      <trkpt lat="29.14839944802224636077880859375" lon="120.329068042337894439697265625">
        <ele>144.1999969482421875</ele>
        <time>2016-06-22T11:38:54.000Z</time>
        <extensions>
          <ns3:TrackPointExtension>
            <ns3:hr>161</ns3:hr>
            <ns3:cad>103</ns3:cad>
          </ns3:TrackPointExtension>
        </extensions>
      </trkpt>
      <trkpt lat="29.14839944802224636077880859375" lon="120.329068042337894439697265625">
        <ele>144.1999969482421875</ele>
        <time>2016-06-22T11:38:55.000Z</time>
        <extensions>
          <ns3:TrackPointExtension>
            <ns3:hr>161</ns3:hr>
            <ns3:cad>103</ns3:cad>
          </ns3:TrackPointExtension>
        </extensions>
      </trkpt>
      <trkpt lat="29.1484295390546321868896484375" lon="120.329078771173954010009765625">
        <ele>144</ele>
        <time>2016-06-22T11:38:56.000Z</time>
        <extensions>
          <ns3:TrackPointExtension>
            <ns3:hr>160</ns3:hr>
            <ns3:cad>103</ns3:cad>
          </ns3:TrackPointExtension>
        </extensions>
      </trkpt>
      <trkpt lat="29.14845778606832027435302734375" lon="120.3290906734764575958251953125">
        <ele>143.8000030517578125</ele>
        <time>2016-06-22T11:38:57.000Z</time>
        <extensions>
          <ns3:TrackPointExtension>
            <ns3:hr>161</ns3:hr>
            <ns3:cad>101</ns3:cad>
          </ns3:TrackPointExtension>
        </extensions>
      </trkpt>
      <trkpt lat="29.14849198423326015472412109375" lon="120.329097211360931396484375">
        <ele>143.399993896484375</ele>
        <time>2016-06-22T11:38:58.000Z</time>
        <extensions>
          <ns3:TrackPointExtension>
            <ns3:hr>160</ns3:hr>
            <ns3:cad>101</ns3:cad>
          </ns3:TrackPointExtension>
        </extensions>
      </trkpt>
      <trkpt lat="29.1485230810940265655517578125" lon="120.32910726964473724365234375">
        <ele>142.8000030517578125</ele>
        <time>2016-06-22T11:38:59.000Z</time>
        <extensions>
          <ns3:TrackPointExtension>
            <ns3:hr>160</ns3:hr>
            <ns3:cad>101</ns3:cad>
          </ns3:TrackPointExtension>
        </extensions>
      </trkpt>
      <trkpt lat="29.14855233393609523773193359375" lon="120.3291161544620990753173828125">
        <ele>142.1999969482421875</ele>
        <time>2016-06-22T11:39:00.000Z</time>
        <extensions>
          <ns3:TrackPointExtension>
            <ns3:hr>160</ns3:hr>
            <ns3:cad>101</ns3:cad>
          </ns3:TrackPointExtension>
        </extensions>
      </trkpt>
      <trkpt lat="29.14858066476881504058837890625" lon="120.3291265480220317840576171875">
        <ele>141.8000030517578125</ele>
        <time>2016-06-22T11:39:01.000Z</time>
        <extensions>
          <ns3:TrackPointExtension>
            <ns3:hr>160</ns3:hr>
            <ns3:cad>100</ns3:cad>
          </ns3:TrackPointExtension>
        </extensions>
      </trkpt>
      <trkpt lat="29.14861100725829601287841796875" lon="120.32913434319198131561279296875">
        <ele>141.399993896484375</ele>
        <time>2016-06-22T11:39:02.000Z</time>
        <extensions>
          <ns3:TrackPointExtension>
            <ns3:hr>160</ns3:hr>
            <ns3:cad>100</ns3:cad>
          </ns3:TrackPointExtension>
        </extensions>
      </trkpt>
      <trkpt lat="29.14864034391939640045166015625" lon="120.32913987524807453155517578125">
        <ele>140.8000030517578125</ele>
        <time>2016-06-22T11:39:03.000Z</time>
        <extensions>
          <ns3:TrackPointExtension>
            <ns3:hr>160</ns3:hr>
            <ns3:cad>100</ns3:cad>
          </ns3:TrackPointExtension>
        </extensions>
      </trkpt>
      <trkpt lat="29.14866901002824306488037109375" lon="120.3291500173509120941162109375">
        <ele>140.399993896484375</ele>
        <time>2016-06-22T11:39:04.000Z</time>
        <extensions>
          <ns3:TrackPointExtension>
            <ns3:hr>160</ns3:hr>
            <ns3:cad>100</ns3:cad>
          </ns3:TrackPointExtension>
        </extensions>
      </trkpt>
      <trkpt lat="29.148701615631580352783203125" lon="120.32915848307311534881591796875">
        <ele>139.8000030517578125</ele>
        <time>2016-06-22T11:39:05.000Z</time>
        <extensions>
          <ns3:TrackPointExtension>
            <ns3:hr>160</ns3:hr>
            <ns3:cad>100</ns3:cad>
          </ns3:TrackPointExtension>
        </extensions>
      </trkpt>
      <trkpt lat="29.14873355068266391754150390625" lon="120.329166948795318603515625">
        <ele>139.399993896484375</ele>
        <time>2016-06-22T11:39:06.000Z</time>
        <extensions>
          <ns3:TrackPointExtension>
            <ns3:hr>160</ns3:hr>
            <ns3:cad>101</ns3:cad>
          </ns3:TrackPointExtension>
        </extensions>
      </trkpt>
      <trkpt lat="29.14876171387732028961181640625" lon="120.3291758336126804351806640625">
        <ele>139.1999969482421875</ele>
        <time>2016-06-22T11:39:07.000Z</time>
        <extensions>
          <ns3:TrackPointExtension>
            <ns3:hr>160</ns3:hr>
            <ns3:cad>101</ns3:cad>
          </ns3:TrackPointExtension>
        </extensions>
      </trkpt>
      <trkpt lat="29.14878803305327892303466796875" lon="120.3291889093816280364990234375">
        <ele>139</ele>
        <time>2016-06-22T11:39:08.000Z</time>
        <extensions>
          <ns3:TrackPointExtension>
            <ns3:hr>161</ns3:hr>
            <ns3:cad>101</ns3:cad>
          </ns3:TrackPointExtension>
        </extensions>
      </trkpt>
      <trkpt lat="29.14881418459117412567138671875" lon="120.32920273952186107635498046875">
        <ele>138.8000030517578125</ele>
        <time>2016-06-22T11:39:09.000Z</time>
        <extensions>
          <ns3:TrackPointExtension>
            <ns3:hr>161</ns3:hr>
            <ns3:cad>101</ns3:cad>
          </ns3:TrackPointExtension>
        </extensions>
      </trkpt>
      <trkpt lat="29.14884050376713275909423828125" lon="120.32921330071985721588134765625">
        <ele>138.8000030517578125</ele>
        <time>2016-06-22T11:39:10.000Z</time>
        <extensions>
          <ns3:TrackPointExtension>
            <ns3:hr>161</ns3:hr>
            <ns3:cad>101</ns3:cad>
          </ns3:TrackPointExtension>
        </extensions>
      </trkpt>
      <trkpt lat="29.14886933751404285430908203125" lon="120.3292170725762844085693359375">
        <ele>138.600006103515625</ele>
        <time>2016-06-22T11:39:11.000Z</time>
        <extensions>
          <ns3:TrackPointExtension>
            <ns3:hr>161</ns3:hr>
            <ns3:cad>101</ns3:cad>
          </ns3:TrackPointExtension>
        </extensions>
      </trkpt>
      <trkpt lat="29.148900099098682403564453125" lon="120.32922319136559963226318359375">
        <ele>138.399993896484375</ele>
        <time>2016-06-22T11:39:12.000Z</time>
        <extensions>
          <ns3:TrackPointExtension>
            <ns3:hr>161</ns3:hr>
            <ns3:cad>100</ns3:cad>
          </ns3:TrackPointExtension>
        </extensions>
      </trkpt>
      <trkpt lat="29.14892725646495819091796875" lon="120.32923408783972263336181640625">
        <ele>138.1999969482421875</ele>
        <time>2016-06-22T11:39:13.000Z</time>
        <extensions>
          <ns3:TrackPointExtension>
            <ns3:hr>162</ns3:hr>
            <ns3:cad>100</ns3:cad>
          </ns3:TrackPointExtension>
        </extensions>
      </trkpt>
      <trkpt lat="29.1489562578499317169189453125" lon="120.3292495943605899810791015625">
        <ele>138</ele>
        <time>2016-06-22T11:39:14.000Z</time>
        <extensions>
          <ns3:TrackPointExtension>
            <ns3:hr>161</ns3:hr>
            <ns3:cad>100</ns3:cad>
          </ns3:TrackPointExtension>
        </extensions>
      </trkpt>
      <trkpt lat="29.1489844210445880889892578125" lon="120.32926158048212528228759765625">
        <ele>137.8000030517578125</ele>
        <time>2016-06-22T11:39:15.000Z</time>
        <extensions>
          <ns3:TrackPointExtension>
            <ns3:hr>162</ns3:hr>
            <ns3:cad>100</ns3:cad>
          </ns3:TrackPointExtension>
        </extensions>
      </trkpt>
      <trkpt lat="29.1490139253437519073486328125" lon="120.329269878566265106201171875">
        <ele>137.8000030517578125</ele>
        <time>2016-06-22T11:39:16.000Z</time>
        <extensions>
          <ns3:TrackPointExtension>
            <ns3:hr>162</ns3:hr>
            <ns3:cad>100</ns3:cad>
          </ns3:TrackPointExtension>
        </extensions>
      </trkpt>
      <trkpt lat="29.1490441001951694488525390625" lon="120.32927951775491237640380859375">
        <ele>138</ele>
        <time>2016-06-22T11:39:17.000Z</time>
        <extensions>
          <ns3:TrackPointExtension>
            <ns3:hr>162</ns3:hr>
            <ns3:cad>101</ns3:cad>
          </ns3:TrackPointExtension>
        </extensions>
      </trkpt>
      <trkpt lat="29.149073101580142974853515625" lon="120.3292874805629253387451171875">
        <ele>138.399993896484375</ele>
        <time>2016-06-22T11:39:18.000Z</time>
        <extensions>
          <ns3:TrackPointExtension>
            <ns3:hr>162</ns3:hr>
            <ns3:cad>101</ns3:cad>
          </ns3:TrackPointExtension>
        </extensions>
      </trkpt>
      <trkpt lat="29.149101935327053070068359375" lon="120.32929192297160625457763671875">
        <ele>138.600006103515625</ele>
        <time>2016-06-22T11:39:19.000Z</time>
        <extensions>
          <ns3:TrackPointExtension>
            <ns3:hr>162</ns3:hr>
            <ns3:cad>101</ns3:cad>
          </ns3:TrackPointExtension>
        </extensions>
      </trkpt>
      <trkpt lat="29.14913177490234375" lon="120.329290665686130523681640625">
        <ele>138.8000030517578125</ele>
        <time>2016-06-22T11:39:20.000Z</time>
        <extensions>
          <ns3:TrackPointExtension>
            <ns3:hr>162</ns3:hr>
            <ns3:cad>101</ns3:cad>
          </ns3:TrackPointExtension>
        </extensions>
      </trkpt>
      <trkpt lat="29.14915918372571468353271484375" lon="120.32928521744906902313232421875">
        <ele>139</ele>
        <time>2016-06-22T11:39:21.000Z</time>
        <extensions>
          <ns3:TrackPointExtension>
            <ns3:hr>162</ns3:hr>
            <ns3:cad>100</ns3:cad>
          </ns3:TrackPointExtension>
        </extensions>
      </trkpt>
      <trkpt lat="29.14918852038681507110595703125" lon="120.32927834428846836090087890625">
        <ele>139.1999969482421875</ele>
        <time>2016-06-22T11:39:22.000Z</time>
        <extensions>
          <ns3:TrackPointExtension>
            <ns3:hr>162</ns3:hr>
            <ns3:cad>100</ns3:cad>
          </ns3:TrackPointExtension>
        </extensions>
      </trkpt>
      <trkpt lat="29.14921601302921772003173828125" lon="120.32927013002336025238037109375">
        <ele>139.399993896484375</ele>
        <time>2016-06-22T11:39:23.000Z</time>
        <extensions>
          <ns3:TrackPointExtension>
            <ns3:hr>162</ns3:hr>
            <ns3:cad>101</ns3:cad>
          </ns3:TrackPointExtension>
        </extensions>
      </trkpt>
      <trkpt lat="29.1492430865764617919921875" lon="120.3292594850063323974609375">
        <ele>139.600006103515625</ele>
        <time>2016-06-22T11:39:24.000Z</time>
        <extensions>
          <ns3:TrackPointExtension>
            <ns3:hr>162</ns3:hr>
            <ns3:cad>101</ns3:cad>
          </ns3:TrackPointExtension>
        </extensions>
      </trkpt>
      <trkpt lat="29.1492710821330547332763671875" lon="120.3292482532560825347900390625">
        <ele>140</ele>
        <time>2016-06-22T11:39:25.000Z</time>
        <extensions>
          <ns3:TrackPointExtension>
            <ns3:hr>161</ns3:hr>
            <ns3:cad>101</ns3:cad>
          </ns3:TrackPointExtension>
        </extensions>
      </trkpt>
      <trkpt lat="29.14929882623255252838134765625" lon="120.32923660241067409515380859375">
        <ele>140</ele>
        <time>2016-06-22T11:39:26.000Z</time>
        <extensions>
          <ns3:TrackPointExtension>
            <ns3:hr>161</ns3:hr>
            <ns3:cad>101</ns3:cad>
          </ns3:TrackPointExtension>
        </extensions>
      </trkpt>
      <trkpt lat="29.1493223793804645538330078125" lon="120.329222939908504486083984375">
        <ele>140.1999969482421875</ele>
        <time>2016-06-22T11:39:27.000Z</time>
        <extensions>
          <ns3:TrackPointExtension>
            <ns3:hr>161</ns3:hr>
            <ns3:cad>101</ns3:cad>
          </ns3:TrackPointExtension>
        </extensions>
      </trkpt>
      <trkpt lat="29.1493451781570911407470703125" lon="120.329204499721527099609375">
        <ele>140.1999969482421875</ele>
        <time>2016-06-22T11:39:28.000Z</time>
        <extensions>
          <ns3:TrackPointExtension>
            <ns3:hr>161</ns3:hr>
            <ns3:cad>101</ns3:cad>
          </ns3:TrackPointExtension>
        </extensions>
      </trkpt>
      <trkpt lat="29.149367809295654296875" lon="120.3291845507919788360595703125">
        <ele>140.399993896484375</ele>
        <time>2016-06-22T11:39:29.000Z</time>
        <extensions>
          <ns3:TrackPointExtension>
            <ns3:hr>161</ns3:hr>
            <ns3:cad>101</ns3:cad>
          </ns3:TrackPointExtension>
        </extensions>
      </trkpt>
      <trkpt lat="29.14938817732036113739013671875" lon="120.3291640989482402801513671875">
        <ele>140.399993896484375</ele>
        <time>2016-06-22T11:39:30.000Z</time>
        <extensions>
          <ns3:TrackPointExtension>
            <ns3:hr>162</ns3:hr>
            <ns3:cad>101</ns3:cad>
          </ns3:TrackPointExtension>
        </extensions>
      </trkpt>
      <trkpt lat="29.14940762333571910858154296875" lon="120.329141803085803985595703125">
        <ele>140.600006103515625</ele>
        <time>2016-06-22T11:39:31.000Z</time>
        <extensions>
          <ns3:TrackPointExtension>
            <ns3:hr>162</ns3:hr>
            <ns3:cad>101</ns3:cad>
          </ns3:TrackPointExtension>
        </extensions>
      </trkpt>
      <trkpt lat="29.14942623116075992584228515625" lon="120.32911774702370166778564453125">
        <ele>140.8000030517578125</ele>
        <time>2016-06-22T11:39:32.000Z</time>
        <extensions>
          <ns3:TrackPointExtension>
            <ns3:hr>162</ns3:hr>
            <ns3:cad>101</ns3:cad>
          </ns3:TrackPointExtension>
        </extensions>
      </trkpt>
      <trkpt lat="29.14944467134773731231689453125" lon="120.3290926851332187652587890625">
        <ele>141</ele>
        <time>2016-06-22T11:39:33.000Z</time>
        <extensions>
          <ns3:TrackPointExtension>
            <ns3:hr>162</ns3:hr>
            <ns3:cad>101</ns3:cad>
          </ns3:TrackPointExtension>
        </extensions>
      </trkpt>
      <trkpt lat="29.14946059696376323699951171875" lon="120.32906703650951385498046875">
        <ele>141.1999969482421875</ele>
        <time>2016-06-22T11:39:34.000Z</time>
        <extensions>
          <ns3:TrackPointExtension>
            <ns3:hr>163</ns3:hr>
            <ns3:cad>101</ns3:cad>
          </ns3:TrackPointExtension>
        </extensions>
      </trkpt>
      <trkpt lat="29.1494762711226940155029296875" lon="120.3290397115051746368408203125">
        <ele>141.399993896484375</ele>
        <time>2016-06-22T11:39:35.000Z</time>
        <extensions>
          <ns3:TrackPointExtension>
            <ns3:hr>163</ns3:hr>
            <ns3:cad>101</ns3:cad>
          </ns3:TrackPointExtension>
        </extensions>
      </trkpt>
      <trkpt lat="29.14949077181518077850341796875" lon="120.32901163212954998016357421875">
        <ele>141.600006103515625</ele>
        <time>2016-06-22T11:39:36.000Z</time>
        <extensions>
          <ns3:TrackPointExtension>
            <ns3:hr>163</ns3:hr>
            <ns3:cad>100</ns3:cad>
          </ns3:TrackPointExtension>
        </extensions>
      </trkpt>
      <trkpt lat="29.14950233884155750274658203125" lon="120.3289823792874813079833984375">
        <ele>141.8000030517578125</ele>
        <time>2016-06-22T11:39:37.000Z</time>
        <extensions>
          <ns3:TrackPointExtension>
            <ns3:hr>163</ns3:hr>
            <ns3:cad>100</ns3:cad>
          </ns3:TrackPointExtension>
        </extensions>
      </trkpt>
      <trkpt lat="29.14951206184923648834228515625" lon="120.32895111478865146636962890625">
        <ele>142</ele>
        <time>2016-06-22T11:39:38.000Z</time>
        <extensions>
          <ns3:TrackPointExtension>
            <ns3:hr>163</ns3:hr>
            <ns3:cad>101</ns3:cad>
          </ns3:TrackPointExtension>
        </extensions>
      </trkpt>
      <trkpt lat="29.1495222039520740509033203125" lon="120.32892161048948764801025390625">
        <ele>142.1999969482421875</ele>
        <time>2016-06-22T11:39:39.000Z</time>
        <extensions>
          <ns3:TrackPointExtension>
            <ns3:hr>163</ns3:hr>
            <ns3:cad>101</ns3:cad>
          </ns3:TrackPointExtension>
        </extensions>
      </trkpt>
      <trkpt lat="29.14953234605491161346435546875" lon="120.32889135181903839111328125">
        <ele>142.399993896484375</ele>
        <time>2016-06-22T11:39:40.000Z</time>
        <extensions>
          <ns3:TrackPointExtension>
            <ns3:hr>163</ns3:hr>
            <ns3:cad>100</ns3:cad>
          </ns3:TrackPointExtension>
        </extensions>
      </trkpt>
      <trkpt lat="29.14953871630132198333740234375" lon="120.32885824330151081085205078125">
        <ele>142.600006103515625</ele>
        <time>2016-06-22T11:39:41.000Z</time>
        <extensions>
          <ns3:TrackPointExtension>
            <ns3:hr>163</ns3:hr>
            <ns3:cad>100</ns3:cad>
          </ns3:TrackPointExtension>
        </extensions>
      </trkpt>
      <trkpt lat="29.1495419852435588836669921875" lon="120.32882505096495151519775390625">
        <ele>142.8000030517578125</ele>
        <time>2016-06-22T11:39:42.000Z</time>
        <extensions>
          <ns3:TrackPointExtension>
            <ns3:hr>164</ns3:hr>
            <ns3:cad>101</ns3:cad>
          </ns3:TrackPointExtension>
        </extensions>
      </trkpt>
      <trkpt lat="29.149541817605495452880859375" lon="120.3287919424474239349365234375">
        <ele>142.8000030517578125</ele>
        <time>2016-06-22T11:39:43.000Z</time>
        <extensions>
          <ns3:TrackPointExtension>
            <ns3:hr>163</ns3:hr>
            <ns3:cad>101</ns3:cad>
          </ns3:TrackPointExtension>
        </extensions>
      </trkpt>
      <trkpt lat="29.14953921921551227569580078125" lon="120.3287580795586109161376953125">
        <ele>143</ele>
        <time>2016-06-22T11:39:44.000Z</time>
        <extensions>
          <ns3:TrackPointExtension>
            <ns3:hr>163</ns3:hr>
            <ns3:cad>101</ns3:cad>
          </ns3:TrackPointExtension>
        </extensions>
      </trkpt>
      <trkpt lat="29.14953184314072132110595703125" lon="120.3287262283265590667724609375">
        <ele>143.1999969482421875</ele>
        <time>2016-06-22T11:39:45.000Z</time>
        <extensions>
          <ns3:TrackPointExtension>
            <ns3:hr>163</ns3:hr>
            <ns3:cad>101</ns3:cad>
          </ns3:TrackPointExtension>
        </extensions>
      </trkpt>
      <trkpt lat="29.14952279068529605865478515625" lon="120.328692533075809478759765625">
        <ele>143.399993896484375</ele>
        <time>2016-06-22T11:39:46.000Z</time>
        <extensions>
          <ns3:TrackPointExtension>
            <ns3:hr>163</ns3:hr>
            <ns3:cad>101</ns3:cad>
          </ns3:TrackPointExtension>
        </extensions>
      </trkpt>
      <trkpt lat="29.14951122365891933441162109375" lon="120.328658334910869598388671875">
        <ele>143.600006103515625</ele>
        <time>2016-06-22T11:39:47.000Z</time>
        <extensions>
          <ns3:TrackPointExtension>
            <ns3:hr>163</ns3:hr>
            <ns3:cad>101</ns3:cad>
          </ns3:TrackPointExtension>
        </extensions>
      </trkpt>
      <trkpt lat="29.14949848316609859466552734375" lon="120.32862656749784946441650390625">
        <ele>143.8000030517578125</ele>
        <time>2016-06-22T11:39:48.000Z</time>
        <extensions>
          <ns3:TrackPointExtension>
            <ns3:hr>164</ns3:hr>
            <ns3:cad>101</ns3:cad>
          </ns3:TrackPointExtension>
        </extensions>
      </trkpt>
      <trkpt lat="29.1494833119213581085205078125" lon="120.32859488390386104583740234375">
        <ele>144</ele>
        <time>2016-06-22T11:39:49.000Z</time>
        <extensions>
          <ns3:TrackPointExtension>
            <ns3:hr>164</ns3:hr>
            <ns3:cad>101</ns3:cad>
          </ns3:TrackPointExtension>
        </extensions>
      </trkpt>
      <trkpt lat="29.14944752119481563568115234375" lon="120.32853671349585056304931640625">
        <ele>144</ele>
        <time>2016-06-22T11:39:50.000Z</time>
        <extensions>
          <ns3:TrackPointExtension>
            <ns3:hr>164</ns3:hr>
            <ns3:cad>101</ns3:cad>
          </ns3:TrackPointExtension>
        </extensions>
      </trkpt>
      <trkpt lat="29.14944752119481563568115234375" lon="120.32853671349585056304931640625">
        <ele>144</ele>
        <time>2016-06-22T11:39:51.000Z</time>
        <extensions>
          <ns3:TrackPointExtension>
            <ns3:hr>164</ns3:hr>
            <ns3:cad>101</ns3:cad>
          </ns3:TrackPointExtension>
        </extensions>
      </trkpt>
      <trkpt lat="29.14942891336977481842041015625" lon="120.3285096399486064910888671875">
        <ele>144</ele>
        <time>2016-06-22T11:39:52.000Z</time>
        <extensions>
          <ns3:TrackPointExtension>
            <ns3:hr>164</ns3:hr>
            <ns3:cad>102</ns3:cad>
          </ns3:TrackPointExtension>
        </extensions>
      </trkpt>
      <trkpt lat="29.1494085453450679779052734375" lon="120.32848298549652099609375">
        <ele>144</ele>
        <time>2016-06-22T11:39:53.000Z</time>
        <extensions>
          <ns3:TrackPointExtension>
            <ns3:hr>164</ns3:hr>
            <ns3:cad>103</ns3:cad>
          </ns3:TrackPointExtension>
        </extensions>
      </trkpt>
      <trkpt lat="29.1493877582252025604248046875" lon="120.32845658250153064727783203125">
        <ele>144</ele>
        <time>2016-06-22T11:39:54.000Z</time>
        <extensions>
          <ns3:TrackPointExtension>
            <ns3:hr>164</ns3:hr>
            <ns3:cad>102</ns3:cad>
          </ns3:TrackPointExtension>
        </extensions>
      </trkpt>
      <trkpt lat="29.1493636183440685272216796875" lon="120.3284352086484432220458984375">
        <ele>144</ele>
        <time>2016-06-22T11:39:55.000Z</time>
        <extensions>
          <ns3:TrackPointExtension>
            <ns3:hr>164</ns3:hr>
            <ns3:cad>102</ns3:cad>
          </ns3:TrackPointExtension>
        </extensions>
      </trkpt>
      <trkpt lat="29.149338640272617340087890625" lon="120.32841701991856098175048828125">
        <ele>143.8000030517578125</ele>
        <time>2016-06-22T11:39:56.000Z</time>
        <extensions>
          <ns3:TrackPointExtension>
            <ns3:hr>163</ns3:hr>
            <ns3:cad>102</ns3:cad>
          </ns3:TrackPointExtension>
        </extensions>
      </trkpt>
      <trkpt lat="29.149312488734722137451171875" lon="120.328400172293186187744140625">
        <ele>143.600006103515625</ele>
        <time>2016-06-22T11:39:57.000Z</time>
        <extensions>
          <ns3:TrackPointExtension>
            <ns3:hr>163</ns3:hr>
            <ns3:cad>102</ns3:cad>
          </ns3:TrackPointExtension>
        </extensions>
      </trkpt>
      <trkpt lat="29.14928608573973178863525390625" lon="120.3283835761249065399169921875">
        <ele>143.399993896484375</ele>
        <time>2016-06-22T11:39:58.000Z</time>
        <extensions>
          <ns3:TrackPointExtension>
            <ns3:hr>163</ns3:hr>
            <ns3:cad>101</ns3:cad>
          </ns3:TrackPointExtension>
        </extensions>
      </trkpt>
      <trkpt lat="29.14925792254507541656494140625" lon="120.32836790196597576141357421875">
        <ele>143.399993896484375</ele>
        <time>2016-06-22T11:39:59.000Z</time>
        <extensions>
          <ns3:TrackPointExtension>
            <ns3:hr>163</ns3:hr>
            <ns3:cad>101</ns3:cad>
          </ns3:TrackPointExtension>
        </extensions>
      </trkpt>
      <trkpt lat="29.14922959171235561370849609375" lon="120.32835759222507476806640625">
        <ele>143.1999969482421875</ele>
        <time>2016-06-22T11:40:00.000Z</time>
        <extensions>
          <ns3:TrackPointExtension>
            <ns3:hr>163</ns3:hr>
            <ns3:cad>101</ns3:cad>
          </ns3:TrackPointExtension>
        </extensions>
      </trkpt>
      <trkpt lat="29.1492023505270481109619140625" lon="120.3283463604748249053955078125">
        <ele>143.1999969482421875</ele>
        <time>2016-06-22T11:40:01.000Z</time>
        <extensions>
          <ns3:TrackPointExtension>
            <ns3:hr>164</ns3:hr>
            <ns3:cad>101</ns3:cad>
          </ns3:TrackPointExtension>
        </extensions>
      </trkpt>
      <trkpt lat="29.14917343296110630035400390625" lon="120.32833621837198734283447265625">
        <ele>143</ele>
        <time>2016-06-22T11:40:02.000Z</time>
        <extensions>
          <ns3:TrackPointExtension>
            <ns3:hr>163</ns3:hr>
            <ns3:cad>102</ns3:cad>
          </ns3:TrackPointExtension>
        </extensions>
      </trkpt>
      <trkpt lat="29.1491438448429107666015625" lon="120.3283272497355937957763671875">
        <ele>143</ele>
        <time>2016-06-22T11:40:03.000Z</time>
        <extensions>
          <ns3:TrackPointExtension>
            <ns3:hr>163</ns3:hr>
            <ns3:cad>102</ns3:cad>
          </ns3:TrackPointExtension>
        </extensions>
      </trkpt>
      <trkpt lat="29.14911509491503238677978515625" lon="120.32831895165145397186279296875">
        <ele>142.8000030517578125</ele>
        <time>2016-06-22T11:40:04.000Z</time>
        <extensions>
          <ns3:TrackPointExtension>
            <ns3:hr>163</ns3:hr>
            <ns3:cad>102</ns3:cad>
          </ns3:TrackPointExtension>
        </extensions>
      </trkpt>
      <trkpt lat="29.14906262420117855072021484375" lon="120.32829564996063709259033203125">
        <ele>142.600006103515625</ele>
        <time>2016-06-22T11:40:05.000Z</time>
        <extensions>
          <ns3:TrackPointExtension>
            <ns3:hr>162</ns3:hr>
            <ns3:cad>101</ns3:cad>
          </ns3:TrackPointExtension>
        </extensions>
      </trkpt>
      <trkpt lat="29.14906262420117855072021484375" lon="120.32829564996063709259033203125">
        <ele>142.600006103515625</ele>
        <time>2016-06-22T11:40:06.000Z</time>
        <extensions>
          <ns3:TrackPointExtension>
            <ns3:hr>163</ns3:hr>
            <ns3:cad>101</ns3:cad>
          </ns3:TrackPointExtension>
        </extensions>
      </trkpt>
      <trkpt lat="29.14903588593006134033203125" lon="120.32828844152390956878662109375">
        <ele>142.399993896484375</ele>
        <time>2016-06-22T11:40:07.000Z</time>
        <extensions>
          <ns3:TrackPointExtension>
            <ns3:hr>163</ns3:hr>
            <ns3:cad>101</ns3:cad>
          </ns3:TrackPointExtension>
        </extensions>
      </trkpt>
      <trkpt lat="29.14900881238281726837158203125" lon="120.32828358002007007598876953125">
        <ele>142.1999969482421875</ele>
        <time>2016-06-22T11:40:08.000Z</time>
        <extensions>
          <ns3:TrackPointExtension>
            <ns3:hr>163</ns3:hr>
            <ns3:cad>101</ns3:cad>
          </ns3:TrackPointExtension>
        </extensions>
      </trkpt>
      <trkpt lat="29.148981906473636627197265625" lon="120.32827385701239109039306640625">
        <ele>142.1999969482421875</ele>
        <time>2016-06-22T11:40:09.000Z</time>
        <extensions>
          <ns3:TrackPointExtension>
            <ns3:hr>163</ns3:hr>
            <ns3:cad>101</ns3:cad>
          </ns3:TrackPointExtension>
        </extensions>
      </trkpt>
      <trkpt lat="29.14895416237413883209228515625" lon="120.32826480455696582794189453125">
        <ele>142.1999969482421875</ele>
        <time>2016-06-22T11:40:10.000Z</time>
        <extensions>
          <ns3:TrackPointExtension>
            <ns3:hr>163</ns3:hr>
            <ns3:cad>101</ns3:cad>
          </ns3:TrackPointExtension>
        </extensions>
      </trkpt>
      <trkpt lat="29.1489270888268947601318359375" lon="120.3282528184354305267333984375">
        <ele>142.399993896484375</ele>
        <time>2016-06-22T11:40:11.000Z</time>
        <extensions>
          <ns3:TrackPointExtension>
            <ns3:hr>163</ns3:hr>
            <ns3:cad>101</ns3:cad>
          </ns3:TrackPointExtension>
        </extensions>
      </trkpt>
      <trkpt lat="29.1488694213330745697021484375" lon="120.3282249905169010162353515625">
        <ele>142.600006103515625</ele>
        <time>2016-06-22T11:40:12.000Z</time>
        <extensions>
          <ns3:TrackPointExtension>
            <ns3:hr>163</ns3:hr>
            <ns3:cad>101</ns3:cad>
          </ns3:TrackPointExtension>
        </extensions>
      </trkpt>
      <trkpt lat="29.1488694213330745697021484375" lon="120.3282249905169010162353515625">
        <ele>142.600006103515625</ele>
        <time>2016-06-22T11:40:13.000Z</time>
        <extensions>
          <ns3:TrackPointExtension>
            <ns3:hr>163</ns3:hr>
            <ns3:cad>101</ns3:cad>
          </ns3:TrackPointExtension>
        </extensions>
      </trkpt>
      <trkpt lat="29.1488415934145450592041015625" lon="120.32821216620504856109619140625">
        <ele>142.399993896484375</ele>
        <time>2016-06-22T11:40:14.000Z</time>
        <extensions>
          <ns3:TrackPointExtension>
            <ns3:hr>163</ns3:hr>
            <ns3:cad>101</ns3:cad>
          </ns3:TrackPointExtension>
        </extensions>
      </trkpt>
      <trkpt lat="29.14881250821053981781005859375" lon="120.3281985037028789520263671875">
        <ele>142.399993896484375</ele>
        <time>2016-06-22T11:40:15.000Z</time>
        <extensions>
          <ns3:TrackPointExtension>
            <ns3:hr>163</ns3:hr>
            <ns3:cad>103</ns3:cad>
          </ns3:TrackPointExtension>
        </extensions>
      </trkpt>
      <trkpt lat="29.14875383488833904266357421875" lon="120.32817243598401546478271484375">
        <ele>142.399993896484375</ele>
        <time>2016-06-22T11:40:16.000Z</time>
        <extensions>
          <ns3:TrackPointExtension>
            <ns3:hr>163</ns3:hr>
            <ns3:cad>103</ns3:cad>
          </ns3:TrackPointExtension>
        </extensions>
      </trkpt>
      <trkpt lat="29.14875383488833904266357421875" lon="120.32817243598401546478271484375">
        <ele>142.399993896484375</ele>
        <time>2016-06-22T11:40:17.000Z</time>
        <extensions>
          <ns3:TrackPointExtension>
            <ns3:hr>163</ns3:hr>
            <ns3:cad>103</ns3:cad>
          </ns3:TrackPointExtension>
        </extensions>
      </trkpt>
      <trkpt lat="29.14872600696980953216552734375" lon="120.32816086895763874053955078125">
        <ele>142.1999969482421875</ele>
        <time>2016-06-22T11:40:18.000Z</time>
        <extensions>
          <ns3:TrackPointExtension>
            <ns3:hr>164</ns3:hr>
            <ns3:cad>103</ns3:cad>
          </ns3:TrackPointExtension>
        </extensions>
      </trkpt>
      <trkpt lat="29.14869884960353374481201171875" lon="120.3281490504741668701171875">
        <ele>142.1999969482421875</ele>
        <time>2016-06-22T11:40:19.000Z</time>
        <extensions>
          <ns3:TrackPointExtension>
            <ns3:hr>164</ns3:hr>
            <ns3:cad>103</ns3:cad>
          </ns3:TrackPointExtension>
        </extensions>
      </trkpt>
      <trkpt lat="29.1486421041190624237060546875" lon="120.3281302750110626220703125">
        <ele>142.399993896484375</ele>
        <time>2016-06-22T11:40:20.000Z</time>
        <extensions>
          <ns3:TrackPointExtension>
            <ns3:hr>164</ns3:hr>
            <ns3:cad>103</ns3:cad>
          </ns3:TrackPointExtension>
        </extensions>
      </trkpt>
      <trkpt lat="29.1486421041190624237060546875" lon="120.3281302750110626220703125">
        <ele>142.399993896484375</ele>
        <time>2016-06-22T11:40:21.000Z</time>
        <extensions>
          <ns3:TrackPointExtension>
            <ns3:hr>164</ns3:hr>
            <ns3:cad>101</ns3:cad>
          </ns3:TrackPointExtension>
        </extensions>
      </trkpt>
      <trkpt lat="29.1486149467527866363525390625" lon="120.32811694778501987457275390625">
        <ele>142.399993896484375</ele>
        <time>2016-06-22T11:40:22.000Z</time>
        <extensions>
          <ns3:TrackPointExtension>
            <ns3:hr>164</ns3:hr>
            <ns3:cad>100</ns3:cad>
          </ns3:TrackPointExtension>
        </extensions>
      </trkpt>
      <trkpt lat="29.14858837611973285675048828125" lon="120.32810504548251628875732421875">
        <ele>142.399993896484375</ele>
        <time>2016-06-22T11:40:23.000Z</time>
        <extensions>
          <ns3:TrackPointExtension>
            <ns3:hr>164</ns3:hr>
            <ns3:cad>100</ns3:cad>
          </ns3:TrackPointExtension>
        </extensions>
      </trkpt>
      <trkpt lat="29.14856088347733020782470703125" lon="120.32809607684612274169921875">
        <ele>142.399993896484375</ele>
        <time>2016-06-22T11:40:24.000Z</time>
        <extensions>
          <ns3:TrackPointExtension>
            <ns3:hr>163</ns3:hr>
            <ns3:cad>100</ns3:cad>
          </ns3:TrackPointExtension>
        </extensions>
      </trkpt>
      <trkpt lat="29.14853171445429325103759765625" lon="120.32808828167617321014404296875">
        <ele>142.600006103515625</ele>
        <time>2016-06-22T11:40:25.000Z</time>
        <extensions>
          <ns3:TrackPointExtension>
            <ns3:hr>163</ns3:hr>
            <ns3:cad>101</ns3:cad>
          </ns3:TrackPointExtension>
        </extensions>
      </trkpt>
      <trkpt lat="29.14847773499786853790283203125" lon="120.3280757926404476165771484375">
        <ele>142.600006103515625</ele>
        <time>2016-06-22T11:40:26.000Z</time>
        <extensions>
          <ns3:TrackPointExtension>
            <ns3:hr>163</ns3:hr>
            <ns3:cad>100</ns3:cad>
          </ns3:TrackPointExtension>
        </extensions>
      </trkpt>
      <trkpt lat="29.14847773499786853790283203125" lon="120.3280757926404476165771484375">
        <ele>142.600006103515625</ele>
        <time>2016-06-22T11:40:27.000Z</time>
        <extensions>
          <ns3:TrackPointExtension>
            <ns3:hr>163</ns3:hr>
            <ns3:cad>100</ns3:cad>
          </ns3:TrackPointExtension>
        </extensions>
      </trkpt>
      <trkpt lat="29.14844890125095844268798828125" lon="120.32807252369821071624755859375">
        <ele>142.600006103515625</ele>
        <time>2016-06-22T11:40:28.000Z</time>
        <extensions>
          <ns3:TrackPointExtension>
            <ns3:hr>163</ns3:hr>
            <ns3:cad>100</ns3:cad>
          </ns3:TrackPointExtension>
        </extensions>
      </trkpt>
      <trkpt lat="29.14839408360421657562255859375" lon="120.328077971935272216796875">
        <ele>142.600006103515625</ele>
        <time>2016-06-22T11:40:29.000Z</time>
        <extensions>
          <ns3:TrackPointExtension>
            <ns3:hr>163</ns3:hr>
            <ns3:cad>100</ns3:cad>
          </ns3:TrackPointExtension>
        </extensions>
      </trkpt>
      <trkpt lat="29.14839408360421657562255859375" lon="120.328077971935272216796875">
        <ele>142.600006103515625</ele>
        <time>2016-06-22T11:40:30.000Z</time>
        <extensions>
          <ns3:TrackPointExtension>
            <ns3:hr>163</ns3:hr>
            <ns3:cad>100</ns3:cad>
          </ns3:TrackPointExtension>
        </extensions>
      </trkpt>
      <trkpt lat="29.14836759679019451141357421875" lon="120.32808425836265087127685546875">
        <ele>142.600006103515625</ele>
        <time>2016-06-22T11:40:31.000Z</time>
        <extensions>
          <ns3:TrackPointExtension>
            <ns3:hr>162</ns3:hr>
            <ns3:cad>100</ns3:cad>
          </ns3:TrackPointExtension>
        </extensions>
      </trkpt>
      <trkpt lat="29.14833876304328441619873046875" lon="120.32809205353260040283203125">
        <ele>142.399993896484375</ele>
        <time>2016-06-22T11:40:32.000Z</time>
        <extensions>
          <ns3:TrackPointExtension>
            <ns3:hr>162</ns3:hr>
            <ns3:cad>100</ns3:cad>
          </ns3:TrackPointExtension>
        </extensions>
      </trkpt>
      <trkpt lat="29.1482810117304325103759765625" lon="120.3281156904995441436767578125">
        <ele>142.600006103515625</ele>
        <time>2016-06-22T11:40:33.000Z</time>
        <extensions>
          <ns3:TrackPointExtension>
            <ns3:hr>162</ns3:hr>
            <ns3:cad>101</ns3:cad>
          </ns3:TrackPointExtension>
        </extensions>
      </trkpt>
      <trkpt lat="29.1482810117304325103759765625" lon="120.3281156904995441436767578125">
        <ele>142.600006103515625</ele>
        <time>2016-06-22T11:40:34.000Z</time>
        <extensions>
          <ns3:TrackPointExtension>
            <ns3:hr>163</ns3:hr>
            <ns3:cad>101</ns3:cad>
          </ns3:TrackPointExtension>
        </extensions>
      </trkpt>
      <trkpt lat="29.1482531838119029998779296875" lon="120.3281277604401111602783203125">
        <ele>142.8000030517578125</ele>
        <time>2016-06-22T11:40:35.000Z</time>
        <extensions>
          <ns3:TrackPointExtension>
            <ns3:hr>163</ns3:hr>
            <ns3:cad>101</ns3:cad>
          </ns3:TrackPointExtension>
        </extensions>
      </trkpt>
      <trkpt lat="29.14822527207434177398681640625" lon="120.3281418420374393463134765625">
        <ele>142.8000030517578125</ele>
        <time>2016-06-22T11:40:36.000Z</time>
        <extensions>
          <ns3:TrackPointExtension>
            <ns3:hr>162</ns3:hr>
            <ns3:cad>101</ns3:cad>
          </ns3:TrackPointExtension>
        </extensions>
      </trkpt>
      <trkpt lat="29.14817062206566333770751953125" lon="120.32817562110722064971923828125">
        <ele>143</ele>
        <time>2016-06-22T11:40:37.000Z</time>
        <extensions>
          <ns3:TrackPointExtension>
            <ns3:hr>163</ns3:hr>
            <ns3:cad>100</ns3:cad>
          </ns3:TrackPointExtension>
        </extensions>
      </trkpt>
      <trkpt lat="29.14817062206566333770751953125" lon="120.32817562110722064971923828125">
        <ele>143</ele>
        <time>2016-06-22T11:40:38.000Z</time>
        <extensions>
          <ns3:TrackPointExtension>
            <ns3:hr>162</ns3:hr>
            <ns3:cad>100</ns3:cad>
          </ns3:TrackPointExtension>
        </extensions>
      </trkpt>
      <trkpt lat="29.1481489129364490509033203125" lon="120.3281938098371028900146484375">
        <ele>143</ele>
        <time>2016-06-22T11:40:39.000Z</time>
        <extensions>
          <ns3:TrackPointExtension>
            <ns3:hr>162</ns3:hr>
            <ns3:cad>100</ns3:cad>
          </ns3:TrackPointExtension>
        </extensions>
      </trkpt>
      <trkpt lat="29.148124940693378448486328125" lon="120.3282169438898563385009765625">
        <ele>143.1999969482421875</ele>
        <time>2016-06-22T11:40:40.000Z</time>
        <extensions>
          <ns3:TrackPointExtension>
            <ns3:hr>162</ns3:hr>
            <ns3:cad>100</ns3:cad>
          </ns3:TrackPointExtension>
        </extensions>
      </trkpt>
      <trkpt lat="29.148080684244632720947265625" lon="120.32826849259436130523681640625">
        <ele>143.399993896484375</ele>
        <time>2016-06-22T11:40:41.000Z</time>
        <extensions>
          <ns3:TrackPointExtension>
            <ns3:hr>163</ns3:hr>
            <ns3:cad>100</ns3:cad>
          </ns3:TrackPointExtension>
        </extensions>
      </trkpt>
      <trkpt lat="29.148080684244632720947265625" lon="120.32826849259436130523681640625">
        <ele>143.399993896484375</ele>
        <time>2016-06-22T11:40:42.000Z</time>
        <extensions>
          <ns3:TrackPointExtension>
            <ns3:hr>163</ns3:hr>
            <ns3:cad>100</ns3:cad>
          </ns3:TrackPointExtension>
        </extensions>
      </trkpt>
      <trkpt lat="29.14806090295314788818359375" lon="120.32829363830387592315673828125">
        <ele>143.399993896484375</ele>
        <time>2016-06-22T11:40:43.000Z</time>
        <extensions>
          <ns3:TrackPointExtension>
            <ns3:hr>164</ns3:hr>
            <ns3:cad>100</ns3:cad>
          </ns3:TrackPointExtension>
        </extensions>
      </trkpt>
      <trkpt lat="29.14804321713745594024658203125" lon="120.328323058784008026123046875">
        <ele>143.399993896484375</ele>
        <time>2016-06-22T11:40:44.000Z</time>
        <extensions>
          <ns3:TrackPointExtension>
            <ns3:hr>163</ns3:hr>
            <ns3:cad>100</ns3:cad>
          </ns3:TrackPointExtension>
        </extensions>
      </trkpt>
      <trkpt lat="29.14801664650440216064453125" lon="120.32839304767549037933349609375">
        <ele>143.600006103515625</ele>
        <time>2016-06-22T11:40:45.000Z</time>
        <extensions>
          <ns3:TrackPointExtension>
            <ns3:hr>163</ns3:hr>
            <ns3:cad>101</ns3:cad>
          </ns3:TrackPointExtension>
        </extensions>
      </trkpt>
      <trkpt lat="29.14801664650440216064453125" lon="120.32839304767549037933349609375">
        <ele>143.600006103515625</ele>
        <time>2016-06-22T11:40:46.000Z</time>
        <extensions>
          <ns3:TrackPointExtension>
            <ns3:hr>163</ns3:hr>
            <ns3:cad>100</ns3:cad>
          </ns3:TrackPointExtension>
        </extensions>
      </trkpt>
      <trkpt lat="29.14800348691642284393310546875" lon="120.32842959277331829071044921875">
        <ele>143.600006103515625</ele>
        <time>2016-06-22T11:40:47.000Z</time>
        <extensions>
          <ns3:TrackPointExtension>
            <ns3:hr>163</ns3:hr>
            <ns3:cad>100</ns3:cad>
          </ns3:TrackPointExtension>
        </extensions>
      </trkpt>
      <trkpt lat="29.14798521436750888824462890625" lon="120.32850444316864013671875">
        <ele>143.600006103515625</ele>
        <time>2016-06-22T11:40:48.000Z</time>
        <extensions>
          <ns3:TrackPointExtension>
            <ns3:hr>162</ns3:hr>
            <ns3:cad>100</ns3:cad>
          </ns3:TrackPointExtension>
        </extensions>
      </trkpt>
      <trkpt lat="29.14798521436750888824462890625" lon="120.32850444316864013671875">
        <ele>143.600006103515625</ele>
        <time>2016-06-22T11:40:49.000Z</time>
        <extensions>
          <ns3:TrackPointExtension>
            <ns3:hr>162</ns3:hr>
            <ns3:cad>100</ns3:cad>
          </ns3:TrackPointExtension>
        </extensions>
      </trkpt>
      <trkpt lat="29.14797901175916194915771484375" lon="120.3285408206284046173095703125">
        <ele>144</ele>
        <time>2016-06-22T11:40:50.000Z</time>
        <extensions>
          <ns3:TrackPointExtension>
            <ns3:hr>163</ns3:hr>
            <ns3:cad>101</ns3:cad>
          </ns3:TrackPointExtension>
        </extensions>
      </trkpt>
      <trkpt lat="29.14797599427402019500732421875" lon="120.32857543788850307464599609375">
        <ele>144.1999969482421875</ele>
        <time>2016-06-22T11:40:51.000Z</time>
        <extensions>
          <ns3:TrackPointExtension>
            <ns3:hr>163</ns3:hr>
            <ns3:cad>101</ns3:cad>
          </ns3:TrackPointExtension>
        </extensions>
      </trkpt>
      <trkpt lat="29.14797465316951274871826171875" lon="120.3286424092948436737060546875">
        <ele>144.399993896484375</ele>
        <time>2016-06-22T11:40:52.000Z</time>
        <extensions>
          <ns3:TrackPointExtension>
            <ns3:hr>164</ns3:hr>
            <ns3:cad>101</ns3:cad>
          </ns3:TrackPointExtension>
        </extensions>
      </trkpt>
      <trkpt lat="29.14797465316951274871826171875" lon="120.3286424092948436737060546875">
        <ele>144.399993896484375</ele>
        <time>2016-06-22T11:40:53.000Z</time>
        <extensions>
          <ns3:TrackPointExtension>
            <ns3:hr>164</ns3:hr>
            <ns3:cad>101</ns3:cad>
          </ns3:TrackPointExtension>
        </extensions>
      </trkpt>
      <trkpt lat="29.147976748645305633544921875" lon="120.32867484726011753082275390625">
        <ele>144.600006103515625</ele>
        <time>2016-06-22T11:40:54.000Z</time>
        <extensions>
          <ns3:TrackPointExtension>
            <ns3:hr>164</ns3:hr>
            <ns3:cad>101</ns3:cad>
          </ns3:TrackPointExtension>
        </extensions>
      </trkpt>
      <trkpt lat="29.1479852981865406036376953125" lon="120.328706614673137664794921875">
        <ele>144.8000030517578125</ele>
        <time>2016-06-22T11:40:55.000Z</time>
        <extensions>
          <ns3:TrackPointExtension>
            <ns3:hr>164</ns3:hr>
            <ns3:cad>101</ns3:cad>
          </ns3:TrackPointExtension>
        </extensions>
      </trkpt>
      <trkpt lat="29.14799929596483707427978515625" lon="120.328737795352935791015625">
        <ele>144.8000030517578125</ele>
        <time>2016-06-22T11:40:56.000Z</time>
        <extensions>
          <ns3:TrackPointExtension>
            <ns3:hr>164</ns3:hr>
            <ns3:cad>101</ns3:cad>
          </ns3:TrackPointExtension>
        </extensions>
      </trkpt>
      <trkpt lat="29.14802201092243194580078125" lon="120.32879672013223171234130859375">
        <ele>145</ele>
        <time>2016-06-22T11:40:57.000Z</time>
        <extensions>
          <ns3:TrackPointExtension>
            <ns3:hr>164</ns3:hr>
            <ns3:cad>101</ns3:cad>
          </ns3:TrackPointExtension>
        </extensions>
      </trkpt>
      <trkpt lat="29.14802201092243194580078125" lon="120.32879672013223171234130859375">
        <ele>145</ele>
        <time>2016-06-22T11:40:58.000Z</time>
        <extensions>
          <ns3:TrackPointExtension>
            <ns3:hr>164</ns3:hr>
            <ns3:cad>101</ns3:cad>
          </ns3:TrackPointExtension>
        </extensions>
      </trkpt>
      <trkpt lat="29.148038439452648162841796875" lon="120.3288222849369049072265625">
        <ele>145</ele>
        <time>2016-06-22T11:40:59.000Z</time>
        <extensions>
          <ns3:TrackPointExtension>
            <ns3:hr>164</ns3:hr>
            <ns3:cad>101</ns3:cad>
          </ns3:TrackPointExtension>
        </extensions>
      </trkpt>
      <trkpt lat="29.148056209087371826171875" lon="120.32885019667446613311767578125">
        <ele>145</ele>
        <time>2016-06-22T11:41:00.000Z</time>
        <extensions>
          <ns3:TrackPointExtension>
            <ns3:hr>165</ns3:hr>
            <ns3:cad>101</ns3:cad>
          </ns3:TrackPointExtension>
        </extensions>
      </trkpt>
      <trkpt lat="29.14810004644095897674560546875" lon="120.3289027512073516845703125">
        <ele>145</ele>
        <time>2016-06-22T11:41:01.000Z</time>
        <extensions>
          <ns3:TrackPointExtension>
            <ns3:hr>165</ns3:hr>
            <ns3:cad>101</ns3:cad>
          </ns3:TrackPointExtension>
        </extensions>
      </trkpt>
      <trkpt lat="29.14810004644095897674560546875" lon="120.3289027512073516845703125">
        <ele>145</ele>
        <time>2016-06-22T11:41:02.000Z</time>
        <extensions>
          <ns3:TrackPointExtension>
            <ns3:hr>164</ns3:hr>
            <ns3:cad>101</ns3:cad>
          </ns3:TrackPointExtension>
        </extensions>
      </trkpt>
      <trkpt lat="29.148124270141124725341796875" lon="120.328925549983978271484375">
        <ele>145</ele>
        <time>2016-06-22T11:41:03.000Z</time>
        <extensions>
          <ns3:TrackPointExtension>
            <ns3:hr>164</ns3:hr>
            <ns3:cad>101</ns3:cad>
          </ns3:TrackPointExtension>
        </extensions>
      </trkpt>
      <trkpt lat="29.14815008640289306640625" lon="120.328945331275463104248046875">
        <ele>145</ele>
        <time>2016-06-22T11:41:04.000Z</time>
        <extensions>
          <ns3:TrackPointExtension>
            <ns3:hr>164</ns3:hr>
            <ns3:cad>101</ns3:cad>
          </ns3:TrackPointExtension>
        </extensions>
      </trkpt>
      <trkpt lat="29.14820867590606212615966796875" lon="120.32897978089749813079833984375">
        <ele>144.8000030517578125</ele>
        <time>2016-06-22T11:41:05.000Z</time>
        <extensions>
          <ns3:TrackPointExtension>
            <ns3:hr>164</ns3:hr>
            <ns3:cad>101</ns3:cad>
          </ns3:TrackPointExtension>
        </extensions>
      </trkpt>
      <trkpt lat="29.14820867590606212615966796875" lon="120.32897978089749813079833984375">
        <ele>144.8000030517578125</ele>
        <time>2016-06-22T11:41:06.000Z</time>
        <extensions>
          <ns3:TrackPointExtension>
            <ns3:hr>164</ns3:hr>
            <ns3:cad>101</ns3:cad>
          </ns3:TrackPointExtension>
        </extensions>
      </trkpt>
      <trkpt lat="29.14823591709136962890625" lon="120.328995287418365478515625">
        <ele>144.8000030517578125</ele>
        <time>2016-06-22T11:41:07.000Z</time>
        <extensions>
          <ns3:TrackPointExtension>
            <ns3:hr>164</ns3:hr>
            <ns3:cad>101</ns3:cad>
          </ns3:TrackPointExtension>
        </extensions>
      </trkpt>
      <trkpt lat="29.1482640802860260009765625" lon="120.329009033739566802978515625">
        <ele>144.600006103515625</ele>
        <time>2016-06-22T11:41:08.000Z</time>
        <extensions>
          <ns3:TrackPointExtension>
            <ns3:hr>164</ns3:hr>
            <ns3:cad>101</ns3:cad>
          </ns3:TrackPointExtension>
        </extensions>
      </trkpt>
      <trkpt lat="29.14832468144595623016357421875" lon="120.3290273062884807586669921875">
        <ele>144.399993896484375</ele>
        <time>2016-06-22T11:41:09.000Z</time>
        <extensions>
          <ns3:TrackPointExtension>
            <ns3:hr>164</ns3:hr>
            <ns3:cad>101</ns3:cad>
          </ns3:TrackPointExtension>
        </extensions>
      </trkpt>
      <trkpt lat="29.14832468144595623016357421875" lon="120.3290273062884807586669921875">
        <ele>144.399993896484375</ele>
        <time>2016-06-22T11:41:10.000Z</time>
        <extensions>
          <ns3:TrackPointExtension>
            <ns3:hr>164</ns3:hr>
            <ns3:cad>101</ns3:cad>
          </ns3:TrackPointExtension>
        </extensions>
      </trkpt>
      <trkpt lat="29.1483567841351032257080078125" lon="120.3290383704006671905517578125">
        <ele>144.399993896484375</ele>
        <time>2016-06-22T11:41:11.000Z</time>
        <extensions>
          <ns3:TrackPointExtension>
            <ns3:hr>164</ns3:hr>
            <ns3:cad>101</ns3:cad>
          </ns3:TrackPointExtension>
        </extensions>
      </trkpt>
      <trkpt lat="29.14838679134845733642578125" lon="120.32904985360801219940185546875">
        <ele>144.1999969482421875</ele>
        <time>2016-06-22T11:41:12.000Z</time>
        <extensions>
          <ns3:TrackPointExtension>
            <ns3:hr>164</ns3:hr>
            <ns3:cad>101</ns3:cad>
          </ns3:TrackPointExtension>
        </extensions>
      </trkpt>
      <trkpt lat="29.14845258928835391998291015625" lon="120.3290675394237041473388671875">
        <ele>144</ele>
        <time>2016-06-22T11:41:13.000Z</time>
        <extensions>
          <ns3:TrackPointExtension>
            <ns3:hr>164</ns3:hr>
            <ns3:cad>101</ns3:cad>
          </ns3:TrackPointExtension>
        </extensions>
      </trkpt>
      <trkpt lat="29.14845258928835391998291015625" lon="120.3290675394237041473388671875">
        <ele>144</ele>
        <time>2016-06-22T11:41:14.000Z</time>
        <extensions>
          <ns3:TrackPointExtension>
            <ns3:hr>164</ns3:hr>
            <ns3:cad>101</ns3:cad>
          </ns3:TrackPointExtension>
        </extensions>
      </trkpt>
      <trkpt lat="29.1484815068542957305908203125" lon="120.329074077308177947998046875">
        <ele>143.399993896484375</ele>
        <time>2016-06-22T11:41:15.000Z</time>
        <extensions>
          <ns3:TrackPointExtension>
            <ns3:hr>164</ns3:hr>
            <ns3:cad>101</ns3:cad>
          </ns3:TrackPointExtension>
        </extensions>
      </trkpt>
      <trkpt lat="29.1485086642205715179443359375" lon="120.3290786035358905792236328125">
        <ele>143</ele>
        <time>2016-06-22T11:41:16.000Z</time>
        <extensions>
          <ns3:TrackPointExtension>
            <ns3:hr>164</ns3:hr>
            <ns3:cad>101</ns3:cad>
          </ns3:TrackPointExtension>
        </extensions>
      </trkpt>
      <trkpt lat="29.14856440387666225433349609375" lon="120.32909628935158252716064453125">
        <ele>142</ele>
        <time>2016-06-22T11:41:17.000Z</time>
        <extensions>
          <ns3:TrackPointExtension>
            <ns3:hr>164</ns3:hr>
            <ns3:cad>100</ns3:cad>
          </ns3:TrackPointExtension>
        </extensions>
      </trkpt>
      <trkpt lat="29.14856440387666225433349609375" lon="120.32909628935158252716064453125">
        <ele>142</ele>
        <time>2016-06-22T11:41:18.000Z</time>
        <extensions>
          <ns3:TrackPointExtension>
            <ns3:hr>164</ns3:hr>
            <ns3:cad>100</ns3:cad>
          </ns3:TrackPointExtension>
        </extensions>
      </trkpt>
      <trkpt lat="29.14859256707131862640380859375" lon="120.3291084431111812591552734375">
        <ele>141.600006103515625</ele>
        <time>2016-06-22T11:41:19.000Z</time>
        <extensions>
          <ns3:TrackPointExtension>
            <ns3:hr>164</ns3:hr>
            <ns3:cad>100</ns3:cad>
          </ns3:TrackPointExtension>
        </extensions>
      </trkpt>
      <trkpt lat="29.14861704222857952117919921875" lon="120.32911933958530426025390625">
        <ele>141.1999969482421875</ele>
        <time>2016-06-22T11:41:20.000Z</time>
        <extensions>
          <ns3:TrackPointExtension>
            <ns3:hr>165</ns3:hr>
            <ns3:cad>100</ns3:cad>
          </ns3:TrackPointExtension>
        </extensions>
      </trkpt>
      <trkpt lat="29.14866833947598934173583984375" lon="120.329140461981296539306640625">
        <ele>140.1999969482421875</ele>
        <time>2016-06-22T11:41:21.000Z</time>
        <extensions>
          <ns3:TrackPointExtension>
            <ns3:hr>165</ns3:hr>
            <ns3:cad>100</ns3:cad>
          </ns3:TrackPointExtension>
        </extensions>
      </trkpt>
      <trkpt lat="29.14866833947598934173583984375" lon="120.329140461981296539306640625">
        <ele>140.1999969482421875</ele>
        <time>2016-06-22T11:41:22.000Z</time>
        <extensions>
          <ns3:TrackPointExtension>
            <ns3:hr>165</ns3:hr>
            <ns3:cad>100</ns3:cad>
          </ns3:TrackPointExtension>
        </extensions>
      </trkpt>
      <trkpt lat="29.14869482629001140594482421875" lon="120.32915152609348297119140625">
        <ele>139.8000030517578125</ele>
        <time>2016-06-22T11:41:23.000Z</time>
        <extensions>
          <ns3:TrackPointExtension>
            <ns3:hr>165</ns3:hr>
            <ns3:cad>100</ns3:cad>
          </ns3:TrackPointExtension>
        </extensions>
      </trkpt>
      <trkpt lat="29.14871997199952602386474609375" lon="120.32916200347244739532470703125">
        <ele>139.399993896484375</ele>
        <time>2016-06-22T11:41:24.000Z</time>
        <extensions>
          <ns3:TrackPointExtension>
            <ns3:hr>164</ns3:hr>
            <ns3:cad>100</ns3:cad>
          </ns3:TrackPointExtension>
        </extensions>
      </trkpt>
      <trkpt lat="29.1487457044422626495361328125" lon="120.32917206175625324249267578125">
        <ele>139.1999969482421875</ele>
        <time>2016-06-22T11:41:25.000Z</time>
        <extensions>
          <ns3:TrackPointExtension>
            <ns3:hr>165</ns3:hr>
            <ns3:cad>100</ns3:cad>
          </ns3:TrackPointExtension>
        </extensions>
      </trkpt>
      <trkpt lat="29.14877328090369701385498046875" lon="120.32918279059231281280517578125">
        <ele>139</ele>
        <time>2016-06-22T11:41:26.000Z</time>
        <extensions>
          <ns3:TrackPointExtension>
            <ns3:hr>165</ns3:hr>
            <ns3:cad>99</ns3:cad>
          </ns3:TrackPointExtension>
        </extensions>
      </trkpt>
      <trkpt lat="29.148829691112041473388671875" lon="120.32920223660767078399658203125">
        <ele>138.8000030517578125</ele>
        <time>2016-06-22T11:41:27.000Z</time>
        <extensions>
          <ns3:TrackPointExtension>
            <ns3:hr>165</ns3:hr>
            <ns3:cad>100</ns3:cad>
          </ns3:TrackPointExtension>
        </extensions>
      </trkpt>
      <trkpt lat="29.148829691112041473388671875" lon="120.32920223660767078399658203125">
        <ele>138.8000030517578125</ele>
        <time>2016-06-22T11:41:28.000Z</time>
        <extensions>
          <ns3:TrackPointExtension>
            <ns3:hr>165</ns3:hr>
            <ns3:cad>100</ns3:cad>
          </ns3:TrackPointExtension>
        </extensions>
      </trkpt>
      <trkpt lat="29.1488550044596195220947265625" lon="120.32921229489147663116455078125">
        <ele>138.600006103515625</ele>
        <time>2016-06-22T11:41:29.000Z</time>
        <extensions>
          <ns3:TrackPointExtension>
            <ns3:hr>166</ns3:hr>
            <ns3:cad>100</ns3:cad>
          </ns3:TrackPointExtension>
        </extensions>
      </trkpt>
      <trkpt lat="29.1488809883594512939453125" lon="120.3292227722704410552978515625">
        <ele>138.399993896484375</ele>
        <time>2016-06-22T11:41:30.000Z</time>
        <extensions>
          <ns3:TrackPointExtension>
            <ns3:hr>166</ns3:hr>
            <ns3:cad>100</ns3:cad>
          </ns3:TrackPointExtension>
        </extensions>
      </trkpt>
      <trkpt lat="29.14893706329166889190673828125" lon="120.32924431376159191131591796875">
        <ele>138.1999969482421875</ele>
        <time>2016-06-22T11:41:31.000Z</time>
        <extensions>
          <ns3:TrackPointExtension>
            <ns3:hr>166</ns3:hr>
            <ns3:cad>100</ns3:cad>
          </ns3:TrackPointExtension>
        </extensions>
      </trkpt>
      <trkpt lat="29.14893706329166889190673828125" lon="120.32924431376159191131591796875">
        <ele>138.1999969482421875</ele>
        <time>2016-06-22T11:41:32.000Z</time>
        <extensions>
          <ns3:TrackPointExtension>
            <ns3:hr>166</ns3:hr>
            <ns3:cad>101</ns3:cad>
          </ns3:TrackPointExtension>
        </extensions>
      </trkpt>
      <trkpt lat="29.148965142667293548583984375" lon="120.32925546169281005859375">
        <ele>138</ele>
        <time>2016-06-22T11:41:33.000Z</time>
        <extensions>
          <ns3:TrackPointExtension>
            <ns3:hr>165</ns3:hr>
            <ns3:cad>101</ns3:cad>
          </ns3:TrackPointExtension>
        </extensions>
      </trkpt>
      <trkpt lat="29.1489938087761402130126953125" lon="120.32926308922469615936279296875">
        <ele>137.8000030517578125</ele>
        <time>2016-06-22T11:41:34.000Z</time>
        <extensions>
          <ns3:TrackPointExtension>
            <ns3:hr>165</ns3:hr>
            <ns3:cad>101</ns3:cad>
          </ns3:TrackPointExtension>
        </extensions>
      </trkpt>
      <trkpt lat="29.14905273355543613433837890625" lon="120.32927465625107288360595703125">
        <ele>138.1999969482421875</ele>
        <time>2016-06-22T11:41:35.000Z</time>
        <extensions>
          <ns3:TrackPointExtension>
            <ns3:hr>164</ns3:hr>
            <ns3:cad>101</ns3:cad>
          </ns3:TrackPointExtension>
        </extensions>
      </trkpt>
      <trkpt lat="29.14905273355543613433837890625" lon="120.32927465625107288360595703125">
        <ele>138.1999969482421875</ele>
        <time>2016-06-22T11:41:36.000Z</time>
        <extensions>
          <ns3:TrackPointExtension>
            <ns3:hr>164</ns3:hr>
            <ns3:cad>101</ns3:cad>
          </ns3:TrackPointExtension>
        </extensions>
      </trkpt>
      <trkpt lat="29.1490821540355682373046875" lon="120.32927515916526317596435546875">
        <ele>138.399993896484375</ele>
        <time>2016-06-22T11:41:37.000Z</time>
        <extensions>
          <ns3:TrackPointExtension>
            <ns3:hr>165</ns3:hr>
            <ns3:cad>101</ns3:cad>
          </ns3:TrackPointExtension>
        </extensions>
      </trkpt>
      <trkpt lat="29.149113334715366363525390625" lon="120.3292754106223583221435546875">
        <ele>138.600006103515625</ele>
        <time>2016-06-22T11:41:38.000Z</time>
        <extensions>
          <ns3:TrackPointExtension>
            <ns3:hr>164</ns3:hr>
            <ns3:cad>101</ns3:cad>
          </ns3:TrackPointExtension>
        </extensions>
      </trkpt>
      <trkpt lat="29.1491456888616085052490234375" lon="120.32927264459431171417236328125">
        <ele>138.8000030517578125</ele>
        <time>2016-06-22T11:41:39.000Z</time>
        <extensions>
          <ns3:TrackPointExtension>
            <ns3:hr>164</ns3:hr>
            <ns3:cad>100</ns3:cad>
          </ns3:TrackPointExtension>
        </extensions>
      </trkpt>
      <trkpt lat="29.14920629002153873443603515625" lon="120.32926158048212528228759765625">
        <ele>139.1999969482421875</ele>
        <time>2016-06-22T11:41:40.000Z</time>
        <extensions>
          <ns3:TrackPointExtension>
            <ns3:hr>165</ns3:hr>
            <ns3:cad>100</ns3:cad>
          </ns3:TrackPointExtension>
        </extensions>
      </trkpt>
      <trkpt lat="29.14920629002153873443603515625" lon="120.32926158048212528228759765625">
        <ele>139.1999969482421875</ele>
        <time>2016-06-22T11:41:41.000Z</time>
        <extensions>
          <ns3:TrackPointExtension>
            <ns3:hr>165</ns3:hr>
            <ns3:cad>100</ns3:cad>
          </ns3:TrackPointExtension>
        </extensions>
      </trkpt>
      <trkpt lat="29.14923327974975109100341796875" lon="120.32925303094089031219482421875">
        <ele>139.600006103515625</ele>
        <time>2016-06-22T11:41:42.000Z</time>
        <extensions>
          <ns3:TrackPointExtension>
            <ns3:hr>164</ns3:hr>
            <ns3:cad>99</ns3:cad>
          </ns3:TrackPointExtension>
        </extensions>
      </trkpt>
      <trkpt lat="29.149257503449916839599609375" lon="120.32924179919064044952392578125">
        <ele>139.8000030517578125</ele>
        <time>2016-06-22T11:41:43.000Z</time>
        <extensions>
          <ns3:TrackPointExtension>
            <ns3:hr>165</ns3:hr>
            <ns3:cad>99</ns3:cad>
          </ns3:TrackPointExtension>
        </extensions>
      </trkpt>
      <trkpt lat="29.14928474463522434234619140625" lon="120.32923056744039058685302734375">
        <ele>140</ele>
        <time>2016-06-22T11:41:44.000Z</time>
        <extensions>
          <ns3:TrackPointExtension>
            <ns3:hr>164</ns3:hr>
            <ns3:cad>100</ns3:cad>
          </ns3:TrackPointExtension>
        </extensions>
      </trkpt>
      <trkpt lat="29.14930989034473896026611328125" lon="120.32921765930950641632080078125">
        <ele>140.1999969482421875</ele>
        <time>2016-06-22T11:41:45.000Z</time>
        <extensions>
          <ns3:TrackPointExtension>
            <ns3:hr>164</ns3:hr>
            <ns3:cad>100</ns3:cad>
          </ns3:TrackPointExtension>
        </extensions>
      </trkpt>
      <trkpt lat="29.149358086287975311279296875" lon="120.3291825391352176666259765625">
        <ele>140.1999969482421875</ele>
        <time>2016-06-22T11:41:46.000Z</time>
        <extensions>
          <ns3:TrackPointExtension>
            <ns3:hr>165</ns3:hr>
            <ns3:cad>100</ns3:cad>
          </ns3:TrackPointExtension>
        </extensions>
      </trkpt>
      <trkpt lat="29.149358086287975311279296875" lon="120.3291825391352176666259765625">
        <ele>140.1999969482421875</ele>
        <time>2016-06-22T11:41:47.000Z</time>
        <extensions>
          <ns3:TrackPointExtension>
            <ns3:hr>165</ns3:hr>
            <ns3:cad>100</ns3:cad>
          </ns3:TrackPointExtension>
        </extensions>
      </trkpt>
      <trkpt lat="29.1494028456509113311767578125" lon="120.32914658077061176300048828125">
        <ele>140.600006103515625</ele>
        <time>2016-06-22T11:41:48.000Z</time>
        <extensions>
          <ns3:TrackPointExtension>
            <ns3:hr>165</ns3:hr>
            <ns3:cad>100</ns3:cad>
          </ns3:TrackPointExtension>
        </extensions>
      </trkpt>
      <trkpt lat="29.1494028456509113311767578125" lon="120.32914658077061176300048828125">
        <ele>140.600006103515625</ele>
        <time>2016-06-22T11:41:49.000Z</time>
        <extensions>
          <ns3:TrackPointExtension>
            <ns3:hr>165</ns3:hr>
            <ns3:cad>100</ns3:cad>
          </ns3:TrackPointExtension>
        </extensions>
      </trkpt>
      <trkpt lat="29.14942639879882335662841796875" lon="120.32912596128880977630615234375">
        <ele>140.8000030517578125</ele>
        <time>2016-06-22T11:41:50.000Z</time>
        <extensions>
          <ns3:TrackPointExtension>
            <ns3:hr>165</ns3:hr>
            <ns3:cad>101</ns3:cad>
          </ns3:TrackPointExtension>
        </extensions>
      </trkpt>
      <trkpt lat="29.1494491137564182281494140625" lon="120.329100228846073150634765625">
        <ele>141</ele>
        <time>2016-06-22T11:41:51.000Z</time>
        <extensions>
          <ns3:TrackPointExtension>
            <ns3:hr>164</ns3:hr>
            <ns3:cad>101</ns3:cad>
          </ns3:TrackPointExtension>
        </extensions>
      </trkpt>
      <trkpt lat="29.1494818031787872314453125" lon="120.32904448918998241424560546875">
        <ele>141.600006103515625</ele>
        <time>2016-06-22T11:41:52.000Z</time>
        <extensions>
          <ns3:TrackPointExtension>
            <ns3:hr>165</ns3:hr>
            <ns3:cad>101</ns3:cad>
          </ns3:TrackPointExtension>
        </extensions>
      </trkpt>
      <trkpt lat="29.1494818031787872314453125" lon="120.32904448918998241424560546875">
        <ele>141.600006103515625</ele>
        <time>2016-06-22T11:41:53.000Z</time>
        <extensions>
          <ns3:TrackPointExtension>
            <ns3:hr>165</ns3:hr>
            <ns3:cad>101</ns3:cad>
          </ns3:TrackPointExtension>
        </extensions>
      </trkpt>
      <trkpt lat="29.149496890604496002197265625" lon="120.32901582308113574981689453125">
        <ele>141.8000030517578125</ele>
        <time>2016-06-22T11:41:54.000Z</time>
        <extensions>
          <ns3:TrackPointExtension>
            <ns3:hr>165</ns3:hr>
            <ns3:cad>101</ns3:cad>
          </ns3:TrackPointExtension>
        </extensions>
      </trkpt>
      <trkpt lat="29.14951021783053874969482421875" lon="120.32898724079132080078125">
        <ele>142</ele>
        <time>2016-06-22T11:41:55.000Z</time>
        <extensions>
          <ns3:TrackPointExtension>
            <ns3:hr>166</ns3:hr>
            <ns3:cad>101</ns3:cad>
          </ns3:TrackPointExtension>
        </extensions>
      </trkpt>
      <trkpt lat="29.1495315916836261749267578125" lon="120.328927896916866302490234375">
        <ele>142.1999969482421875</ele>
        <time>2016-06-22T11:41:56.000Z</time>
        <extensions>
          <ns3:TrackPointExtension>
            <ns3:hr>165</ns3:hr>
            <ns3:cad>101</ns3:cad>
          </ns3:TrackPointExtension>
        </extensions>
      </trkpt>
      <trkpt lat="29.1495315916836261749267578125" lon="120.328927896916866302490234375">
        <ele>142.1999969482421875</ele>
        <time>2016-06-22T11:41:57.000Z</time>
        <extensions>
          <ns3:TrackPointExtension>
            <ns3:hr>165</ns3:hr>
            <ns3:cad>101</ns3:cad>
          </ns3:TrackPointExtension>
        </extensions>
      </trkpt>
      <trkpt lat="29.14953921921551227569580078125" lon="120.328899063169956207275390625">
        <ele>142.399993896484375</ele>
        <time>2016-06-22T11:41:58.000Z</time>
        <extensions>
          <ns3:TrackPointExtension>
            <ns3:hr>166</ns3:hr>
            <ns3:cad>101</ns3:cad>
          </ns3:TrackPointExtension>
        </extensions>
      </trkpt>
      <trkpt lat="29.1495439969003200531005859375" lon="120.3288680501282215118408203125">
        <ele>142.600006103515625</ele>
        <time>2016-06-22T11:41:59.000Z</time>
        <extensions>
          <ns3:TrackPointExtension>
            <ns3:hr>166</ns3:hr>
            <ns3:cad>101</ns3:cad>
          </ns3:TrackPointExtension>
        </extensions>
      </trkpt>
      <trkpt lat="29.14954760111868381500244140625" lon="120.32883678562939167022705078125">
        <ele>142.8000030517578125</ele>
        <time>2016-06-22T11:42:00.000Z</time>
        <extensions>
          <ns3:TrackPointExtension>
            <ns3:hr>166</ns3:hr>
            <ns3:cad>101</ns3:cad>
          </ns3:TrackPointExtension>
        </extensions>
      </trkpt>
      <trkpt lat="29.149547517299652099609375" lon="120.3287714906036853790283203125">
        <ele>143</ele>
        <time>2016-06-22T11:42:01.000Z</time>
        <extensions>
          <ns3:TrackPointExtension>
            <ns3:hr>166</ns3:hr>
            <ns3:cad>101</ns3:cad>
          </ns3:TrackPointExtension>
        </extensions>
      </trkpt>
      <trkpt lat="29.149547517299652099609375" lon="120.3287714906036853790283203125">
        <ele>143</ele>
        <time>2016-06-22T11:42:02.000Z</time>
        <extensions>
          <ns3:TrackPointExtension>
            <ns3:hr>166</ns3:hr>
            <ns3:cad>101</ns3:cad>
          </ns3:TrackPointExtension>
        </extensions>
      </trkpt>
      <trkpt lat="29.149543829262256622314453125" lon="120.32873938791453838348388671875">
        <ele>143.1999969482421875</ele>
        <time>2016-06-22T11:42:03.000Z</time>
        <extensions>
          <ns3:TrackPointExtension>
            <ns3:hr>166</ns3:hr>
            <ns3:cad>101</ns3:cad>
          </ns3:TrackPointExtension>
        </extensions>
      </trkpt>
      <trkpt lat="29.14953754283487796783447265625" lon="120.32870736904442310333251953125">
        <ele>143.600006103515625</ele>
        <time>2016-06-22T11:42:04.000Z</time>
        <extensions>
          <ns3:TrackPointExtension>
            <ns3:hr>166</ns3:hr>
            <ns3:cad>101</ns3:cad>
          </ns3:TrackPointExtension>
        </extensions>
      </trkpt>
      <trkpt lat="29.14952698163688182830810546875" lon="120.3286747634410858154296875">
        <ele>143.8000030517578125</ele>
        <time>2016-06-22T11:42:05.000Z</time>
        <extensions>
          <ns3:TrackPointExtension>
            <ns3:hr>165</ns3:hr>
            <ns3:cad>101</ns3:cad>
          </ns3:TrackPointExtension>
        </extensions>
      </trkpt>
      <trkpt lat="29.14951407350599765777587890625" lon="120.32864232547581195831298828125">
        <ele>143.8000030517578125</ele>
        <time>2016-06-22T11:42:06.000Z</time>
        <extensions>
          <ns3:TrackPointExtension>
            <ns3:hr>165</ns3:hr>
            <ns3:cad>101</ns3:cad>
          </ns3:TrackPointExtension>
        </extensions>
      </trkpt>
      <trkpt lat="29.14947853423655033111572265625" lon="120.32858482562005519866943359375">
        <ele>144</ele>
        <time>2016-06-22T11:42:07.000Z</time>
        <extensions>
          <ns3:TrackPointExtension>
            <ns3:hr>166</ns3:hr>
            <ns3:cad>101</ns3:cad>
          </ns3:TrackPointExtension>
        </extensions>
      </trkpt>
      <trkpt lat="29.14947853423655033111572265625" lon="120.32858482562005519866943359375">
        <ele>144</ele>
        <time>2016-06-22T11:42:08.000Z</time>
        <extensions>
          <ns3:TrackPointExtension>
            <ns3:hr>166</ns3:hr>
            <ns3:cad>101</ns3:cad>
          </ns3:TrackPointExtension>
        </extensions>
      </trkpt>
      <trkpt lat="29.14945892058312892913818359375" lon="120.328555740416049957275390625">
        <ele>144</ele>
        <time>2016-06-22T11:42:09.000Z</time>
        <extensions>
          <ns3:TrackPointExtension>
            <ns3:hr>166</ns3:hr>
            <ns3:cad>101</ns3:cad>
          </ns3:TrackPointExtension>
        </extensions>
      </trkpt>
      <trkpt lat="29.14941298775374889373779296875" lon="120.32850368879735469818115234375">
        <ele>144</ele>
        <time>2016-06-22T11:42:10.000Z</time>
        <extensions>
          <ns3:TrackPointExtension>
            <ns3:hr>166</ns3:hr>
            <ns3:cad>101</ns3:cad>
          </ns3:TrackPointExtension>
        </extensions>
      </trkpt>
      <trkpt lat="29.14941298775374889373779296875" lon="120.32850368879735469818115234375">
        <ele>144</ele>
        <time>2016-06-22T11:42:11.000Z</time>
        <extensions>
          <ns3:TrackPointExtension>
            <ns3:hr>166</ns3:hr>
            <ns3:cad>101</ns3:cad>
          </ns3:TrackPointExtension>
        </extensions>
      </trkpt>
      <trkpt lat="29.1493892669677734375" lon="120.32847854308784008026123046875">
        <ele>143.8000030517578125</ele>
        <time>2016-06-22T11:42:12.000Z</time>
        <extensions>
          <ns3:TrackPointExtension>
            <ns3:hr>166</ns3:hr>
            <ns3:cad>100</ns3:cad>
          </ns3:TrackPointExtension>
        </extensions>
      </trkpt>
      <trkpt lat="29.14933503605425357818603515625" lon="120.32843512482941150665283203125">
        <ele>143.600006103515625</ele>
        <time>2016-06-22T11:42:13.000Z</time>
        <extensions>
          <ns3:TrackPointExtension>
            <ns3:hr>166</ns3:hr>
            <ns3:cad>101</ns3:cad>
          </ns3:TrackPointExtension>
        </extensions>
      </trkpt>
      <trkpt lat="29.14933503605425357818603515625" lon="120.32843512482941150665283203125">
        <ele>143.600006103515625</ele>
        <time>2016-06-22T11:42:14.000Z</time>
        <extensions>
          <ns3:TrackPointExtension>
            <ns3:hr>166</ns3:hr>
            <ns3:cad>101</ns3:cad>
          </ns3:TrackPointExtension>
        </extensions>
      </trkpt>
      <trkpt lat="29.14931081235408782958984375" lon="120.3284184448421001434326171875">
        <ele>143.399993896484375</ele>
        <time>2016-06-22T11:42:15.000Z</time>
        <extensions>
          <ns3:TrackPointExtension>
            <ns3:hr>166</ns3:hr>
            <ns3:cad>101</ns3:cad>
          </ns3:TrackPointExtension>
        </extensions>
      </trkpt>
      <trkpt lat="29.14928399026393890380859375" lon="120.3284023515880107879638671875">
        <ele>143.1999969482421875</ele>
        <time>2016-06-22T11:42:16.000Z</time>
        <extensions>
          <ns3:TrackPointExtension>
            <ns3:hr>165</ns3:hr>
            <ns3:cad>101</ns3:cad>
          </ns3:TrackPointExtension>
        </extensions>
      </trkpt>
      <trkpt lat="29.1492221318185329437255859375" lon="120.32837058417499065399169921875">
        <ele>143</ele>
        <time>2016-06-22T11:42:17.000Z</time>
        <extensions>
          <ns3:TrackPointExtension>
            <ns3:hr>165</ns3:hr>
            <ns3:cad>101</ns3:cad>
          </ns3:TrackPointExtension>
        </extensions>
      </trkpt>
      <trkpt lat="29.1492221318185329437255859375" lon="120.32837058417499065399169921875">
        <ele>143</ele>
        <time>2016-06-22T11:42:18.000Z</time>
        <extensions>
          <ns3:TrackPointExtension>
            <ns3:hr>165</ns3:hr>
            <ns3:cad>101</ns3:cad>
          </ns3:TrackPointExtension>
        </extensions>
      </trkpt>
      <trkpt lat="29.149193130433559417724609375" lon="120.32835817895829677581787109375">
        <ele>143</ele>
        <time>2016-06-22T11:42:19.000Z</time>
        <extensions>
          <ns3:TrackPointExtension>
            <ns3:hr>165</ns3:hr>
            <ns3:cad>101</ns3:cad>
          </ns3:TrackPointExtension>
        </extensions>
      </trkpt>
      <trkpt lat="29.14916538633406162261962890625" lon="120.32834661193192005157470703125">
        <ele>142.8000030517578125</ele>
        <time>2016-06-22T11:42:20.000Z</time>
        <extensions>
          <ns3:TrackPointExtension>
            <ns3:hr>165</ns3:hr>
            <ns3:cad>101</ns3:cad>
          </ns3:TrackPointExtension>
        </extensions>
      </trkpt>
      <trkpt lat="29.1491376422345638275146484375" lon="120.328335464000701904296875">
        <ele>142.8000030517578125</ele>
        <time>2016-06-22T11:42:21.000Z</time>
        <extensions>
          <ns3:TrackPointExtension>
            <ns3:hr>164</ns3:hr>
            <ns3:cad>102</ns3:cad>
          </ns3:TrackPointExtension>
        </extensions>
      </trkpt>
      <trkpt lat="29.14910956285893917083740234375" lon="120.328323729336261749267578125">
        <ele>142.8000030517578125</ele>
        <time>2016-06-22T11:42:22.000Z</time>
        <extensions>
          <ns3:TrackPointExtension>
            <ns3:hr>164</ns3:hr>
            <ns3:cad>102</ns3:cad>
          </ns3:TrackPointExtension>
        </extensions>
      </trkpt>
      <trkpt lat="29.1490491293370723724365234375" lon="120.32830134965479373931884765625">
        <ele>142.399993896484375</ele>
        <time>2016-06-22T11:42:23.000Z</time>
        <extensions>
          <ns3:TrackPointExtension>
            <ns3:hr>164</ns3:hr>
            <ns3:cad>101</ns3:cad>
          </ns3:TrackPointExtension>
        </extensions>
      </trkpt>
      <trkpt lat="29.1490491293370723724365234375" lon="120.32830134965479373931884765625">
        <ele>142.399993896484375</ele>
        <time>2016-06-22T11:42:24.000Z</time>
        <extensions>
          <ns3:TrackPointExtension>
            <ns3:hr>164</ns3:hr>
            <ns3:cad>101</ns3:cad>
          </ns3:TrackPointExtension>
        </extensions>
      </trkpt>
      <trkpt lat="29.14902289398014545440673828125" lon="120.32828860916197299957275390625">
        <ele>142.399993896484375</ele>
        <time>2016-06-22T11:42:25.000Z</time>
        <extensions>
          <ns3:TrackPointExtension>
            <ns3:hr>164</ns3:hr>
            <ns3:cad>101</ns3:cad>
          </ns3:TrackPointExtension>
        </extensions>
      </trkpt>
      <trkpt lat="29.14899573661386966705322265625" lon="120.32827301882207393646240234375">
        <ele>142.399993896484375</ele>
        <time>2016-06-22T11:42:26.000Z</time>
        <extensions>
          <ns3:TrackPointExtension>
            <ns3:hr>164</ns3:hr>
            <ns3:cad>101</ns3:cad>
          </ns3:TrackPointExtension>
        </extensions>
      </trkpt>
      <trkpt lat="29.14896589703857898712158203125" lon="120.328256003558635711669921875">
        <ele>142.399993896484375</ele>
        <time>2016-06-22T11:42:27.000Z</time>
        <extensions>
          <ns3:TrackPointExtension>
            <ns3:hr>164</ns3:hr>
            <ns3:cad>101</ns3:cad>
          </ns3:TrackPointExtension>
        </extensions>
      </trkpt>
      <trkpt lat="29.1489391587674617767333984375" lon="120.32824384979903697967529296875">
        <ele>142.600006103515625</ele>
        <time>2016-06-22T11:42:28.000Z</time>
        <extensions>
          <ns3:TrackPointExtension>
            <ns3:hr>164</ns3:hr>
            <ns3:cad>101</ns3:cad>
          </ns3:TrackPointExtension>
        </extensions>
      </trkpt>
      <trkpt lat="29.1488845087587833404541015625" lon="120.3282243199646472930908203125">
        <ele>142.600006103515625</ele>
        <time>2016-06-22T11:42:29.000Z</time>
        <extensions>
          <ns3:TrackPointExtension>
            <ns3:hr>164</ns3:hr>
            <ns3:cad>101</ns3:cad>
          </ns3:TrackPointExtension>
        </extensions>
      </trkpt>
      <trkpt lat="29.1488845087587833404541015625" lon="120.3282243199646472930908203125">
        <ele>142.600006103515625</ele>
        <time>2016-06-22T11:42:30.000Z</time>
        <extensions>
          <ns3:TrackPointExtension>
            <ns3:hr>164</ns3:hr>
            <ns3:cad>101</ns3:cad>
          </ns3:TrackPointExtension>
        </extensions>
      </trkpt>
      <trkpt lat="29.1488573513925075531005859375" lon="120.3282122500240802764892578125">
        <ele>142.600006103515625</ele>
        <time>2016-06-22T11:42:31.000Z</time>
        <extensions>
          <ns3:TrackPointExtension>
            <ns3:hr>164</ns3:hr>
            <ns3:cad>101</ns3:cad>
          </ns3:TrackPointExtension>
        </extensions>
      </trkpt>
      <trkpt lat="29.1488301940262317657470703125" lon="120.3282052092254161834716796875">
        <ele>142.399993896484375</ele>
        <time>2016-06-22T11:42:32.000Z</time>
        <extensions>
          <ns3:TrackPointExtension>
            <ns3:hr>164</ns3:hr>
            <ns3:cad>100</ns3:cad>
          </ns3:TrackPointExtension>
        </extensions>
      </trkpt>
      <trkpt lat="29.14877780713140964508056640625" lon="120.328182913362979888916015625">
        <ele>142.399993896484375</ele>
        <time>2016-06-22T11:42:33.000Z</time>
        <extensions>
          <ns3:TrackPointExtension>
            <ns3:hr>164</ns3:hr>
            <ns3:cad>100</ns3:cad>
          </ns3:TrackPointExtension>
        </extensions>
      </trkpt>
      <trkpt lat="29.14877780713140964508056640625" lon="120.328182913362979888916015625">
        <ele>142.399993896484375</ele>
        <time>2016-06-22T11:42:34.000Z</time>
        <extensions>
          <ns3:TrackPointExtension>
            <ns3:hr>164</ns3:hr>
            <ns3:cad>100</ns3:cad>
          </ns3:TrackPointExtension>
        </extensions>
      </trkpt>
      <trkpt lat="29.148753248155117034912109375" lon="120.3281713463366031646728515625">
        <ele>142.399993896484375</ele>
        <time>2016-06-22T11:42:35.000Z</time>
        <extensions>
          <ns3:TrackPointExtension>
            <ns3:hr>165</ns3:hr>
            <ns3:cad>100</ns3:cad>
          </ns3:TrackPointExtension>
        </extensions>
      </trkpt>
      <trkpt lat="29.1487269289791584014892578125" lon="120.32816044986248016357421875">
        <ele>142.1999969482421875</ele>
        <time>2016-06-22T11:42:36.000Z</time>
        <extensions>
          <ns3:TrackPointExtension>
            <ns3:hr>165</ns3:hr>
            <ns3:cad>100</ns3:cad>
          </ns3:TrackPointExtension>
        </extensions>
      </trkpt>
      <trkpt lat="29.1486726142466068267822265625" lon="120.3281475417315959930419921875">
        <ele>142.1999969482421875</ele>
        <time>2016-06-22T11:42:37.000Z</time>
        <extensions>
          <ns3:TrackPointExtension>
            <ns3:hr>165</ns3:hr>
            <ns3:cad>100</ns3:cad>
          </ns3:TrackPointExtension>
        </extensions>
      </trkpt>
      <trkpt lat="29.1486726142466068267822265625" lon="120.3281475417315959930419921875">
        <ele>142.1999969482421875</ele>
        <time>2016-06-22T11:42:38.000Z</time>
        <extensions>
          <ns3:TrackPointExtension>
            <ns3:hr>165</ns3:hr>
            <ns3:cad>100</ns3:cad>
          </ns3:TrackPointExtension>
        </extensions>
      </trkpt>
      <trkpt lat="29.148647971451282501220703125" lon="120.32813974656164646148681640625">
        <ele>142.399993896484375</ele>
        <time>2016-06-22T11:42:39.000Z</time>
        <extensions>
          <ns3:TrackPointExtension>
            <ns3:hr>165</ns3:hr>
            <ns3:cad>99</ns3:cad>
          </ns3:TrackPointExtension>
        </extensions>
      </trkpt>
      <trkpt lat="29.148621819913387298583984375" lon="120.32813773490488529205322265625">
        <ele>142.399993896484375</ele>
        <time>2016-06-22T11:42:40.000Z</time>
        <extensions>
          <ns3:TrackPointExtension>
            <ns3:hr>164</ns3:hr>
            <ns3:cad>99</ns3:cad>
          </ns3:TrackPointExtension>
        </extensions>
      </trkpt>
      <trkpt lat="29.14859466254711151123046875" lon="120.3281351365149021148681640625">
        <ele>142.399993896484375</ele>
        <time>2016-06-22T11:42:41.000Z</time>
        <extensions>
          <ns3:TrackPointExtension>
            <ns3:hr>163</ns3:hr>
            <ns3:cad>99</ns3:cad>
          </ns3:TrackPointExtension>
        </extensions>
      </trkpt>
      <trkpt lat="29.1485374979674816131591796875" lon="120.32811753451824188232421875">
        <ele>142.399993896484375</ele>
        <time>2016-06-22T11:42:42.000Z</time>
        <extensions>
          <ns3:TrackPointExtension>
            <ns3:hr>164</ns3:hr>
            <ns3:cad>99</ns3:cad>
          </ns3:TrackPointExtension>
        </extensions>
      </trkpt>
      <trkpt lat="29.1485374979674816131591796875" lon="120.32811753451824188232421875">
        <ele>142.399993896484375</ele>
        <time>2016-06-22T11:42:43.000Z</time>
        <extensions>
          <ns3:TrackPointExtension>
            <ns3:hr>164</ns3:hr>
            <ns3:cad>99</ns3:cad>
          </ns3:TrackPointExtension>
        </extensions>
      </trkpt>
      <trkpt lat="29.14850941859185695648193359375" lon="120.32810756005346775054931640625">
        <ele>142.399993896484375</ele>
        <time>2016-06-22T11:42:44.000Z</time>
        <extensions>
          <ns3:TrackPointExtension>
            <ns3:hr>164</ns3:hr>
            <ns3:cad>99</ns3:cad>
          </ns3:TrackPointExtension>
        </extensions>
      </trkpt>
      <trkpt lat="29.14848125539720058441162109375" lon="120.3280989266932010650634765625">
        <ele>142.399993896484375</ele>
        <time>2016-06-22T11:42:45.000Z</time>
        <extensions>
          <ns3:TrackPointExtension>
            <ns3:hr>164</ns3:hr>
            <ns3:cad>99</ns3:cad>
          </ns3:TrackPointExtension>
        </extensions>
      </trkpt>
      <trkpt lat="29.14842291735112667083740234375" lon="120.3280861862003803253173828125">
        <ele>142.600006103515625</ele>
        <time>2016-06-22T11:42:46.000Z</time>
        <extensions>
          <ns3:TrackPointExtension>
            <ns3:hr>165</ns3:hr>
            <ns3:cad>100</ns3:cad>
          </ns3:TrackPointExtension>
        </extensions>
      </trkpt>
      <trkpt lat="29.14839659817516803741455078125" lon="120.32807570882141590118408203125">
        <ele>142.600006103515625</ele>
        <time>2016-06-22T11:42:47.000Z</time>
        <extensions>
          <ns3:TrackPointExtension>
            <ns3:hr>165</ns3:hr>
            <ns3:cad>100</ns3:cad>
          </ns3:TrackPointExtension>
        </extensions>
      </trkpt>
      <trkpt lat="29.14839659817516803741455078125" lon="120.32807570882141590118408203125">
        <ele>142.600006103515625</ele>
        <time>2016-06-22T11:42:48.000Z</time>
        <extensions>
          <ns3:TrackPointExtension>
            <ns3:hr>165</ns3:hr>
            <ns3:cad>100</ns3:cad>
          </ns3:TrackPointExtension>
        </extensions>
      </trkpt>
      <trkpt lat="29.14837329648435115814208984375" lon="120.32806682400405406951904296875">
        <ele>142.600006103515625</ele>
        <time>2016-06-22T11:42:49.000Z</time>
        <extensions>
          <ns3:TrackPointExtension>
            <ns3:hr>165</ns3:hr>
            <ns3:cad>100</ns3:cad>
          </ns3:TrackPointExtension>
        </extensions>
      </trkpt>
      <trkpt lat="29.1483527608215808868408203125" lon="120.32806397415697574615478515625">
        <ele>142.600006103515625</ele>
        <time>2016-06-22T11:42:50.000Z</time>
        <extensions>
          <ns3:TrackPointExtension>
            <ns3:hr>166</ns3:hr>
            <ns3:cad>100</ns3:cad>
          </ns3:TrackPointExtension>
        </extensions>
      </trkpt>
      <trkpt lat="29.148333482444286346435546875" lon="120.32806791365146636962890625">
        <ele>142.600006103515625</ele>
        <time>2016-06-22T11:42:51.000Z</time>
        <extensions>
          <ns3:TrackPointExtension>
            <ns3:hr>169</ns3:hr>
            <ns3:cad>99</ns3:cad>
          </ns3:TrackPointExtension>
        </extensions>
      </trkpt>
      <trkpt lat="29.148313365876674652099609375" lon="120.3280788101255893707275390625">
        <ele>142.600006103515625</ele>
        <time>2016-06-22T11:42:52.000Z</time>
        <extensions>
          <ns3:TrackPointExtension>
            <ns3:hr>167</ns3:hr>
            <ns3:cad>97</ns3:cad>
          </ns3:TrackPointExtension>
        </extensions>
      </trkpt>
      <trkpt lat="29.14826366119086742401123046875" lon="120.328107811510562896728515625">
        <ele>142.600006103515625</ele>
        <time>2016-06-22T11:42:53.000Z</time>
        <extensions>
          <ns3:TrackPointExtension>
            <ns3:hr>166</ns3:hr>
            <ns3:cad>97</ns3:cad>
          </ns3:TrackPointExtension>
        </extensions>
      </trkpt>
      <trkpt lat="29.14826366119086742401123046875" lon="120.328107811510562896728515625">
        <ele>142.600006103515625</ele>
        <time>2016-06-22T11:42:54.000Z</time>
        <extensions>
          <ns3:TrackPointExtension>
            <ns3:hr>166</ns3:hr>
            <ns3:cad>97</ns3:cad>
          </ns3:TrackPointExtension>
        </extensions>
      </trkpt>
      <trkpt lat="29.14823583327233791351318359375" lon="120.32812549732625484466552734375">
        <ele>142.8000030517578125</ele>
        <time>2016-06-22T11:42:55.000Z</time>
        <extensions>
          <ns3:TrackPointExtension>
            <ns3:hr>166</ns3:hr>
            <ns3:cad>97</ns3:cad>
          </ns3:TrackPointExtension>
        </extensions>
      </trkpt>
      <trkpt lat="29.14820582605898380279541015625" lon="120.3281458653509616851806640625">
        <ele>142.8000030517578125</ele>
        <time>2016-06-22T11:42:56.000Z</time>
        <extensions>
          <ns3:TrackPointExtension>
            <ns3:hr>166</ns3:hr>
            <ns3:cad>98</ns3:cad>
          </ns3:TrackPointExtension>
        </extensions>
      </trkpt>
      <trkpt lat="29.148143045604228973388671875" lon="120.32818718813359737396240234375">
        <ele>143</ele>
        <time>2016-06-22T11:42:57.000Z</time>
        <extensions>
          <ns3:TrackPointExtension>
            <ns3:hr>166</ns3:hr>
            <ns3:cad>99</ns3:cad>
          </ns3:TrackPointExtension>
        </extensions>
      </trkpt>
      <trkpt lat="29.148143045604228973388671875" lon="120.32818718813359737396240234375">
        <ele>143</ele>
        <time>2016-06-22T11:42:58.000Z</time>
        <extensions>
          <ns3:TrackPointExtension>
            <ns3:hr>166</ns3:hr>
            <ns3:cad>100</ns3:cad>
          </ns3:TrackPointExtension>
        </extensions>
      </trkpt>
      <trkpt lat="29.14811295457184314727783203125" lon="120.328209735453128814697265625">
        <ele>143.1999969482421875</ele>
        <time>2016-06-22T11:42:59.000Z</time>
        <extensions>
          <ns3:TrackPointExtension>
            <ns3:hr>166</ns3:hr>
            <ns3:cad>100</ns3:cad>
          </ns3:TrackPointExtension>
        </extensions>
      </trkpt>
      <trkpt lat="29.14808730594813823699951171875" lon="120.32823286950588226318359375">
        <ele>143.399993896484375</ele>
        <time>2016-06-22T11:43:00.000Z</time>
        <extensions>
          <ns3:TrackPointExtension>
            <ns3:hr>167</ns3:hr>
            <ns3:cad>100</ns3:cad>
          </ns3:TrackPointExtension>
        </extensions>
      </trkpt>
      <trkpt lat="29.14804489351809024810791015625" lon="120.328284837305545806884765625">
        <ele>143.399993896484375</ele>
        <time>2016-06-22T11:43:01.000Z</time>
        <extensions>
          <ns3:TrackPointExtension>
            <ns3:hr>166</ns3:hr>
            <ns3:cad>101</ns3:cad>
          </ns3:TrackPointExtension>
        </extensions>
      </trkpt>
      <trkpt lat="29.14804489351809024810791015625" lon="120.328284837305545806884765625">
        <ele>143.399993896484375</ele>
        <time>2016-06-22T11:43:02.000Z</time>
        <extensions>
          <ns3:TrackPointExtension>
            <ns3:hr>166</ns3:hr>
            <ns3:cad>101</ns3:cad>
          </ns3:TrackPointExtension>
        </extensions>
      </trkpt>
      <trkpt lat="29.14802544750273227691650390625" lon="120.32831526361405849456787109375">
        <ele>143.600006103515625</ele>
        <time>2016-06-22T11:43:03.000Z</time>
        <extensions>
          <ns3:TrackPointExtension>
            <ns3:hr>166</ns3:hr>
            <ns3:cad>101</ns3:cad>
          </ns3:TrackPointExtension>
        </extensions>
      </trkpt>
      <trkpt lat="29.148008935153484344482421875" lon="120.3283475339412689208984375">
        <ele>143.600006103515625</ele>
        <time>2016-06-22T11:43:04.000Z</time>
        <extensions>
          <ns3:TrackPointExtension>
            <ns3:hr>166</ns3:hr>
            <ns3:cad>100</ns3:cad>
          </ns3:TrackPointExtension>
        </extensions>
      </trkpt>
      <trkpt lat="29.14798202924430370330810546875" lon="120.3284172713756561279296875">
        <ele>143.600006103515625</ele>
        <time>2016-06-22T11:43:05.000Z</time>
        <extensions>
          <ns3:TrackPointExtension>
            <ns3:hr>165</ns3:hr>
            <ns3:cad>100</ns3:cad>
          </ns3:TrackPointExtension>
        </extensions>
      </trkpt>
      <trkpt lat="29.14798202924430370330810546875" lon="120.3284172713756561279296875">
        <ele>143.600006103515625</ele>
        <time>2016-06-22T11:43:06.000Z</time>
        <extensions>
          <ns3:TrackPointExtension>
            <ns3:hr>166</ns3:hr>
            <ns3:cad>100</ns3:cad>
          </ns3:TrackPointExtension>
        </extensions>
      </trkpt>
      <trkpt lat="29.14797448553144931793212890625" lon="120.3284521400928497314453125">
        <ele>143.8000030517578125</ele>
        <time>2016-06-22T11:43:07.000Z</time>
        <extensions>
          <ns3:TrackPointExtension>
            <ns3:hr>166</ns3:hr>
            <ns3:cad>100</ns3:cad>
          </ns3:TrackPointExtension>
        </extensions>
      </trkpt>
      <trkpt lat="29.1479678638279438018798828125" lon="120.32848692499101161956787109375">
        <ele>143.8000030517578125</ele>
        <time>2016-06-22T11:43:08.000Z</time>
        <extensions>
          <ns3:TrackPointExtension>
            <ns3:hr>166</ns3:hr>
            <ns3:cad>101</ns3:cad>
          </ns3:TrackPointExtension>
        </extensions>
      </trkpt>
      <trkpt lat="29.14796342141926288604736328125" lon="120.32852514646947383880615234375">
        <ele>143.8000030517578125</ele>
        <time>2016-06-22T11:43:09.000Z</time>
        <extensions>
          <ns3:TrackPointExtension>
            <ns3:hr>166</ns3:hr>
            <ns3:cad>101</ns3:cad>
          </ns3:TrackPointExtension>
        </extensions>
      </trkpt>
      <trkpt lat="29.147959984838962554931640625" lon="120.3285612724721431732177734375">
        <ele>144.1999969482421875</ele>
        <time>2016-06-22T11:43:10.000Z</time>
        <extensions>
          <ns3:TrackPointExtension>
            <ns3:hr>166</ns3:hr>
            <ns3:cad>101</ns3:cad>
          </ns3:TrackPointExtension>
        </extensions>
      </trkpt>
      <trkpt lat="29.14796032011508941650390625" lon="120.3285954706370830535888671875">
        <ele>144.399993896484375</ele>
        <time>2016-06-22T11:43:11.000Z</time>
        <extensions>
          <ns3:TrackPointExtension>
            <ns3:hr>167</ns3:hr>
            <ns3:cad>101</ns3:cad>
          </ns3:TrackPointExtension>
        </extensions>
      </trkpt>
      <trkpt lat="29.14796241559088230133056640625" lon="120.3286291658878326416015625">
        <ele>144.399993896484375</ele>
        <time>2016-06-22T11:43:12.000Z</time>
        <extensions>
          <ns3:TrackPointExtension>
            <ns3:hr>166</ns3:hr>
            <ns3:cad>101</ns3:cad>
          </ns3:TrackPointExtension>
        </extensions>
      </trkpt>
      <trkpt lat="29.14796627126634120941162109375" lon="120.32866177149116992950439453125">
        <ele>144.600006103515625</ele>
        <time>2016-06-22T11:43:13.000Z</time>
        <extensions>
          <ns3:TrackPointExtension>
            <ns3:hr>166</ns3:hr>
            <ns3:cad>101</ns3:cad>
          </ns3:TrackPointExtension>
        </extensions>
      </trkpt>
      <trkpt lat="29.14798756130039691925048828125" lon="120.328729413449764251708984375">
        <ele>144.8000030517578125</ele>
        <time>2016-06-22T11:43:14.000Z</time>
        <extensions>
          <ns3:TrackPointExtension>
            <ns3:hr>166</ns3:hr>
            <ns3:cad>101</ns3:cad>
          </ns3:TrackPointExtension>
        </extensions>
      </trkpt>
      <trkpt lat="29.14798756130039691925048828125" lon="120.328729413449764251708984375">
        <ele>144.8000030517578125</ele>
        <time>2016-06-22T11:43:15.000Z</time>
        <extensions>
          <ns3:TrackPointExtension>
            <ns3:hr>166</ns3:hr>
            <ns3:cad>101</ns3:cad>
          </ns3:TrackPointExtension>
        </extensions>
      </trkpt>
      <trkpt lat="29.14799921214580535888671875" lon="120.32876126468181610107421875">
        <ele>145</ele>
        <time>2016-06-22T11:43:16.000Z</time>
        <extensions>
          <ns3:TrackPointExtension>
            <ns3:hr>166</ns3:hr>
            <ns3:cad>100</ns3:cad>
          </ns3:TrackPointExtension>
        </extensions>
      </trkpt>
      <trkpt lat="29.148016981780529022216796875" lon="120.32879185862839221954345703125">
        <ele>145</ele>
        <time>2016-06-22T11:43:17.000Z</time>
        <extensions>
          <ns3:TrackPointExtension>
            <ns3:hr>167</ns3:hr>
            <ns3:cad>100</ns3:cad>
          </ns3:TrackPointExtension>
        </extensions>
      </trkpt>
      <trkpt lat="29.14803734980523586273193359375" lon="120.3288221172988414764404296875">
        <ele>145</ele>
        <time>2016-06-22T11:43:18.000Z</time>
        <extensions>
          <ns3:TrackPointExtension>
            <ns3:hr>167</ns3:hr>
            <ns3:cad>100</ns3:cad>
          </ns3:TrackPointExtension>
        </extensions>
      </trkpt>
      <trkpt lat="29.14806132204830646514892578125" lon="120.32885245978832244873046875">
        <ele>145</ele>
        <time>2016-06-22T11:43:19.000Z</time>
        <extensions>
          <ns3:TrackPointExtension>
            <ns3:hr>167</ns3:hr>
            <ns3:cad>100</ns3:cad>
          </ns3:TrackPointExtension>
        </extensions>
      </trkpt>
      <trkpt lat="29.14808831177651882171630859375" lon="120.3288811258971691131591796875">
        <ele>145</ele>
        <time>2016-06-22T11:43:20.000Z</time>
        <extensions>
          <ns3:TrackPointExtension>
            <ns3:hr>167</ns3:hr>
            <ns3:cad>100</ns3:cad>
          </ns3:TrackPointExtension>
        </extensions>
      </trkpt>
      <trkpt lat="29.1481165587902069091796875" lon="120.32890786416828632354736328125">
        <ele>145</ele>
        <time>2016-06-22T11:43:21.000Z</time>
        <extensions>
          <ns3:TrackPointExtension>
            <ns3:hr>167</ns3:hr>
            <ns3:cad>101</ns3:cad>
          </ns3:TrackPointExtension>
        </extensions>
      </trkpt>
      <trkpt lat="29.1481750644743442535400390625" lon="120.32895061187446117401123046875">
        <ele>145</ele>
        <time>2016-06-22T11:43:22.000Z</time>
        <extensions>
          <ns3:TrackPointExtension>
            <ns3:hr>167</ns3:hr>
            <ns3:cad>101</ns3:cad>
          </ns3:TrackPointExtension>
        </extensions>
      </trkpt>
      <trkpt lat="29.1481750644743442535400390625" lon="120.32895061187446117401123046875">
        <ele>145</ele>
        <time>2016-06-22T11:43:23.000Z</time>
        <extensions>
          <ns3:TrackPointExtension>
            <ns3:hr>167</ns3:hr>
            <ns3:cad>101</ns3:cad>
          </ns3:TrackPointExtension>
        </extensions>
      </trkpt>
      <trkpt lat="29.1482042334973812103271484375" lon="120.32896704040467739105224609375">
        <ele>144.8000030517578125</ele>
        <time>2016-06-22T11:43:24.000Z</time>
        <extensions>
          <ns3:TrackPointExtension>
            <ns3:hr>167</ns3:hr>
            <ns3:cad>101</ns3:cad>
          </ns3:TrackPointExtension>
        </extensions>
      </trkpt>
      <trkpt lat="29.14823348633944988250732421875" lon="120.32897961325943470001220703125">
        <ele>144.8000030517578125</ele>
        <time>2016-06-22T11:43:25.000Z</time>
        <extensions>
          <ns3:TrackPointExtension>
            <ns3:hr>167</ns3:hr>
            <ns3:cad>101</ns3:cad>
          </ns3:TrackPointExtension>
        </extensions>
      </trkpt>
      <trkpt lat="29.14826299063861370086669921875" lon="120.32898950390517711639404296875">
        <ele>144.600006103515625</ele>
        <time>2016-06-22T11:43:26.000Z</time>
        <extensions>
          <ns3:TrackPointExtension>
            <ns3:hr>167</ns3:hr>
            <ns3:cad>101</ns3:cad>
          </ns3:TrackPointExtension>
        </extensions>
      </trkpt>
      <trkpt lat="29.1482920758426189422607421875" lon="120.3289964608848094940185546875">
        <ele>144.600006103515625</ele>
        <time>2016-06-22T11:43:27.000Z</time>
        <extensions>
          <ns3:TrackPointExtension>
            <ns3:hr>168</ns3:hr>
            <ns3:cad>101</ns3:cad>
          </ns3:TrackPointExtension>
        </extensions>
      </trkpt>
      <trkpt lat="29.14832317270338535308837890625" lon="120.32900760881602764129638671875">
        <ele>144.399993896484375</ele>
        <time>2016-06-22T11:43:28.000Z</time>
        <extensions>
          <ns3:TrackPointExtension>
            <ns3:hr>168</ns3:hr>
            <ns3:cad>101</ns3:cad>
          </ns3:TrackPointExtension>
        </extensions>
      </trkpt>
      <trkpt lat="29.14835460484027862548828125" lon="120.32902068458497524261474609375">
        <ele>144.399993896484375</ele>
        <time>2016-06-22T11:43:29.000Z</time>
        <extensions>
          <ns3:TrackPointExtension>
            <ns3:hr>168</ns3:hr>
            <ns3:cad>101</ns3:cad>
          </ns3:TrackPointExtension>
        </extensions>
      </trkpt>
      <trkpt lat="29.14838369004428386688232421875" lon="120.3290346823632717132568359375">
        <ele>144.1999969482421875</ele>
        <time>2016-06-22T11:43:30.000Z</time>
        <extensions>
          <ns3:TrackPointExtension>
            <ns3:hr>168</ns3:hr>
            <ns3:cad>101</ns3:cad>
          </ns3:TrackPointExtension>
        </extensions>
      </trkpt>
      <trkpt lat="29.1484167985618114471435546875" lon="120.32904583029448986053466796875">
        <ele>144.1999969482421875</ele>
        <time>2016-06-22T11:43:31.000Z</time>
        <extensions>
          <ns3:TrackPointExtension>
            <ns3:hr>169</ns3:hr>
            <ns3:cad>101</ns3:cad>
          </ns3:TrackPointExtension>
        </extensions>
      </trkpt>
      <trkpt lat="29.14844772778451442718505859375" lon="120.32905974425375461578369140625">
        <ele>144</ele>
        <time>2016-06-22T11:43:32.000Z</time>
        <extensions>
          <ns3:TrackPointExtension>
            <ns3:hr>169</ns3:hr>
            <ns3:cad>101</ns3:cad>
          </ns3:TrackPointExtension>
        </extensions>
      </trkpt>
      <trkpt lat="29.14847941137850284576416015625" lon="120.32907449640333652496337890625">
        <ele>143.399993896484375</ele>
        <time>2016-06-22T11:43:33.000Z</time>
        <extensions>
          <ns3:TrackPointExtension>
            <ns3:hr>170</ns3:hr>
            <ns3:cad>103</ns3:cad>
          </ns3:TrackPointExtension>
        </extensions>
      </trkpt>
      <trkpt lat="29.14851126261055469512939453125" lon="120.3290863148868083953857421875">
        <ele>143</ele>
        <time>2016-06-22T11:43:34.000Z</time>
        <extensions>
          <ns3:TrackPointExtension>
            <ns3:hr>169</ns3:hr>
            <ns3:cad>103</ns3:cad>
          </ns3:TrackPointExtension>
        </extensions>
      </trkpt>
      <trkpt lat="29.1485425271093845367431640625" lon="120.3291000612080097198486328125">
        <ele>142.399993896484375</ele>
        <time>2016-06-22T11:43:35.000Z</time>
        <extensions>
          <ns3:TrackPointExtension>
            <ns3:hr>169</ns3:hr>
            <ns3:cad>103</ns3:cad>
          </ns3:TrackPointExtension>
        </extensions>
      </trkpt>
      <trkpt lat="29.14857429452240467071533203125" lon="120.32911271788179874420166015625">
        <ele>141.8000030517578125</ele>
        <time>2016-06-22T11:43:36.000Z</time>
        <extensions>
          <ns3:TrackPointExtension>
            <ns3:hr>169</ns3:hr>
            <ns3:cad>103</ns3:cad>
          </ns3:TrackPointExtension>
        </extensions>
      </trkpt>
      <trkpt lat="29.14860396645963191986083984375" lon="120.32912260852754116058349609375">
        <ele>141.399993896484375</ele>
        <time>2016-06-22T11:43:37.000Z</time>
        <extensions>
          <ns3:TrackPointExtension>
            <ns3:hr>168</ns3:hr>
            <ns3:cad>103</ns3:cad>
          </ns3:TrackPointExtension>
        </extensions>
      </trkpt>
      <trkpt lat="29.14863363839685916900634765625" lon="120.32913166098296642303466796875">
        <ele>140.8000030517578125</ele>
        <time>2016-06-22T11:43:38.000Z</time>
        <extensions>
          <ns3:TrackPointExtension>
            <ns3:hr>168</ns3:hr>
            <ns3:cad>102</ns3:cad>
          </ns3:TrackPointExtension>
        </extensions>
      </trkpt>
      <trkpt lat="29.14866037666797637939453125" lon="120.329143144190311431884765625">
        <ele>140.399993896484375</ele>
        <time>2016-06-22T11:43:39.000Z</time>
        <extensions>
          <ns3:TrackPointExtension>
            <ns3:hr>168</ns3:hr>
            <ns3:cad>102</ns3:cad>
          </ns3:TrackPointExtension>
        </extensions>
      </trkpt>
      <trkpt lat="29.1486883722245693206787109375" lon="120.32915420830249786376953125">
        <ele>140</ele>
        <time>2016-06-22T11:43:40.000Z</time>
        <extensions>
          <ns3:TrackPointExtension>
            <ns3:hr>168</ns3:hr>
            <ns3:cad>103</ns3:cad>
          </ns3:TrackPointExtension>
        </extensions>
      </trkpt>
      <trkpt lat="29.14871678687632083892822265625" lon="120.32916351221501827239990234375">
        <ele>139.600006103515625</ele>
        <time>2016-06-22T11:43:41.000Z</time>
        <extensions>
          <ns3:TrackPointExtension>
            <ns3:hr>168</ns3:hr>
            <ns3:cad>103</ns3:cad>
          </ns3:TrackPointExtension>
        </extensions>
      </trkpt>
      <trkpt lat="29.14874411188066005706787109375" lon="120.32917709089815616607666015625">
        <ele>139.1999969482421875</ele>
        <time>2016-06-22T11:43:42.000Z</time>
        <extensions>
          <ns3:TrackPointExtension>
            <ns3:hr>167</ns3:hr>
            <ns3:cad>101</ns3:cad>
          </ns3:TrackPointExtension>
        </extensions>
      </trkpt>
      <trkpt lat="29.14877244271337985992431640625" lon="120.32918932847678661346435546875">
        <ele>139.1999969482421875</ele>
        <time>2016-06-22T11:43:43.000Z</time>
        <extensions>
          <ns3:TrackPointExtension>
            <ns3:hr>167</ns3:hr>
            <ns3:cad>101</ns3:cad>
          </ns3:TrackPointExtension>
        </extensions>
      </trkpt>
      <trkpt lat="29.1488013602793216705322265625" lon="120.32920039258897304534912109375">
        <ele>139</ele>
        <time>2016-06-22T11:43:44.000Z</time>
        <extensions>
          <ns3:TrackPointExtension>
            <ns3:hr>166</ns3:hr>
            <ns3:cad>101</ns3:cad>
          </ns3:TrackPointExtension>
        </extensions>
      </trkpt>
      <trkpt lat="29.14883027784526348114013671875" lon="120.32921187579631805419921875">
        <ele>138.8000030517578125</ele>
        <time>2016-06-22T11:43:45.000Z</time>
        <extensions>
          <ns3:TrackPointExtension>
            <ns3:hr>166</ns3:hr>
            <ns3:cad>101</ns3:cad>
          </ns3:TrackPointExtension>
        </extensions>
      </trkpt>
      <trkpt lat="29.1488607041537761688232421875" lon="120.3292217664420604705810546875">
        <ele>138.600006103515625</ele>
        <time>2016-06-22T11:43:46.000Z</time>
        <extensions>
          <ns3:TrackPointExtension>
            <ns3:hr>167</ns3:hr>
            <ns3:cad>101</ns3:cad>
          </ns3:TrackPointExtension>
        </extensions>
      </trkpt>
      <trkpt lat="29.14888970553874969482421875" lon="120.329231321811676025390625">
        <ele>138.399993896484375</ele>
        <time>2016-06-22T11:43:47.000Z</time>
        <extensions>
          <ns3:TrackPointExtension>
            <ns3:hr>166</ns3:hr>
            <ns3:cad>101</ns3:cad>
          </ns3:TrackPointExtension>
        </extensions>
      </trkpt>
      <trkpt lat="29.1489207185804843902587890625" lon="120.3292428888380527496337890625">
        <ele>138.1999969482421875</ele>
        <time>2016-06-22T11:43:48.000Z</time>
        <extensions>
          <ns3:TrackPointExtension>
            <ns3:hr>166</ns3:hr>
            <ns3:cad>101</ns3:cad>
          </ns3:TrackPointExtension>
        </extensions>
      </trkpt>
      <trkpt lat="29.14895248599350452423095703125" lon="120.32925303094089031219482421875">
        <ele>138</ele>
        <time>2016-06-22T11:43:49.000Z</time>
        <extensions>
          <ns3:TrackPointExtension>
            <ns3:hr>166</ns3:hr>
            <ns3:cad>101</ns3:cad>
          </ns3:TrackPointExtension>
        </extensions>
      </trkpt>
      <trkpt lat="29.14898199029266834259033203125" lon="120.329262502491474151611328125">
        <ele>137.8000030517578125</ele>
        <time>2016-06-22T11:43:50.000Z</time>
        <extensions>
          <ns3:TrackPointExtension>
            <ns3:hr>166</ns3:hr>
            <ns3:cad>101</ns3:cad>
          </ns3:TrackPointExtension>
        </extensions>
      </trkpt>
      <trkpt lat="29.14901451207697391510009765625" lon="120.329270549118518829345703125">
        <ele>137.8000030517578125</ele>
        <time>2016-06-22T11:43:51.000Z</time>
        <extensions>
          <ns3:TrackPointExtension>
            <ns3:hr>165</ns3:hr>
            <ns3:cad>101</ns3:cad>
          </ns3:TrackPointExtension>
        </extensions>
      </trkpt>
      <trkpt lat="29.1490461118519306182861328125" lon="120.3292787633836269378662109375">
        <ele>138.1999969482421875</ele>
        <time>2016-06-22T11:43:52.000Z</time>
        <extensions>
          <ns3:TrackPointExtension>
            <ns3:hr>166</ns3:hr>
            <ns3:cad>101</ns3:cad>
          </ns3:TrackPointExtension>
        </extensions>
      </trkpt>
      <trkpt lat="29.14907502941787242889404296875" lon="120.32928588800132274627685546875">
        <ele>138.399993896484375</ele>
        <time>2016-06-22T11:43:53.000Z</time>
        <extensions>
          <ns3:TrackPointExtension>
            <ns3:hr>164</ns3:hr>
            <ns3:cad>101</ns3:cad>
          </ns3:TrackPointExtension>
        </extensions>
      </trkpt>
      <trkpt lat="29.14910268969833850860595703125" lon="120.32928873784840106964111328125">
        <ele>138.600006103515625</ele>
        <time>2016-06-22T11:43:54.000Z</time>
        <extensions>
          <ns3:TrackPointExtension>
            <ns3:hr>165</ns3:hr>
            <ns3:cad>101</ns3:cad>
          </ns3:TrackPointExtension>
        </extensions>
      </trkpt>
      <trkpt lat="29.14916186593472957611083984375" lon="120.32929091714322566986083984375">
        <ele>139</ele>
        <time>2016-06-22T11:43:55.000Z</time>
        <extensions>
          <ns3:TrackPointExtension>
            <ns3:hr>165</ns3:hr>
            <ns3:cad>101</ns3:cad>
          </ns3:TrackPointExtension>
        </extensions>
      </trkpt>
      <trkpt lat="29.14916186593472957611083984375" lon="120.32929091714322566986083984375">
        <ele>139</ele>
        <time>2016-06-22T11:43:56.000Z</time>
        <extensions>
          <ns3:TrackPointExtension>
            <ns3:hr>165</ns3:hr>
            <ns3:cad>101</ns3:cad>
          </ns3:TrackPointExtension>
        </extensions>
      </trkpt>
      <trkpt lat="29.14918952621519565582275390625" lon="120.32928764820098876953125">
        <ele>139.1999969482421875</ele>
        <time>2016-06-22T11:43:57.000Z</time>
        <extensions>
          <ns3:TrackPointExtension>
            <ns3:hr>165</ns3:hr>
            <ns3:cad>101</ns3:cad>
          </ns3:TrackPointExtension>
        </extensions>
      </trkpt>
      <trkpt lat="29.14921785704791545867919921875" lon="120.32927985303103923797607421875">
        <ele>139.399993896484375</ele>
        <time>2016-06-22T11:43:58.000Z</time>
        <extensions>
          <ns3:TrackPointExtension>
            <ns3:hr>165</ns3:hr>
            <ns3:cad>101</ns3:cad>
          </ns3:TrackPointExtension>
        </extensions>
      </trkpt>
      <trkpt lat="29.14926948957145214080810546875" lon="120.32925973646342754364013671875">
        <ele>139.8000030517578125</ele>
        <time>2016-06-22T11:43:59.000Z</time>
        <extensions>
          <ns3:TrackPointExtension>
            <ns3:hr>164</ns3:hr>
            <ns3:cad>101</ns3:cad>
          </ns3:TrackPointExtension>
        </extensions>
      </trkpt>
      <trkpt lat="29.14926948957145214080810546875" lon="120.32925973646342754364013671875">
        <ele>139.8000030517578125</ele>
        <time>2016-06-22T11:44:00.000Z</time>
        <extensions>
          <ns3:TrackPointExtension>
            <ns3:hr>165</ns3:hr>
            <ns3:cad>101</ns3:cad>
          </ns3:TrackPointExtension>
        </extensions>
      </trkpt>
      <trkpt lat="29.14929295890033245086669921875" lon="120.3292509354650974273681640625">
        <ele>140</ele>
        <time>2016-06-22T11:44:01.000Z</time>
        <extensions>
          <ns3:TrackPointExtension>
            <ns3:hr>164</ns3:hr>
            <ns3:cad>101</ns3:cad>
          </ns3:TrackPointExtension>
        </extensions>
      </trkpt>
      <trkpt lat="29.14931693114340305328369140625" lon="120.32923735678195953369140625">
        <ele>140.1999969482421875</ele>
        <time>2016-06-22T11:44:02.000Z</time>
        <extensions>
          <ns3:TrackPointExtension>
            <ns3:hr>164</ns3:hr>
            <ns3:cad>101</ns3:cad>
          </ns3:TrackPointExtension>
        </extensions>
      </trkpt>
      <trkpt lat="29.14935934357345104217529296875" lon="120.329198800027370452880859375">
        <ele>140.1999969482421875</ele>
        <time>2016-06-22T11:44:03.000Z</time>
        <extensions>
          <ns3:TrackPointExtension>
            <ns3:hr>165</ns3:hr>
            <ns3:cad>100</ns3:cad>
          </ns3:TrackPointExtension>
        </extensions>
      </trkpt>
      <trkpt lat="29.14935934357345104217529296875" lon="120.329198800027370452880859375">
        <ele>140.1999969482421875</ele>
        <time>2016-06-22T11:44:04.000Z</time>
        <extensions>
          <ns3:TrackPointExtension>
            <ns3:hr>165</ns3:hr>
            <ns3:cad>100</ns3:cad>
          </ns3:TrackPointExtension>
        </extensions>
      </trkpt>
      <trkpt lat="29.149381555616855621337890625" lon="120.3291798569262027740478515625">
        <ele>140.399993896484375</ele>
        <time>2016-06-22T11:44:05.000Z</time>
        <extensions>
          <ns3:TrackPointExtension>
            <ns3:hr>164</ns3:hr>
            <ns3:cad>100</ns3:cad>
          </ns3:TrackPointExtension>
        </extensions>
      </trkpt>
      <trkpt lat="29.14940259419381618499755859375" lon="120.3291590698063373565673828125">
        <ele>140.600006103515625</ele>
        <time>2016-06-22T11:44:06.000Z</time>
        <extensions>
          <ns3:TrackPointExtension>
            <ns3:hr>163</ns3:hr>
            <ns3:cad>100</ns3:cad>
          </ns3:TrackPointExtension>
        </extensions>
      </trkpt>
      <trkpt lat="29.14944626390933990478515625" lon="120.3291171602904796600341796875">
        <ele>141</ele>
        <time>2016-06-22T11:44:07.000Z</time>
        <extensions>
          <ns3:TrackPointExtension>
            <ns3:hr>163</ns3:hr>
            <ns3:cad>100</ns3:cad>
          </ns3:TrackPointExtension>
        </extensions>
      </trkpt>
      <trkpt lat="29.14944626390933990478515625" lon="120.3291171602904796600341796875">
        <ele>141</ele>
        <time>2016-06-22T11:44:08.000Z</time>
        <extensions>
          <ns3:TrackPointExtension>
            <ns3:hr>163</ns3:hr>
            <ns3:cad>100</ns3:cad>
          </ns3:TrackPointExtension>
        </extensions>
      </trkpt>
      <trkpt lat="29.14946378208696842193603515625" lon="120.3290940262377262115478515625">
        <ele>141.1999969482421875</ele>
        <time>2016-06-22T11:44:09.000Z</time>
        <extensions>
          <ns3:TrackPointExtension>
            <ns3:hr>163</ns3:hr>
            <ns3:cad>100</ns3:cad>
          </ns3:TrackPointExtension>
        </extensions>
      </trkpt>
      <trkpt lat="29.14949546568095684051513671875" lon="120.3290462493896484375">
        <ele>141.600006103515625</ele>
        <time>2016-06-22T11:44:10.000Z</time>
        <extensions>
          <ns3:TrackPointExtension>
            <ns3:hr>163</ns3:hr>
            <ns3:cad>100</ns3:cad>
          </ns3:TrackPointExtension>
        </extensions>
      </trkpt>
      <trkpt lat="29.14949546568095684051513671875" lon="120.3290462493896484375">
        <ele>141.600006103515625</ele>
        <time>2016-06-22T11:44:11.000Z</time>
        <extensions>
          <ns3:TrackPointExtension>
            <ns3:hr>163</ns3:hr>
            <ns3:cad>100</ns3:cad>
          </ns3:TrackPointExtension>
        </extensions>
      </trkpt>
      <trkpt lat="29.14950954727828502655029296875" lon="120.32902143895626068115234375">
        <ele>141.8000030517578125</ele>
        <time>2016-06-22T11:44:12.000Z</time>
        <extensions>
          <ns3:TrackPointExtension>
            <ns3:hr>163</ns3:hr>
            <ns3:cad>100</ns3:cad>
          </ns3:TrackPointExtension>
        </extensions>
      </trkpt>
      <trkpt lat="29.14952295832335948944091796875" lon="120.3289947845041751861572265625">
        <ele>142</ele>
        <time>2016-06-22T11:44:13.000Z</time>
        <extensions>
          <ns3:TrackPointExtension>
            <ns3:hr>163</ns3:hr>
            <ns3:cad>100</ns3:cad>
          </ns3:TrackPointExtension>
        </extensions>
      </trkpt>
      <trkpt lat="29.14953351952135562896728515625" lon="120.32896871678531169891357421875">
        <ele>142.1999969482421875</ele>
        <time>2016-06-22T11:44:14.000Z</time>
        <extensions>
          <ns3:TrackPointExtension>
            <ns3:hr>163</ns3:hr>
            <ns3:cad>100</ns3:cad>
          </ns3:TrackPointExtension>
        </extensions>
      </trkpt>
      <trkpt lat="29.1495408117771148681640625" lon="120.32894105650484561920166015625">
        <ele>142.399993896484375</ele>
        <time>2016-06-22T11:44:15.000Z</time>
        <extensions>
          <ns3:TrackPointExtension>
            <ns3:hr>163</ns3:hr>
            <ns3:cad>100</ns3:cad>
          </ns3:TrackPointExtension>
        </extensions>
      </trkpt>
      <trkpt lat="29.14955095387995243072509765625" lon="120.32888322137296199798583984375">
        <ele>142.600006103515625</ele>
        <time>2016-06-22T11:44:16.000Z</time>
        <extensions>
          <ns3:TrackPointExtension>
            <ns3:hr>163</ns3:hr>
            <ns3:cad>100</ns3:cad>
          </ns3:TrackPointExtension>
        </extensions>
      </trkpt>
      <trkpt lat="29.14955095387995243072509765625" lon="120.32888322137296199798583984375">
        <ele>142.600006103515625</ele>
        <time>2016-06-22T11:44:17.000Z</time>
        <extensions>
          <ns3:TrackPointExtension>
            <ns3:hr>163</ns3:hr>
            <ns3:cad>100</ns3:cad>
          </ns3:TrackPointExtension>
        </extensions>
      </trkpt>
      <trkpt lat="29.14955162443220615386962890625" lon="120.328853130340576171875">
        <ele>142.8000030517578125</ele>
        <time>2016-06-22T11:44:18.000Z</time>
        <extensions>
          <ns3:TrackPointExtension>
            <ns3:hr>163</ns3:hr>
            <ns3:cad>99</ns3:cad>
          </ns3:TrackPointExtension>
        </extensions>
      </trkpt>
      <trkpt lat="29.149549864232540130615234375" lon="120.3288241289556026458740234375">
        <ele>142.8000030517578125</ele>
        <time>2016-06-22T11:44:19.000Z</time>
        <extensions>
          <ns3:TrackPointExtension>
            <ns3:hr>163</ns3:hr>
            <ns3:cad>99</ns3:cad>
          </ns3:TrackPointExtension>
        </extensions>
      </trkpt>
      <trkpt lat="29.14954575709998607635498046875" lon="120.32879269681870937347412109375">
        <ele>142.8000030517578125</ele>
        <time>2016-06-22T11:44:20.000Z</time>
        <extensions>
          <ns3:TrackPointExtension>
            <ns3:hr>163</ns3:hr>
            <ns3:cad>99</ns3:cad>
          </ns3:TrackPointExtension>
        </extensions>
      </trkpt>
      <trkpt lat="29.14954039268195629119873046875" lon="120.32876084558665752410888671875">
        <ele>143</ele>
        <time>2016-06-22T11:44:21.000Z</time>
        <extensions>
          <ns3:TrackPointExtension>
            <ns3:hr>163</ns3:hr>
            <ns3:cad>99</ns3:cad>
          </ns3:TrackPointExtension>
        </extensions>
      </trkpt>
      <trkpt lat="29.14953301660716533660888671875" lon="120.32872698269784450531005859375">
        <ele>143.1999969482421875</ele>
        <time>2016-06-22T11:44:22.000Z</time>
        <extensions>
          <ns3:TrackPointExtension>
            <ns3:hr>163</ns3:hr>
            <ns3:cad>98</ns3:cad>
          </ns3:TrackPointExtension>
        </extensions>
      </trkpt>
      <trkpt lat="29.14952312596142292022705078125" lon="120.3286927007138729095458984375">
        <ele>143.399993896484375</ele>
        <time>2016-06-22T11:44:23.000Z</time>
        <extensions>
          <ns3:TrackPointExtension>
            <ns3:hr>164</ns3:hr>
            <ns3:cad>98</ns3:cad>
          </ns3:TrackPointExtension>
        </extensions>
      </trkpt>
      <trkpt lat="29.14951197803020477294921875" lon="120.328662358224391937255859375">
        <ele>143.600006103515625</ele>
        <time>2016-06-22T11:44:24.000Z</time>
        <extensions>
          <ns3:TrackPointExtension>
            <ns3:hr>163</ns3:hr>
            <ns3:cad>99</ns3:cad>
          </ns3:TrackPointExtension>
        </extensions>
      </trkpt>
      <trkpt lat="29.149496555328369140625" lon="120.32862857915461063385009765625">
        <ele>143.8000030517578125</ele>
        <time>2016-06-22T11:44:25.000Z</time>
        <extensions>
          <ns3:TrackPointExtension>
            <ns3:hr>164</ns3:hr>
            <ns3:cad>99</ns3:cad>
          </ns3:TrackPointExtension>
        </extensions>
      </trkpt>
      <trkpt lat="29.14948088116943836212158203125" lon="120.328597314655780792236328125">
        <ele>143.8000030517578125</ele>
        <time>2016-06-22T11:44:26.000Z</time>
        <extensions>
          <ns3:TrackPointExtension>
            <ns3:hr>164</ns3:hr>
            <ns3:cad>99</ns3:cad>
          </ns3:TrackPointExtension>
        </extensions>
      </trkpt>
      <trkpt lat="29.14946411736309528350830078125" lon="120.328571163117885589599609375">
        <ele>144</ele>
        <time>2016-06-22T11:44:27.000Z</time>
        <extensions>
          <ns3:TrackPointExtension>
            <ns3:hr>164</ns3:hr>
            <ns3:cad>99</ns3:cad>
          </ns3:TrackPointExtension>
        </extensions>
      </trkpt>
      <trkpt lat="29.149443916976451873779296875" lon="120.32854140736162662506103515625">
        <ele>144</ele>
        <time>2016-06-22T11:44:28.000Z</time>
        <extensions>
          <ns3:TrackPointExtension>
            <ns3:hr>164</ns3:hr>
            <ns3:cad>98</ns3:cad>
          </ns3:TrackPointExtension>
        </extensions>
      </trkpt>
      <trkpt lat="29.14942321367561817169189453125" lon="120.32851072959601879119873046875">
        <ele>144</ele>
        <time>2016-06-22T11:44:29.000Z</time>
        <extensions>
          <ns3:TrackPointExtension>
            <ns3:hr>163</ns3:hr>
            <ns3:cad>98</ns3:cad>
          </ns3:TrackPointExtension>
        </extensions>
      </trkpt>
      <trkpt lat="29.1494031809270381927490234375" lon="120.32848256640136241912841796875">
        <ele>144</ele>
        <time>2016-06-22T11:44:30.000Z</time>
        <extensions>
          <ns3:TrackPointExtension>
            <ns3:hr>163</ns3:hr>
            <ns3:cad>99</ns3:cad>
          </ns3:TrackPointExtension>
        </extensions>
      </trkpt>
      <trkpt lat="29.149382896721363067626953125" lon="120.3284559957683086395263671875">
        <ele>144</ele>
        <time>2016-06-22T11:44:31.000Z</time>
        <extensions>
          <ns3:TrackPointExtension>
            <ns3:hr>164</ns3:hr>
            <ns3:cad>100</ns3:cad>
          </ns3:TrackPointExtension>
        </extensions>
      </trkpt>
      <trkpt lat="29.1493626125156879425048828125" lon="120.3284295089542865753173828125">
        <ele>144</ele>
        <time>2016-06-22T11:44:32.000Z</time>
        <extensions>
          <ns3:TrackPointExtension>
            <ns3:hr>164</ns3:hr>
            <ns3:cad>99</ns3:cad>
          </ns3:TrackPointExtension>
        </extensions>
      </trkpt>
      <trkpt lat="29.149341322481632232666015625" lon="120.32840847037732601165771484375">
        <ele>144</ele>
        <time>2016-06-22T11:44:33.000Z</time>
        <extensions>
          <ns3:TrackPointExtension>
            <ns3:hr>163</ns3:hr>
            <ns3:cad>100</ns3:cad>
          </ns3:TrackPointExtension>
        </extensions>
      </trkpt>
      <trkpt lat="29.14931860752403736114501953125" lon="120.32838986255228519439697265625">
        <ele>143.8000030517578125</ele>
        <time>2016-06-22T11:44:34.000Z</time>
        <extensions>
          <ns3:TrackPointExtension>
            <ns3:hr>163</ns3:hr>
            <ns3:cad>100</ns3:cad>
          </ns3:TrackPointExtension>
        </extensions>
      </trkpt>
      <trkpt lat="29.14929396472871303558349609375" lon="120.328374691307544708251953125">
        <ele>143.600006103515625</ele>
        <time>2016-06-22T11:44:35.000Z</time>
        <extensions>
          <ns3:TrackPointExtension>
            <ns3:hr>164</ns3:hr>
            <ns3:cad>100</ns3:cad>
          </ns3:TrackPointExtension>
        </extensions>
      </trkpt>
      <trkpt lat="29.14926747791469097137451171875" lon="120.328359268605709075927734375">
        <ele>143.399993896484375</ele>
        <time>2016-06-22T11:44:36.000Z</time>
        <extensions>
          <ns3:TrackPointExtension>
            <ns3:hr>164</ns3:hr>
            <ns3:cad>100</ns3:cad>
          </ns3:TrackPointExtension>
        </extensions>
      </trkpt>
      <trkpt lat="29.14924149401485919952392578125" lon="120.32834610901772975921630859375">
        <ele>143.399993896484375</ele>
        <time>2016-06-22T11:44:37.000Z</time>
        <extensions>
          <ns3:TrackPointExtension>
            <ns3:hr>164</ns3:hr>
            <ns3:cad>98</ns3:cad>
          </ns3:TrackPointExtension>
        </extensions>
      </trkpt>
      <trkpt lat="29.1492160968482494354248046875" lon="120.32833345234394073486328125">
        <ele>143.399993896484375</ele>
        <time>2016-06-22T11:44:38.000Z</time>
        <extensions>
          <ns3:TrackPointExtension>
            <ns3:hr>164</ns3:hr>
            <ns3:cad>98</ns3:cad>
          </ns3:TrackPointExtension>
        </extensions>
      </trkpt>
      <trkpt lat="29.14919019676744937896728515625" lon="120.32832113094627857208251953125">
        <ele>143.399993896484375</ele>
        <time>2016-06-22T11:44:39.000Z</time>
        <extensions>
          <ns3:TrackPointExtension>
            <ns3:hr>164</ns3:hr>
            <ns3:cad>99</ns3:cad>
          </ns3:TrackPointExtension>
        </extensions>
      </trkpt>
      <trkpt lat="29.1491664759814739227294921875" lon="120.32830906100571155548095703125">
        <ele>143.399993896484375</ele>
        <time>2016-06-22T11:44:40.000Z</time>
        <extensions>
          <ns3:TrackPointExtension>
            <ns3:hr>164</ns3:hr>
            <ns3:cad>99</ns3:cad>
          </ns3:TrackPointExtension>
        </extensions>
      </trkpt>
      <trkpt lat="29.14914258755743503570556640625" lon="120.328299589455127716064453125">
        <ele>143.1999969482421875</ele>
        <time>2016-06-22T11:44:41.000Z</time>
        <extensions>
          <ns3:TrackPointExtension>
            <ns3:hr>164</ns3:hr>
            <ns3:cad>99</ns3:cad>
          </ns3:TrackPointExtension>
        </extensions>
      </trkpt>
      <trkpt lat="29.14911861531436443328857421875" lon="120.328290201723575592041015625">
        <ele>143.1999969482421875</ele>
        <time>2016-06-22T11:44:42.000Z</time>
        <extensions>
          <ns3:TrackPointExtension>
            <ns3:hr>165</ns3:hr>
            <ns3:cad>99</ns3:cad>
          </ns3:TrackPointExtension>
        </extensions>
      </trkpt>
      <trkpt lat="29.14909397251904010772705078125" lon="120.32827913761138916015625">
        <ele>143.1999969482421875</ele>
        <time>2016-06-22T11:44:43.000Z</time>
        <extensions>
          <ns3:TrackPointExtension>
            <ns3:hr>164</ns3:hr>
            <ns3:cad>99</ns3:cad>
          </ns3:TrackPointExtension>
        </extensions>
      </trkpt>
      <trkpt lat="29.14906882680952548980712890625" lon="120.32826866023242473602294921875">
        <ele>143</ele>
        <time>2016-06-22T11:44:44.000Z</time>
        <extensions>
          <ns3:TrackPointExtension>
            <ns3:hr>164</ns3:hr>
            <ns3:cad>99</ns3:cad>
          </ns3:TrackPointExtension>
        </extensions>
      </trkpt>
      <trkpt lat="29.14904636330902576446533203125" lon="120.3282558359205722808837890625">
        <ele>143</ele>
        <time>2016-06-22T11:44:45.000Z</time>
        <extensions>
          <ns3:TrackPointExtension>
            <ns3:hr>164</ns3:hr>
            <ns3:cad>99</ns3:cad>
          </ns3:TrackPointExtension>
        </extensions>
      </trkpt>
      <trkpt lat="29.14902389980852603912353515625" lon="120.32824200578033924102783203125">
        <ele>143</ele>
        <time>2016-06-22T11:44:46.000Z</time>
        <extensions>
          <ns3:TrackPointExtension>
            <ns3:hr>164</ns3:hr>
            <ns3:cad>97</ns3:cad>
          </ns3:TrackPointExtension>
        </extensions>
      </trkpt>
      <trkpt lat="29.14897796697914600372314453125" lon="120.3282213024795055389404296875">
        <ele>143</ele>
        <time>2016-06-22T11:44:47.000Z</time>
        <extensions>
          <ns3:TrackPointExtension>
            <ns3:hr>164</ns3:hr>
            <ns3:cad>97</ns3:cad>
          </ns3:TrackPointExtension>
        </extensions>
      </trkpt>
      <trkpt lat="29.14897796697914600372314453125" lon="120.3282213024795055389404296875">
        <ele>143</ele>
        <time>2016-06-22T11:44:48.000Z</time>
        <extensions>
          <ns3:TrackPointExtension>
            <ns3:hr>163</ns3:hr>
            <ns3:cad>97</ns3:cad>
          </ns3:TrackPointExtension>
        </extensions>
      </trkpt>
      <trkpt lat="29.14895382709801197052001953125" lon="120.32821183092892169952392578125">
        <ele>142.8000030517578125</ele>
        <time>2016-06-22T11:44:49.000Z</time>
        <extensions>
          <ns3:TrackPointExtension>
            <ns3:hr>162</ns3:hr>
            <ns3:cad>96</ns3:cad>
          </ns3:TrackPointExtension>
        </extensions>
      </trkpt>
      <trkpt lat="29.1489311121404170989990234375" lon="120.3282042033970355987548828125">
        <ele>142.8000030517578125</ele>
        <time>2016-06-22T11:44:50.000Z</time>
        <extensions>
          <ns3:TrackPointExtension>
            <ns3:hr>163</ns3:hr>
            <ns3:cad>96</ns3:cad>
          </ns3:TrackPointExtension>
        </extensions>
      </trkpt>
      <trkpt lat="29.14888056926429271697998046875" lon="120.3281847573816776275634765625">
        <ele>142.8000030517578125</ele>
        <time>2016-06-22T11:44:51.000Z</time>
        <extensions>
          <ns3:TrackPointExtension>
            <ns3:hr>160</ns3:hr>
            <ns3:cad>96</ns3:cad>
          </ns3:TrackPointExtension>
        </extensions>
      </trkpt>
      <trkpt lat="29.14888056926429271697998046875" lon="120.3281847573816776275634765625">
        <ele>142.8000030517578125</ele>
        <time>2016-06-22T11:44:52.000Z</time>
        <extensions>
          <ns3:TrackPointExtension>
            <ns3:hr>160</ns3:hr>
            <ns3:cad>96</ns3:cad>
          </ns3:TrackPointExtension>
        </extensions>
      </trkpt>
      <trkpt lat="29.148857854306697845458984375" lon="120.328170172870159149169921875">
        <ele>142.600006103515625</ele>
        <time>2016-06-22T11:44:53.000Z</time>
        <extensions>
          <ns3:TrackPointExtension>
            <ns3:hr>161</ns3:hr>
            <ns3:cad>96</ns3:cad>
          </ns3:TrackPointExtension>
        </extensions>
      </trkpt>
      <trkpt lat="29.14883597753942012786865234375" lon="120.328160114586353302001953125">
        <ele>142.600006103515625</ele>
        <time>2016-06-22T11:44:54.000Z</time>
        <extensions>
          <ns3:TrackPointExtension>
            <ns3:hr>161</ns3:hr>
            <ns3:cad>96</ns3:cad>
          </ns3:TrackPointExtension>
        </extensions>
      </trkpt>
      <trkpt lat="29.148814268410205841064453125" lon="120.32815131358802318572998046875">
        <ele>142.600006103515625</ele>
        <time>2016-06-22T11:44:55.000Z</time>
        <extensions>
          <ns3:TrackPointExtension>
            <ns3:hr>161</ns3:hr>
            <ns3:cad>96</ns3:cad>
          </ns3:TrackPointExtension>
        </extensions>
      </trkpt>
      <trkpt lat="29.14879105053842067718505859375" lon="120.328142344951629638671875">
        <ele>142.600006103515625</ele>
        <time>2016-06-22T11:44:56.000Z</time>
        <extensions>
          <ns3:TrackPointExtension>
            <ns3:hr>161</ns3:hr>
            <ns3:cad>96</ns3:cad>
          </ns3:TrackPointExtension>
        </extensions>
      </trkpt>
      <trkpt lat="29.14876858703792095184326171875" lon="120.3281327895820140838623046875">
        <ele>142.399993896484375</ele>
        <time>2016-06-22T11:44:57.000Z</time>
        <extensions>
          <ns3:TrackPointExtension>
            <ns3:hr>161</ns3:hr>
            <ns3:cad>96</ns3:cad>
          </ns3:TrackPointExtension>
        </extensions>
      </trkpt>
      <trkpt lat="29.14874595589935779571533203125" lon="120.3281277604401111602783203125">
        <ele>142.399993896484375</ele>
        <time>2016-06-22T11:44:58.000Z</time>
        <extensions>
          <ns3:TrackPointExtension>
            <ns3:hr>161</ns3:hr>
            <ns3:cad>96</ns3:cad>
          </ns3:TrackPointExtension>
        </extensions>
      </trkpt>
      <trkpt lat="29.148721396923065185546875" lon="120.3281210549175739288330078125">
        <ele>142.399993896484375</ele>
        <time>2016-06-22T11:44:59.000Z</time>
        <extensions>
          <ns3:TrackPointExtension>
            <ns3:hr>160</ns3:hr>
            <ns3:cad>98</ns3:cad>
          </ns3:TrackPointExtension>
        </extensions>
      </trkpt>
      <trkpt lat="29.14869725704193115234375" lon="120.32811342738568782806396484375">
        <ele>142.399993896484375</ele>
        <time>2016-06-22T11:45:00.000Z</time>
        <extensions>
          <ns3:TrackPointExtension>
            <ns3:hr>160</ns3:hr>
            <ns3:cad>98</ns3:cad>
          </ns3:TrackPointExtension>
        </extensions>
      </trkpt>
      <trkpt lat="29.1486712731420993804931640625" lon="120.3281056322157382965087890625">
        <ele>142.399993896484375</ele>
        <time>2016-06-22T11:45:01.000Z</time>
        <extensions>
          <ns3:TrackPointExtension>
            <ns3:hr>159</ns3:hr>
            <ns3:cad>98</ns3:cad>
          </ns3:TrackPointExtension>
        </extensions>
      </trkpt>
      <trkpt lat="29.14864637888967990875244140625" lon="120.32809867523610591888427734375">
        <ele>142.399993896484375</ele>
        <time>2016-06-22T11:45:02.000Z</time>
        <extensions>
          <ns3:TrackPointExtension>
            <ns3:hr>160</ns3:hr>
            <ns3:cad>97</ns3:cad>
          </ns3:TrackPointExtension>
        </extensions>
      </trkpt>
      <trkpt lat="29.14862282574176788330078125" lon="120.3280928917229175567626953125">
        <ele>142.399993896484375</ele>
        <time>2016-06-22T11:45:03.000Z</time>
        <extensions>
          <ns3:TrackPointExtension>
            <ns3:hr>161</ns3:hr>
            <ns3:cad>97</ns3:cad>
          </ns3:TrackPointExtension>
        </extensions>
      </trkpt>
      <trkpt lat="29.14859910495579242706298828125" lon="120.3280892036855220794677734375">
        <ele>142.600006103515625</ele>
        <time>2016-06-22T11:45:04.000Z</time>
        <extensions>
          <ns3:TrackPointExtension>
            <ns3:hr>160</ns3:hr>
            <ns3:cad>97</ns3:cad>
          </ns3:TrackPointExtension>
        </extensions>
      </trkpt>
      <trkpt lat="29.1485767252743244171142578125" lon="120.3280846774578094482421875">
        <ele>142.600006103515625</ele>
        <time>2016-06-22T11:45:05.000Z</time>
        <extensions>
          <ns3:TrackPointExtension>
            <ns3:hr>160</ns3:hr>
            <ns3:cad>96</ns3:cad>
          </ns3:TrackPointExtension>
        </extensions>
      </trkpt>
      <trkpt lat="29.14855250157415866851806640625" lon="120.32807973213493824005126953125">
        <ele>142.600006103515625</ele>
        <time>2016-06-22T11:45:06.000Z</time>
        <extensions>
          <ns3:TrackPointExtension>
            <ns3:hr>160</ns3:hr>
            <ns3:cad>96</ns3:cad>
          </ns3:TrackPointExtension>
        </extensions>
      </trkpt>
      <trkpt lat="29.1485287807881832122802734375" lon="120.32807704992592334747314453125">
        <ele>142.600006103515625</ele>
        <time>2016-06-22T11:45:07.000Z</time>
        <extensions>
          <ns3:TrackPointExtension>
            <ns3:hr>160</ns3:hr>
            <ns3:cad>96</ns3:cad>
          </ns3:TrackPointExtension>
        </extensions>
      </trkpt>
      <trkpt lat="29.14850405417382717132568359375" lon="120.3280764631927013397216796875">
        <ele>142.600006103515625</ele>
        <time>2016-06-22T11:45:08.000Z</time>
        <extensions>
          <ns3:TrackPointExtension>
            <ns3:hr>160</ns3:hr>
            <ns3:cad>97</ns3:cad>
          </ns3:TrackPointExtension>
        </extensions>
      </trkpt>
      <trkpt lat="29.148478321731090545654296875" lon="120.32807839103043079376220703125">
        <ele>142.600006103515625</ele>
        <time>2016-06-22T11:45:09.000Z</time>
        <extensions>
          <ns3:TrackPointExtension>
            <ns3:hr>160</ns3:hr>
            <ns3:cad>97</ns3:cad>
          </ns3:TrackPointExtension>
        </extensions>
      </trkpt>
      <trkpt lat="29.148453176021575927734375" lon="120.328083336353302001953125">
        <ele>142.600006103515625</ele>
        <time>2016-06-22T11:45:10.000Z</time>
        <extensions>
          <ns3:TrackPointExtension>
            <ns3:hr>160</ns3:hr>
            <ns3:cad>97</ns3:cad>
          </ns3:TrackPointExtension>
        </extensions>
      </trkpt>
      <trkpt lat="29.14842643775045871734619140625" lon="120.32808727584779262542724609375">
        <ele>142.600006103515625</ele>
        <time>2016-06-22T11:45:11.000Z</time>
        <extensions>
          <ns3:TrackPointExtension>
            <ns3:hr>159</ns3:hr>
            <ns3:cad>97</ns3:cad>
          </ns3:TrackPointExtension>
        </extensions>
      </trkpt>
      <trkpt lat="29.14840112440288066864013671875" lon="120.328094400465488433837890625">
        <ele>142.399993896484375</ele>
        <time>2016-06-22T11:45:12.000Z</time>
        <extensions>
          <ns3:TrackPointExtension>
            <ns3:hr>159</ns3:hr>
            <ns3:cad>97</ns3:cad>
          </ns3:TrackPointExtension>
        </extensions>
      </trkpt>
      <trkpt lat="29.1483577899634838104248046875" lon="120.32810722477734088897705078125">
        <ele>142.399993896484375</ele>
        <time>2016-06-22T11:45:13.000Z</time>
        <extensions>
          <ns3:TrackPointExtension>
            <ns3:hr>158</ns3:hr>
            <ns3:cad>97</ns3:cad>
          </ns3:TrackPointExtension>
        </extensions>
      </trkpt>
      <trkpt lat="29.1483577899634838104248046875" lon="120.32810722477734088897705078125">
        <ele>142.399993896484375</ele>
        <time>2016-06-22T11:45:14.000Z</time>
        <extensions>
          <ns3:TrackPointExtension>
            <ns3:hr>158</ns3:hr>
            <ns3:cad>97</ns3:cad>
          </ns3:TrackPointExtension>
        </extensions>
      </trkpt>
      <trkpt lat="29.14833440445363521575927734375" lon="120.32811258919537067413330078125">
        <ele>142.399993896484375</ele>
        <time>2016-06-22T11:45:15.000Z</time>
        <extensions>
          <ns3:TrackPointExtension>
            <ns3:hr>158</ns3:hr>
            <ns3:cad>97</ns3:cad>
          </ns3:TrackPointExtension>
        </extensions>
      </trkpt>
      <trkpt lat="29.14830842055380344390869140625" lon="120.32811862416565418243408203125">
        <ele>142.600006103515625</ele>
        <time>2016-06-22T11:45:16.000Z</time>
        <extensions>
          <ns3:TrackPointExtension>
            <ns3:hr>158</ns3:hr>
            <ns3:cad>96</ns3:cad>
          </ns3:TrackPointExtension>
        </extensions>
      </trkpt>
      <trkpt lat="29.14828478358685970306396484375" lon="120.32812465913593769073486328125">
        <ele>142.600006103515625</ele>
        <time>2016-06-22T11:45:17.000Z</time>
        <extensions>
          <ns3:TrackPointExtension>
            <ns3:hr>158</ns3:hr>
            <ns3:cad>96</ns3:cad>
          </ns3:TrackPointExtension>
        </extensions>
      </trkpt>
      <trkpt lat="29.14826366119086742401123046875" lon="120.3281307779252529144287109375">
        <ele>142.600006103515625</ele>
        <time>2016-06-22T11:45:18.000Z</time>
        <extensions>
          <ns3:TrackPointExtension>
            <ns3:hr>158</ns3:hr>
            <ns3:cad>97</ns3:cad>
          </ns3:TrackPointExtension>
        </extensions>
      </trkpt>
      <trkpt lat="29.148239605128765106201171875" lon="120.32814024947583675384521484375">
        <ele>142.8000030517578125</ele>
        <time>2016-06-22T11:45:19.000Z</time>
        <extensions>
          <ns3:TrackPointExtension>
            <ns3:hr>157</ns3:hr>
            <ns3:cad>97</ns3:cad>
          </ns3:TrackPointExtension>
        </extensions>
      </trkpt>
      <trkpt lat="29.1482179798185825347900390625" lon="120.32815466634929180145263671875">
        <ele>142.8000030517578125</ele>
        <time>2016-06-22T11:45:20.000Z</time>
        <extensions>
          <ns3:TrackPointExtension>
            <ns3:hr>158</ns3:hr>
            <ns3:cad>98</ns3:cad>
          </ns3:TrackPointExtension>
        </extensions>
      </trkpt>
      <trkpt lat="29.14819509722292423248291015625" lon="120.328166149556636810302734375">
        <ele>143</ele>
        <time>2016-06-22T11:45:21.000Z</time>
        <extensions>
          <ns3:TrackPointExtension>
            <ns3:hr>158</ns3:hr>
            <ns3:cad>98</ns3:cad>
          </ns3:TrackPointExtension>
        </extensions>
      </trkpt>
      <trkpt lat="29.14817464537918567657470703125" lon="120.328179895877838134765625">
        <ele>143</ele>
        <time>2016-06-22T11:45:22.000Z</time>
        <extensions>
          <ns3:TrackPointExtension>
            <ns3:hr>158</ns3:hr>
            <ns3:cad>97</ns3:cad>
          </ns3:TrackPointExtension>
        </extensions>
      </trkpt>
      <trkpt lat="29.14813642390072345733642578125" lon="120.3282080590724945068359375">
        <ele>143</ele>
        <time>2016-06-22T11:45:23.000Z</time>
        <extensions>
          <ns3:TrackPointExtension>
            <ns3:hr>157</ns3:hr>
            <ns3:cad>97</ns3:cad>
          </ns3:TrackPointExtension>
        </extensions>
      </trkpt>
      <trkpt lat="29.14813642390072345733642578125" lon="120.3282080590724945068359375">
        <ele>143</ele>
        <time>2016-06-22T11:45:24.000Z</time>
        <extensions>
          <ns3:TrackPointExtension>
            <ns3:hr>157</ns3:hr>
            <ns3:cad>97</ns3:cad>
          </ns3:TrackPointExtension>
        </extensions>
      </trkpt>
      <trkpt lat="29.148116894066333770751953125" lon="120.32822725363075733184814453125">
        <ele>143.1999969482421875</ele>
        <time>2016-06-22T11:45:25.000Z</time>
        <extensions>
          <ns3:TrackPointExtension>
            <ns3:hr>157</ns3:hr>
            <ns3:cad>96</ns3:cad>
          </ns3:TrackPointExtension>
        </extensions>
      </trkpt>
      <trkpt lat="29.14809518493711948394775390625" lon="120.3282482922077178955078125">
        <ele>143.1999969482421875</ele>
        <time>2016-06-22T11:45:26.000Z</time>
        <extensions>
          <ns3:TrackPointExtension>
            <ns3:hr>158</ns3:hr>
            <ns3:cad>96</ns3:cad>
          </ns3:TrackPointExtension>
        </extensions>
      </trkpt>
      <trkpt lat="29.14806048385798931121826171875" lon="120.32829992473125457763671875">
        <ele>143.399993896484375</ele>
        <time>2016-06-22T11:45:27.000Z</time>
        <extensions>
          <ns3:TrackPointExtension>
            <ns3:hr>157</ns3:hr>
            <ns3:cad>96</ns3:cad>
          </ns3:TrackPointExtension>
        </extensions>
      </trkpt>
      <trkpt lat="29.14806048385798931121826171875" lon="120.32829992473125457763671875">
        <ele>143.399993896484375</ele>
        <time>2016-06-22T11:45:28.000Z</time>
        <extensions>
          <ns3:TrackPointExtension>
            <ns3:hr>157</ns3:hr>
            <ns3:cad>97</ns3:cad>
          </ns3:TrackPointExtension>
        </extensions>
      </trkpt>
      <trkpt lat="29.14804480969905853271484375" lon="120.3283292613923549652099609375">
        <ele>143.399993896484375</ele>
        <time>2016-06-22T11:45:29.000Z</time>
        <extensions>
          <ns3:TrackPointExtension>
            <ns3:hr>158</ns3:hr>
            <ns3:cad>97</ns3:cad>
          </ns3:TrackPointExtension>
        </extensions>
      </trkpt>
      <trkpt lat="29.1480302251875400543212890625" lon="120.3283591009676456451416015625">
        <ele>143.600006103515625</ele>
        <time>2016-06-22T11:45:30.000Z</time>
        <extensions>
          <ns3:TrackPointExtension>
            <ns3:hr>158</ns3:hr>
            <ns3:cad>97</ns3:cad>
          </ns3:TrackPointExtension>
        </extensions>
      </trkpt>
      <trkpt lat="29.148008264601230621337890625" lon="120.32842271961271762847900390625">
        <ele>143.600006103515625</ele>
        <time>2016-06-22T11:45:31.000Z</time>
        <extensions>
          <ns3:TrackPointExtension>
            <ns3:hr>158</ns3:hr>
            <ns3:cad>97</ns3:cad>
          </ns3:TrackPointExtension>
        </extensions>
      </trkpt>
      <trkpt lat="29.148008264601230621337890625" lon="120.32842271961271762847900390625">
        <ele>143.600006103515625</ele>
        <time>2016-06-22T11:45:32.000Z</time>
        <extensions>
          <ns3:TrackPointExtension>
            <ns3:hr>158</ns3:hr>
            <ns3:cad>97</ns3:cad>
          </ns3:TrackPointExtension>
        </extensions>
      </trkpt>
      <trkpt lat="29.14799996651709079742431640625" lon="120.3284539841115474700927734375">
        <ele>143.600006103515625</ele>
        <time>2016-06-22T11:45:33.000Z</time>
        <extensions>
          <ns3:TrackPointExtension>
            <ns3:hr>158</ns3:hr>
            <ns3:cad>97</ns3:cad>
          </ns3:TrackPointExtension>
        </extensions>
      </trkpt>
      <trkpt lat="29.147995524108409881591796875" lon="120.32848457805812358856201171875">
        <ele>143.600006103515625</ele>
        <time>2016-06-22T11:45:34.000Z</time>
        <extensions>
          <ns3:TrackPointExtension>
            <ns3:hr>157</ns3:hr>
            <ns3:cad>96</ns3:cad>
          </ns3:TrackPointExtension>
        </extensions>
      </trkpt>
      <trkpt lat="29.14798839949071407318115234375" lon="120.32854610122740268707275390625">
        <ele>144</ele>
        <time>2016-06-22T11:45:35.000Z</time>
        <extensions>
          <ns3:TrackPointExtension>
            <ns3:hr>157</ns3:hr>
            <ns3:cad>96</ns3:cad>
          </ns3:TrackPointExtension>
        </extensions>
      </trkpt>
      <trkpt lat="29.14798839949071407318115234375" lon="120.32854610122740268707275390625">
        <ele>144</ele>
        <time>2016-06-22T11:45:36.000Z</time>
        <extensions>
          <ns3:TrackPointExtension>
            <ns3:hr>157</ns3:hr>
            <ns3:cad>96</ns3:cad>
          </ns3:TrackPointExtension>
        </extensions>
      </trkpt>
      <trkpt lat="29.14798806421458721160888671875" lon="120.3285750187933444976806640625">
        <ele>144.1999969482421875</ele>
        <time>2016-06-22T11:45:37.000Z</time>
        <extensions>
          <ns3:TrackPointExtension>
            <ns3:hr>157</ns3:hr>
            <ns3:cad>96</ns3:cad>
          </ns3:TrackPointExtension>
        </extensions>
      </trkpt>
      <trkpt lat="29.14798974059522151947021484375" lon="120.328603684902191162109375">
        <ele>144.399993896484375</ele>
        <time>2016-06-22T11:45:38.000Z</time>
        <extensions>
          <ns3:TrackPointExtension>
            <ns3:hr>157</ns3:hr>
            <ns3:cad>96</ns3:cad>
          </ns3:TrackPointExtension>
        </extensions>
      </trkpt>
      <trkpt lat="29.14800147525966167449951171875" lon="120.32865774817764759063720703125">
        <ele>144.600006103515625</ele>
        <time>2016-06-22T11:45:39.000Z</time>
        <extensions>
          <ns3:TrackPointExtension>
            <ns3:hr>158</ns3:hr>
            <ns3:cad>96</ns3:cad>
          </ns3:TrackPointExtension>
        </extensions>
      </trkpt>
      <trkpt lat="29.14800147525966167449951171875" lon="120.32865774817764759063720703125">
        <ele>144.600006103515625</ele>
        <time>2016-06-22T11:45:40.000Z</time>
        <extensions>
          <ns3:TrackPointExtension>
            <ns3:hr>158</ns3:hr>
            <ns3:cad>96</ns3:cad>
          </ns3:TrackPointExtension>
        </extensions>
      </trkpt>
      <trkpt lat="29.1480087675154209136962890625" lon="120.32868457026779651641845703125">
        <ele>144.600006103515625</ele>
        <time>2016-06-22T11:45:41.000Z</time>
        <extensions>
          <ns3:TrackPointExtension>
            <ns3:hr>158</ns3:hr>
            <ns3:cad>97</ns3:cad>
          </ns3:TrackPointExtension>
        </extensions>
      </trkpt>
      <trkpt lat="29.1480148024857044219970703125" lon="120.3287096321582794189453125">
        <ele>144.8000030517578125</ele>
        <time>2016-06-22T11:45:42.000Z</time>
        <extensions>
          <ns3:TrackPointExtension>
            <ns3:hr>157</ns3:hr>
            <ns3:cad>97</ns3:cad>
          </ns3:TrackPointExtension>
        </extensions>
      </trkpt>
      <trkpt lat="29.14802175946533679962158203125" lon="120.3287362866103649139404296875">
        <ele>144.8000030517578125</ele>
        <time>2016-06-22T11:45:43.000Z</time>
        <extensions>
          <ns3:TrackPointExtension>
            <ns3:hr>157</ns3:hr>
            <ns3:cad>97</ns3:cad>
          </ns3:TrackPointExtension>
        </extensions>
      </trkpt>
      <trkpt lat="29.14802997373044490814208984375" lon="120.32876168377697467803955078125">
        <ele>145</ele>
        <time>2016-06-22T11:45:44.000Z</time>
        <extensions>
          <ns3:TrackPointExtension>
            <ns3:hr>157</ns3:hr>
            <ns3:cad>97</ns3:cad>
          </ns3:TrackPointExtension>
        </extensions>
      </trkpt>
      <trkpt lat="29.14804019965231418609619140625" lon="120.3287849016487598419189453125">
        <ele>145</ele>
        <time>2016-06-22T11:45:45.000Z</time>
        <extensions>
          <ns3:TrackPointExtension>
            <ns3:hr>159</ns3:hr>
            <ns3:cad>97</ns3:cad>
          </ns3:TrackPointExtension>
        </extensions>
      </trkpt>
      <trkpt lat="29.14805193431675434112548828125" lon="120.32880744896829128265380859375">
        <ele>145</ele>
        <time>2016-06-22T11:45:46.000Z</time>
        <extensions>
          <ns3:TrackPointExtension>
            <ns3:hr>159</ns3:hr>
            <ns3:cad>97</ns3:cad>
          </ns3:TrackPointExtension>
        </extensions>
      </trkpt>
      <trkpt lat="29.148069284856319427490234375" lon="120.32882957719266414642333984375">
        <ele>145</ele>
        <time>2016-06-22T11:45:47.000Z</time>
        <extensions>
          <ns3:TrackPointExtension>
            <ns3:hr>159</ns3:hr>
            <ns3:cad>97</ns3:cad>
          </ns3:TrackPointExtension>
        </extensions>
      </trkpt>
      <trkpt lat="29.14808881469070911407470703125" lon="120.32885304652154445648193359375">
        <ele>145</ele>
        <time>2016-06-22T11:45:48.000Z</time>
        <extensions>
          <ns3:TrackPointExtension>
            <ns3:hr>159</ns3:hr>
            <ns3:cad>97</ns3:cad>
          </ns3:TrackPointExtension>
        </extensions>
      </trkpt>
      <trkpt lat="29.14811211638152599334716796875" lon="120.32887735404074192047119140625">
        <ele>145</ele>
        <time>2016-06-22T11:45:49.000Z</time>
        <extensions>
          <ns3:TrackPointExtension>
            <ns3:hr>159</ns3:hr>
            <ns3:cad>97</ns3:cad>
          </ns3:TrackPointExtension>
        </extensions>
      </trkpt>
      <trkpt lat="29.14815469644963741302490234375" lon="120.32892110757529735565185546875">
        <ele>145</ele>
        <time>2016-06-22T11:45:50.000Z</time>
        <extensions>
          <ns3:TrackPointExtension>
            <ns3:hr>159</ns3:hr>
            <ns3:cad>97</ns3:cad>
          </ns3:TrackPointExtension>
        </extensions>
      </trkpt>
      <trkpt lat="29.14815469644963741302490234375" lon="120.32892110757529735565185546875">
        <ele>145</ele>
        <time>2016-06-22T11:45:51.000Z</time>
        <extensions>
          <ns3:TrackPointExtension>
            <ns3:hr>159</ns3:hr>
            <ns3:cad>97</ns3:cad>
          </ns3:TrackPointExtension>
        </extensions>
      </trkpt>
      <trkpt lat="29.14817414246499538421630859375" lon="120.32894055359065532684326171875">
        <ele>145</ele>
        <time>2016-06-22T11:45:52.000Z</time>
        <extensions>
          <ns3:TrackPointExtension>
            <ns3:hr>159</ns3:hr>
            <ns3:cad>97</ns3:cad>
          </ns3:TrackPointExtension>
        </extensions>
      </trkpt>
      <trkpt lat="29.14819342084228992462158203125" lon="120.328958742320537567138671875">
        <ele>145</ele>
        <time>2016-06-22T11:45:53.000Z</time>
        <extensions>
          <ns3:TrackPointExtension>
            <ns3:hr>159</ns3:hr>
            <ns3:cad>97</ns3:cad>
          </ns3:TrackPointExtension>
        </extensions>
      </trkpt>
      <trkpt lat="29.148235581815242767333984375" lon="120.3289874084293842315673828125">
        <ele>144.8000030517578125</ele>
        <time>2016-06-22T11:45:54.000Z</time>
        <extensions>
          <ns3:TrackPointExtension>
            <ns3:hr>159</ns3:hr>
            <ns3:cad>97</ns3:cad>
          </ns3:TrackPointExtension>
        </extensions>
      </trkpt>
      <trkpt lat="29.148235581815242767333984375" lon="120.3289874084293842315673828125">
        <ele>144.8000030517578125</ele>
        <time>2016-06-22T11:45:55.000Z</time>
        <extensions>
          <ns3:TrackPointExtension>
            <ns3:hr>159</ns3:hr>
            <ns3:cad>97</ns3:cad>
          </ns3:TrackPointExtension>
        </extensions>
      </trkpt>
      <trkpt lat="29.148257039487361907958984375" lon="120.328998975455760955810546875">
        <ele>144.600006103515625</ele>
        <time>2016-06-22T11:45:56.000Z</time>
        <extensions>
          <ns3:TrackPointExtension>
            <ns3:hr>159</ns3:hr>
            <ns3:cad>97</ns3:cad>
          </ns3:TrackPointExtension>
        </extensions>
      </trkpt>
      <trkpt lat="29.14827807806432247161865234375" lon="120.3290092013776302337646484375">
        <ele>144.600006103515625</ele>
        <time>2016-06-22T11:45:57.000Z</time>
        <extensions>
          <ns3:TrackPointExtension>
            <ns3:hr>159</ns3:hr>
            <ns3:cad>96</ns3:cad>
          </ns3:TrackPointExtension>
        </extensions>
      </trkpt>
      <trkpt lat="29.14829819463193416595458984375" lon="120.3290189243853092193603515625">
        <ele>144.600006103515625</ele>
        <time>2016-06-22T11:45:58.000Z</time>
        <extensions>
          <ns3:TrackPointExtension>
            <ns3:hr>159</ns3:hr>
            <ns3:cad>96</ns3:cad>
          </ns3:TrackPointExtension>
        </extensions>
      </trkpt>
      <trkpt lat="29.1483155451714992523193359375" lon="120.32902688719332218170166015625">
        <ele>144.399993896484375</ele>
        <time>2016-06-22T11:45:59.000Z</time>
        <extensions>
          <ns3:TrackPointExtension>
            <ns3:hr>159</ns3:hr>
            <ns3:cad>95</ns3:cad>
          </ns3:TrackPointExtension>
        </extensions>
      </trkpt>
      <trkpt lat="29.1483329795300960540771484375" lon="120.32903510145843029022216796875">
        <ele>144.399993896484375</ele>
        <time>2016-06-22T11:46:00.000Z</time>
        <extensions>
          <ns3:TrackPointExtension>
            <ns3:hr>158</ns3:hr>
            <ns3:cad>95</ns3:cad>
          </ns3:TrackPointExtension>
        </extensions>
      </trkpt>
      <trkpt lat="29.1483329795300960540771484375" lon="120.32903510145843029022216796875">
        <ele>144.399993896484375</ele>
        <time>2016-06-22T11:46:01.000Z</time>
        <extensions>
          <ns3:TrackPointExtension>
            <ns3:hr>158</ns3:hr>
            <ns3:cad>95</ns3:cad>
          </ns3:TrackPointExtension>
        </extensions>
      </trkpt>
      <trkpt lat="29.14833180606365203857421875" lon="120.32903661020100116729736328125">
        <ele>144.399993896484375</ele>
        <time>2016-06-22T11:46:02.000Z</time>
        <extensions>
          <ns3:TrackPointExtension>
            <ns3:hr>158</ns3:hr>
            <ns3:cad>0</ns3:cad>
          </ns3:TrackPointExtension>
        </extensions>
      </trkpt>
      <trkpt lat="29.1483311355113983154296875" lon="120.329031832516193389892578125">
        <ele>144.399993896484375</ele>
        <time>2016-06-22T11:46:03.000Z</time>
        <extensions>
          <ns3:TrackPointExtension>
            <ns3:hr>158</ns3:hr>
            <ns3:cad>0</ns3:cad>
          </ns3:TrackPointExtension>
        </extensions>
      </trkpt>
      <trkpt lat="29.14833105169236660003662109375" lon="120.3290314972400665283203125">
        <ele>144.399993896484375</ele>
        <time>2016-06-22T11:46:04.000Z</time>
        <extensions>
          <ns3:TrackPointExtension>
            <ns3:hr>158</ns3:hr>
            <ns3:cad>0</ns3:cad>
          </ns3:TrackPointExtension>
        </extensions>
      </trkpt>
      <trkpt lat="29.1483333148062229156494140625" lon="120.3290306590497493743896484375">
        <ele>144.399993896484375</ele>
        <time>2016-06-22T11:46:05.000Z</time>
        <extensions>
          <ns3:TrackPointExtension>
            <ns3:hr>157</ns3:hr>
            <ns3:cad>0</ns3:cad>
          </ns3:TrackPointExtension>
        </extensions>
      </trkpt>
      <trkpt lat="29.1483338177204132080078125" lon="120.32902889885008335113525390625">
        <ele>144.399993896484375</ele>
        <time>2016-06-22T11:46:06.000Z</time>
        <extensions>
          <ns3:TrackPointExtension>
            <ns3:hr>155</ns3:hr>
            <ns3:cad>0</ns3:cad>
          </ns3:TrackPointExtension>
        </extensions>
      </trkpt>
      <trkpt lat="29.14833373390138149261474609375" lon="120.32902889885008335113525390625">
        <ele>144.399993896484375</ele>
        <time>2016-06-22T11:46:07.000Z</time>
        <extensions>
          <ns3:TrackPointExtension>
            <ns3:hr>155</ns3:hr>
            <ns3:cad>62</ns3:cad>
          </ns3:TrackPointExtension>
        </extensions>
      </trkpt>
      <trkpt lat="29.14833373390138149261474609375" lon="120.32902772538363933563232421875">
        <ele>144.399993896484375</ele>
        <time>2016-06-22T11:46:08.000Z</time>
        <extensions>
          <ns3:TrackPointExtension>
            <ns3:hr>154</ns3:hr>
            <ns3:cad>62</ns3:cad>
          </ns3:TrackPointExtension>
        </extensions>
      </trkpt>
      <trkpt lat="29.14833926595747470855712890625" lon="120.329029150307178497314453125">
        <ele>144.399993896484375</ele>
        <time>2016-06-22T11:46:09.000Z</time>
        <extensions>
          <ns3:TrackPointExtension>
            <ns3:hr>154</ns3:hr>
            <ns3:cad>62</ns3:cad>
          </ns3:TrackPointExtension>
        </extensions>
      </trkpt>
      <trkpt lat="29.1483705304563045501708984375" lon="120.32904381863772869110107421875">
        <ele>144.1999969482421875</ele>
        <time>2016-06-22T11:46:10.000Z</time>
        <extensions>
          <ns3:TrackPointExtension>
            <ns3:hr>155</ns3:hr>
            <ns3:cad>62</ns3:cad>
          </ns3:TrackPointExtension>
        </extensions>
      </trkpt>
      <trkpt lat="29.1483705304563045501708984375" lon="120.32904381863772869110107421875">
        <ele>144.1999969482421875</ele>
        <time>2016-06-22T11:46:11.000Z</time>
        <extensions>
          <ns3:TrackPointExtension>
            <ns3:hr>155</ns3:hr>
            <ns3:cad>62</ns3:cad>
          </ns3:TrackPointExtension>
        </extensions>
      </trkpt>
      <trkpt lat="29.1483893059194087982177734375" lon="120.32905220054090023040771484375">
        <ele>144.1999969482421875</ele>
        <time>2016-06-22T11:46:12.000Z</time>
        <extensions>
          <ns3:TrackPointExtension>
            <ns3:hr>154</ns3:hr>
            <ns3:cad>62</ns3:cad>
          </ns3:TrackPointExtension>
        </extensions>
      </trkpt>
      <trkpt lat="29.1484144516289234161376953125" lon="120.32905857078731060028076171875">
        <ele>144.1999969482421875</ele>
        <time>2016-06-22T11:46:13.000Z</time>
        <extensions>
          <ns3:TrackPointExtension>
            <ns3:hr>153</ns3:hr>
            <ns3:cad>93</ns3:cad>
          </ns3:TrackPointExtension>
        </extensions>
      </trkpt>
      <trkpt lat="29.14844068698585033416748046875" lon="120.32906712032854557037353515625">
        <ele>144</ele>
        <time>2016-06-22T11:46:14.000Z</time>
        <extensions>
          <ns3:TrackPointExtension>
            <ns3:hr>153</ns3:hr>
            <ns3:cad>96</ns3:cad>
          </ns3:TrackPointExtension>
        </extensions>
      </trkpt>
      <trkpt lat="29.14846633560955524444580078125" lon="120.32907634042203426361083984375">
        <ele>143.8000030517578125</ele>
        <time>2016-06-22T11:46:15.000Z</time>
        <extensions>
          <ns3:TrackPointExtension>
            <ns3:hr>153</ns3:hr>
            <ns3:cad>96</ns3:cad>
          </ns3:TrackPointExtension>
        </extensions>
      </trkpt>
      <trkpt lat="29.14849081076681613922119140625" lon="120.32908472232520580291748046875">
        <ele>143.1999969482421875</ele>
        <time>2016-06-22T11:46:16.000Z</time>
        <extensions>
          <ns3:TrackPointExtension>
            <ns3:hr>154</ns3:hr>
            <ns3:cad>96</ns3:cad>
          </ns3:TrackPointExtension>
        </extensions>
      </trkpt>
      <trkpt lat="29.1485177166759967803955078125" lon="120.32909394241869449615478515625">
        <ele>142.8000030517578125</ele>
        <time>2016-06-22T11:46:17.000Z</time>
        <extensions>
          <ns3:TrackPointExtension>
            <ns3:hr>154</ns3:hr>
            <ns3:cad>96</ns3:cad>
          </ns3:TrackPointExtension>
        </extensions>
      </trkpt>
      <trkpt lat="29.14854504168033599853515625" lon="120.3291014023125171661376953125">
        <ele>142.399993896484375</ele>
        <time>2016-06-22T11:46:18.000Z</time>
        <extensions>
          <ns3:TrackPointExtension>
            <ns3:hr>153</ns3:hr>
            <ns3:cad>96</ns3:cad>
          </ns3:TrackPointExtension>
        </extensions>
      </trkpt>
      <trkpt lat="29.1485683433711528778076171875" lon="120.32910752110183238983154296875">
        <ele>142</ele>
        <time>2016-06-22T11:46:19.000Z</time>
        <extensions>
          <ns3:TrackPointExtension>
            <ns3:hr>153</ns3:hr>
            <ns3:cad>98</ns3:cad>
          </ns3:TrackPointExtension>
        </extensions>
      </trkpt>
      <trkpt lat="29.1485913097858428955078125" lon="120.3291164897382259368896484375">
        <ele>141.600006103515625</ele>
        <time>2016-06-22T11:46:20.000Z</time>
        <extensions>
          <ns3:TrackPointExtension>
            <ns3:hr>153</ns3:hr>
            <ns3:cad>98</ns3:cad>
          </ns3:TrackPointExtension>
        </extensions>
      </trkpt>
      <trkpt lat="29.14861536584794521331787109375" lon="120.3291262127459049224853515625">
        <ele>141.1999969482421875</ele>
        <time>2016-06-22T11:46:21.000Z</time>
        <extensions>
          <ns3:TrackPointExtension>
            <ns3:hr>153</ns3:hr>
            <ns3:cad>98</ns3:cad>
          </ns3:TrackPointExtension>
        </extensions>
      </trkpt>
      <trkpt lat="29.14863917045295238494873046875" lon="120.32913819886744022369384765625">
        <ele>140.8000030517578125</ele>
        <time>2016-06-22T11:46:22.000Z</time>
        <extensions>
          <ns3:TrackPointExtension>
            <ns3:hr>152</ns3:hr>
            <ns3:cad>96</ns3:cad>
          </ns3:TrackPointExtension>
        </extensions>
      </trkpt>
      <trkpt lat="29.14866079576313495635986328125" lon="120.32914616167545318603515625">
        <ele>140.399993896484375</ele>
        <time>2016-06-22T11:46:23.000Z</time>
        <extensions>
          <ns3:TrackPointExtension>
            <ns3:hr>152</ns3:hr>
            <ns3:cad>96</ns3:cad>
          </ns3:TrackPointExtension>
        </extensions>
      </trkpt>
      <trkpt lat="29.1487041302025318145751953125" lon="120.32916200347244739532470703125">
        <ele>139.8000030517578125</ele>
        <time>2016-06-22T11:46:24.000Z</time>
        <extensions>
          <ns3:TrackPointExtension>
            <ns3:hr>152</ns3:hr>
            <ns3:cad>96</ns3:cad>
          </ns3:TrackPointExtension>
        </extensions>
      </trkpt>
      <trkpt lat="29.1487041302025318145751953125" lon="120.32916200347244739532470703125">
        <ele>139.8000030517578125</ele>
        <time>2016-06-22T11:46:25.000Z</time>
        <extensions>
          <ns3:TrackPointExtension>
            <ns3:hr>152</ns3:hr>
            <ns3:cad>96</ns3:cad>
          </ns3:TrackPointExtension>
        </extensions>
      </trkpt>
      <trkpt lat="29.1487262584269046783447265625" lon="120.32916887663304805755615234375">
        <ele>139.399993896484375</ele>
        <time>2016-06-22T11:46:26.000Z</time>
        <extensions>
          <ns3:TrackPointExtension>
            <ns3:hr>152</ns3:hr>
            <ns3:cad>97</ns3:cad>
          </ns3:TrackPointExtension>
        </extensions>
      </trkpt>
      <trkpt lat="29.14875014685094356536865234375" lon="120.32917608506977558135986328125">
        <ele>139.1999969482421875</ele>
        <time>2016-06-22T11:46:27.000Z</time>
        <extensions>
          <ns3:TrackPointExtension>
            <ns3:hr>152</ns3:hr>
            <ns3:cad>97</ns3:cad>
          </ns3:TrackPointExtension>
        </extensions>
      </trkpt>
      <trkpt lat="29.148774035274982452392578125" lon="120.32918429933488368988037109375">
        <ele>139</ele>
        <time>2016-06-22T11:46:28.000Z</time>
        <extensions>
          <ns3:TrackPointExtension>
            <ns3:hr>152</ns3:hr>
            <ns3:cad>97</ns3:cad>
          </ns3:TrackPointExtension>
        </extensions>
      </trkpt>
      <trkpt lat="29.14879851043224334716796875" lon="120.3291919268667697906494140625">
        <ele>139</ele>
        <time>2016-06-22T11:46:29.000Z</time>
        <extensions>
          <ns3:TrackPointExtension>
            <ns3:hr>152</ns3:hr>
            <ns3:cad>97</ns3:cad>
          </ns3:TrackPointExtension>
        </extensions>
      </trkpt>
      <trkpt lat="29.14882441051304340362548828125" lon="120.3291993029415607452392578125">
        <ele>138.8000030517578125</ele>
        <time>2016-06-22T11:46:30.000Z</time>
        <extensions>
          <ns3:TrackPointExtension>
            <ns3:hr>152</ns3:hr>
            <ns3:cad>97</ns3:cad>
          </ns3:TrackPointExtension>
        </extensions>
      </trkpt>
      <trkpt lat="29.14884938858449459075927734375" lon="120.32920592464506626129150390625">
        <ele>138.600006103515625</ele>
        <time>2016-06-22T11:46:31.000Z</time>
        <extensions>
          <ns3:TrackPointExtension>
            <ns3:hr>153</ns3:hr>
            <ns3:cad>97</ns3:cad>
          </ns3:TrackPointExtension>
        </extensions>
      </trkpt>
      <trkpt lat="29.1488751210272312164306640625" lon="120.329214222729206085205078125">
        <ele>138.399993896484375</ele>
        <time>2016-06-22T11:46:32.000Z</time>
        <extensions>
          <ns3:TrackPointExtension>
            <ns3:hr>153</ns3:hr>
            <ns3:cad>98</ns3:cad>
          </ns3:TrackPointExtension>
        </extensions>
      </trkpt>
      <trkpt lat="29.14889968000352382659912109375" lon="120.3292241133749485015869140625">
        <ele>138.399993896484375</ele>
        <time>2016-06-22T11:46:33.000Z</time>
        <extensions>
          <ns3:TrackPointExtension>
            <ns3:hr>154</ns3:hr>
            <ns3:cad>98</ns3:cad>
          </ns3:TrackPointExtension>
        </extensions>
      </trkpt>
      <trkpt lat="29.14892717264592647552490234375" lon="120.32923073507845401763916015625">
        <ele>138.1999969482421875</ele>
        <time>2016-06-22T11:46:34.000Z</time>
        <extensions>
          <ns3:TrackPointExtension>
            <ns3:hr>154</ns3:hr>
            <ns3:cad>98</ns3:cad>
          </ns3:TrackPointExtension>
        </extensions>
      </trkpt>
      <trkpt lat="29.14898685179650783538818359375" lon="120.32925537787377834320068359375">
        <ele>137.8000030517578125</ele>
        <time>2016-06-22T11:46:35.000Z</time>
        <extensions>
          <ns3:TrackPointExtension>
            <ns3:hr>155</ns3:hr>
            <ns3:cad>97</ns3:cad>
          </ns3:TrackPointExtension>
        </extensions>
      </trkpt>
      <trkpt lat="29.14898685179650783538818359375" lon="120.32925537787377834320068359375">
        <ele>137.8000030517578125</ele>
        <time>2016-06-22T11:46:36.000Z</time>
        <extensions>
          <ns3:TrackPointExtension>
            <ns3:hr>155</ns3:hr>
            <ns3:cad>97</ns3:cad>
          </ns3:TrackPointExtension>
        </extensions>
      </trkpt>
      <trkpt lat="29.149016775190830230712890625" lon="120.32926493324339389801025390625">
        <ele>137.8000030517578125</ele>
        <time>2016-06-22T11:46:37.000Z</time>
        <extensions>
          <ns3:TrackPointExtension>
            <ns3:hr>156</ns3:hr>
            <ns3:cad>97</ns3:cad>
          </ns3:TrackPointExtension>
        </extensions>
      </trkpt>
      <trkpt lat="29.1490461118519306182861328125" lon="120.3292730636894702911376953125">
        <ele>138</ele>
        <time>2016-06-22T11:46:38.000Z</time>
        <extensions>
          <ns3:TrackPointExtension>
            <ns3:hr>157</ns3:hr>
            <ns3:cad>97</ns3:cad>
          </ns3:TrackPointExtension>
        </extensions>
      </trkpt>
      <trkpt lat="29.14910436607897281646728515625" lon="120.32928027212619781494140625">
        <ele>138.600006103515625</ele>
        <time>2016-06-22T11:46:39.000Z</time>
        <extensions>
          <ns3:TrackPointExtension>
            <ns3:hr>158</ns3:hr>
            <ns3:cad>98</ns3:cad>
          </ns3:TrackPointExtension>
        </extensions>
      </trkpt>
      <trkpt lat="29.14910436607897281646728515625" lon="120.32928027212619781494140625">
        <ele>138.600006103515625</ele>
        <time>2016-06-22T11:46:40.000Z</time>
        <extensions>
          <ns3:TrackPointExtension>
            <ns3:hr>158</ns3:hr>
            <ns3:cad>98</ns3:cad>
          </ns3:TrackPointExtension>
        </extensions>
      </trkpt>
      <trkpt lat="29.1491366364061832427978515625" lon="120.3292807750403881072998046875">
        <ele>138.8000030517578125</ele>
        <time>2016-06-22T11:46:41.000Z</time>
        <extensions>
          <ns3:TrackPointExtension>
            <ns3:hr>159</ns3:hr>
            <ns3:cad>98</ns3:cad>
          </ns3:TrackPointExtension>
        </extensions>
      </trkpt>
      <trkpt lat="29.14916471578180789947509765625" lon="120.3292774222791194915771484375">
        <ele>139</ele>
        <time>2016-06-22T11:46:42.000Z</time>
        <extensions>
          <ns3:TrackPointExtension>
            <ns3:hr>159</ns3:hr>
            <ns3:cad>98</ns3:cad>
          </ns3:TrackPointExtension>
        </extensions>
      </trkpt>
      <trkpt lat="29.14921601302921772003173828125" lon="120.32926627434790134429931640625">
        <ele>139.399993896484375</ele>
        <time>2016-06-22T11:46:43.000Z</time>
        <extensions>
          <ns3:TrackPointExtension>
            <ns3:hr>159</ns3:hr>
            <ns3:cad>98</ns3:cad>
          </ns3:TrackPointExtension>
        </extensions>
      </trkpt>
      <trkpt lat="29.14921601302921772003173828125" lon="120.32926627434790134429931640625">
        <ele>139.399993896484375</ele>
        <time>2016-06-22T11:46:44.000Z</time>
        <extensions>
          <ns3:TrackPointExtension>
            <ns3:hr>159</ns3:hr>
            <ns3:cad>98</ns3:cad>
          </ns3:TrackPointExtension>
        </extensions>
      </trkpt>
      <trkpt lat="29.14924132637679576873779296875" lon="120.32926057465374469757080078125">
        <ele>139.600006103515625</ele>
        <time>2016-06-22T11:46:45.000Z</time>
        <extensions>
          <ns3:TrackPointExtension>
            <ns3:hr>159</ns3:hr>
            <ns3:cad>98</ns3:cad>
          </ns3:TrackPointExtension>
        </extensions>
      </trkpt>
      <trkpt lat="29.14926496334373950958251953125" lon="120.32925001345574855804443359375">
        <ele>139.8000030517578125</ele>
        <time>2016-06-22T11:46:46.000Z</time>
        <extensions>
          <ns3:TrackPointExtension>
            <ns3:hr>158</ns3:hr>
            <ns3:cad>98</ns3:cad>
          </ns3:TrackPointExtension>
        </extensions>
      </trkpt>
      <trkpt lat="29.1493089683353900909423828125" lon="120.32922327518463134765625">
        <ele>140.1999969482421875</ele>
        <time>2016-06-22T11:46:47.000Z</time>
        <extensions>
          <ns3:TrackPointExtension>
            <ns3:hr>158</ns3:hr>
            <ns3:cad>97</ns3:cad>
          </ns3:TrackPointExtension>
        </extensions>
      </trkpt>
      <trkpt lat="29.1493089683353900909423828125" lon="120.32922327518463134765625">
        <ele>140.1999969482421875</ele>
        <time>2016-06-22T11:46:48.000Z</time>
        <extensions>
          <ns3:TrackPointExtension>
            <ns3:hr>158</ns3:hr>
            <ns3:cad>97</ns3:cad>
          </ns3:TrackPointExtension>
        </extensions>
      </trkpt>
      <trkpt lat="29.1493284143507480621337890625" lon="120.329208858311176300048828125">
        <ele>140.1999969482421875</ele>
        <time>2016-06-22T11:46:49.000Z</time>
        <extensions>
          <ns3:TrackPointExtension>
            <ns3:hr>158</ns3:hr>
            <ns3:cad>97</ns3:cad>
          </ns3:TrackPointExtension>
        </extensions>
      </trkpt>
      <trkpt lat="29.149348028004169464111328125" lon="120.32919284887611865997314453125">
        <ele>140.1999969482421875</ele>
        <time>2016-06-22T11:46:50.000Z</time>
        <extensions>
          <ns3:TrackPointExtension>
            <ns3:hr>158</ns3:hr>
            <ns3:cad>97</ns3:cad>
          </ns3:TrackPointExtension>
        </extensions>
      </trkpt>
      <trkpt lat="29.14936847984790802001953125" lon="120.32917373813688755035400390625">
        <ele>140.399993896484375</ele>
        <time>2016-06-22T11:46:51.000Z</time>
        <extensions>
          <ns3:TrackPointExtension>
            <ns3:hr>156</ns3:hr>
            <ns3:cad>97</ns3:cad>
          </ns3:TrackPointExtension>
        </extensions>
      </trkpt>
      <trkpt lat="29.14938935078680515289306640625" lon="120.3291553817689418792724609375">
        <ele>140.399993896484375</ele>
        <time>2016-06-22T11:46:52.000Z</time>
        <extensions>
          <ns3:TrackPointExtension>
            <ns3:hr>156</ns3:hr>
            <ns3:cad>96</ns3:cad>
          </ns3:TrackPointExtension>
        </extensions>
      </trkpt>
      <trkpt lat="29.14940829388797283172607421875" lon="120.32913467846810817718505859375">
        <ele>140.600006103515625</ele>
        <time>2016-06-22T11:46:53.000Z</time>
        <extensions>
          <ns3:TrackPointExtension>
            <ns3:hr>155</ns3:hr>
            <ns3:cad>96</ns3:cad>
          </ns3:TrackPointExtension>
        </extensions>
      </trkpt>
      <trkpt lat="29.14944333024322986602783203125" lon="120.32909159548580646514892578125">
        <ele>141</ele>
        <time>2016-06-22T11:46:54.000Z</time>
        <extensions>
          <ns3:TrackPointExtension>
            <ns3:hr>155</ns3:hr>
            <ns3:cad>98</ns3:cad>
          </ns3:TrackPointExtension>
        </extensions>
      </trkpt>
      <trkpt lat="29.14944333024322986602783203125" lon="120.32909159548580646514892578125">
        <ele>141</ele>
        <time>2016-06-22T11:46:55.000Z</time>
        <extensions>
          <ns3:TrackPointExtension>
            <ns3:hr>155</ns3:hr>
            <ns3:cad>98</ns3:cad>
          </ns3:TrackPointExtension>
        </extensions>
      </trkpt>
      <trkpt lat="29.149458669126033782958984375" lon="120.32906695269048213958740234375">
        <ele>141.1999969482421875</ele>
        <time>2016-06-22T11:46:56.000Z</time>
        <extensions>
          <ns3:TrackPointExtension>
            <ns3:hr>155</ns3:hr>
            <ns3:cad>98</ns3:cad>
          </ns3:TrackPointExtension>
        </extensions>
      </trkpt>
      <trkpt lat="29.14947300218045711517333984375" lon="120.32904331572353839874267578125">
        <ele>141.399993896484375</ele>
        <time>2016-06-22T11:46:57.000Z</time>
        <extensions>
          <ns3:TrackPointExtension>
            <ns3:hr>155</ns3:hr>
            <ns3:cad>98</ns3:cad>
          </ns3:TrackPointExtension>
        </extensions>
      </trkpt>
      <trkpt lat="29.14948557503521442413330078125" lon="120.32901884056627750396728515625">
        <ele>141.600006103515625</ele>
        <time>2016-06-22T11:46:58.000Z</time>
        <extensions>
          <ns3:TrackPointExtension>
            <ns3:hr>155</ns3:hr>
            <ns3:cad>98</ns3:cad>
          </ns3:TrackPointExtension>
        </extensions>
      </trkpt>
      <trkpt lat="29.14950954727828502655029296875" lon="120.32896519638597965240478515625">
        <ele>142</ele>
        <time>2016-06-22T11:46:59.000Z</time>
        <extensions>
          <ns3:TrackPointExtension>
            <ns3:hr>155</ns3:hr>
            <ns3:cad>98</ns3:cad>
          </ns3:TrackPointExtension>
        </extensions>
      </trkpt>
      <trkpt lat="29.14950954727828502655029296875" lon="120.32896519638597965240478515625">
        <ele>142</ele>
        <time>2016-06-22T11:47:00.000Z</time>
        <extensions>
          <ns3:TrackPointExtension>
            <ns3:hr>155</ns3:hr>
            <ns3:cad>98</ns3:cad>
          </ns3:TrackPointExtension>
        </extensions>
      </trkpt>
      <trkpt lat="29.14951709099113941192626953125" lon="120.32893854193389415740966796875">
        <ele>142.1999969482421875</ele>
        <time>2016-06-22T11:47:01.000Z</time>
        <extensions>
          <ns3:TrackPointExtension>
            <ns3:hr>155</ns3:hr>
            <ns3:cad>98</ns3:cad>
          </ns3:TrackPointExtension>
        </extensions>
      </trkpt>
      <trkpt lat="29.14952312596142292022705078125" lon="120.3289099596440792083740234375">
        <ele>142.1999969482421875</ele>
        <time>2016-06-22T11:47:02.000Z</time>
        <extensions>
          <ns3:TrackPointExtension>
            <ns3:hr>155</ns3:hr>
            <ns3:cad>98</ns3:cad>
          </ns3:TrackPointExtension>
        </extensions>
      </trkpt>
      <trkpt lat="29.14953284896910190582275390625" lon="120.3288512863218784332275390625">
        <ele>142.600006103515625</ele>
        <time>2016-06-22T11:47:03.000Z</time>
        <extensions>
          <ns3:TrackPointExtension>
            <ns3:hr>155</ns3:hr>
            <ns3:cad>97</ns3:cad>
          </ns3:TrackPointExtension>
        </extensions>
      </trkpt>
      <trkpt lat="29.14953284896910190582275390625" lon="120.3288512863218784332275390625">
        <ele>142.600006103515625</ele>
        <time>2016-06-22T11:47:04.000Z</time>
        <extensions>
          <ns3:TrackPointExtension>
            <ns3:hr>155</ns3:hr>
            <ns3:cad>97</ns3:cad>
          </ns3:TrackPointExtension>
        </extensions>
      </trkpt>
      <trkpt lat="29.1495352797210216522216796875" lon="120.32881951890885829925537109375">
        <ele>142.8000030517578125</ele>
        <time>2016-06-22T11:47:05.000Z</time>
        <extensions>
          <ns3:TrackPointExtension>
            <ns3:hr>155</ns3:hr>
            <ns3:cad>97</ns3:cad>
          </ns3:TrackPointExtension>
        </extensions>
      </trkpt>
      <trkpt lat="29.149536788463592529296875" lon="120.32879102043807506561279296875">
        <ele>142.8000030517578125</ele>
        <time>2016-06-22T11:47:06.000Z</time>
        <extensions>
          <ns3:TrackPointExtension>
            <ns3:hr>155</ns3:hr>
            <ns3:cad>97</ns3:cad>
          </ns3:TrackPointExtension>
        </extensions>
      </trkpt>
      <trkpt lat="29.14952882565557956695556640625" lon="120.32873184420168399810791015625">
        <ele>143.1999969482421875</ele>
        <time>2016-06-22T11:47:07.000Z</time>
        <extensions>
          <ns3:TrackPointExtension>
            <ns3:hr>155</ns3:hr>
            <ns3:cad>98</ns3:cad>
          </ns3:TrackPointExtension>
        </extensions>
      </trkpt>
      <trkpt lat="29.14952882565557956695556640625" lon="120.32873184420168399810791015625">
        <ele>143.1999969482421875</ele>
        <time>2016-06-22T11:47:08.000Z</time>
        <extensions>
          <ns3:TrackPointExtension>
            <ns3:hr>155</ns3:hr>
            <ns3:cad>98</ns3:cad>
          </ns3:TrackPointExtension>
        </extensions>
      </trkpt>
      <trkpt lat="29.14952329359948635101318359375" lon="120.328703932464122772216796875">
        <ele>143.399993896484375</ele>
        <time>2016-06-22T11:47:09.000Z</time>
        <extensions>
          <ns3:TrackPointExtension>
            <ns3:hr>156</ns3:hr>
            <ns3:cad>98</ns3:cad>
          </ns3:TrackPointExtension>
        </extensions>
      </trkpt>
      <trkpt lat="29.14951474405825138092041015625" lon="120.32867585308849811553955078125">
        <ele>143.600006103515625</ele>
        <time>2016-06-22T11:47:10.000Z</time>
        <extensions>
          <ns3:TrackPointExtension>
            <ns3:hr>156</ns3:hr>
            <ns3:cad>98</ns3:cad>
          </ns3:TrackPointExtension>
        </extensions>
      </trkpt>
      <trkpt lat="29.1495020873844623565673828125" lon="120.3286444209516048431396484375">
        <ele>143.600006103515625</ele>
        <time>2016-06-22T11:47:11.000Z</time>
        <extensions>
          <ns3:TrackPointExtension>
            <ns3:hr>156</ns3:hr>
            <ns3:cad>97</ns3:cad>
          </ns3:TrackPointExtension>
        </extensions>
      </trkpt>
      <trkpt lat="29.14948859252035617828369140625" lon="120.32861835323274135589599609375">
        <ele>143.8000030517578125</ele>
        <time>2016-06-22T11:47:12.000Z</time>
        <extensions>
          <ns3:TrackPointExtension>
            <ns3:hr>156</ns3:hr>
            <ns3:cad>97</ns3:cad>
          </ns3:TrackPointExtension>
        </extensions>
      </trkpt>
      <trkpt lat="29.1494549810886383056640625" lon="120.3285709954798221588134765625">
        <ele>143.8000030517578125</ele>
        <time>2016-06-22T11:47:13.000Z</time>
        <extensions>
          <ns3:TrackPointExtension>
            <ns3:hr>156</ns3:hr>
            <ns3:cad>98</ns3:cad>
          </ns3:TrackPointExtension>
        </extensions>
      </trkpt>
      <trkpt lat="29.1494549810886383056640625" lon="120.3285709954798221588134765625">
        <ele>143.8000030517578125</ele>
        <time>2016-06-22T11:47:14.000Z</time>
        <extensions>
          <ns3:TrackPointExtension>
            <ns3:hr>156</ns3:hr>
            <ns3:cad>98</ns3:cad>
          </ns3:TrackPointExtension>
        </extensions>
      </trkpt>
      <trkpt lat="29.14943578653037548065185546875" lon="120.32854777760803699493408203125">
        <ele>143.8000030517578125</ele>
        <time>2016-06-22T11:47:15.000Z</time>
        <extensions>
          <ns3:TrackPointExtension>
            <ns3:hr>157</ns3:hr>
            <ns3:cad>98</ns3:cad>
          </ns3:TrackPointExtension>
        </extensions>
      </trkpt>
      <trkpt lat="29.14941919036209583282470703125" lon="120.32852254807949066162109375">
        <ele>143.8000030517578125</ele>
        <time>2016-06-22T11:47:16.000Z</time>
        <extensions>
          <ns3:TrackPointExtension>
            <ns3:hr>156</ns3:hr>
            <ns3:cad>97</ns3:cad>
          </ns3:TrackPointExtension>
        </extensions>
      </trkpt>
      <trkpt lat="29.149402678012847900390625" lon="120.32849966548383235931396484375">
        <ele>143.8000030517578125</ele>
        <time>2016-06-22T11:47:17.000Z</time>
        <extensions>
          <ns3:TrackPointExtension>
            <ns3:hr>156</ns3:hr>
            <ns3:cad>97</ns3:cad>
          </ns3:TrackPointExtension>
        </extensions>
      </trkpt>
      <trkpt lat="29.149381555616855621337890625" lon="120.32847938127815723419189453125">
        <ele>143.8000030517578125</ele>
        <time>2016-06-22T11:47:18.000Z</time>
        <extensions>
          <ns3:TrackPointExtension>
            <ns3:hr>157</ns3:hr>
            <ns3:cad>97</ns3:cad>
          </ns3:TrackPointExtension>
        </extensions>
      </trkpt>
      <trkpt lat="29.14935682900249958038330078125" lon="120.32846077345311641693115234375">
        <ele>143.600006103515625</ele>
        <time>2016-06-22T11:47:19.000Z</time>
        <extensions>
          <ns3:TrackPointExtension>
            <ns3:hr>157</ns3:hr>
            <ns3:cad>97</ns3:cad>
          </ns3:TrackPointExtension>
        </extensions>
      </trkpt>
      <trkpt lat="29.14933092892169952392578125" lon="120.32844317145645618438720703125">
        <ele>143.399993896484375</ele>
        <time>2016-06-22T11:47:20.000Z</time>
        <extensions>
          <ns3:TrackPointExtension>
            <ns3:hr>157</ns3:hr>
            <ns3:cad>97</ns3:cad>
          </ns3:TrackPointExtension>
        </extensions>
      </trkpt>
      <trkpt lat="29.1493032686412334442138671875" lon="120.3284280002117156982421875">
        <ele>143.1999969482421875</ele>
        <time>2016-06-22T11:47:21.000Z</time>
        <extensions>
          <ns3:TrackPointExtension>
            <ns3:hr>157</ns3:hr>
            <ns3:cad>97</ns3:cad>
          </ns3:TrackPointExtension>
        </extensions>
      </trkpt>
      <trkpt lat="29.149276949465274810791015625" lon="120.32841500826179981231689453125">
        <ele>143</ele>
        <time>2016-06-22T11:47:22.000Z</time>
        <extensions>
          <ns3:TrackPointExtension>
            <ns3:hr>157</ns3:hr>
            <ns3:cad>97</ns3:cad>
          </ns3:TrackPointExtension>
        </extensions>
      </trkpt>
      <trkpt lat="29.14925054647028446197509765625" lon="120.3284036926925182342529296875">
        <ele>142.8000030517578125</ele>
        <time>2016-06-22T11:47:23.000Z</time>
        <extensions>
          <ns3:TrackPointExtension>
            <ns3:hr>157</ns3:hr>
            <ns3:cad>97</ns3:cad>
          </ns3:TrackPointExtension>
        </extensions>
      </trkpt>
      <trkpt lat="29.14922372438013553619384765625" lon="120.32839120365679264068603515625">
        <ele>142.8000030517578125</ele>
        <time>2016-06-22T11:47:24.000Z</time>
        <extensions>
          <ns3:TrackPointExtension>
            <ns3:hr>157</ns3:hr>
            <ns3:cad>97</ns3:cad>
          </ns3:TrackPointExtension>
        </extensions>
      </trkpt>
      <trkpt lat="29.14917443878948688507080078125" lon="120.32837142236530780792236328125">
        <ele>142.600006103515625</ele>
        <time>2016-06-22T11:47:25.000Z</time>
        <extensions>
          <ns3:TrackPointExtension>
            <ns3:hr>157</ns3:hr>
            <ns3:cad>96</ns3:cad>
          </ns3:TrackPointExtension>
        </extensions>
      </trkpt>
      <trkpt lat="29.14917443878948688507080078125" lon="120.32837142236530780792236328125">
        <ele>142.600006103515625</ele>
        <time>2016-06-22T11:47:26.000Z</time>
        <extensions>
          <ns3:TrackPointExtension>
            <ns3:hr>157</ns3:hr>
            <ns3:cad>96</ns3:cad>
          </ns3:TrackPointExtension>
        </extensions>
      </trkpt>
      <trkpt lat="29.14914987981319427490234375" lon="120.32836295664310455322265625">
        <ele>142.600006103515625</ele>
        <time>2016-06-22T11:47:27.000Z</time>
        <extensions>
          <ns3:TrackPointExtension>
            <ns3:hr>157</ns3:hr>
            <ns3:cad>96</ns3:cad>
          </ns3:TrackPointExtension>
        </extensions>
      </trkpt>
      <trkpt lat="29.14912414737045764923095703125" lon="120.32835365273058414459228515625">
        <ele>142.399993896484375</ele>
        <time>2016-06-22T11:47:28.000Z</time>
        <extensions>
          <ns3:TrackPointExtension>
            <ns3:hr>157</ns3:hr>
            <ns3:cad>97</ns3:cad>
          </ns3:TrackPointExtension>
        </extensions>
      </trkpt>
      <trkpt lat="29.149075783789157867431640625" lon="120.32833521254360675811767578125">
        <ele>142.1999969482421875</ele>
        <time>2016-06-22T11:47:29.000Z</time>
        <extensions>
          <ns3:TrackPointExtension>
            <ns3:hr>157</ns3:hr>
            <ns3:cad>97</ns3:cad>
          </ns3:TrackPointExtension>
        </extensions>
      </trkpt>
      <trkpt lat="29.149075783789157867431640625" lon="120.32833521254360675811767578125">
        <ele>142.1999969482421875</ele>
        <time>2016-06-22T11:47:30.000Z</time>
        <extensions>
          <ns3:TrackPointExtension>
            <ns3:hr>158</ns3:hr>
            <ns3:cad>97</ns3:cad>
          </ns3:TrackPointExtension>
        </extensions>
      </trkpt>
      <trkpt lat="29.1490514762699604034423828125" lon="120.32832599245011806488037109375">
        <ele>142.1999969482421875</ele>
        <time>2016-06-22T11:47:31.000Z</time>
        <extensions>
          <ns3:TrackPointExtension>
            <ns3:hr>158</ns3:hr>
            <ns3:cad>97</ns3:cad>
          </ns3:TrackPointExtension>
        </extensions>
      </trkpt>
      <trkpt lat="29.14902742020785808563232421875" lon="120.32831601798534393310546875">
        <ele>142</ele>
        <time>2016-06-22T11:47:32.000Z</time>
        <extensions>
          <ns3:TrackPointExtension>
            <ns3:hr>159</ns3:hr>
            <ns3:cad>97</ns3:cad>
          </ns3:TrackPointExtension>
        </extensions>
      </trkpt>
      <trkpt lat="29.1489803977310657501220703125" lon="120.3282933868467807769775390625">
        <ele>142</ele>
        <time>2016-06-22T11:47:33.000Z</time>
        <extensions>
          <ns3:TrackPointExtension>
            <ns3:hr>159</ns3:hr>
            <ns3:cad>96</ns3:cad>
          </ns3:TrackPointExtension>
        </extensions>
      </trkpt>
      <trkpt lat="29.1489803977310657501220703125" lon="120.3282933868467807769775390625">
        <ele>142</ele>
        <time>2016-06-22T11:47:34.000Z</time>
        <extensions>
          <ns3:TrackPointExtension>
            <ns3:hr>159</ns3:hr>
            <ns3:cad>96</ns3:cad>
          </ns3:TrackPointExtension>
        </extensions>
      </trkpt>
      <trkpt lat="29.1489575989544391632080078125" lon="120.3282823227345943450927734375">
        <ele>142</ele>
        <time>2016-06-22T11:47:35.000Z</time>
        <extensions>
          <ns3:TrackPointExtension>
            <ns3:hr>159</ns3:hr>
            <ns3:cad>96</ns3:cad>
          </ns3:TrackPointExtension>
        </extensions>
      </trkpt>
      <trkpt lat="29.1489327885210514068603515625" lon="120.3282715938985347747802734375">
        <ele>142.1999969482421875</ele>
        <time>2016-06-22T11:47:36.000Z</time>
        <extensions>
          <ns3:TrackPointExtension>
            <ns3:hr>159</ns3:hr>
            <ns3:cad>96</ns3:cad>
          </ns3:TrackPointExtension>
        </extensions>
      </trkpt>
      <trkpt lat="29.14888191036880016326904296875" lon="120.3282481245696544647216796875">
        <ele>142.1999969482421875</ele>
        <time>2016-06-22T11:47:37.000Z</time>
        <extensions>
          <ns3:TrackPointExtension>
            <ns3:hr>160</ns3:hr>
            <ns3:cad>96</ns3:cad>
          </ns3:TrackPointExtension>
        </extensions>
      </trkpt>
      <trkpt lat="29.14888191036880016326904296875" lon="120.3282481245696544647216796875">
        <ele>142.1999969482421875</ele>
        <time>2016-06-22T11:47:38.000Z</time>
        <extensions>
          <ns3:TrackPointExtension>
            <ns3:hr>160</ns3:hr>
            <ns3:cad>96</ns3:cad>
          </ns3:TrackPointExtension>
        </extensions>
      </trkpt>
      <trkpt lat="29.14885886013507843017578125" lon="120.32823555171489715576171875">
        <ele>142.399993896484375</ele>
        <time>2016-06-22T11:47:39.000Z</time>
        <extensions>
          <ns3:TrackPointExtension>
            <ns3:hr>160</ns3:hr>
            <ns3:cad>96</ns3:cad>
          </ns3:TrackPointExtension>
        </extensions>
      </trkpt>
      <trkpt lat="29.14883396588265895843505859375" lon="120.3282263316214084625244140625">
        <ele>142.399993896484375</ele>
        <time>2016-06-22T11:47:40.000Z</time>
        <extensions>
          <ns3:TrackPointExtension>
            <ns3:hr>161</ns3:hr>
            <ns3:cad>98</ns3:cad>
          </ns3:TrackPointExtension>
        </extensions>
      </trkpt>
      <trkpt lat="29.14880831725895404815673828125" lon="120.32822021283209323883056640625">
        <ele>142.399993896484375</ele>
        <time>2016-06-22T11:47:41.000Z</time>
        <extensions>
          <ns3:TrackPointExtension>
            <ns3:hr>160</ns3:hr>
            <ns3:cad>98</ns3:cad>
          </ns3:TrackPointExtension>
        </extensions>
      </trkpt>
      <trkpt lat="29.1487842611968517303466796875" lon="120.328209735453128814697265625">
        <ele>142.1999969482421875</ele>
        <time>2016-06-22T11:47:42.000Z</time>
        <extensions>
          <ns3:TrackPointExtension>
            <ns3:hr>160</ns3:hr>
            <ns3:cad>96</ns3:cad>
          </ns3:TrackPointExtension>
        </extensions>
      </trkpt>
      <trkpt lat="29.1487601213157176971435546875" lon="120.3281998448073863983154296875">
        <ele>142.1999969482421875</ele>
        <time>2016-06-22T11:47:43.000Z</time>
        <extensions>
          <ns3:TrackPointExtension>
            <ns3:hr>160</ns3:hr>
            <ns3:cad>96</ns3:cad>
          </ns3:TrackPointExtension>
        </extensions>
      </trkpt>
      <trkpt lat="29.148737154901027679443359375" lon="120.32818970270454883575439453125">
        <ele>142.1999969482421875</ele>
        <time>2016-06-22T11:47:44.000Z</time>
        <extensions>
          <ns3:TrackPointExtension>
            <ns3:hr>160</ns3:hr>
            <ns3:cad>96</ns3:cad>
          </ns3:TrackPointExtension>
        </extensions>
      </trkpt>
      <trkpt lat="29.14871133863925933837890625" lon="120.32817922532558441162109375">
        <ele>142.1999969482421875</ele>
        <time>2016-06-22T11:47:45.000Z</time>
        <extensions>
          <ns3:TrackPointExtension>
            <ns3:hr>160</ns3:hr>
            <ns3:cad>96</ns3:cad>
          </ns3:TrackPointExtension>
        </extensions>
      </trkpt>
      <trkpt lat="29.14866381324827671051025390625" lon="120.328160114586353302001953125">
        <ele>142.1999969482421875</ele>
        <time>2016-06-22T11:47:46.000Z</time>
        <extensions>
          <ns3:TrackPointExtension>
            <ns3:hr>160</ns3:hr>
            <ns3:cad>96</ns3:cad>
          </ns3:TrackPointExtension>
        </extensions>
      </trkpt>
      <trkpt lat="29.14866381324827671051025390625" lon="120.328160114586353302001953125">
        <ele>142.1999969482421875</ele>
        <time>2016-06-22T11:47:47.000Z</time>
        <extensions>
          <ns3:TrackPointExtension>
            <ns3:hr>160</ns3:hr>
            <ns3:cad>96</ns3:cad>
          </ns3:TrackPointExtension>
        </extensions>
      </trkpt>
      <trkpt lat="29.14864051155745983123779296875" lon="120.32815240323543548583984375">
        <ele>142.1999969482421875</ele>
        <time>2016-06-22T11:47:48.000Z</time>
        <extensions>
          <ns3:TrackPointExtension>
            <ns3:hr>161</ns3:hr>
            <ns3:cad>96</ns3:cad>
          </ns3:TrackPointExtension>
        </extensions>
      </trkpt>
      <trkpt lat="29.14861586876213550567626953125" lon="120.32814544625580310821533203125">
        <ele>142.1999969482421875</ele>
        <time>2016-06-22T11:47:49.000Z</time>
        <extensions>
          <ns3:TrackPointExtension>
            <ns3:hr>161</ns3:hr>
            <ns3:cad>98</ns3:cad>
          </ns3:TrackPointExtension>
        </extensions>
      </trkpt>
      <trkpt lat="29.1485887952148914337158203125" lon="120.32813555561006069183349609375">
        <ele>142.399993896484375</ele>
        <time>2016-06-22T11:47:50.000Z</time>
        <extensions>
          <ns3:TrackPointExtension>
            <ns3:hr>160</ns3:hr>
            <ns3:cad>98</ns3:cad>
          </ns3:TrackPointExtension>
        </extensions>
      </trkpt>
      <trkpt lat="29.14856381714344024658203125" lon="120.3281274251639842987060546875">
        <ele>142.399993896484375</ele>
        <time>2016-06-22T11:47:51.000Z</time>
        <extensions>
          <ns3:TrackPointExtension>
            <ns3:hr>160</ns3:hr>
            <ns3:cad>98</ns3:cad>
          </ns3:TrackPointExtension>
        </extensions>
      </trkpt>
      <trkpt lat="29.14853967726230621337890625" lon="120.32811895944178104400634765625">
        <ele>142.399993896484375</ele>
        <time>2016-06-22T11:47:52.000Z</time>
        <extensions>
          <ns3:TrackPointExtension>
            <ns3:hr>160</ns3:hr>
            <ns3:cad>96</ns3:cad>
          </ns3:TrackPointExtension>
        </extensions>
      </trkpt>
      <trkpt lat="29.14851293899118900299072265625" lon="120.328108482062816619873046875">
        <ele>142.399993896484375</ele>
        <time>2016-06-22T11:47:53.000Z</time>
        <extensions>
          <ns3:TrackPointExtension>
            <ns3:hr>160</ns3:hr>
            <ns3:cad>96</ns3:cad>
          </ns3:TrackPointExtension>
        </extensions>
      </trkpt>
      <trkpt lat="29.14848561398684978485107421875" lon="120.32810169272124767303466796875">
        <ele>142.399993896484375</ele>
        <time>2016-06-22T11:47:54.000Z</time>
        <extensions>
          <ns3:TrackPointExtension>
            <ns3:hr>160</ns3:hr>
            <ns3:cad>96</ns3:cad>
          </ns3:TrackPointExtension>
        </extensions>
      </trkpt>
      <trkpt lat="29.148430041968822479248046875" lon="120.32809607684612274169921875">
        <ele>142.399993896484375</ele>
        <time>2016-06-22T11:47:55.000Z</time>
        <extensions>
          <ns3:TrackPointExtension>
            <ns3:hr>161</ns3:hr>
            <ns3:cad>97</ns3:cad>
          </ns3:TrackPointExtension>
        </extensions>
      </trkpt>
      <trkpt lat="29.148430041968822479248046875" lon="120.32809607684612274169921875">
        <ele>142.399993896484375</ele>
        <time>2016-06-22T11:47:56.000Z</time>
        <extensions>
          <ns3:TrackPointExtension>
            <ns3:hr>161</ns3:hr>
            <ns3:cad>97</ns3:cad>
          </ns3:TrackPointExtension>
        </extensions>
      </trkpt>
      <trkpt lat="29.1484035551548004150390625" lon="120.3280980885028839111328125">
        <ele>142.399993896484375</ele>
        <time>2016-06-22T11:47:57.000Z</time>
        <extensions>
          <ns3:TrackPointExtension>
            <ns3:hr>161</ns3:hr>
            <ns3:cad>97</ns3:cad>
          </ns3:TrackPointExtension>
        </extensions>
      </trkpt>
      <trkpt lat="29.1483748890459537506103515625" lon="120.32810135744512081146240234375">
        <ele>142.399993896484375</ele>
        <time>2016-06-22T11:47:58.000Z</time>
        <extensions>
          <ns3:TrackPointExtension>
            <ns3:hr>160</ns3:hr>
            <ns3:cad>98</ns3:cad>
          </ns3:TrackPointExtension>
        </extensions>
      </trkpt>
      <trkpt lat="29.1483472287654876708984375" lon="120.32810554839670658111572265625">
        <ele>142.399993896484375</ele>
        <time>2016-06-22T11:47:59.000Z</time>
        <extensions>
          <ns3:TrackPointExtension>
            <ns3:hr>160</ns3:hr>
            <ns3:cad>98</ns3:cad>
          </ns3:TrackPointExtension>
        </extensions>
      </trkpt>
      <trkpt lat="29.14832065813243389129638671875" lon="120.32810957171022891998291015625">
        <ele>142.399993896484375</ele>
        <time>2016-06-22T11:48:00.000Z</time>
        <extensions>
          <ns3:TrackPointExtension>
            <ns3:hr>161</ns3:hr>
            <ns3:cad>98</ns3:cad>
          </ns3:TrackPointExtension>
        </extensions>
      </trkpt>
      <trkpt lat="29.14827304892241954803466796875" lon="120.3281274251639842987060546875">
        <ele>142.600006103515625</ele>
        <time>2016-06-22T11:48:01.000Z</time>
        <extensions>
          <ns3:TrackPointExtension>
            <ns3:hr>161</ns3:hr>
            <ns3:cad>96</ns3:cad>
          </ns3:TrackPointExtension>
        </extensions>
      </trkpt>
      <trkpt lat="29.14827304892241954803466796875" lon="120.3281274251639842987060546875">
        <ele>142.600006103515625</ele>
        <time>2016-06-22T11:48:02.000Z</time>
        <extensions>
          <ns3:TrackPointExtension>
            <ns3:hr>161</ns3:hr>
            <ns3:cad>96</ns3:cad>
          </ns3:TrackPointExtension>
        </extensions>
      </trkpt>
      <trkpt lat="29.14824664592742919921875" lon="120.32813756726682186126708984375">
        <ele>142.8000030517578125</ele>
        <time>2016-06-22T11:48:03.000Z</time>
        <extensions>
          <ns3:TrackPointExtension>
            <ns3:hr>162</ns3:hr>
            <ns3:cad>96</ns3:cad>
          </ns3:TrackPointExtension>
        </extensions>
      </trkpt>
      <trkpt lat="29.14822208695113658905029296875" lon="120.32814863137900829315185546875">
        <ele>142.8000030517578125</ele>
        <time>2016-06-22T11:48:04.000Z</time>
        <extensions>
          <ns3:TrackPointExtension>
            <ns3:hr>162</ns3:hr>
            <ns3:cad>97</ns3:cad>
          </ns3:TrackPointExtension>
        </extensions>
      </trkpt>
      <trkpt lat="29.1481988690793514251708984375" lon="120.328164808452129364013671875">
        <ele>142.8000030517578125</ele>
        <time>2016-06-22T11:48:05.000Z</time>
        <extensions>
          <ns3:TrackPointExtension>
            <ns3:hr>162</ns3:hr>
            <ns3:cad>97</ns3:cad>
          </ns3:TrackPointExtension>
        </extensions>
      </trkpt>
      <trkpt lat="29.1481777466833591461181640625" lon="120.32818450592458248138427734375">
        <ele>143</ele>
        <time>2016-06-22T11:48:06.000Z</time>
        <extensions>
          <ns3:TrackPointExtension>
            <ns3:hr>162</ns3:hr>
            <ns3:cad>98</ns3:cad>
          </ns3:TrackPointExtension>
        </extensions>
      </trkpt>
      <trkpt lat="29.1481567919254302978515625" lon="120.328204371035099029541015625">
        <ele>143</ele>
        <time>2016-06-22T11:48:07.000Z</time>
        <extensions>
          <ns3:TrackPointExtension>
            <ns3:hr>162</ns3:hr>
            <ns3:cad>98</ns3:cad>
          </ns3:TrackPointExtension>
        </extensions>
      </trkpt>
      <trkpt lat="29.14813357405364513397216796875" lon="120.3282219730317592620849609375">
        <ele>143.1999969482421875</ele>
        <time>2016-06-22T11:48:08.000Z</time>
        <extensions>
          <ns3:TrackPointExtension>
            <ns3:hr>162</ns3:hr>
            <ns3:cad>97</ns3:cad>
          </ns3:TrackPointExtension>
        </extensions>
      </trkpt>
      <trkpt lat="29.14811546914279460906982421875" lon="120.3282394073903560638427734375">
        <ele>143.1999969482421875</ele>
        <time>2016-06-22T11:48:09.000Z</time>
        <extensions>
          <ns3:TrackPointExtension>
            <ns3:hr>162</ns3:hr>
            <ns3:cad>97</ns3:cad>
          </ns3:TrackPointExtension>
        </extensions>
      </trkpt>
      <trkpt lat="29.14809887297451496124267578125" lon="120.32826044596731662750244140625">
        <ele>143.1999969482421875</ele>
        <time>2016-06-22T11:48:10.000Z</time>
        <extensions>
          <ns3:TrackPointExtension>
            <ns3:hr>163</ns3:hr>
            <ns3:cad>97</ns3:cad>
          </ns3:TrackPointExtension>
        </extensions>
      </trkpt>
      <trkpt lat="29.14808311499655246734619140625" lon="120.32828676514327526092529296875">
        <ele>143.399993896484375</ele>
        <time>2016-06-22T11:48:11.000Z</time>
        <extensions>
          <ns3:TrackPointExtension>
            <ns3:hr>163</ns3:hr>
            <ns3:cad>97</ns3:cad>
          </ns3:TrackPointExtension>
        </extensions>
      </trkpt>
      <trkpt lat="29.14806635119020938873291015625" lon="120.328313671052455902099609375">
        <ele>143.399993896484375</ele>
        <time>2016-06-22T11:48:12.000Z</time>
        <extensions>
          <ns3:TrackPointExtension>
            <ns3:hr>162</ns3:hr>
            <ns3:cad>96</ns3:cad>
          </ns3:TrackPointExtension>
        </extensions>
      </trkpt>
      <trkpt lat="29.14804908446967601776123046875" lon="120.32834007404744625091552734375">
        <ele>143.399993896484375</ele>
        <time>2016-06-22T11:48:13.000Z</time>
        <extensions>
          <ns3:TrackPointExtension>
            <ns3:hr>162</ns3:hr>
            <ns3:cad>96</ns3:cad>
          </ns3:TrackPointExtension>
        </extensions>
      </trkpt>
      <trkpt lat="29.1480369307100772857666015625" lon="120.328367985785007476806640625">
        <ele>143.399993896484375</ele>
        <time>2016-06-22T11:48:14.000Z</time>
        <extensions>
          <ns3:TrackPointExtension>
            <ns3:hr>161</ns3:hr>
            <ns3:cad>96</ns3:cad>
          </ns3:TrackPointExtension>
        </extensions>
      </trkpt>
      <trkpt lat="29.14802343584597110748291015625" lon="120.3283963166177272796630859375">
        <ele>143.600006103515625</ele>
        <time>2016-06-22T11:48:15.000Z</time>
        <extensions>
          <ns3:TrackPointExtension>
            <ns3:hr>160</ns3:hr>
            <ns3:cad>97</ns3:cad>
          </ns3:TrackPointExtension>
        </extensions>
      </trkpt>
      <trkpt lat="29.1480141319334506988525390625" lon="120.32842473126947879791259765625">
        <ele>143.600006103515625</ele>
        <time>2016-06-22T11:48:16.000Z</time>
        <extensions>
          <ns3:TrackPointExtension>
            <ns3:hr>160</ns3:hr>
            <ns3:cad>98</ns3:cad>
          </ns3:TrackPointExtension>
        </extensions>
      </trkpt>
      <trkpt lat="29.14800516329705715179443359375" lon="120.32845255918800830841064453125">
        <ele>143.600006103515625</ele>
        <time>2016-06-22T11:48:17.000Z</time>
        <extensions>
          <ns3:TrackPointExtension>
            <ns3:hr>160</ns3:hr>
            <ns3:cad>98</ns3:cad>
          </ns3:TrackPointExtension>
        </extensions>
      </trkpt>
      <trkpt lat="29.14799812249839305877685546875" lon="120.3284824825823307037353515625">
        <ele>143.600006103515625</ele>
        <time>2016-06-22T11:48:18.000Z</time>
        <extensions>
          <ns3:TrackPointExtension>
            <ns3:hr>160</ns3:hr>
            <ns3:cad>98</ns3:cad>
          </ns3:TrackPointExtension>
        </extensions>
      </trkpt>
      <trkpt lat="29.1479943506419658660888671875" lon="120.32851123251020908355712890625">
        <ele>143.600006103515625</ele>
        <time>2016-06-22T11:48:19.000Z</time>
        <extensions>
          <ns3:TrackPointExtension>
            <ns3:hr>160</ns3:hr>
            <ns3:cad>97</ns3:cad>
          </ns3:TrackPointExtension>
        </extensions>
      </trkpt>
      <trkpt lat="29.1479930095374584197998046875" lon="120.32854132354259490966796875">
        <ele>143.8000030517578125</ele>
        <time>2016-06-22T11:48:20.000Z</time>
        <extensions>
          <ns3:TrackPointExtension>
            <ns3:hr>160</ns3:hr>
            <ns3:cad>97</ns3:cad>
          </ns3:TrackPointExtension>
        </extensions>
      </trkpt>
      <trkpt lat="29.1479930095374584197998046875" lon="120.328601337969303131103515625">
        <ele>144.399993896484375</ele>
        <time>2016-06-22T11:48:21.000Z</time>
        <extensions>
          <ns3:TrackPointExtension>
            <ns3:hr>160</ns3:hr>
            <ns3:cad>96</ns3:cad>
          </ns3:TrackPointExtension>
        </extensions>
      </trkpt>
      <trkpt lat="29.1479930095374584197998046875" lon="120.328601337969303131103515625">
        <ele>144.399993896484375</ele>
        <time>2016-06-22T11:48:22.000Z</time>
        <extensions>
          <ns3:TrackPointExtension>
            <ns3:hr>160</ns3:hr>
            <ns3:cad>96</ns3:cad>
          </ns3:TrackPointExtension>
        </extensions>
      </trkpt>
      <trkpt lat="29.14799460209906101226806640625" lon="120.32863042317330837249755859375">
        <ele>144.399993896484375</ele>
        <time>2016-06-22T11:48:23.000Z</time>
        <extensions>
          <ns3:TrackPointExtension>
            <ns3:hr>160</ns3:hr>
            <ns3:cad>96</ns3:cad>
          </ns3:TrackPointExtension>
        </extensions>
      </trkpt>
      <trkpt lat="29.1479990445077419281005859375" lon="120.3286595083773136138916015625">
        <ele>144.600006103515625</ele>
        <time>2016-06-22T11:48:24.000Z</time>
        <extensions>
          <ns3:TrackPointExtension>
            <ns3:hr>160</ns3:hr>
            <ns3:cad>97</ns3:cad>
          </ns3:TrackPointExtension>
        </extensions>
      </trkpt>
      <trkpt lat="29.14800466038286685943603515625" lon="120.32868792302906513214111328125">
        <ele>144.600006103515625</ele>
        <time>2016-06-22T11:48:25.000Z</time>
        <extensions>
          <ns3:TrackPointExtension>
            <ns3:hr>160</ns3:hr>
            <ns3:cad>97</ns3:cad>
          </ns3:TrackPointExtension>
        </extensions>
      </trkpt>
      <trkpt lat="29.14801186881959438323974609375" lon="120.3287171758711338043212890625">
        <ele>144.8000030517578125</ele>
        <time>2016-06-22T11:48:26.000Z</time>
        <extensions>
          <ns3:TrackPointExtension>
            <ns3:hr>160</ns3:hr>
            <ns3:cad>98</ns3:cad>
          </ns3:TrackPointExtension>
        </extensions>
      </trkpt>
      <trkpt lat="29.14803064428269863128662109375" lon="120.32877140678465366363525390625">
        <ele>145</ele>
        <time>2016-06-22T11:48:27.000Z</time>
        <extensions>
          <ns3:TrackPointExtension>
            <ns3:hr>158</ns3:hr>
            <ns3:cad>98</ns3:cad>
          </ns3:TrackPointExtension>
        </extensions>
      </trkpt>
      <trkpt lat="29.14803064428269863128662109375" lon="120.32877140678465366363525390625">
        <ele>145</ele>
        <time>2016-06-22T11:48:28.000Z</time>
        <extensions>
          <ns3:TrackPointExtension>
            <ns3:hr>159</ns3:hr>
            <ns3:cad>98</ns3:cad>
          </ns3:TrackPointExtension>
        </extensions>
      </trkpt>
      <trkpt lat="29.148046486079692840576171875" lon="120.32880007289350032806396484375">
        <ele>145</ele>
        <time>2016-06-22T11:48:29.000Z</time>
        <extensions>
          <ns3:TrackPointExtension>
            <ns3:hr>159</ns3:hr>
            <ns3:cad>96</ns3:cad>
          </ns3:TrackPointExtension>
        </extensions>
      </trkpt>
      <trkpt lat="29.1480614058673381805419921875" lon="120.32882630825042724609375">
        <ele>145</ele>
        <time>2016-06-22T11:48:30.000Z</time>
        <extensions>
          <ns3:TrackPointExtension>
            <ns3:hr>160</ns3:hr>
            <ns3:cad>96</ns3:cad>
          </ns3:TrackPointExtension>
        </extensions>
      </trkpt>
      <trkpt lat="29.14807791821658611297607421875" lon="120.32885103486478328704833984375">
        <ele>145</ele>
        <time>2016-06-22T11:48:31.000Z</time>
        <extensions>
          <ns3:TrackPointExtension>
            <ns3:hr>159</ns3:hr>
            <ns3:cad>96</ns3:cad>
          </ns3:TrackPointExtension>
        </extensions>
      </trkpt>
      <trkpt lat="29.14809602312743663787841796875" lon="120.328875593841075897216796875">
        <ele>145</ele>
        <time>2016-06-22T11:48:32.000Z</time>
        <extensions>
          <ns3:TrackPointExtension>
            <ns3:hr>159</ns3:hr>
            <ns3:cad>98</ns3:cad>
          </ns3:TrackPointExtension>
        </extensions>
      </trkpt>
      <trkpt lat="29.14811446331441402435302734375" lon="120.328897722065448760986328125">
        <ele>145</ele>
        <time>2016-06-22T11:48:33.000Z</time>
        <extensions>
          <ns3:TrackPointExtension>
            <ns3:hr>159</ns3:hr>
            <ns3:cad>98</ns3:cad>
          </ns3:TrackPointExtension>
        </extensions>
      </trkpt>
      <trkpt lat="29.14813776500523090362548828125" lon="120.32892177812755107879638671875">
        <ele>145</ele>
        <time>2016-06-22T11:48:34.000Z</time>
        <extensions>
          <ns3:TrackPointExtension>
            <ns3:hr>159</ns3:hr>
            <ns3:cad>96</ns3:cad>
          </ns3:TrackPointExtension>
        </extensions>
      </trkpt>
      <trkpt lat="29.148157127201557159423828125" lon="120.32894273288547992706298828125">
        <ele>145</ele>
        <time>2016-06-22T11:48:35.000Z</time>
        <extensions>
          <ns3:TrackPointExtension>
            <ns3:hr>159</ns3:hr>
            <ns3:cad>96</ns3:cad>
          </ns3:TrackPointExtension>
        </extensions>
      </trkpt>
      <trkpt lat="29.148177914321422576904296875" lon="120.3289617598056793212890625">
        <ele>145</ele>
        <time>2016-06-22T11:48:36.000Z</time>
        <extensions>
          <ns3:TrackPointExtension>
            <ns3:hr>159</ns3:hr>
            <ns3:cad>97</ns3:cad>
          </ns3:TrackPointExtension>
        </extensions>
      </trkpt>
      <trkpt lat="29.14819777943193912506103515625" lon="120.3289790265262126922607421875">
        <ele>144.8000030517578125</ele>
        <time>2016-06-22T11:48:37.000Z</time>
        <extensions>
          <ns3:TrackPointExtension>
            <ns3:hr>159</ns3:hr>
            <ns3:cad>97</ns3:cad>
          </ns3:TrackPointExtension>
        </extensions>
      </trkpt>
      <trkpt lat="29.14821806363761425018310546875" lon="120.32899352721869945526123046875">
        <ele>144.8000030517578125</ele>
        <time>2016-06-22T11:48:38.000Z</time>
        <extensions>
          <ns3:TrackPointExtension>
            <ns3:hr>160</ns3:hr>
            <ns3:cad>97</ns3:cad>
          </ns3:TrackPointExtension>
        </extensions>
      </trkpt>
      <trkpt lat="29.148262403905391693115234375" lon="120.3290180861949920654296875">
        <ele>144.600006103515625</ele>
        <time>2016-06-22T11:48:39.000Z</time>
        <extensions>
          <ns3:TrackPointExtension>
            <ns3:hr>158</ns3:hr>
            <ns3:cad>96</ns3:cad>
          </ns3:TrackPointExtension>
        </extensions>
      </trkpt>
      <trkpt lat="29.148262403905391693115234375" lon="120.3290180861949920654296875">
        <ele>144.600006103515625</ele>
        <time>2016-06-22T11:48:40.000Z</time>
        <extensions>
          <ns3:TrackPointExtension>
            <ns3:hr>159</ns3:hr>
            <ns3:cad>96</ns3:cad>
          </ns3:TrackPointExtension>
        </extensions>
      </trkpt>
      <trkpt lat="29.148283191025257110595703125" lon="120.3290296532213687896728515625">
        <ele>144.600006103515625</ele>
        <time>2016-06-22T11:48:41.000Z</time>
        <extensions>
          <ns3:TrackPointExtension>
            <ns3:hr>160</ns3:hr>
            <ns3:cad>96</ns3:cad>
          </ns3:TrackPointExtension>
        </extensions>
      </trkpt>
      <trkpt lat="29.14830490015447139739990234375" lon="120.32903887331485748291015625">
        <ele>144.600006103515625</ele>
        <time>2016-06-22T11:48:42.000Z</time>
        <extensions>
          <ns3:TrackPointExtension>
            <ns3:hr>159</ns3:hr>
            <ns3:cad>96</ns3:cad>
          </ns3:TrackPointExtension>
        </extensions>
      </trkpt>
      <trkpt lat="29.1483269445598125457763671875" lon="120.3290454111993312835693359375">
        <ele>144.399993896484375</ele>
        <time>2016-06-22T11:48:43.000Z</time>
        <extensions>
          <ns3:TrackPointExtension>
            <ns3:hr>160</ns3:hr>
            <ns3:cad>96</ns3:cad>
          </ns3:TrackPointExtension>
        </extensions>
      </trkpt>
      <trkpt lat="29.14834982715547084808349609375" lon="120.3290534578263759613037109375">
        <ele>144.399993896484375</ele>
        <time>2016-06-22T11:48:44.000Z</time>
        <extensions>
          <ns3:TrackPointExtension>
            <ns3:hr>159</ns3:hr>
            <ns3:cad>96</ns3:cad>
          </ns3:TrackPointExtension>
        </extensions>
      </trkpt>
      <trkpt lat="29.14837128482758998870849609375" lon="120.32906225882470607757568359375">
        <ele>144.1999969482421875</ele>
        <time>2016-06-22T11:48:45.000Z</time>
        <extensions>
          <ns3:TrackPointExtension>
            <ns3:hr>159</ns3:hr>
            <ns3:cad>95</ns3:cad>
          </ns3:TrackPointExtension>
        </extensions>
      </trkpt>
      <trkpt lat="29.14839508943259716033935546875" lon="120.32907147891819477081298828125">
        <ele>144.1999969482421875</ele>
        <time>2016-06-22T11:48:46.000Z</time>
        <extensions>
          <ns3:TrackPointExtension>
            <ns3:hr>159</ns3:hr>
            <ns3:cad>95</ns3:cad>
          </ns3:TrackPointExtension>
        </extensions>
      </trkpt>
      <trkpt lat="29.14844445884227752685546875" lon="120.329089500010013580322265625">
        <ele>144</ele>
        <time>2016-06-22T11:48:47.000Z</time>
        <extensions>
          <ns3:TrackPointExtension>
            <ns3:hr>159</ns3:hr>
            <ns3:cad>98</ns3:cad>
          </ns3:TrackPointExtension>
        </extensions>
      </trkpt>
      <trkpt lat="29.14844445884227752685546875" lon="120.329089500010013580322265625">
        <ele>144</ele>
        <time>2016-06-22T11:48:48.000Z</time>
        <extensions>
          <ns3:TrackPointExtension>
            <ns3:hr>159</ns3:hr>
            <ns3:cad>98</ns3:cad>
          </ns3:TrackPointExtension>
        </extensions>
      </trkpt>
      <trkpt lat="29.14846859872341156005859375" lon="120.329098217189311981201171875">
        <ele>143.600006103515625</ele>
        <time>2016-06-22T11:48:49.000Z</time>
        <extensions>
          <ns3:TrackPointExtension>
            <ns3:hr>158</ns3:hr>
            <ns3:cad>98</ns3:cad>
          </ns3:TrackPointExtension>
        </extensions>
      </trkpt>
      <trkpt lat="29.14849332533776760101318359375" lon="120.3291060961782932281494140625">
        <ele>143.399993896484375</ele>
        <time>2016-06-22T11:48:50.000Z</time>
        <extensions>
          <ns3:TrackPointExtension>
            <ns3:hr>159</ns3:hr>
            <ns3:cad>97</ns3:cad>
          </ns3:TrackPointExtension>
        </extensions>
      </trkpt>
      <trkpt lat="29.14851847104728221893310546875" lon="120.3291131369769573211669921875">
        <ele>142.8000030517578125</ele>
        <time>2016-06-22T11:48:51.000Z</time>
        <extensions>
          <ns3:TrackPointExtension>
            <ns3:hr>161</ns3:hr>
            <ns3:cad>97</ns3:cad>
          </ns3:TrackPointExtension>
        </extensions>
      </trkpt>
      <trkpt lat="29.1485425271093845367431640625" lon="120.329121015965938568115234375">
        <ele>142.399993896484375</ele>
        <time>2016-06-22T11:48:52.000Z</time>
        <extensions>
          <ns3:TrackPointExtension>
            <ns3:hr>159</ns3:hr>
            <ns3:cad>97</ns3:cad>
          </ns3:TrackPointExtension>
        </extensions>
      </trkpt>
      <trkpt lat="29.14859089069068431854248046875" lon="120.3291345946490764617919921875">
        <ele>141.600006103515625</ele>
        <time>2016-06-22T11:48:53.000Z</time>
        <extensions>
          <ns3:TrackPointExtension>
            <ns3:hr>159</ns3:hr>
            <ns3:cad>97</ns3:cad>
          </ns3:TrackPointExtension>
        </extensions>
      </trkpt>
      <trkpt lat="29.14859089069068431854248046875" lon="120.3291345946490764617919921875">
        <ele>141.600006103515625</ele>
        <time>2016-06-22T11:48:54.000Z</time>
        <extensions>
          <ns3:TrackPointExtension>
            <ns3:hr>159</ns3:hr>
            <ns3:cad>96</ns3:cad>
          </ns3:TrackPointExtension>
        </extensions>
      </trkpt>
      <trkpt lat="29.1486136056482791900634765625" lon="120.32914188690483570098876953125">
        <ele>141.1999969482421875</ele>
        <time>2016-06-22T11:48:55.000Z</time>
        <extensions>
          <ns3:TrackPointExtension>
            <ns3:hr>159</ns3:hr>
            <ns3:cad>96</ns3:cad>
          </ns3:TrackPointExtension>
        </extensions>
      </trkpt>
      <trkpt lat="29.14863632060587406158447265625" lon="120.3291506879031658172607421875">
        <ele>141</ele>
        <time>2016-06-22T11:48:56.000Z</time>
        <extensions>
          <ns3:TrackPointExtension>
            <ns3:hr>160</ns3:hr>
            <ns3:cad>97</ns3:cad>
          </ns3:TrackPointExtension>
        </extensions>
      </trkpt>
      <trkpt lat="29.14866037666797637939453125" lon="120.32916091382503509521484375">
        <ele>140.600006103515625</ele>
        <time>2016-06-22T11:48:57.000Z</time>
        <extensions>
          <ns3:TrackPointExtension>
            <ns3:hr>159</ns3:hr>
            <ns3:cad>98</ns3:cad>
          </ns3:TrackPointExtension>
        </extensions>
      </trkpt>
      <trkpt lat="29.1486840136349201202392578125" lon="120.32917088828980922698974609375">
        <ele>140.1999969482421875</ele>
        <time>2016-06-22T11:48:58.000Z</time>
        <extensions>
          <ns3:TrackPointExtension>
            <ns3:hr>159</ns3:hr>
            <ns3:cad>98</ns3:cad>
          </ns3:TrackPointExtension>
        </extensions>
      </trkpt>
      <trkpt lat="29.14873204194009304046630859375" lon="120.32918916083872318267822265625">
        <ele>139.399993896484375</ele>
        <time>2016-06-22T11:48:59.000Z</time>
        <extensions>
          <ns3:TrackPointExtension>
            <ns3:hr>158</ns3:hr>
            <ns3:cad>98</ns3:cad>
          </ns3:TrackPointExtension>
        </extensions>
      </trkpt>
      <trkpt lat="29.14873204194009304046630859375" lon="120.32918916083872318267822265625">
        <ele>139.399993896484375</ele>
        <time>2016-06-22T11:49:00.000Z</time>
        <extensions>
          <ns3:TrackPointExtension>
            <ns3:hr>158</ns3:hr>
            <ns3:cad>98</ns3:cad>
          </ns3:TrackPointExtension>
        </extensions>
      </trkpt>
      <trkpt lat="29.14875769056379795074462890625" lon="120.32919636927545070648193359375">
        <ele>139.1999969482421875</ele>
        <time>2016-06-22T11:49:01.000Z</time>
        <extensions>
          <ns3:TrackPointExtension>
            <ns3:hr>159</ns3:hr>
            <ns3:cad>97</ns3:cad>
          </ns3:TrackPointExtension>
        </extensions>
      </trkpt>
      <trkpt lat="29.14878375828266143798828125" lon="120.32920558936893939971923828125">
        <ele>139</ele>
        <time>2016-06-22T11:49:02.000Z</time>
        <extensions>
          <ns3:TrackPointExtension>
            <ns3:hr>160</ns3:hr>
            <ns3:cad>97</ns3:cad>
          </ns3:TrackPointExtension>
        </extensions>
      </trkpt>
      <trkpt lat="29.14880965836346149444580078125" lon="120.329214893281459808349609375">
        <ele>139</ele>
        <time>2016-06-22T11:49:03.000Z</time>
        <extensions>
          <ns3:TrackPointExtension>
            <ns3:hr>159</ns3:hr>
            <ns3:cad>97</ns3:cad>
          </ns3:TrackPointExtension>
        </extensions>
      </trkpt>
      <trkpt lat="29.14883782155811786651611328125" lon="120.3292251192033290863037109375">
        <ele>138.8000030517578125</ele>
        <time>2016-06-22T11:49:04.000Z</time>
        <extensions>
          <ns3:TrackPointExtension>
            <ns3:hr>159</ns3:hr>
            <ns3:cad>97</ns3:cad>
          </ns3:TrackPointExtension>
        </extensions>
      </trkpt>
      <trkpt lat="29.14886699058115482330322265625" lon="120.32923459075391292572021484375">
        <ele>138.600006103515625</ele>
        <time>2016-06-22T11:49:05.000Z</time>
        <extensions>
          <ns3:TrackPointExtension>
            <ns3:hr>160</ns3:hr>
            <ns3:cad>97</ns3:cad>
          </ns3:TrackPointExtension>
        </extensions>
      </trkpt>
      <trkpt lat="29.1488938964903354644775390625" lon="120.32924498431384563446044921875">
        <ele>138.399993896484375</ele>
        <time>2016-06-22T11:49:06.000Z</time>
        <extensions>
          <ns3:TrackPointExtension>
            <ns3:hr>159</ns3:hr>
            <ns3:cad>96</ns3:cad>
          </ns3:TrackPointExtension>
        </extensions>
      </trkpt>
      <trkpt lat="29.14891929365694522857666015625" lon="120.3292556293308734893798828125">
        <ele>138.1999969482421875</ele>
        <time>2016-06-22T11:49:07.000Z</time>
        <extensions>
          <ns3:TrackPointExtension>
            <ns3:hr>159</ns3:hr>
            <ns3:cad>96</ns3:cad>
          </ns3:TrackPointExtension>
        </extensions>
      </trkpt>
      <trkpt lat="29.14894460700452327728271484375" lon="120.32926275394856929779052734375">
        <ele>138.1999969482421875</ele>
        <time>2016-06-22T11:49:08.000Z</time>
        <extensions>
          <ns3:TrackPointExtension>
            <ns3:hr>158</ns3:hr>
            <ns3:cad>97</ns3:cad>
          </ns3:TrackPointExtension>
        </extensions>
      </trkpt>
      <trkpt lat="29.14897260256111621856689453125" lon="120.329271890223026275634765625">
        <ele>138</ele>
        <time>2016-06-22T11:49:09.000Z</time>
        <extensions>
          <ns3:TrackPointExtension>
            <ns3:hr>158</ns3:hr>
            <ns3:cad>98</ns3:cad>
          </ns3:TrackPointExtension>
        </extensions>
      </trkpt>
      <trkpt lat="29.1490025259554386138916015625" lon="120.32928035594522953033447265625">
        <ele>137.8000030517578125</ele>
        <time>2016-06-22T11:49:10.000Z</time>
        <extensions>
          <ns3:TrackPointExtension>
            <ns3:hr>159</ns3:hr>
            <ns3:cad>98</ns3:cad>
          </ns3:TrackPointExtension>
        </extensions>
      </trkpt>
      <trkpt lat="29.14903177879750728607177734375" lon="120.3292888216674327850341796875">
        <ele>138</ele>
        <time>2016-06-22T11:49:11.000Z</time>
        <extensions>
          <ns3:TrackPointExtension>
            <ns3:hr>159</ns3:hr>
            <ns3:cad>98</ns3:cad>
          </ns3:TrackPointExtension>
        </extensions>
      </trkpt>
      <trkpt lat="29.14905910380184650421142578125" lon="120.3292985446751117706298828125">
        <ele>138.1999969482421875</ele>
        <time>2016-06-22T11:49:12.000Z</time>
        <extensions>
          <ns3:TrackPointExtension>
            <ns3:hr>159</ns3:hr>
            <ns3:cad>97</ns3:cad>
          </ns3:TrackPointExtension>
        </extensions>
      </trkpt>
      <trkpt lat="29.1490866802632808685302734375" lon="120.329305417835712432861328125">
        <ele>138.399993896484375</ele>
        <time>2016-06-22T11:49:13.000Z</time>
        <extensions>
          <ns3:TrackPointExtension>
            <ns3:hr>158</ns3:hr>
            <ns3:cad>97</ns3:cad>
          </ns3:TrackPointExtension>
        </extensions>
      </trkpt>
      <trkpt lat="29.14911610074341297149658203125" lon="120.32931053079664707183837890625">
        <ele>138.8000030517578125</ele>
        <time>2016-06-22T11:49:14.000Z</time>
        <extensions>
          <ns3:TrackPointExtension>
            <ns3:hr>158</ns3:hr>
            <ns3:cad>96</ns3:cad>
          </ns3:TrackPointExtension>
        </extensions>
      </trkpt>
      <trkpt lat="29.14914275519549846649169921875" lon="120.32931254245340824127197265625">
        <ele>139</ele>
        <time>2016-06-22T11:49:15.000Z</time>
        <extensions>
          <ns3:TrackPointExtension>
            <ns3:hr>158</ns3:hr>
            <ns3:cad>96</ns3:cad>
          </ns3:TrackPointExtension>
        </extensions>
      </trkpt>
      <trkpt lat="29.1491909511387348175048828125" lon="120.32930441200733184814453125">
        <ele>139.1999969482421875</ele>
        <time>2016-06-22T11:49:16.000Z</time>
        <extensions>
          <ns3:TrackPointExtension>
            <ns3:hr>157</ns3:hr>
            <ns3:cad>96</ns3:cad>
          </ns3:TrackPointExtension>
        </extensions>
      </trkpt>
      <trkpt lat="29.1491909511387348175048828125" lon="120.32930441200733184814453125">
        <ele>139.1999969482421875</ele>
        <time>2016-06-22T11:49:17.000Z</time>
        <extensions>
          <ns3:TrackPointExtension>
            <ns3:hr>157</ns3:hr>
            <ns3:cad>97</ns3:cad>
          </ns3:TrackPointExtension>
        </extensions>
      </trkpt>
      <trkpt lat="29.14921559393405914306640625" lon="120.32929770648479461669921875">
        <ele>139.399993896484375</ele>
        <time>2016-06-22T11:49:18.000Z</time>
        <extensions>
          <ns3:TrackPointExtension>
            <ns3:hr>157</ns3:hr>
            <ns3:cad>98</ns3:cad>
          </ns3:TrackPointExtension>
        </extensions>
      </trkpt>
      <trkpt lat="29.149239398539066314697265625" lon="120.3292911686003208160400390625">
        <ele>139.600006103515625</ele>
        <time>2016-06-22T11:49:19.000Z</time>
        <extensions>
          <ns3:TrackPointExtension>
            <ns3:hr>158</ns3:hr>
            <ns3:cad>98</ns3:cad>
          </ns3:TrackPointExtension>
        </extensions>
      </trkpt>
      <trkpt lat="29.14928994141519069671630859375" lon="120.329272560775279998779296875">
        <ele>140</ele>
        <time>2016-06-22T11:49:20.000Z</time>
        <extensions>
          <ns3:TrackPointExtension>
            <ns3:hr>158</ns3:hr>
            <ns3:cad>98</ns3:cad>
          </ns3:TrackPointExtension>
        </extensions>
      </trkpt>
      <trkpt lat="29.14928994141519069671630859375" lon="120.329272560775279998779296875">
        <ele>140</ele>
        <time>2016-06-22T11:49:21.000Z</time>
        <extensions>
          <ns3:TrackPointExtension>
            <ns3:hr>158</ns3:hr>
            <ns3:cad>97</ns3:cad>
          </ns3:TrackPointExtension>
        </extensions>
      </trkpt>
      <trkpt lat="29.1493141651153564453125" lon="120.32926141284406185150146484375">
        <ele>140.1999969482421875</ele>
        <time>2016-06-22T11:49:22.000Z</time>
        <extensions>
          <ns3:TrackPointExtension>
            <ns3:hr>158</ns3:hr>
            <ns3:cad>96</ns3:cad>
          </ns3:TrackPointExtension>
        </extensions>
      </trkpt>
      <trkpt lat="29.1493582539260387420654296875" lon="120.32923090271651744842529296875">
        <ele>140.1999969482421875</ele>
        <time>2016-06-22T11:49:23.000Z</time>
        <extensions>
          <ns3:TrackPointExtension>
            <ns3:hr>160</ns3:hr>
            <ns3:cad>96</ns3:cad>
          </ns3:TrackPointExtension>
        </extensions>
      </trkpt>
      <trkpt lat="29.1493582539260387420654296875" lon="120.32923090271651744842529296875">
        <ele>140.1999969482421875</ele>
        <time>2016-06-22T11:49:24.000Z</time>
        <extensions>
          <ns3:TrackPointExtension>
            <ns3:hr>160</ns3:hr>
            <ns3:cad>96</ns3:cad>
          </ns3:TrackPointExtension>
        </extensions>
      </trkpt>
      <trkpt lat="29.14938054978847503662109375" lon="120.3292140550911426544189453125">
        <ele>140.399993896484375</ele>
        <time>2016-06-22T11:49:25.000Z</time>
        <extensions>
          <ns3:TrackPointExtension>
            <ns3:hr>161</ns3:hr>
            <ns3:cad>96</ns3:cad>
          </ns3:TrackPointExtension>
        </extensions>
      </trkpt>
      <trkpt lat="29.14940024726092815399169921875" lon="120.329194106161594390869140625">
        <ele>140.399993896484375</ele>
        <time>2016-06-22T11:49:26.000Z</time>
        <extensions>
          <ns3:TrackPointExtension>
            <ns3:hr>161</ns3:hr>
            <ns3:cad>97</ns3:cad>
          </ns3:TrackPointExtension>
        </extensions>
      </trkpt>
      <trkpt lat="29.14942053146660327911376953125" lon="120.3291718102991580963134765625">
        <ele>140.600006103515625</ele>
        <time>2016-06-22T11:49:27.000Z</time>
        <extensions>
          <ns3:TrackPointExtension>
            <ns3:hr>161</ns3:hr>
            <ns3:cad>97</ns3:cad>
          </ns3:TrackPointExtension>
        </extensions>
      </trkpt>
      <trkpt lat="29.1494403965771198272705078125" lon="120.32914976589381694793701171875">
        <ele>140.8000030517578125</ele>
        <time>2016-06-22T11:49:28.000Z</time>
        <extensions>
          <ns3:TrackPointExtension>
            <ns3:hr>161</ns3:hr>
            <ns3:cad>97</ns3:cad>
          </ns3:TrackPointExtension>
        </extensions>
      </trkpt>
      <trkpt lat="29.14947216399013996124267578125" lon="120.3291039168834686279296875">
        <ele>141.1999969482421875</ele>
        <time>2016-06-22T11:49:29.000Z</time>
        <extensions>
          <ns3:TrackPointExtension>
            <ns3:hr>160</ns3:hr>
            <ns3:cad>96</ns3:cad>
          </ns3:TrackPointExtension>
        </extensions>
      </trkpt>
      <trkpt lat="29.14947216399013996124267578125" lon="120.3291039168834686279296875">
        <ele>141.1999969482421875</ele>
        <time>2016-06-22T11:49:30.000Z</time>
        <extensions>
          <ns3:TrackPointExtension>
            <ns3:hr>160</ns3:hr>
            <ns3:cad>96</ns3:cad>
          </ns3:TrackPointExtension>
        </extensions>
      </trkpt>
      <trkpt lat="29.149486161768436431884765625" lon="120.3290799446403980255126953125">
        <ele>141.399993896484375</ele>
        <time>2016-06-22T11:49:31.000Z</time>
        <extensions>
          <ns3:TrackPointExtension>
            <ns3:hr>160</ns3:hr>
            <ns3:cad>96</ns3:cad>
          </ns3:TrackPointExtension>
        </extensions>
      </trkpt>
      <trkpt lat="29.149497561156749725341796875" lon="120.32905538566410541534423828125">
        <ele>141.600006103515625</ele>
        <time>2016-06-22T11:49:32.000Z</time>
        <extensions>
          <ns3:TrackPointExtension>
            <ns3:hr>160</ns3:hr>
            <ns3:cad>96</ns3:cad>
          </ns3:TrackPointExtension>
        </extensions>
      </trkpt>
      <trkpt lat="29.1495208628475666046142578125" lon="120.32900308258831501007080078125">
        <ele>142</ele>
        <time>2016-06-22T11:49:33.000Z</time>
        <extensions>
          <ns3:TrackPointExtension>
            <ns3:hr>160</ns3:hr>
            <ns3:cad>98</ns3:cad>
          </ns3:TrackPointExtension>
        </extensions>
      </trkpt>
      <trkpt lat="29.1495208628475666046142578125" lon="120.32900308258831501007080078125">
        <ele>142</ele>
        <time>2016-06-22T11:49:34.000Z</time>
        <extensions>
          <ns3:TrackPointExtension>
            <ns3:hr>160</ns3:hr>
            <ns3:cad>98</ns3:cad>
          </ns3:TrackPointExtension>
        </extensions>
      </trkpt>
      <trkpt lat="29.1495305858552455902099609375" lon="120.32897626049816608428955078125">
        <ele>142.1999969482421875</ele>
        <time>2016-06-22T11:49:35.000Z</time>
        <extensions>
          <ns3:TrackPointExtension>
            <ns3:hr>160</ns3:hr>
            <ns3:cad>98</ns3:cad>
          </ns3:TrackPointExtension>
        </extensions>
      </trkpt>
      <trkpt lat="29.14953854866325855255126953125" lon="120.32895077951252460479736328125">
        <ele>142.1999969482421875</ele>
        <time>2016-06-22T11:49:36.000Z</time>
        <extensions>
          <ns3:TrackPointExtension>
            <ns3:hr>160</ns3:hr>
            <ns3:cad>98</ns3:cad>
          </ns3:TrackPointExtension>
        </extensions>
      </trkpt>
      <trkpt lat="29.1495461761951446533203125" lon="120.32892395742237567901611328125">
        <ele>142.399993896484375</ele>
        <time>2016-06-22T11:49:37.000Z</time>
        <extensions>
          <ns3:TrackPointExtension>
            <ns3:hr>160</ns3:hr>
            <ns3:cad>97</ns3:cad>
          </ns3:TrackPointExtension>
        </extensions>
      </trkpt>
      <trkpt lat="29.14955195970833301544189453125" lon="120.328897722065448760986328125">
        <ele>142.600006103515625</ele>
        <time>2016-06-22T11:49:38.000Z</time>
        <extensions>
          <ns3:TrackPointExtension>
            <ns3:hr>160</ns3:hr>
            <ns3:cad>97</ns3:cad>
          </ns3:TrackPointExtension>
        </extensions>
      </trkpt>
      <trkpt lat="29.14955631829798221588134765625" lon="120.32883695326745510101318359375">
        <ele>142.8000030517578125</ele>
        <time>2016-06-22T11:49:39.000Z</time>
        <extensions>
          <ns3:TrackPointExtension>
            <ns3:hr>158</ns3:hr>
            <ns3:cad>97</ns3:cad>
          </ns3:TrackPointExtension>
        </extensions>
      </trkpt>
      <trkpt lat="29.14955631829798221588134765625" lon="120.32883695326745510101318359375">
        <ele>142.8000030517578125</ele>
        <time>2016-06-22T11:49:40.000Z</time>
        <extensions>
          <ns3:TrackPointExtension>
            <ns3:hr>158</ns3:hr>
            <ns3:cad>97</ns3:cad>
          </ns3:TrackPointExtension>
        </extensions>
      </trkpt>
      <trkpt lat="29.149555899202823638916015625" lon="120.32880577258765697479248046875">
        <ele>143</ele>
        <time>2016-06-22T11:49:41.000Z</time>
        <extensions>
          <ns3:TrackPointExtension>
            <ns3:hr>158</ns3:hr>
            <ns3:cad>97</ns3:cad>
          </ns3:TrackPointExtension>
        </extensions>
      </trkpt>
      <trkpt lat="29.1495527140796184539794921875" lon="120.32877333462238311767578125">
        <ele>143</ele>
        <time>2016-06-22T11:49:42.000Z</time>
        <extensions>
          <ns3:TrackPointExtension>
            <ns3:hr>159</ns3:hr>
            <ns3:cad>96</ns3:cad>
          </ns3:TrackPointExtension>
        </extensions>
      </trkpt>
      <trkpt lat="29.1495490260422229766845703125" lon="120.3287443332374095916748046875">
        <ele>143.1999969482421875</ele>
        <time>2016-06-22T11:49:43.000Z</time>
        <extensions>
          <ns3:TrackPointExtension>
            <ns3:hr>159</ns3:hr>
            <ns3:cad>95</ns3:cad>
          </ns3:TrackPointExtension>
        </extensions>
      </trkpt>
      <trkpt lat="29.149542152881622314453125" lon="120.328715331852436065673828125">
        <ele>143.600006103515625</ele>
        <time>2016-06-22T11:49:44.000Z</time>
        <extensions>
          <ns3:TrackPointExtension>
            <ns3:hr>159</ns3:hr>
            <ns3:cad>95</ns3:cad>
          </ns3:TrackPointExtension>
        </extensions>
      </trkpt>
      <trkpt lat="29.14953301660716533660888671875" lon="120.3286854922771453857421875">
        <ele>143.600006103515625</ele>
        <time>2016-06-22T11:49:45.000Z</time>
        <extensions>
          <ns3:TrackPointExtension>
            <ns3:hr>158</ns3:hr>
            <ns3:cad>96</ns3:cad>
          </ns3:TrackPointExtension>
        </extensions>
      </trkpt>
      <trkpt lat="29.1495215333998203277587890625" lon="120.32866001129150390625">
        <ele>143.8000030517578125</ele>
        <time>2016-06-22T11:49:46.000Z</time>
        <extensions>
          <ns3:TrackPointExtension>
            <ns3:hr>157</ns3:hr>
            <ns3:cad>96</ns3:cad>
          </ns3:TrackPointExtension>
        </extensions>
      </trkpt>
      <trkpt lat="29.14950787089765071868896484375" lon="120.32862983644008636474609375">
        <ele>144</ele>
        <time>2016-06-22T11:49:47.000Z</time>
        <extensions>
          <ns3:TrackPointExtension>
            <ns3:hr>157</ns3:hr>
            <ns3:cad>98</ns3:cad>
          </ns3:TrackPointExtension>
        </extensions>
      </trkpt>
      <trkpt lat="29.1494940407574176788330078125" lon="120.3286023437976837158203125">
        <ele>144</ele>
        <time>2016-06-22T11:49:48.000Z</time>
        <extensions>
          <ns3:TrackPointExtension>
            <ns3:hr>157</ns3:hr>
            <ns3:cad>98</ns3:cad>
          </ns3:TrackPointExtension>
        </extensions>
      </trkpt>
      <trkpt lat="29.14947534911334514617919921875" lon="120.32857560552656650543212890625">
        <ele>144</ele>
        <time>2016-06-22T11:49:49.000Z</time>
        <extensions>
          <ns3:TrackPointExtension>
            <ns3:hr>158</ns3:hr>
            <ns3:cad>98</ns3:cad>
          </ns3:TrackPointExtension>
        </extensions>
      </trkpt>
      <trkpt lat="29.1494564898312091827392578125" lon="120.32854828052222728729248046875">
        <ele>144</ele>
        <time>2016-06-22T11:49:50.000Z</time>
        <extensions>
          <ns3:TrackPointExtension>
            <ns3:hr>157</ns3:hr>
            <ns3:cad>97</ns3:cad>
          </ns3:TrackPointExtension>
        </extensions>
      </trkpt>
      <trkpt lat="29.14943779818713665008544921875" lon="120.3285227157175540924072265625">
        <ele>144</ele>
        <time>2016-06-22T11:49:51.000Z</time>
        <extensions>
          <ns3:TrackPointExtension>
            <ns3:hr>158</ns3:hr>
            <ns3:cad>97</ns3:cad>
          </ns3:TrackPointExtension>
        </extensions>
      </trkpt>
      <trkpt lat="29.14941466413438320159912109375" lon="120.32849782146513462066650390625">
        <ele>144</ele>
        <time>2016-06-22T11:49:52.000Z</time>
        <extensions>
          <ns3:TrackPointExtension>
            <ns3:hr>158</ns3:hr>
            <ns3:cad>96</ns3:cad>
          </ns3:TrackPointExtension>
        </extensions>
      </trkpt>
      <trkpt lat="29.14939186535775661468505859375" lon="120.32847519032657146453857421875">
        <ele>144</ele>
        <time>2016-06-22T11:49:53.000Z</time>
        <extensions>
          <ns3:TrackPointExtension>
            <ns3:hr>158</ns3:hr>
            <ns3:cad>96</ns3:cad>
          </ns3:TrackPointExtension>
        </extensions>
      </trkpt>
      <trkpt lat="29.14936789311468601226806640625" lon="120.32845524139702320098876953125">
        <ele>143.8000030517578125</ele>
        <time>2016-06-22T11:49:54.000Z</time>
        <extensions>
          <ns3:TrackPointExtension>
            <ns3:hr>158</ns3:hr>
            <ns3:cad>96</ns3:cad>
          </ns3:TrackPointExtension>
        </extensions>
      </trkpt>
      <trkpt lat="29.14934325031936168670654296875" lon="120.328435711562633514404296875">
        <ele>143.600006103515625</ele>
        <time>2016-06-22T11:49:55.000Z</time>
        <extensions>
          <ns3:TrackPointExtension>
            <ns3:hr>158</ns3:hr>
            <ns3:cad>97</ns3:cad>
          </ns3:TrackPointExtension>
        </extensions>
      </trkpt>
      <trkpt lat="29.14931927807629108428955078125" lon="120.32841819338500499725341796875">
        <ele>143.399993896484375</ele>
        <time>2016-06-22T11:49:56.000Z</time>
        <extensions>
          <ns3:TrackPointExtension>
            <ns3:hr>158</ns3:hr>
            <ns3:cad>97</ns3:cad>
          </ns3:TrackPointExtension>
        </extensions>
      </trkpt>
      <trkpt lat="29.14929614402353763580322265625" lon="120.3284036926925182342529296875">
        <ele>143.399993896484375</ele>
        <time>2016-06-22T11:49:57.000Z</time>
        <extensions>
          <ns3:TrackPointExtension>
            <ns3:hr>158</ns3:hr>
            <ns3:cad>98</ns3:cad>
          </ns3:TrackPointExtension>
        </extensions>
      </trkpt>
      <trkpt lat="29.14927099831402301788330078125" lon="120.3283916227519512176513671875">
        <ele>143.1999969482421875</ele>
        <time>2016-06-22T11:49:58.000Z</time>
        <extensions>
          <ns3:TrackPointExtension>
            <ns3:hr>158</ns3:hr>
            <ns3:cad>98</ns3:cad>
          </ns3:TrackPointExtension>
        </extensions>
      </trkpt>
      <trkpt lat="29.14924669079482555389404296875" lon="120.32837712205946445465087890625">
        <ele>143.1999969482421875</ele>
        <time>2016-06-22T11:49:59.000Z</time>
        <extensions>
          <ns3:TrackPointExtension>
            <ns3:hr>159</ns3:hr>
            <ns3:cad>98</ns3:cad>
          </ns3:TrackPointExtension>
        </extensions>
      </trkpt>
      <trkpt lat="29.14922322146594524383544921875" lon="120.32836270518600940704345703125">
        <ele>143.1999969482421875</ele>
        <time>2016-06-22T11:50:00.000Z</time>
        <extensions>
          <ns3:TrackPointExtension>
            <ns3:hr>159</ns3:hr>
            <ns3:cad>96</ns3:cad>
          </ns3:TrackPointExtension>
        </extensions>
      </trkpt>
      <trkpt lat="29.1492003388702869415283203125" lon="120.3283528983592987060546875">
        <ele>143</ele>
        <time>2016-06-22T11:50:01.000Z</time>
        <extensions>
          <ns3:TrackPointExtension>
            <ns3:hr>159</ns3:hr>
            <ns3:cad>96</ns3:cad>
          </ns3:TrackPointExtension>
        </extensions>
      </trkpt>
      <trkpt lat="29.14917561225593090057373046875" lon="120.328343845903873443603515625">
        <ele>143</ele>
        <time>2016-06-22T11:50:02.000Z</time>
        <extensions>
          <ns3:TrackPointExtension>
            <ns3:hr>159</ns3:hr>
            <ns3:cad>96</ns3:cad>
          </ns3:TrackPointExtension>
        </extensions>
      </trkpt>
      <trkpt lat="29.14915063418447971343994140625" lon="120.32833504490554332733154296875">
        <ele>143</ele>
        <time>2016-06-22T11:50:03.000Z</time>
        <extensions>
          <ns3:TrackPointExtension>
            <ns3:hr>160</ns3:hr>
            <ns3:cad>97</ns3:cad>
          </ns3:TrackPointExtension>
        </extensions>
      </trkpt>
      <trkpt lat="29.14912481792271137237548828125" lon="120.328325740993022918701171875">
        <ele>142.8000030517578125</ele>
        <time>2016-06-22T11:50:04.000Z</time>
        <extensions>
          <ns3:TrackPointExtension>
            <ns3:hr>160</ns3:hr>
            <ns3:cad>97</ns3:cad>
          </ns3:TrackPointExtension>
        </extensions>
      </trkpt>
      <trkpt lat="29.14910000748932361602783203125" lon="120.32831459306180477142333984375">
        <ele>142.8000030517578125</ele>
        <time>2016-06-22T11:50:05.000Z</time>
        <extensions>
          <ns3:TrackPointExtension>
            <ns3:hr>161</ns3:hr>
            <ns3:cad>97</ns3:cad>
          </ns3:TrackPointExtension>
        </extensions>
      </trkpt>
      <trkpt lat="29.149074442684650421142578125" lon="120.32830663025379180908203125">
        <ele>142.600006103515625</ele>
        <time>2016-06-22T11:50:06.000Z</time>
        <extensions>
          <ns3:TrackPointExtension>
            <ns3:hr>161</ns3:hr>
            <ns3:cad>98</ns3:cad>
          </ns3:TrackPointExtension>
        </extensions>
      </trkpt>
      <trkpt lat="29.14904837496578693389892578125" lon="120.328297913074493408203125">
        <ele>142.399993896484375</ele>
        <time>2016-06-22T11:50:07.000Z</time>
        <extensions>
          <ns3:TrackPointExtension>
            <ns3:hr>161</ns3:hr>
            <ns3:cad>98</ns3:cad>
          </ns3:TrackPointExtension>
        </extensions>
      </trkpt>
      <trkpt lat="29.14902205578982830047607421875" lon="120.32828676514327526092529296875">
        <ele>142.399993896484375</ele>
        <time>2016-06-22T11:50:08.000Z</time>
        <extensions>
          <ns3:TrackPointExtension>
            <ns3:hr>161</ns3:hr>
            <ns3:cad>98</ns3:cad>
          </ns3:TrackPointExtension>
        </extensions>
      </trkpt>
      <trkpt lat="29.14899640716612339019775390625" lon="120.3282796405255794525146484375">
        <ele>142.1999969482421875</ele>
        <time>2016-06-22T11:50:09.000Z</time>
        <extensions>
          <ns3:TrackPointExtension>
            <ns3:hr>161</ns3:hr>
            <ns3:cad>96</ns3:cad>
          </ns3:TrackPointExtension>
        </extensions>
      </trkpt>
      <trkpt lat="29.14894259534776210784912109375" lon="120.3282628767192363739013671875">
        <ele>142.1999969482421875</ele>
        <time>2016-06-22T11:50:10.000Z</time>
        <extensions>
          <ns3:TrackPointExtension>
            <ns3:hr>162</ns3:hr>
            <ns3:cad>96</ns3:cad>
          </ns3:TrackPointExtension>
        </extensions>
      </trkpt>
      <trkpt lat="29.14894259534776210784912109375" lon="120.3282628767192363739013671875">
        <ele>142.1999969482421875</ele>
        <time>2016-06-22T11:50:11.000Z</time>
        <extensions>
          <ns3:TrackPointExtension>
            <ns3:hr>162</ns3:hr>
            <ns3:cad>96</ns3:cad>
          </ns3:TrackPointExtension>
        </extensions>
      </trkpt>
      <trkpt lat="29.14891409687697887420654296875" lon="120.328254997730255126953125">
        <ele>142.1999969482421875</ele>
        <time>2016-06-22T11:50:12.000Z</time>
        <extensions>
          <ns3:TrackPointExtension>
            <ns3:hr>162</ns3:hr>
            <ns3:cad>97</ns3:cad>
          </ns3:TrackPointExtension>
        </extensions>
      </trkpt>
      <trkpt lat="29.148886688053607940673828125" lon="120.32823957502841949462890625">
        <ele>142.399993896484375</ele>
        <time>2016-06-22T11:50:13.000Z</time>
        <extensions>
          <ns3:TrackPointExtension>
            <ns3:hr>163</ns3:hr>
            <ns3:cad>97</ns3:cad>
          </ns3:TrackPointExtension>
        </extensions>
      </trkpt>
      <trkpt lat="29.148859865963459014892578125" lon="120.32823077403008937835693359375">
        <ele>142.399993896484375</ele>
        <time>2016-06-22T11:50:14.000Z</time>
        <extensions>
          <ns3:TrackPointExtension>
            <ns3:hr>163</ns3:hr>
            <ns3:cad>97</ns3:cad>
          </ns3:TrackPointExtension>
        </extensions>
      </trkpt>
      <trkpt lat="29.14880798198282718658447265625" lon="120.32821266911923885345458984375">
        <ele>142.399993896484375</ele>
        <time>2016-06-22T11:50:15.000Z</time>
        <extensions>
          <ns3:TrackPointExtension>
            <ns3:hr>164</ns3:hr>
            <ns3:cad>97</ns3:cad>
          </ns3:TrackPointExtension>
        </extensions>
      </trkpt>
      <trkpt lat="29.14880798198282718658447265625" lon="120.32821266911923885345458984375">
        <ele>142.399993896484375</ele>
        <time>2016-06-22T11:50:16.000Z</time>
        <extensions>
          <ns3:TrackPointExtension>
            <ns3:hr>164</ns3:hr>
            <ns3:cad>97</ns3:cad>
          </ns3:TrackPointExtension>
        </extensions>
      </trkpt>
      <trkpt lat="29.14878132753074169158935546875" lon="120.32820579595863819122314453125">
        <ele>142.1999969482421875</ele>
        <time>2016-06-22T11:50:17.000Z</time>
        <extensions>
          <ns3:TrackPointExtension>
            <ns3:hr>164</ns3:hr>
            <ns3:cad>98</ns3:cad>
          </ns3:TrackPointExtension>
        </extensions>
      </trkpt>
      <trkpt lat="29.14875634945929050445556640625" lon="120.32819657586514949798583984375">
        <ele>142.1999969482421875</ele>
        <time>2016-06-22T11:50:18.000Z</time>
        <extensions>
          <ns3:TrackPointExtension>
            <ns3:hr>163</ns3:hr>
            <ns3:cad>98</ns3:cad>
          </ns3:TrackPointExtension>
        </extensions>
      </trkpt>
      <trkpt lat="29.148732461035251617431640625" lon="120.32818953506648540496826171875">
        <ele>142.1999969482421875</ele>
        <time>2016-06-22T11:50:19.000Z</time>
        <extensions>
          <ns3:TrackPointExtension>
            <ns3:hr>164</ns3:hr>
            <ns3:cad>98</ns3:cad>
          </ns3:TrackPointExtension>
        </extensions>
      </trkpt>
      <trkpt lat="29.148708321154117584228515625" lon="120.32817922532558441162109375">
        <ele>142.1999969482421875</ele>
        <time>2016-06-22T11:50:20.000Z</time>
        <extensions>
          <ns3:TrackPointExtension>
            <ns3:hr>164</ns3:hr>
            <ns3:cad>96</ns3:cad>
          </ns3:TrackPointExtension>
        </extensions>
      </trkpt>
      <trkpt lat="29.14868325926363468170166015625" lon="120.3281686641275882720947265625">
        <ele>142.1999969482421875</ele>
        <time>2016-06-22T11:50:21.000Z</time>
        <extensions>
          <ns3:TrackPointExtension>
            <ns3:hr>164</ns3:hr>
            <ns3:cad>96</ns3:cad>
          </ns3:TrackPointExtension>
        </extensions>
      </trkpt>
      <trkpt lat="29.14865593425929546356201171875" lon="120.3281602822244167327880859375">
        <ele>142.1999969482421875</ele>
        <time>2016-06-22T11:50:22.000Z</time>
        <extensions>
          <ns3:TrackPointExtension>
            <ns3:hr>162</ns3:hr>
            <ns3:cad>98</ns3:cad>
          </ns3:TrackPointExtension>
        </extensions>
      </trkpt>
      <trkpt lat="29.148628525435924530029296875" lon="120.32815047539770603179931640625">
        <ele>142.1999969482421875</ele>
        <time>2016-06-22T11:50:23.000Z</time>
        <extensions>
          <ns3:TrackPointExtension>
            <ns3:hr>161</ns3:hr>
            <ns3:cad>98</ns3:cad>
          </ns3:TrackPointExtension>
        </extensions>
      </trkpt>
      <trkpt lat="29.14860329590737819671630859375" lon="120.32814259640872478485107421875">
        <ele>142.399993896484375</ele>
        <time>2016-06-22T11:50:24.000Z</time>
        <extensions>
          <ns3:TrackPointExtension>
            <ns3:hr>161</ns3:hr>
            <ns3:cad>98</ns3:cad>
          </ns3:TrackPointExtension>
        </extensions>
      </trkpt>
      <trkpt lat="29.14855518378317356109619140625" lon="120.32812030054628849029541015625">
        <ele>142.399993896484375</ele>
        <time>2016-06-22T11:50:25.000Z</time>
        <extensions>
          <ns3:TrackPointExtension>
            <ns3:hr>161</ns3:hr>
            <ns3:cad>97</ns3:cad>
          </ns3:TrackPointExtension>
        </extensions>
      </trkpt>
      <trkpt lat="29.14855518378317356109619140625" lon="120.32812030054628849029541015625">
        <ele>142.399993896484375</ele>
        <time>2016-06-22T11:50:26.000Z</time>
        <extensions>
          <ns3:TrackPointExtension>
            <ns3:hr>161</ns3:hr>
            <ns3:cad>97</ns3:cad>
          </ns3:TrackPointExtension>
        </extensions>
      </trkpt>
      <trkpt lat="29.1485311277210712432861328125" lon="120.3281136788427829742431640625">
        <ele>142.399993896484375</ele>
        <time>2016-06-22T11:50:27.000Z</time>
        <extensions>
          <ns3:TrackPointExtension>
            <ns3:hr>161</ns3:hr>
            <ns3:cad>97</ns3:cad>
          </ns3:TrackPointExtension>
        </extensions>
      </trkpt>
      <trkpt lat="29.14850774221122264862060546875" lon="120.32810403965413570404052734375">
        <ele>142.399993896484375</ele>
        <time>2016-06-22T11:50:28.000Z</time>
        <extensions>
          <ns3:TrackPointExtension>
            <ns3:hr>161</ns3:hr>
            <ns3:cad>97</ns3:cad>
          </ns3:TrackPointExtension>
        </extensions>
      </trkpt>
      <trkpt lat="29.14845895953476428985595703125" lon="120.3280925564467906951904296875">
        <ele>142.399993896484375</ele>
        <time>2016-06-22T11:50:29.000Z</time>
        <extensions>
          <ns3:TrackPointExtension>
            <ns3:hr>160</ns3:hr>
            <ns3:cad>97</ns3:cad>
          </ns3:TrackPointExtension>
        </extensions>
      </trkpt>
      <trkpt lat="29.14845895953476428985595703125" lon="120.3280925564467906951904296875">
        <ele>142.399993896484375</ele>
        <time>2016-06-22T11:50:30.000Z</time>
        <extensions>
          <ns3:TrackPointExtension>
            <ns3:hr>160</ns3:hr>
            <ns3:cad>97</ns3:cad>
          </ns3:TrackPointExtension>
        </extensions>
      </trkpt>
      <trkpt lat="29.14843238890171051025390625" lon="120.3280902095139026641845703125">
        <ele>142.399993896484375</ele>
        <time>2016-06-22T11:50:31.000Z</time>
        <extensions>
          <ns3:TrackPointExtension>
            <ns3:hr>160</ns3:hr>
            <ns3:cad>97</ns3:cad>
          </ns3:TrackPointExtension>
        </extensions>
      </trkpt>
      <trkpt lat="29.14840782992541790008544921875" lon="120.32809046097099781036376953125">
        <ele>142.399993896484375</ele>
        <time>2016-06-22T11:50:32.000Z</time>
        <extensions>
          <ns3:TrackPointExtension>
            <ns3:hr>160</ns3:hr>
            <ns3:cad>97</ns3:cad>
          </ns3:TrackPointExtension>
        </extensions>
      </trkpt>
      <trkpt lat="29.14838469587266445159912109375" lon="120.328092388808727264404296875">
        <ele>142.399993896484375</ele>
        <time>2016-06-22T11:50:33.000Z</time>
        <extensions>
          <ns3:TrackPointExtension>
            <ns3:hr>160</ns3:hr>
            <ns3:cad>97</ns3:cad>
          </ns3:TrackPointExtension>
        </extensions>
      </trkpt>
      <trkpt lat="29.1483601368963718414306640625" lon="120.32809465192258358001708984375">
        <ele>142.399993896484375</ele>
        <time>2016-06-22T11:50:34.000Z</time>
        <extensions>
          <ns3:TrackPointExtension>
            <ns3:hr>160</ns3:hr>
            <ns3:cad>97</ns3:cad>
          </ns3:TrackPointExtension>
        </extensions>
      </trkpt>
      <trkpt lat="29.1483363322913646697998046875" lon="120.32809867523610591888427734375">
        <ele>142.399993896484375</ele>
        <time>2016-06-22T11:50:35.000Z</time>
        <extensions>
          <ns3:TrackPointExtension>
            <ns3:hr>160</ns3:hr>
            <ns3:cad>97</ns3:cad>
          </ns3:TrackPointExtension>
        </extensions>
      </trkpt>
      <trkpt lat="29.148311354219913482666015625" lon="120.3281036205589771270751953125">
        <ele>142.399993896484375</ele>
        <time>2016-06-22T11:50:36.000Z</time>
        <extensions>
          <ns3:TrackPointExtension>
            <ns3:hr>160</ns3:hr>
            <ns3:cad>96</ns3:cad>
          </ns3:TrackPointExtension>
        </extensions>
      </trkpt>
      <trkpt lat="29.1482887230813503265380859375" lon="120.32811158336699008941650390625">
        <ele>142.600006103515625</ele>
        <time>2016-06-22T11:50:37.000Z</time>
        <extensions>
          <ns3:TrackPointExtension>
            <ns3:hr>160</ns3:hr>
            <ns3:cad>96</ns3:cad>
          </ns3:TrackPointExtension>
        </extensions>
      </trkpt>
      <trkpt lat="29.148264415562152862548828125" lon="120.3281200490891933441162109375">
        <ele>142.600006103515625</ele>
        <time>2016-06-22T11:50:38.000Z</time>
        <extensions>
          <ns3:TrackPointExtension>
            <ns3:hr>161</ns3:hr>
            <ns3:cad>96</ns3:cad>
          </ns3:TrackPointExtension>
        </extensions>
      </trkpt>
      <trkpt lat="29.14823801256716251373291015625" lon="120.32813186757266521453857421875">
        <ele>142.8000030517578125</ele>
        <time>2016-06-22T11:50:39.000Z</time>
        <extensions>
          <ns3:TrackPointExtension>
            <ns3:hr>161</ns3:hr>
            <ns3:cad>98</ns3:cad>
          </ns3:TrackPointExtension>
        </extensions>
      </trkpt>
      <trkpt lat="29.14819099009037017822265625" lon="120.32815617509186267852783203125">
        <ele>143</ele>
        <time>2016-06-22T11:50:40.000Z</time>
        <extensions>
          <ns3:TrackPointExtension>
            <ns3:hr>160</ns3:hr>
            <ns3:cad>98</ns3:cad>
          </ns3:TrackPointExtension>
        </extensions>
      </trkpt>
      <trkpt lat="29.14819099009037017822265625" lon="120.32815617509186267852783203125">
        <ele>143</ele>
        <time>2016-06-22T11:50:41.000Z</time>
        <extensions>
          <ns3:TrackPointExtension>
            <ns3:hr>160</ns3:hr>
            <ns3:cad>96</ns3:cad>
          </ns3:TrackPointExtension>
        </extensions>
      </trkpt>
      <trkpt lat="29.1481703706085681915283203125" lon="120.32817176543176174163818359375">
        <ele>143</ele>
        <time>2016-06-22T11:50:42.000Z</time>
        <extensions>
          <ns3:TrackPointExtension>
            <ns3:hr>159</ns3:hr>
            <ns3:cad>96</ns3:cad>
          </ns3:TrackPointExtension>
        </extensions>
      </trkpt>
      <trkpt lat="29.1481495834887027740478515625" lon="120.3281897865235805511474609375">
        <ele>143</ele>
        <time>2016-06-22T11:50:43.000Z</time>
        <extensions>
          <ns3:TrackPointExtension>
            <ns3:hr>159</ns3:hr>
            <ns3:cad>96</ns3:cad>
          </ns3:TrackPointExtension>
        </extensions>
      </trkpt>
      <trkpt lat="29.14812686853110790252685546875" lon="120.32820847816765308380126953125">
        <ele>143</ele>
        <time>2016-06-22T11:50:44.000Z</time>
        <extensions>
          <ns3:TrackPointExtension>
            <ns3:hr>158</ns3:hr>
            <ns3:cad>97</ns3:cad>
          </ns3:TrackPointExtension>
        </extensions>
      </trkpt>
      <trkpt lat="29.14810742251574993133544921875" lon="120.3282273374497890472412109375">
        <ele>143.1999969482421875</ele>
        <time>2016-06-22T11:50:45.000Z</time>
        <extensions>
          <ns3:TrackPointExtension>
            <ns3:hr>158</ns3:hr>
            <ns3:cad>98</ns3:cad>
          </ns3:TrackPointExtension>
        </extensions>
      </trkpt>
      <trkpt lat="29.1480905748903751373291015625" lon="120.328247286379337310791015625">
        <ele>143.1999969482421875</ele>
        <time>2016-06-22T11:50:46.000Z</time>
        <extensions>
          <ns3:TrackPointExtension>
            <ns3:hr>158</ns3:hr>
            <ns3:cad>98</ns3:cad>
          </ns3:TrackPointExtension>
        </extensions>
      </trkpt>
      <trkpt lat="29.14805931039154529571533203125" lon="120.3282943926751613616943359375">
        <ele>143.399993896484375</ele>
        <time>2016-06-22T11:50:47.000Z</time>
        <extensions>
          <ns3:TrackPointExtension>
            <ns3:hr>159</ns3:hr>
            <ns3:cad>98</ns3:cad>
          </ns3:TrackPointExtension>
        </extensions>
      </trkpt>
      <trkpt lat="29.14805931039154529571533203125" lon="120.3282943926751613616943359375">
        <ele>143.399993896484375</ele>
        <time>2016-06-22T11:50:48.000Z</time>
        <extensions>
          <ns3:TrackPointExtension>
            <ns3:hr>159</ns3:hr>
            <ns3:cad>97</ns3:cad>
          </ns3:TrackPointExtension>
        </extensions>
      </trkpt>
      <trkpt lat="29.14804254658520221710205078125" lon="120.32831861637532711029052734375">
        <ele>143.399993896484375</ele>
        <time>2016-06-22T11:50:49.000Z</time>
        <extensions>
          <ns3:TrackPointExtension>
            <ns3:hr>160</ns3:hr>
            <ns3:cad>96</ns3:cad>
          </ns3:TrackPointExtension>
        </extensions>
      </trkpt>
      <trkpt lat="29.14802846498787403106689453125" lon="120.3283453546464443206787109375">
        <ele>143.600006103515625</ele>
        <time>2016-06-22T11:50:50.000Z</time>
        <extensions>
          <ns3:TrackPointExtension>
            <ns3:hr>160</ns3:hr>
            <ns3:cad>96</ns3:cad>
          </ns3:TrackPointExtension>
        </extensions>
      </trkpt>
      <trkpt lat="29.14801488630473613739013671875" lon="120.32837368547916412353515625">
        <ele>143.600006103515625</ele>
        <time>2016-06-22T11:50:51.000Z</time>
        <extensions>
          <ns3:TrackPointExtension>
            <ns3:hr>160</ns3:hr>
            <ns3:cad>96</ns3:cad>
          </ns3:TrackPointExtension>
        </extensions>
      </trkpt>
      <trkpt lat="29.148003570735454559326171875" lon="120.3284030221402645111083984375">
        <ele>143.600006103515625</ele>
        <time>2016-06-22T11:50:52.000Z</time>
        <extensions>
          <ns3:TrackPointExtension>
            <ns3:hr>160</ns3:hr>
            <ns3:cad>97</ns3:cad>
          </ns3:TrackPointExtension>
        </extensions>
      </trkpt>
      <trkpt lat="29.14799510501325130462646484375" lon="120.32843269407749176025390625">
        <ele>143.600006103515625</ele>
        <time>2016-06-22T11:50:53.000Z</time>
        <extensions>
          <ns3:TrackPointExtension>
            <ns3:hr>161</ns3:hr>
            <ns3:cad>97</ns3:cad>
          </ns3:TrackPointExtension>
        </extensions>
      </trkpt>
      <trkpt lat="29.1479869745671749114990234375" lon="120.32846328802406787872314453125">
        <ele>143.600006103515625</ele>
        <time>2016-06-22T11:50:54.000Z</time>
        <extensions>
          <ns3:TrackPointExtension>
            <ns3:hr>161</ns3:hr>
            <ns3:cad>97</ns3:cad>
          </ns3:TrackPointExtension>
        </extensions>
      </trkpt>
      <trkpt lat="29.14798320271074771881103515625" lon="120.328493379056453704833984375">
        <ele>143.600006103515625</ele>
        <time>2016-06-22T11:50:55.000Z</time>
        <extensions>
          <ns3:TrackPointExtension>
            <ns3:hr>161</ns3:hr>
            <ns3:cad>96</ns3:cad>
          </ns3:TrackPointExtension>
        </extensions>
      </trkpt>
      <trkpt lat="29.14797800593078136444091796875" lon="120.3285217098891735076904296875">
        <ele>143.8000030517578125</ele>
        <time>2016-06-22T11:50:56.000Z</time>
        <extensions>
          <ns3:TrackPointExtension>
            <ns3:hr>161</ns3:hr>
            <ns3:cad>96</ns3:cad>
          </ns3:TrackPointExtension>
        </extensions>
      </trkpt>
      <trkpt lat="29.14797448553144931793212890625" lon="120.32858080230653285980224609375">
        <ele>144.1999969482421875</ele>
        <time>2016-06-22T11:50:57.000Z</time>
        <extensions>
          <ns3:TrackPointExtension>
            <ns3:hr>161</ns3:hr>
            <ns3:cad>96</ns3:cad>
          </ns3:TrackPointExtension>
        </extensions>
      </trkpt>
      <trkpt lat="29.14797448553144931793212890625" lon="120.32858080230653285980224609375">
        <ele>144.1999969482421875</ele>
        <time>2016-06-22T11:50:58.000Z</time>
        <extensions>
          <ns3:TrackPointExtension>
            <ns3:hr>161</ns3:hr>
            <ns3:cad>96</ns3:cad>
          </ns3:TrackPointExtension>
        </extensions>
      </trkpt>
      <trkpt lat="29.14797700010240077972412109375" lon="120.3286125697195529937744140625">
        <ele>144.399993896484375</ele>
        <time>2016-06-22T11:50:59.000Z</time>
        <extensions>
          <ns3:TrackPointExtension>
            <ns3:hr>160</ns3:hr>
            <ns3:cad>96</ns3:cad>
          </ns3:TrackPointExtension>
        </extensions>
      </trkpt>
      <trkpt lat="29.147982113063335418701171875" lon="120.3286425769329071044921875">
        <ele>144.399993896484375</ele>
        <time>2016-06-22T11:51:00.000Z</time>
        <extensions>
          <ns3:TrackPointExtension>
            <ns3:hr>160</ns3:hr>
            <ns3:cad>97</ns3:cad>
          </ns3:TrackPointExtension>
        </extensions>
      </trkpt>
      <trkpt lat="29.14799024350941181182861328125" lon="120.328671075403690338134765625">
        <ele>144.600006103515625</ele>
        <time>2016-06-22T11:51:01.000Z</time>
        <extensions>
          <ns3:TrackPointExtension>
            <ns3:hr>160</ns3:hr>
            <ns3:cad>97</ns3:cad>
          </ns3:TrackPointExtension>
        </extensions>
      </trkpt>
      <trkpt lat="29.14799845777451992034912109375" lon="120.32870016060769557952880859375">
        <ele>144.8000030517578125</ele>
        <time>2016-06-22T11:51:02.000Z</time>
        <extensions>
          <ns3:TrackPointExtension>
            <ns3:hr>160</ns3:hr>
            <ns3:cad>97</ns3:cad>
          </ns3:TrackPointExtension>
        </extensions>
      </trkpt>
      <trkpt lat="29.1480077616870403289794921875" lon="120.3287279047071933746337890625">
        <ele>144.8000030517578125</ele>
        <time>2016-06-22T11:51:03.000Z</time>
        <extensions>
          <ns3:TrackPointExtension>
            <ns3:hr>160</ns3:hr>
            <ns3:cad>98</ns3:cad>
          </ns3:TrackPointExtension>
        </extensions>
      </trkpt>
      <trkpt lat="29.14801958017051219940185546875" lon="120.3287552297115325927734375">
        <ele>144.8000030517578125</ele>
        <time>2016-06-22T11:51:04.000Z</time>
        <extensions>
          <ns3:TrackPointExtension>
            <ns3:hr>160</ns3:hr>
            <ns3:cad>98</ns3:cad>
          </ns3:TrackPointExtension>
        </extensions>
      </trkpt>
      <trkpt lat="29.14803097955882549285888671875" lon="120.32878381200134754180908203125">
        <ele>145</ele>
        <time>2016-06-22T11:51:05.000Z</time>
        <extensions>
          <ns3:TrackPointExtension>
            <ns3:hr>160</ns3:hr>
            <ns3:cad>97</ns3:cad>
          </ns3:TrackPointExtension>
        </extensions>
      </trkpt>
      <trkpt lat="29.1480441391468048095703125" lon="120.3288115561008453369140625">
        <ele>145</ele>
        <time>2016-06-22T11:51:06.000Z</time>
        <extensions>
          <ns3:TrackPointExtension>
            <ns3:hr>160</ns3:hr>
            <ns3:cad>97</ns3:cad>
          </ns3:TrackPointExtension>
        </extensions>
      </trkpt>
      <trkpt lat="29.14806886576116085052490234375" lon="120.32886193133890628814697265625">
        <ele>145</ele>
        <time>2016-06-22T11:51:07.000Z</time>
        <extensions>
          <ns3:TrackPointExtension>
            <ns3:hr>160</ns3:hr>
            <ns3:cad>96</ns3:cad>
          </ns3:TrackPointExtension>
        </extensions>
      </trkpt>
      <trkpt lat="29.14806886576116085052490234375" lon="120.32886193133890628814697265625">
        <ele>145</ele>
        <time>2016-06-22T11:51:08.000Z</time>
        <extensions>
          <ns3:TrackPointExtension>
            <ns3:hr>160</ns3:hr>
            <ns3:cad>96</ns3:cad>
          </ns3:TrackPointExtension>
        </extensions>
      </trkpt>
      <trkpt lat="29.14808244444429874420166015625" lon="120.32888338901102542877197265625">
        <ele>145</ele>
        <time>2016-06-22T11:51:09.000Z</time>
        <extensions>
          <ns3:TrackPointExtension>
            <ns3:hr>160</ns3:hr>
            <ns3:cad>96</ns3:cad>
          </ns3:TrackPointExtension>
        </extensions>
      </trkpt>
      <trkpt lat="29.148100130259990692138671875" lon="120.32890484668314456939697265625">
        <ele>145</ele>
        <time>2016-06-22T11:51:10.000Z</time>
        <extensions>
          <ns3:TrackPointExtension>
            <ns3:hr>160</ns3:hr>
            <ns3:cad>96</ns3:cad>
          </ns3:TrackPointExtension>
        </extensions>
      </trkpt>
      <trkpt lat="29.1481204144656658172607421875" lon="120.32892563380300998687744140625">
        <ele>145</ele>
        <time>2016-06-22T11:51:11.000Z</time>
        <extensions>
          <ns3:TrackPointExtension>
            <ns3:hr>160</ns3:hr>
            <ns3:cad>96</ns3:cad>
          </ns3:TrackPointExtension>
        </extensions>
      </trkpt>
      <trkpt lat="29.14814363233745098114013671875" lon="120.32894575037062168121337890625">
        <ele>145</ele>
        <time>2016-06-22T11:51:12.000Z</time>
        <extensions>
          <ns3:TrackPointExtension>
            <ns3:hr>160</ns3:hr>
            <ns3:cad>98</ns3:cad>
          </ns3:TrackPointExtension>
        </extensions>
      </trkpt>
      <trkpt lat="29.14817028678953647613525390625" lon="120.32896368764340877532958984375">
        <ele>145</ele>
        <time>2016-06-22T11:51:13.000Z</time>
        <extensions>
          <ns3:TrackPointExtension>
            <ns3:hr>161</ns3:hr>
            <ns3:cad>98</ns3:cad>
          </ns3:TrackPointExtension>
        </extensions>
      </trkpt>
      <trkpt lat="29.14819492958486080169677734375" lon="120.3289800323545932769775390625">
        <ele>145</ele>
        <time>2016-06-22T11:51:14.000Z</time>
        <extensions>
          <ns3:TrackPointExtension>
            <ns3:hr>161</ns3:hr>
            <ns3:cad>98</ns3:cad>
          </ns3:TrackPointExtension>
        </extensions>
      </trkpt>
      <trkpt lat="29.1482220031321048736572265625" lon="120.32899553887546062469482421875">
        <ele>144.8000030517578125</ele>
        <time>2016-06-22T11:51:15.000Z</time>
        <extensions>
          <ns3:TrackPointExtension>
            <ns3:hr>161</ns3:hr>
            <ns3:cad>98</ns3:cad>
          </ns3:TrackPointExtension>
        </extensions>
      </trkpt>
      <trkpt lat="29.14827740751206874847412109375" lon="120.329017080366611480712890625">
        <ele>144.600006103515625</ele>
        <time>2016-06-22T11:51:16.000Z</time>
        <extensions>
          <ns3:TrackPointExtension>
            <ns3:hr>160</ns3:hr>
            <ns3:cad>96</ns3:cad>
          </ns3:TrackPointExtension>
        </extensions>
      </trkpt>
      <trkpt lat="29.14827740751206874847412109375" lon="120.329017080366611480712890625">
        <ele>144.600006103515625</ele>
        <time>2016-06-22T11:51:17.000Z</time>
        <extensions>
          <ns3:TrackPointExtension>
            <ns3:hr>160</ns3:hr>
            <ns3:cad>96</ns3:cad>
          </ns3:TrackPointExtension>
        </extensions>
      </trkpt>
      <trkpt lat="29.14830523543059825897216796875" lon="120.32902621664106845855712890625">
        <ele>144.600006103515625</ele>
        <time>2016-06-22T11:51:18.000Z</time>
        <extensions>
          <ns3:TrackPointExtension>
            <ns3:hr>161</ns3:hr>
            <ns3:cad>96</ns3:cad>
          </ns3:TrackPointExtension>
        </extensions>
      </trkpt>
      <trkpt lat="29.14835837669670581817626953125" lon="120.3290444053709506988525390625">
        <ele>144.399993896484375</ele>
        <time>2016-06-22T11:51:19.000Z</time>
        <extensions>
          <ns3:TrackPointExtension>
            <ns3:hr>160</ns3:hr>
            <ns3:cad>96</ns3:cad>
          </ns3:TrackPointExtension>
        </extensions>
      </trkpt>
      <trkpt lat="29.14835837669670581817626953125" lon="120.3290444053709506988525390625">
        <ele>144.399993896484375</ele>
        <time>2016-06-22T11:51:20.000Z</time>
        <extensions>
          <ns3:TrackPointExtension>
            <ns3:hr>160</ns3:hr>
            <ns3:cad>96</ns3:cad>
          </ns3:TrackPointExtension>
        </extensions>
      </trkpt>
      <trkpt lat="29.148385114967823028564453125" lon="120.32905437983572483062744140625">
        <ele>144.1999969482421875</ele>
        <time>2016-06-22T11:51:21.000Z</time>
        <extensions>
          <ns3:TrackPointExtension>
            <ns3:hr>161</ns3:hr>
            <ns3:cad>96</ns3:cad>
          </ns3:TrackPointExtension>
        </extensions>
      </trkpt>
      <trkpt lat="29.148409254848957061767578125" lon="120.32906510867178440093994140625">
        <ele>144.1999969482421875</ele>
        <time>2016-06-22T11:51:22.000Z</time>
        <extensions>
          <ns3:TrackPointExtension>
            <ns3:hr>160</ns3:hr>
            <ns3:cad>96</ns3:cad>
          </ns3:TrackPointExtension>
        </extensions>
      </trkpt>
      <trkpt lat="29.1484637372195720672607421875" lon="120.3290853090584278106689453125">
        <ele>143.8000030517578125</ele>
        <time>2016-06-22T11:51:23.000Z</time>
        <extensions>
          <ns3:TrackPointExtension>
            <ns3:hr>160</ns3:hr>
            <ns3:cad>97</ns3:cad>
          </ns3:TrackPointExtension>
        </extensions>
      </trkpt>
      <trkpt lat="29.1484637372195720672607421875" lon="120.3290853090584278106689453125">
        <ele>143.8000030517578125</ele>
        <time>2016-06-22T11:51:24.000Z</time>
        <extensions>
          <ns3:TrackPointExtension>
            <ns3:hr>160</ns3:hr>
            <ns3:cad>97</ns3:cad>
          </ns3:TrackPointExtension>
        </extensions>
      </trkpt>
      <trkpt lat="29.1484898887574672698974609375" lon="120.32909411005675792694091796875">
        <ele>143.399993896484375</ele>
        <time>2016-06-22T11:51:25.000Z</time>
        <extensions>
          <ns3:TrackPointExtension>
            <ns3:hr>160</ns3:hr>
            <ns3:cad>97</ns3:cad>
          </ns3:TrackPointExtension>
        </extensions>
      </trkpt>
      <trkpt lat="29.14851662702858448028564453125" lon="120.3291024081408977508544921875">
        <ele>142.8000030517578125</ele>
        <time>2016-06-22T11:51:26.000Z</time>
        <extensions>
          <ns3:TrackPointExtension>
            <ns3:hr>159</ns3:hr>
            <ns3:cad>97</ns3:cad>
          </ns3:TrackPointExtension>
        </extensions>
      </trkpt>
      <trkpt lat="29.14853959344327449798583984375" lon="120.32910953275859355926513671875">
        <ele>142.600006103515625</ele>
        <time>2016-06-22T11:51:27.000Z</time>
        <extensions>
          <ns3:TrackPointExtension>
            <ns3:hr>160</ns3:hr>
            <ns3:cad>97</ns3:cad>
          </ns3:TrackPointExtension>
        </extensions>
      </trkpt>
      <trkpt lat="29.14856255985796451568603515625" lon="120.329118333756923675537109375">
        <ele>142.1999969482421875</ele>
        <time>2016-06-22T11:51:28.000Z</time>
        <extensions>
          <ns3:TrackPointExtension>
            <ns3:hr>160</ns3:hr>
            <ns3:cad>98</ns3:cad>
          </ns3:TrackPointExtension>
        </extensions>
      </trkpt>
      <trkpt lat="29.14858661592006683349609375" lon="120.329128392040729522705078125">
        <ele>141.8000030517578125</ele>
        <time>2016-06-22T11:51:29.000Z</time>
        <extensions>
          <ns3:TrackPointExtension>
            <ns3:hr>160</ns3:hr>
            <ns3:cad>98</ns3:cad>
          </ns3:TrackPointExtension>
        </extensions>
      </trkpt>
      <trkpt lat="29.148610420525074005126953125" lon="120.3291372768580913543701171875">
        <ele>141.399993896484375</ele>
        <time>2016-06-22T11:51:30.000Z</time>
        <extensions>
          <ns3:TrackPointExtension>
            <ns3:hr>160</ns3:hr>
            <ns3:cad>98</ns3:cad>
          </ns3:TrackPointExtension>
        </extensions>
      </trkpt>
      <trkpt lat="29.14863447658717632293701171875" lon="120.32914658077061176300048828125">
        <ele>141</ele>
        <time>2016-06-22T11:51:31.000Z</time>
        <extensions>
          <ns3:TrackPointExtension>
            <ns3:hr>160</ns3:hr>
            <ns3:cad>97</ns3:cad>
          </ns3:TrackPointExtension>
        </extensions>
      </trkpt>
      <trkpt lat="29.14865677244961261749267578125" lon="120.32915563322603702545166015625">
        <ele>140.600006103515625</ele>
        <time>2016-06-22T11:51:32.000Z</time>
        <extensions>
          <ns3:TrackPointExtension>
            <ns3:hr>159</ns3:hr>
            <ns3:cad>96</ns3:cad>
          </ns3:TrackPointExtension>
        </extensions>
      </trkpt>
      <trkpt lat="29.148679487407207489013671875" lon="120.3291654400527477264404296875">
        <ele>140.1999969482421875</ele>
        <time>2016-06-22T11:51:33.000Z</time>
        <extensions>
          <ns3:TrackPointExtension>
            <ns3:hr>159</ns3:hr>
            <ns3:cad>96</ns3:cad>
          </ns3:TrackPointExtension>
        </extensions>
      </trkpt>
      <trkpt lat="29.1487017832696437835693359375" lon="120.3291734866797924041748046875">
        <ele>139.8000030517578125</ele>
        <time>2016-06-22T11:51:34.000Z</time>
        <extensions>
          <ns3:TrackPointExtension>
            <ns3:hr>159</ns3:hr>
            <ns3:cad>96</ns3:cad>
          </ns3:TrackPointExtension>
        </extensions>
      </trkpt>
      <trkpt lat="29.1487517394125461578369140625" lon="120.32919234596192836761474609375">
        <ele>139.1999969482421875</ele>
        <time>2016-06-22T11:51:35.000Z</time>
        <extensions>
          <ns3:TrackPointExtension>
            <ns3:hr>158</ns3:hr>
            <ns3:cad>95</ns3:cad>
          </ns3:TrackPointExtension>
        </extensions>
      </trkpt>
      <trkpt lat="29.1487517394125461578369140625" lon="120.32919234596192836761474609375">
        <ele>139.1999969482421875</ele>
        <time>2016-06-22T11:51:36.000Z</time>
        <extensions>
          <ns3:TrackPointExtension>
            <ns3:hr>158</ns3:hr>
            <ns3:cad>95</ns3:cad>
          </ns3:TrackPointExtension>
        </extensions>
      </trkpt>
      <trkpt lat="29.1487795673310756683349609375" lon="120.32919955439865589141845703125">
        <ele>139.1999969482421875</ele>
        <time>2016-06-22T11:51:37.000Z</time>
        <extensions>
          <ns3:TrackPointExtension>
            <ns3:hr>158</ns3:hr>
            <ns3:cad>95</ns3:cad>
          </ns3:TrackPointExtension>
        </extensions>
      </trkpt>
      <trkpt lat="29.148806892335414886474609375" lon="120.32921028323471546173095703125">
        <ele>139</ele>
        <time>2016-06-22T11:51:38.000Z</time>
        <extensions>
          <ns3:TrackPointExtension>
            <ns3:hr>158</ns3:hr>
            <ns3:cad>96</ns3:cad>
          </ns3:TrackPointExtension>
        </extensions>
      </trkpt>
      <trkpt lat="29.1488603688776493072509765625" lon="120.3292301483452320098876953125">
        <ele>138.600006103515625</ele>
        <time>2016-06-22T11:51:39.000Z</time>
        <extensions>
          <ns3:TrackPointExtension>
            <ns3:hr>158</ns3:hr>
            <ns3:cad>97</ns3:cad>
          </ns3:TrackPointExtension>
        </extensions>
      </trkpt>
      <trkpt lat="29.1488603688776493072509765625" lon="120.3292301483452320098876953125">
        <ele>138.600006103515625</ele>
        <time>2016-06-22T11:51:40.000Z</time>
        <extensions>
          <ns3:TrackPointExtension>
            <ns3:hr>158</ns3:hr>
            <ns3:cad>97</ns3:cad>
          </ns3:TrackPointExtension>
        </extensions>
      </trkpt>
      <trkpt lat="29.14888828061521053314208984375" lon="120.32924079336225986480712890625">
        <ele>138.399993896484375</ele>
        <time>2016-06-22T11:51:41.000Z</time>
        <extensions>
          <ns3:TrackPointExtension>
            <ns3:hr>158</ns3:hr>
            <ns3:cad>98</ns3:cad>
          </ns3:TrackPointExtension>
        </extensions>
      </trkpt>
      <trkpt lat="29.14891627617180347442626953125" lon="120.32924942672252655029296875">
        <ele>138.1999969482421875</ele>
        <time>2016-06-22T11:51:42.000Z</time>
        <extensions>
          <ns3:TrackPointExtension>
            <ns3:hr>158</ns3:hr>
            <ns3:cad>98</ns3:cad>
          </ns3:TrackPointExtension>
        </extensions>
      </trkpt>
      <trkpt lat="29.14897444657981395721435546875" lon="120.329263843595981597900390625">
        <ele>138</ele>
        <time>2016-06-22T11:51:43.000Z</time>
        <extensions>
          <ns3:TrackPointExtension>
            <ns3:hr>158</ns3:hr>
            <ns3:cad>96</ns3:cad>
          </ns3:TrackPointExtension>
        </extensions>
      </trkpt>
      <trkpt lat="29.14897444657981395721435546875" lon="120.329263843595981597900390625">
        <ele>138</ele>
        <time>2016-06-22T11:51:44.000Z</time>
        <extensions>
          <ns3:TrackPointExtension>
            <ns3:hr>158</ns3:hr>
            <ns3:cad>96</ns3:cad>
          </ns3:TrackPointExtension>
        </extensions>
      </trkpt>
      <trkpt lat="29.14900093339383602142333984375" lon="120.32927214168012142181396484375">
        <ele>137.8000030517578125</ele>
        <time>2016-06-22T11:51:45.000Z</time>
        <extensions>
          <ns3:TrackPointExtension>
            <ns3:hr>158</ns3:hr>
            <ns3:cad>97</ns3:cad>
          </ns3:TrackPointExtension>
        </extensions>
      </trkpt>
      <trkpt lat="29.149027504026889801025390625" lon="120.3292817808687686920166015625">
        <ele>138</ele>
        <time>2016-06-22T11:51:46.000Z</time>
        <extensions>
          <ns3:TrackPointExtension>
            <ns3:hr>158</ns3:hr>
            <ns3:cad>97</ns3:cad>
          </ns3:TrackPointExtension>
        </extensions>
      </trkpt>
      <trkpt lat="29.14905558340251445770263671875" lon="120.32928773202002048492431640625">
        <ele>138.1999969482421875</ele>
        <time>2016-06-22T11:51:47.000Z</time>
        <extensions>
          <ns3:TrackPointExtension>
            <ns3:hr>158</ns3:hr>
            <ns3:cad>96</ns3:cad>
          </ns3:TrackPointExtension>
        </extensions>
      </trkpt>
      <trkpt lat="29.14908282458782196044921875" lon="120.32929326407611370086669921875">
        <ele>138.399993896484375</ele>
        <time>2016-06-22T11:51:48.000Z</time>
        <extensions>
          <ns3:TrackPointExtension>
            <ns3:hr>158</ns3:hr>
            <ns3:cad>96</ns3:cad>
          </ns3:TrackPointExtension>
        </extensions>
      </trkpt>
      <trkpt lat="29.14910964667797088623046875" lon="120.32929594628512859344482421875">
        <ele>138.600006103515625</ele>
        <time>2016-06-22T11:51:49.000Z</time>
        <extensions>
          <ns3:TrackPointExtension>
            <ns3:hr>159</ns3:hr>
            <ns3:cad>97</ns3:cad>
          </ns3:TrackPointExtension>
        </extensions>
      </trkpt>
      <trkpt lat="29.14913713932037353515625" lon="120.32929611392319202423095703125">
        <ele>138.8000030517578125</ele>
        <time>2016-06-22T11:51:50.000Z</time>
        <extensions>
          <ns3:TrackPointExtension>
            <ns3:hr>160</ns3:hr>
            <ns3:cad>97</ns3:cad>
          </ns3:TrackPointExtension>
        </extensions>
      </trkpt>
      <trkpt lat="29.14918835274875164031982421875" lon="120.32929024659097194671630859375">
        <ele>139.1999969482421875</ele>
        <time>2016-06-22T11:51:51.000Z</time>
        <extensions>
          <ns3:TrackPointExtension>
            <ns3:hr>159</ns3:hr>
            <ns3:cad>98</ns3:cad>
          </ns3:TrackPointExtension>
        </extensions>
      </trkpt>
      <trkpt lat="29.14918835274875164031982421875" lon="120.32929024659097194671630859375">
        <ele>139.1999969482421875</ele>
        <time>2016-06-22T11:51:52.000Z</time>
        <extensions>
          <ns3:TrackPointExtension>
            <ns3:hr>159</ns3:hr>
            <ns3:cad>98</ns3:cad>
          </ns3:TrackPointExtension>
        </extensions>
      </trkpt>
      <trkpt lat="29.14921425282955169677734375" lon="120.32928337343037128448486328125">
        <ele>139.399993896484375</ele>
        <time>2016-06-22T11:51:53.000Z</time>
        <extensions>
          <ns3:TrackPointExtension>
            <ns3:hr>160</ns3:hr>
            <ns3:cad>98</ns3:cad>
          </ns3:TrackPointExtension>
        </extensions>
      </trkpt>
      <trkpt lat="29.1492399014532566070556640625" lon="120.329274572432041168212890625">
        <ele>139.600006103515625</ele>
        <time>2016-06-22T11:51:54.000Z</time>
        <extensions>
          <ns3:TrackPointExtension>
            <ns3:hr>160</ns3:hr>
            <ns3:cad>96</ns3:cad>
          </ns3:TrackPointExtension>
        </extensions>
      </trkpt>
      <trkpt lat="29.149266220629215240478515625" lon="120.32926375977694988250732421875">
        <ele>139.8000030517578125</ele>
        <time>2016-06-22T11:51:55.000Z</time>
        <extensions>
          <ns3:TrackPointExtension>
            <ns3:hr>159</ns3:hr>
            <ns3:cad>96</ns3:cad>
          </ns3:TrackPointExtension>
        </extensions>
      </trkpt>
      <trkpt lat="29.1492915339767932891845703125" lon="120.32925269566476345062255859375">
        <ele>140</ele>
        <time>2016-06-22T11:51:56.000Z</time>
        <extensions>
          <ns3:TrackPointExtension>
            <ns3:hr>159</ns3:hr>
            <ns3:cad>96</ns3:cad>
          </ns3:TrackPointExtension>
        </extensions>
      </trkpt>
      <trkpt lat="29.14931483566761016845703125" lon="120.32924062572419643402099609375">
        <ele>140.1999969482421875</ele>
        <time>2016-06-22T11:51:57.000Z</time>
        <extensions>
          <ns3:TrackPointExtension>
            <ns3:hr>159</ns3:hr>
            <ns3:cad>96</ns3:cad>
          </ns3:TrackPointExtension>
        </extensions>
      </trkpt>
      <trkpt lat="29.14935649372637271881103515625" lon="120.32920919358730316162109375">
        <ele>140.1999969482421875</ele>
        <time>2016-06-22T11:51:58.000Z</time>
        <extensions>
          <ns3:TrackPointExtension>
            <ns3:hr>159</ns3:hr>
            <ns3:cad>98</ns3:cad>
          </ns3:TrackPointExtension>
        </extensions>
      </trkpt>
      <trkpt lat="29.14935649372637271881103515625" lon="120.32920919358730316162109375">
        <ele>140.1999969482421875</ele>
        <time>2016-06-22T11:51:59.000Z</time>
        <extensions>
          <ns3:TrackPointExtension>
            <ns3:hr>159</ns3:hr>
            <ns3:cad>98</ns3:cad>
          </ns3:TrackPointExtension>
        </extensions>
      </trkpt>
      <trkpt lat="29.1493771970272064208984375" lon="120.329192094504833221435546875">
        <ele>140.399993896484375</ele>
        <time>2016-06-22T11:52:00.000Z</time>
        <extensions>
          <ns3:TrackPointExtension>
            <ns3:hr>159</ns3:hr>
            <ns3:cad>98</ns3:cad>
          </ns3:TrackPointExtension>
        </extensions>
      </trkpt>
      <trkpt lat="29.14939655922353267669677734375" lon="120.32917432487010955810546875">
        <ele>140.399993896484375</ele>
        <time>2016-06-22T11:52:01.000Z</time>
        <extensions>
          <ns3:TrackPointExtension>
            <ns3:hr>159</ns3:hr>
            <ns3:cad>98</ns3:cad>
          </ns3:TrackPointExtension>
        </extensions>
      </trkpt>
      <trkpt lat="29.149415753781795501708984375" lon="120.32915328629314899444580078125">
        <ele>140.600006103515625</ele>
        <time>2016-06-22T11:52:02.000Z</time>
        <extensions>
          <ns3:TrackPointExtension>
            <ns3:hr>159</ns3:hr>
            <ns3:cad>96</ns3:cad>
          </ns3:TrackPointExtension>
        </extensions>
      </trkpt>
      <trkpt lat="29.14943612180650234222412109375" lon="120.32913115806877613067626953125">
        <ele>140.8000030517578125</ele>
        <time>2016-06-22T11:52:03.000Z</time>
        <extensions>
          <ns3:TrackPointExtension>
            <ns3:hr>159</ns3:hr>
            <ns3:cad>96</ns3:cad>
          </ns3:TrackPointExtension>
        </extensions>
      </trkpt>
      <trkpt lat="29.14945389144122600555419921875" lon="120.32910936512053012847900390625">
        <ele>141</ele>
        <time>2016-06-22T11:52:04.000Z</time>
        <extensions>
          <ns3:TrackPointExtension>
            <ns3:hr>160</ns3:hr>
            <ns3:cad>96</ns3:cad>
          </ns3:TrackPointExtension>
        </extensions>
      </trkpt>
      <trkpt lat="29.1494688950479030609130859375" lon="120.3290826268494129180908203125">
        <ele>141.1999969482421875</ele>
        <time>2016-06-22T11:52:05.000Z</time>
        <extensions>
          <ns3:TrackPointExtension>
            <ns3:hr>159</ns3:hr>
            <ns3:cad>96</ns3:cad>
          </ns3:TrackPointExtension>
        </extensions>
      </trkpt>
      <trkpt lat="29.1494844853878021240234375" lon="120.3290534578263759613037109375">
        <ele>141.600006103515625</ele>
        <time>2016-06-22T11:52:06.000Z</time>
        <extensions>
          <ns3:TrackPointExtension>
            <ns3:hr>159</ns3:hr>
            <ns3:cad>97</ns3:cad>
          </ns3:TrackPointExtension>
        </extensions>
      </trkpt>
      <trkpt lat="29.1494980640709400177001953125" lon="120.32902680337429046630859375">
        <ele>141.600006103515625</ele>
        <time>2016-06-22T11:52:07.000Z</time>
        <extensions>
          <ns3:TrackPointExtension>
            <ns3:hr>160</ns3:hr>
            <ns3:cad>97</ns3:cad>
          </ns3:TrackPointExtension>
        </extensions>
      </trkpt>
      <trkpt lat="29.14950820617377758026123046875" lon="120.3289988078176975250244140625">
        <ele>141.8000030517578125</ele>
        <time>2016-06-22T11:52:08.000Z</time>
        <extensions>
          <ns3:TrackPointExtension>
            <ns3:hr>160</ns3:hr>
            <ns3:cad>97</ns3:cad>
          </ns3:TrackPointExtension>
        </extensions>
      </trkpt>
      <trkpt lat="29.149523042142391204833984375" lon="120.328936614096164703369140625">
        <ele>142.1999969482421875</ele>
        <time>2016-06-22T11:52:09.000Z</time>
        <extensions>
          <ns3:TrackPointExtension>
            <ns3:hr>160</ns3:hr>
            <ns3:cad>97</ns3:cad>
          </ns3:TrackPointExtension>
        </extensions>
      </trkpt>
      <trkpt lat="29.149523042142391204833984375" lon="120.328936614096164703369140625">
        <ele>142.1999969482421875</ele>
        <time>2016-06-22T11:52:10.000Z</time>
        <extensions>
          <ns3:TrackPointExtension>
            <ns3:hr>160</ns3:hr>
            <ns3:cad>97</ns3:cad>
          </ns3:TrackPointExtension>
        </extensions>
      </trkpt>
      <trkpt lat="29.1495299153029918670654296875" lon="120.32890635542571544647216796875">
        <ele>142.399993896484375</ele>
        <time>2016-06-22T11:52:11.000Z</time>
        <extensions>
          <ns3:TrackPointExtension>
            <ns3:hr>160</ns3:hr>
            <ns3:cad>97</ns3:cad>
          </ns3:TrackPointExtension>
        </extensions>
      </trkpt>
      <trkpt lat="29.1495349444448947906494140625" lon="120.32887483946979045867919921875">
        <ele>142.600006103515625</ele>
        <time>2016-06-22T11:52:12.000Z</time>
        <extensions>
          <ns3:TrackPointExtension>
            <ns3:hr>160</ns3:hr>
            <ns3:cad>97</ns3:cad>
          </ns3:TrackPointExtension>
        </extensions>
      </trkpt>
      <trkpt lat="29.1495382972061634063720703125" lon="120.32884416170418262481689453125">
        <ele>142.600006103515625</ele>
        <time>2016-06-22T11:52:13.000Z</time>
        <extensions>
          <ns3:TrackPointExtension>
            <ns3:hr>160</ns3:hr>
            <ns3:cad>97</ns3:cad>
          </ns3:TrackPointExtension>
        </extensions>
      </trkpt>
      <trkpt lat="29.14953871630132198333740234375" lon="120.3287825547158718109130859375">
        <ele>142.8000030517578125</ele>
        <time>2016-06-22T11:52:14.000Z</time>
        <extensions>
          <ns3:TrackPointExtension>
            <ns3:hr>160</ns3:hr>
            <ns3:cad>97</ns3:cad>
          </ns3:TrackPointExtension>
        </extensions>
      </trkpt>
      <trkpt lat="29.14953871630132198333740234375" lon="120.3287825547158718109130859375">
        <ele>142.8000030517578125</ele>
        <time>2016-06-22T11:52:15.000Z</time>
        <extensions>
          <ns3:TrackPointExtension>
            <ns3:hr>160</ns3:hr>
            <ns3:cad>97</ns3:cad>
          </ns3:TrackPointExtension>
        </extensions>
      </trkpt>
      <trkpt lat="29.149534441530704498291015625" lon="120.3287520445883274078369140625">
        <ele>143</ele>
        <time>2016-06-22T11:52:16.000Z</time>
        <extensions>
          <ns3:TrackPointExtension>
            <ns3:hr>160</ns3:hr>
            <ns3:cad>97</ns3:cad>
          </ns3:TrackPointExtension>
        </extensions>
      </trkpt>
      <trkpt lat="29.1495285741984844207763671875" lon="120.32871927134692668914794921875">
        <ele>143.1999969482421875</ele>
        <time>2016-06-22T11:52:17.000Z</time>
        <extensions>
          <ns3:TrackPointExtension>
            <ns3:hr>160</ns3:hr>
            <ns3:cad>98</ns3:cad>
          </ns3:TrackPointExtension>
        </extensions>
      </trkpt>
      <trkpt lat="29.14952136576175689697265625" lon="120.3286900185048580169677734375">
        <ele>143.399993896484375</ele>
        <time>2016-06-22T11:52:18.000Z</time>
        <extensions>
          <ns3:TrackPointExtension>
            <ns3:hr>160</ns3:hr>
            <ns3:cad>98</ns3:cad>
          </ns3:TrackPointExtension>
        </extensions>
      </trkpt>
      <trkpt lat="29.1495081223547458648681640625" lon="120.32866210676729679107666015625">
        <ele>143.600006103515625</ele>
        <time>2016-06-22T11:52:19.000Z</time>
        <extensions>
          <ns3:TrackPointExtension>
            <ns3:hr>160</ns3:hr>
            <ns3:cad>97</ns3:cad>
          </ns3:TrackPointExtension>
        </extensions>
      </trkpt>
      <trkpt lat="29.14949362166225910186767578125" lon="120.3286326862871646881103515625">
        <ele>143.600006103515625</ele>
        <time>2016-06-22T11:52:20.000Z</time>
        <extensions>
          <ns3:TrackPointExtension>
            <ns3:hr>160</ns3:hr>
            <ns3:cad>97</ns3:cad>
          </ns3:TrackPointExtension>
        </extensions>
      </trkpt>
      <trkpt lat="29.149479456245899200439453125" lon="120.32860712148249149322509765625">
        <ele>143.8000030517578125</ele>
        <time>2016-06-22T11:52:21.000Z</time>
        <extensions>
          <ns3:TrackPointExtension>
            <ns3:hr>160</ns3:hr>
            <ns3:cad>97</ns3:cad>
          </ns3:TrackPointExtension>
        </extensions>
      </trkpt>
      <trkpt lat="29.14946327917277812957763671875" lon="120.32858029939234256744384765625">
        <ele>143.8000030517578125</ele>
        <time>2016-06-22T11:52:22.000Z</time>
        <extensions>
          <ns3:TrackPointExtension>
            <ns3:hr>161</ns3:hr>
            <ns3:cad>98</ns3:cad>
          </ns3:TrackPointExtension>
        </extensions>
      </trkpt>
      <trkpt lat="29.1494481079280376434326171875" lon="120.3285545669496059417724609375">
        <ele>143.8000030517578125</ele>
        <time>2016-06-22T11:52:23.000Z</time>
        <extensions>
          <ns3:TrackPointExtension>
            <ns3:hr>160</ns3:hr>
            <ns3:cad>98</ns3:cad>
          </ns3:TrackPointExtension>
        </extensions>
      </trkpt>
      <trkpt lat="29.149429835379123687744140625" lon="120.32852833159267902374267578125">
        <ele>144</ele>
        <time>2016-06-22T11:52:24.000Z</time>
        <extensions>
          <ns3:TrackPointExtension>
            <ns3:hr>160</ns3:hr>
            <ns3:cad>97</ns3:cad>
          </ns3:TrackPointExtension>
        </extensions>
      </trkpt>
      <trkpt lat="29.14940812624990940093994140625" lon="120.3285031020641326904296875">
        <ele>143.8000030517578125</ele>
        <time>2016-06-22T11:52:25.000Z</time>
        <extensions>
          <ns3:TrackPointExtension>
            <ns3:hr>161</ns3:hr>
            <ns3:cad>97</ns3:cad>
          </ns3:TrackPointExtension>
        </extensions>
      </trkpt>
      <trkpt lat="29.14938583038747310638427734375" lon="120.328480303287506103515625">
        <ele>143.8000030517578125</ele>
        <time>2016-06-22T11:52:26.000Z</time>
        <extensions>
          <ns3:TrackPointExtension>
            <ns3:hr>162</ns3:hr>
            <ns3:cad>97</ns3:cad>
          </ns3:TrackPointExtension>
        </extensions>
      </trkpt>
      <trkpt lat="29.1493421606719493865966796875" lon="120.3284382261335849761962890625">
        <ele>143.600006103515625</ele>
        <time>2016-06-22T11:52:27.000Z</time>
        <extensions>
          <ns3:TrackPointExtension>
            <ns3:hr>163</ns3:hr>
            <ns3:cad>97</ns3:cad>
          </ns3:TrackPointExtension>
        </extensions>
      </trkpt>
      <trkpt lat="29.149319194257259368896484375" lon="120.328420959413051605224609375">
        <ele>143.399993896484375</ele>
        <time>2016-06-22T11:52:28.000Z</time>
        <extensions>
          <ns3:TrackPointExtension>
            <ns3:hr>163</ns3:hr>
            <ns3:cad>97</ns3:cad>
          </ns3:TrackPointExtension>
        </extensions>
      </trkpt>
      <trkpt lat="29.149319194257259368896484375" lon="120.328420959413051605224609375">
        <ele>143.399993896484375</ele>
        <time>2016-06-22T11:52:29.000Z</time>
        <extensions>
          <ns3:TrackPointExtension>
            <ns3:hr>162</ns3:hr>
            <ns3:cad>97</ns3:cad>
          </ns3:TrackPointExtension>
        </extensions>
      </trkpt>
      <trkpt lat="29.1492952220141887664794921875" lon="120.328403525054454803466796875">
        <ele>143.399993896484375</ele>
        <time>2016-06-22T11:52:30.000Z</time>
        <extensions>
          <ns3:TrackPointExtension>
            <ns3:hr>162</ns3:hr>
            <ns3:cad>97</ns3:cad>
          </ns3:TrackPointExtension>
        </extensions>
      </trkpt>
      <trkpt lat="29.1492714174091815948486328125" lon="120.3283906169235706329345703125">
        <ele>143.1999969482421875</ele>
        <time>2016-06-22T11:52:31.000Z</time>
        <extensions>
          <ns3:TrackPointExtension>
            <ns3:hr>161</ns3:hr>
            <ns3:cad>97</ns3:cad>
          </ns3:TrackPointExtension>
        </extensions>
      </trkpt>
      <trkpt lat="29.14924585260450839996337890625" lon="120.32837913371622562408447265625">
        <ele>143.1999969482421875</ele>
        <time>2016-06-22T11:52:32.000Z</time>
        <extensions>
          <ns3:TrackPointExtension>
            <ns3:hr>160</ns3:hr>
            <ns3:cad>96</ns3:cad>
          </ns3:TrackPointExtension>
        </extensions>
      </trkpt>
      <trkpt lat="29.1492204554378986358642578125" lon="120.32836639322340488433837890625">
        <ele>143</ele>
        <time>2016-06-22T11:52:33.000Z</time>
        <extensions>
          <ns3:TrackPointExtension>
            <ns3:hr>160</ns3:hr>
            <ns3:cad>96</ns3:cad>
          </ns3:TrackPointExtension>
        </extensions>
      </trkpt>
      <trkpt lat="29.14919556118547916412353515625" lon="120.32835750840604305267333984375">
        <ele>143</ele>
        <time>2016-06-22T11:52:34.000Z</time>
        <extensions>
          <ns3:TrackPointExtension>
            <ns3:hr>160</ns3:hr>
            <ns3:cad>96</ns3:cad>
          </ns3:TrackPointExtension>
        </extensions>
      </trkpt>
      <trkpt lat="29.1491691581904888153076171875" lon="120.3283490426838397979736328125">
        <ele>142.8000030517578125</ele>
        <time>2016-06-22T11:52:35.000Z</time>
        <extensions>
          <ns3:TrackPointExtension>
            <ns3:hr>160</ns3:hr>
            <ns3:cad>97</ns3:cad>
          </ns3:TrackPointExtension>
        </extensions>
      </trkpt>
      <trkpt lat="29.149141497910022735595703125" lon="120.32833973877131938934326171875">
        <ele>142.8000030517578125</ele>
        <time>2016-06-22T11:52:36.000Z</time>
        <extensions>
          <ns3:TrackPointExtension>
            <ns3:hr>160</ns3:hr>
            <ns3:cad>97</ns3:cad>
          </ns3:TrackPointExtension>
        </extensions>
      </trkpt>
      <trkpt lat="29.14911408908665180206298828125" lon="120.3283322788774967193603515625">
        <ele>142.600006103515625</ele>
        <time>2016-06-22T11:52:37.000Z</time>
        <extensions>
          <ns3:TrackPointExtension>
            <ns3:hr>160</ns3:hr>
            <ns3:cad>97</ns3:cad>
          </ns3:TrackPointExtension>
        </extensions>
      </trkpt>
      <trkpt lat="29.1490886919200420379638671875" lon="120.32832180149853229522705078125">
        <ele>142.600006103515625</ele>
        <time>2016-06-22T11:52:38.000Z</time>
        <extensions>
          <ns3:TrackPointExtension>
            <ns3:hr>160</ns3:hr>
            <ns3:cad>97</ns3:cad>
          </ns3:TrackPointExtension>
        </extensions>
      </trkpt>
      <trkpt lat="29.1490638814866542816162109375" lon="120.32831241376698017120361328125">
        <ele>142.399993896484375</ele>
        <time>2016-06-22T11:52:39.000Z</time>
        <extensions>
          <ns3:TrackPointExtension>
            <ns3:hr>161</ns3:hr>
            <ns3:cad>97</ns3:cad>
          </ns3:TrackPointExtension>
        </extensions>
      </trkpt>
      <trkpt lat="29.14903747849166393280029296875" lon="120.3283034451305866241455078125">
        <ele>142.1999969482421875</ele>
        <time>2016-06-22T11:52:40.000Z</time>
        <extensions>
          <ns3:TrackPointExtension>
            <ns3:hr>161</ns3:hr>
            <ns3:cad>97</ns3:cad>
          </ns3:TrackPointExtension>
        </extensions>
      </trkpt>
      <trkpt lat="29.14898282848298549652099609375" lon="120.32828039489686489105224609375">
        <ele>142.1999969482421875</ele>
        <time>2016-06-22T11:52:41.000Z</time>
        <extensions>
          <ns3:TrackPointExtension>
            <ns3:hr>161</ns3:hr>
            <ns3:cad>98</ns3:cad>
          </ns3:TrackPointExtension>
        </extensions>
      </trkpt>
      <trkpt lat="29.14898282848298549652099609375" lon="120.32828039489686489105224609375">
        <ele>142.1999969482421875</ele>
        <time>2016-06-22T11:52:42.000Z</time>
        <extensions>
          <ns3:TrackPointExtension>
            <ns3:hr>161</ns3:hr>
            <ns3:cad>96</ns3:cad>
          </ns3:TrackPointExtension>
        </extensions>
      </trkpt>
      <trkpt lat="29.14895500056445598602294921875" lon="120.32827201299369335174560546875">
        <ele>142.1999969482421875</ele>
        <time>2016-06-22T11:52:43.000Z</time>
        <extensions>
          <ns3:TrackPointExtension>
            <ns3:hr>161</ns3:hr>
            <ns3:cad>96</ns3:cad>
          </ns3:TrackPointExtension>
        </extensions>
      </trkpt>
      <trkpt lat="29.148925244808197021484375" lon="120.3282622061669826507568359375">
        <ele>142.1999969482421875</ele>
        <time>2016-06-22T11:52:44.000Z</time>
        <extensions>
          <ns3:TrackPointExtension>
            <ns3:hr>161</ns3:hr>
            <ns3:cad>97</ns3:cad>
          </ns3:TrackPointExtension>
        </extensions>
      </trkpt>
      <trkpt lat="29.1488959081470966339111328125" lon="120.32825726084411144256591796875">
        <ele>142.1999969482421875</ele>
        <time>2016-06-22T11:52:45.000Z</time>
        <extensions>
          <ns3:TrackPointExtension>
            <ns3:hr>161</ns3:hr>
            <ns3:cad>97</ns3:cad>
          </ns3:TrackPointExtension>
        </extensions>
      </trkpt>
      <trkpt lat="29.14886958897113800048828125" lon="120.32824887894093990325927734375">
        <ele>142.1999969482421875</ele>
        <time>2016-06-22T11:52:46.000Z</time>
        <extensions>
          <ns3:TrackPointExtension>
            <ns3:hr>162</ns3:hr>
            <ns3:cad>97</ns3:cad>
          </ns3:TrackPointExtension>
        </extensions>
      </trkpt>
      <trkpt lat="29.14884218014776706695556640625" lon="120.3282407484948635101318359375">
        <ele>142.1999969482421875</ele>
        <time>2016-06-22T11:52:47.000Z</time>
        <extensions>
          <ns3:TrackPointExtension>
            <ns3:hr>162</ns3:hr>
            <ns3:cad>97</ns3:cad>
          </ns3:TrackPointExtension>
        </extensions>
      </trkpt>
      <trkpt lat="29.14881317876279354095458984375" lon="120.328232534229755401611328125">
        <ele>142.1999969482421875</ele>
        <time>2016-06-22T11:52:48.000Z</time>
        <extensions>
          <ns3:TrackPointExtension>
            <ns3:hr>162</ns3:hr>
            <ns3:cad>97</ns3:cad>
          </ns3:TrackPointExtension>
        </extensions>
      </trkpt>
      <trkpt lat="29.14878509938716888427734375" lon="120.32822255976498126983642578125">
        <ele>142.1999969482421875</ele>
        <time>2016-06-22T11:52:49.000Z</time>
        <extensions>
          <ns3:TrackPointExtension>
            <ns3:hr>160</ns3:hr>
            <ns3:cad>97</ns3:cad>
          </ns3:TrackPointExtension>
        </extensions>
      </trkpt>
      <trkpt lat="29.14875718764960765838623046875" lon="120.3282135911285877227783203125">
        <ele>142.1999969482421875</ele>
        <time>2016-06-22T11:52:50.000Z</time>
        <extensions>
          <ns3:TrackPointExtension>
            <ns3:hr>160</ns3:hr>
            <ns3:cad>97</ns3:cad>
          </ns3:TrackPointExtension>
        </extensions>
      </trkpt>
      <trkpt lat="29.14873145520687103271484375" lon="120.32820294611155986785888671875">
        <ele>142.1999969482421875</ele>
        <time>2016-06-22T11:52:51.000Z</time>
        <extensions>
          <ns3:TrackPointExtension>
            <ns3:hr>160</ns3:hr>
            <ns3:cad>97</ns3:cad>
          </ns3:TrackPointExtension>
        </extensions>
      </trkpt>
      <trkpt lat="29.1487054713070392608642578125" lon="120.32819003798067569732666015625">
        <ele>142.1999969482421875</ele>
        <time>2016-06-22T11:52:52.000Z</time>
        <extensions>
          <ns3:TrackPointExtension>
            <ns3:hr>159</ns3:hr>
            <ns3:cad>97</ns3:cad>
          </ns3:TrackPointExtension>
        </extensions>
      </trkpt>
      <trkpt lat="29.14867823012173175811767578125" lon="120.32817997969686985015869140625">
        <ele>142.1999969482421875</ele>
        <time>2016-06-22T11:52:53.000Z</time>
        <extensions>
          <ns3:TrackPointExtension>
            <ns3:hr>160</ns3:hr>
            <ns3:cad>97</ns3:cad>
          </ns3:TrackPointExtension>
        </extensions>
      </trkpt>
      <trkpt lat="29.148652665317058563232421875" lon="120.32816774211823940277099609375">
        <ele>142.1999969482421875</ele>
        <time>2016-06-22T11:52:54.000Z</time>
        <extensions>
          <ns3:TrackPointExtension>
            <ns3:hr>160</ns3:hr>
            <ns3:cad>97</ns3:cad>
          </ns3:TrackPointExtension>
        </extensions>
      </trkpt>
      <trkpt lat="29.14862726815044879913330078125" lon="120.32815801911056041717529296875">
        <ele>142.1999969482421875</ele>
        <time>2016-06-22T11:52:55.000Z</time>
        <extensions>
          <ns3:TrackPointExtension>
            <ns3:hr>160</ns3:hr>
            <ns3:cad>97</ns3:cad>
          </ns3:TrackPointExtension>
        </extensions>
      </trkpt>
      <trkpt lat="29.14860128425061702728271484375" lon="120.32814863137900829315185546875">
        <ele>142.1999969482421875</ele>
        <time>2016-06-22T11:52:56.000Z</time>
        <extensions>
          <ns3:TrackPointExtension>
            <ns3:hr>161</ns3:hr>
            <ns3:cad>97</ns3:cad>
          </ns3:TrackPointExtension>
        </extensions>
      </trkpt>
      <trkpt lat="29.14857446216046810150146484375" lon="120.32813773490488529205322265625">
        <ele>142.399993896484375</ele>
        <time>2016-06-22T11:52:57.000Z</time>
        <extensions>
          <ns3:TrackPointExtension>
            <ns3:hr>162</ns3:hr>
            <ns3:cad>97</ns3:cad>
          </ns3:TrackPointExtension>
        </extensions>
      </trkpt>
      <trkpt lat="29.14852333255112171173095703125" lon="120.32811845652759075164794921875">
        <ele>142.399993896484375</ele>
        <time>2016-06-22T11:52:58.000Z</time>
        <extensions>
          <ns3:TrackPointExtension>
            <ns3:hr>162</ns3:hr>
            <ns3:cad>97</ns3:cad>
          </ns3:TrackPointExtension>
        </extensions>
      </trkpt>
      <trkpt lat="29.14852333255112171173095703125" lon="120.32811845652759075164794921875">
        <ele>142.399993896484375</ele>
        <time>2016-06-22T11:52:59.000Z</time>
        <extensions>
          <ns3:TrackPointExtension>
            <ns3:hr>162</ns3:hr>
            <ns3:cad>97</ns3:cad>
          </ns3:TrackPointExtension>
        </extensions>
      </trkpt>
      <trkpt lat="29.14849751628935337066650390625" lon="120.32811057753860950469970703125">
        <ele>142.399993896484375</ele>
        <time>2016-06-22T11:53:00.000Z</time>
        <extensions>
          <ns3:TrackPointExtension>
            <ns3:hr>161</ns3:hr>
            <ns3:cad>97</ns3:cad>
          </ns3:TrackPointExtension>
        </extensions>
      </trkpt>
      <trkpt lat="29.14846985600888729095458984375" lon="120.328104458749294281005859375">
        <ele>142.399993896484375</ele>
        <time>2016-06-22T11:53:01.000Z</time>
        <extensions>
          <ns3:TrackPointExtension>
            <ns3:hr>161</ns3:hr>
            <ns3:cad>97</ns3:cad>
          </ns3:TrackPointExtension>
        </extensions>
      </trkpt>
      <trkpt lat="29.14844236336648464202880859375" lon="120.32809674739837646484375">
        <ele>142.399993896484375</ele>
        <time>2016-06-22T11:53:02.000Z</time>
        <extensions>
          <ns3:TrackPointExtension>
            <ns3:hr>160</ns3:hr>
            <ns3:cad>98</ns3:cad>
          </ns3:TrackPointExtension>
        </extensions>
      </trkpt>
      <trkpt lat="29.14841822348535060882568359375" lon="120.32809079624712467193603515625">
        <ele>142.399993896484375</ele>
        <time>2016-06-22T11:53:03.000Z</time>
        <extensions>
          <ns3:TrackPointExtension>
            <ns3:hr>161</ns3:hr>
            <ns3:cad>98</ns3:cad>
          </ns3:TrackPointExtension>
        </extensions>
      </trkpt>
      <trkpt lat="29.14836742915213108062744140625" lon="120.3280873596668243408203125">
        <ele>142.600006103515625</ele>
        <time>2016-06-22T11:53:04.000Z</time>
        <extensions>
          <ns3:TrackPointExtension>
            <ns3:hr>162</ns3:hr>
            <ns3:cad>98</ns3:cad>
          </ns3:TrackPointExtension>
        </extensions>
      </trkpt>
      <trkpt lat="29.14836742915213108062744140625" lon="120.3280873596668243408203125">
        <ele>142.600006103515625</ele>
        <time>2016-06-22T11:53:05.000Z</time>
        <extensions>
          <ns3:TrackPointExtension>
            <ns3:hr>162</ns3:hr>
            <ns3:cad>98</ns3:cad>
          </ns3:TrackPointExtension>
        </extensions>
      </trkpt>
      <trkpt lat="29.14834328927099704742431640625" lon="120.32808744348585605621337890625">
        <ele>142.600006103515625</ele>
        <time>2016-06-22T11:53:06.000Z</time>
        <extensions>
          <ns3:TrackPointExtension>
            <ns3:hr>162</ns3:hr>
            <ns3:cad>98</ns3:cad>
          </ns3:TrackPointExtension>
        </extensions>
      </trkpt>
      <trkpt lat="29.14831797592341899871826171875" lon="120.3280905447900295257568359375">
        <ele>142.399993896484375</ele>
        <time>2016-06-22T11:53:07.000Z</time>
        <extensions>
          <ns3:TrackPointExtension>
            <ns3:hr>162</ns3:hr>
            <ns3:cad>97</ns3:cad>
          </ns3:TrackPointExtension>
        </extensions>
      </trkpt>
      <trkpt lat="29.148293249309062957763671875" lon="120.32809733413159847259521484375">
        <ele>142.600006103515625</ele>
        <time>2016-06-22T11:53:08.000Z</time>
        <extensions>
          <ns3:TrackPointExtension>
            <ns3:hr>162</ns3:hr>
            <ns3:cad>96</ns3:cad>
          </ns3:TrackPointExtension>
        </extensions>
      </trkpt>
      <trkpt lat="29.148267768323421478271484375" lon="120.32810814678668975830078125">
        <ele>142.600006103515625</ele>
        <time>2016-06-22T11:53:09.000Z</time>
        <extensions>
          <ns3:TrackPointExtension>
            <ns3:hr>161</ns3:hr>
            <ns3:cad>96</ns3:cad>
          </ns3:TrackPointExtension>
        </extensions>
      </trkpt>
      <trkpt lat="29.1482199914753437042236328125" lon="120.3281354717910289764404296875">
        <ele>142.8000030517578125</ele>
        <time>2016-06-22T11:53:10.000Z</time>
        <extensions>
          <ns3:TrackPointExtension>
            <ns3:hr>162</ns3:hr>
            <ns3:cad>96</ns3:cad>
          </ns3:TrackPointExtension>
        </extensions>
      </trkpt>
      <trkpt lat="29.1482199914753437042236328125" lon="120.3281354717910289764404296875">
        <ele>142.8000030517578125</ele>
        <time>2016-06-22T11:53:11.000Z</time>
        <extensions>
          <ns3:TrackPointExtension>
            <ns3:hr>161</ns3:hr>
            <ns3:cad>96</ns3:cad>
          </ns3:TrackPointExtension>
        </extensions>
      </trkpt>
      <trkpt lat="29.1481985338032245635986328125" lon="120.3281488828361034393310546875">
        <ele>143</ele>
        <time>2016-06-22T11:53:12.000Z</time>
        <extensions>
          <ns3:TrackPointExtension>
            <ns3:hr>162</ns3:hr>
            <ns3:cad>97</ns3:cad>
          </ns3:TrackPointExtension>
        </extensions>
      </trkpt>
      <trkpt lat="29.14817799814045429229736328125" lon="120.32816581428050994873046875">
        <ele>143</ele>
        <time>2016-06-22T11:53:13.000Z</time>
        <extensions>
          <ns3:TrackPointExtension>
            <ns3:hr>161</ns3:hr>
            <ns3:cad>97</ns3:cad>
          </ns3:TrackPointExtension>
        </extensions>
      </trkpt>
      <trkpt lat="29.1481589712202548980712890625" lon="120.32818383537232875823974609375">
        <ele>143</ele>
        <time>2016-06-22T11:53:14.000Z</time>
        <extensions>
          <ns3:TrackPointExtension>
            <ns3:hr>161</ns3:hr>
            <ns3:cad>96</ns3:cad>
          </ns3:TrackPointExtension>
        </extensions>
      </trkpt>
      <trkpt lat="29.14813734591007232666015625" lon="120.3282035328447818756103515625">
        <ele>143</ele>
        <time>2016-06-22T11:53:15.000Z</time>
        <extensions>
          <ns3:TrackPointExtension>
            <ns3:hr>162</ns3:hr>
            <ns3:cad>96</ns3:cad>
          </ns3:TrackPointExtension>
        </extensions>
      </trkpt>
      <trkpt lat="29.1481192409992218017578125" lon="120.32822255976498126983642578125">
        <ele>143.1999969482421875</ele>
        <time>2016-06-22T11:53:16.000Z</time>
        <extensions>
          <ns3:TrackPointExtension>
            <ns3:hr>168</ns3:hr>
            <ns3:cad>96</ns3:cad>
          </ns3:TrackPointExtension>
        </extensions>
      </trkpt>
      <trkpt lat="29.1481006331741809844970703125" lon="120.32824384979903697967529296875">
        <ele>143.1999969482421875</ele>
        <time>2016-06-22T11:53:17.000Z</time>
        <extensions>
          <ns3:TrackPointExtension>
            <ns3:hr>169</ns3:hr>
            <ns3:cad>97</ns3:cad>
          </ns3:TrackPointExtension>
        </extensions>
      </trkpt>
      <trkpt lat="29.148081354796886444091796875" lon="120.32826748676598072052001953125">
        <ele>143.399993896484375</ele>
        <time>2016-06-22T11:53:18.000Z</time>
        <extensions>
          <ns3:TrackPointExtension>
            <ns3:hr>169</ns3:hr>
            <ns3:cad>97</ns3:cad>
          </ns3:TrackPointExtension>
        </extensions>
      </trkpt>
      <trkpt lat="29.14806568063795566558837890625" lon="120.3282947279512882232666015625">
        <ele>143.399993896484375</ele>
        <time>2016-06-22T11:53:19.000Z</time>
        <extensions>
          <ns3:TrackPointExtension>
            <ns3:hr>168</ns3:hr>
            <ns3:cad>97</ns3:cad>
          </ns3:TrackPointExtension>
        </extensions>
      </trkpt>
      <trkpt lat="29.148049168288707733154296875" lon="120.32831928692758083343505859375">
        <ele>143.399993896484375</ele>
        <time>2016-06-22T11:53:20.000Z</time>
        <extensions>
          <ns3:TrackPointExtension>
            <ns3:hr>168</ns3:hr>
            <ns3:cad>99</ns3:cad>
          </ns3:TrackPointExtension>
        </extensions>
      </trkpt>
      <trkpt lat="29.1480365954339504241943359375" lon="120.3283440135419368743896484375">
        <ele>143.399993896484375</ele>
        <time>2016-06-22T11:53:21.000Z</time>
        <extensions>
          <ns3:TrackPointExtension>
            <ns3:hr>167</ns3:hr>
            <ns3:cad>99</ns3:cad>
          </ns3:TrackPointExtension>
        </extensions>
      </trkpt>
      <trkpt lat="29.14800968952476978302001953125" lon="120.32839572988450527191162109375">
        <ele>143.600006103515625</ele>
        <time>2016-06-22T11:53:22.000Z</time>
        <extensions>
          <ns3:TrackPointExtension>
            <ns3:hr>161</ns3:hr>
            <ns3:cad>98</ns3:cad>
          </ns3:TrackPointExtension>
        </extensions>
      </trkpt>
      <trkpt lat="29.14800968952476978302001953125" lon="120.32839572988450527191162109375">
        <ele>143.600006103515625</ele>
        <time>2016-06-22T11:53:23.000Z</time>
        <extensions>
          <ns3:TrackPointExtension>
            <ns3:hr>161</ns3:hr>
            <ns3:cad>96</ns3:cad>
          </ns3:TrackPointExtension>
        </extensions>
      </trkpt>
      <trkpt lat="29.14800130762159824371337890625" lon="120.32842590473592281341552734375">
        <ele>143.600006103515625</ele>
        <time>2016-06-22T11:53:24.000Z</time>
        <extensions>
          <ns3:TrackPointExtension>
            <ns3:hr>161</ns3:hr>
            <ns3:cad>96</ns3:cad>
          </ns3:TrackPointExtension>
        </extensions>
      </trkpt>
      <trkpt lat="29.147993512451648712158203125" lon="120.32845607958734035491943359375">
        <ele>143.600006103515625</ele>
        <time>2016-06-22T11:53:25.000Z</time>
        <extensions>
          <ns3:TrackPointExtension>
            <ns3:hr>161</ns3:hr>
            <ns3:cad>96</ns3:cad>
          </ns3:TrackPointExtension>
        </extensions>
      </trkpt>
      <trkpt lat="29.14798052050173282623291015625" lon="120.32851726748049259185791015625">
        <ele>143.8000030517578125</ele>
        <time>2016-06-22T11:53:26.000Z</time>
        <extensions>
          <ns3:TrackPointExtension>
            <ns3:hr>161</ns3:hr>
            <ns3:cad>98</ns3:cad>
          </ns3:TrackPointExtension>
        </extensions>
      </trkpt>
      <trkpt lat="29.14798052050173282623291015625" lon="120.32851726748049259185791015625">
        <ele>143.8000030517578125</ele>
        <time>2016-06-22T11:53:27.000Z</time>
        <extensions>
          <ns3:TrackPointExtension>
            <ns3:hr>161</ns3:hr>
            <ns3:cad>98</ns3:cad>
          </ns3:TrackPointExtension>
        </extensions>
      </trkpt>
      <trkpt lat="29.14797641336917877197265625" lon="120.32854777760803699493408203125">
        <ele>144</ele>
        <time>2016-06-22T11:53:28.000Z</time>
        <extensions>
          <ns3:TrackPointExtension>
            <ns3:hr>161</ns3:hr>
            <ns3:cad>98</ns3:cad>
          </ns3:TrackPointExtension>
        </extensions>
      </trkpt>
      <trkpt lat="29.1479759104549884796142578125" lon="120.32857661135494709014892578125">
        <ele>144.1999969482421875</ele>
        <time>2016-06-22T11:53:29.000Z</time>
        <extensions>
          <ns3:TrackPointExtension>
            <ns3:hr>161</ns3:hr>
            <ns3:cad>98</ns3:cad>
          </ns3:TrackPointExtension>
        </extensions>
      </trkpt>
      <trkpt lat="29.14797733537852764129638671875" lon="120.32860594801604747772216796875">
        <ele>144.399993896484375</ele>
        <time>2016-06-22T11:53:30.000Z</time>
        <extensions>
          <ns3:TrackPointExtension>
            <ns3:hr>161</ns3:hr>
            <ns3:cad>98</ns3:cad>
          </ns3:TrackPointExtension>
        </extensions>
      </trkpt>
      <trkpt lat="29.14797968231141567230224609375" lon="120.32863654196262359619140625">
        <ele>144.399993896484375</ele>
        <time>2016-06-22T11:53:31.000Z</time>
        <extensions>
          <ns3:TrackPointExtension>
            <ns3:hr>160</ns3:hr>
            <ns3:cad>96</ns3:cad>
          </ns3:TrackPointExtension>
        </extensions>
      </trkpt>
      <trkpt lat="29.147983454167842864990234375" lon="120.32866545952856540679931640625">
        <ele>144.600006103515625</ele>
        <time>2016-06-22T11:53:32.000Z</time>
        <extensions>
          <ns3:TrackPointExtension>
            <ns3:hr>160</ns3:hr>
            <ns3:cad>96</ns3:cad>
          </ns3:TrackPointExtension>
        </extensions>
      </trkpt>
      <trkpt lat="29.14798957295715808868408203125" lon="120.3286927007138729095458984375">
        <ele>144.600006103515625</ele>
        <time>2016-06-22T11:53:33.000Z</time>
        <extensions>
          <ns3:TrackPointExtension>
            <ns3:hr>160</ns3:hr>
            <ns3:cad>96</ns3:cad>
          </ns3:TrackPointExtension>
        </extensions>
      </trkpt>
      <trkpt lat="29.1479987092316150665283203125" lon="120.3287191875278949737548828125">
        <ele>144.8000030517578125</ele>
        <time>2016-06-22T11:53:34.000Z</time>
        <extensions>
          <ns3:TrackPointExtension>
            <ns3:hr>159</ns3:hr>
            <ns3:cad>97</ns3:cad>
          </ns3:TrackPointExtension>
        </extensions>
      </trkpt>
      <trkpt lat="29.148007594048976898193359375" lon="120.32874525524675846099853515625">
        <ele>144.8000030517578125</ele>
        <time>2016-06-22T11:53:35.000Z</time>
        <extensions>
          <ns3:TrackPointExtension>
            <ns3:hr>159</ns3:hr>
            <ns3:cad>97</ns3:cad>
          </ns3:TrackPointExtension>
        </extensions>
      </trkpt>
      <trkpt lat="29.14801740087568759918212890625" lon="120.32877266407012939453125">
        <ele>145</ele>
        <time>2016-06-22T11:53:36.000Z</time>
        <extensions>
          <ns3:TrackPointExtension>
            <ns3:hr>160</ns3:hr>
            <ns3:cad>97</ns3:cad>
          </ns3:TrackPointExtension>
        </extensions>
      </trkpt>
      <trkpt lat="29.1480319015681743621826171875" lon="120.32879873178899288177490234375">
        <ele>145</ele>
        <time>2016-06-22T11:53:37.000Z</time>
        <extensions>
          <ns3:TrackPointExtension>
            <ns3:hr>159</ns3:hr>
            <ns3:cad>97</ns3:cad>
          </ns3:TrackPointExtension>
        </extensions>
      </trkpt>
      <trkpt lat="29.1480479948222637176513671875" lon="120.32882404513657093048095703125">
        <ele>145</ele>
        <time>2016-06-22T11:53:38.000Z</time>
        <extensions>
          <ns3:TrackPointExtension>
            <ns3:hr>159</ns3:hr>
            <ns3:cad>97</ns3:cad>
          </ns3:TrackPointExtension>
        </extensions>
      </trkpt>
      <trkpt lat="29.14808571338653564453125" lon="120.3288705646991729736328125">
        <ele>145</ele>
        <time>2016-06-22T11:53:39.000Z</time>
        <extensions>
          <ns3:TrackPointExtension>
            <ns3:hr>159</ns3:hr>
            <ns3:cad>97</ns3:cad>
          </ns3:TrackPointExtension>
        </extensions>
      </trkpt>
      <trkpt lat="29.14808571338653564453125" lon="120.3288705646991729736328125">
        <ele>145</ele>
        <time>2016-06-22T11:53:40.000Z</time>
        <extensions>
          <ns3:TrackPointExtension>
            <ns3:hr>159</ns3:hr>
            <ns3:cad>97</ns3:cad>
          </ns3:TrackPointExtension>
        </extensions>
      </trkpt>
      <trkpt lat="29.14810541085898876190185546875" lon="120.3288925252854824066162109375">
        <ele>145</ele>
        <time>2016-06-22T11:53:41.000Z</time>
        <extensions>
          <ns3:TrackPointExtension>
            <ns3:hr>159</ns3:hr>
            <ns3:cad>97</ns3:cad>
          </ns3:TrackPointExtension>
        </extensions>
      </trkpt>
      <trkpt lat="29.14812586270272731781005859375" lon="120.3289139829576015472412109375">
        <ele>145</ele>
        <time>2016-06-22T11:53:42.000Z</time>
        <extensions>
          <ns3:TrackPointExtension>
            <ns3:hr>159</ns3:hr>
            <ns3:cad>97</ns3:cad>
          </ns3:TrackPointExtension>
        </extensions>
      </trkpt>
      <trkpt lat="29.148147068917751312255859375" lon="120.3289337642490863800048828125">
        <ele>145</ele>
        <time>2016-06-22T11:53:43.000Z</time>
        <extensions>
          <ns3:TrackPointExtension>
            <ns3:hr>159</ns3:hr>
            <ns3:cad>97</ns3:cad>
          </ns3:TrackPointExtension>
        </extensions>
      </trkpt>
      <trkpt lat="29.148170538246631622314453125" lon="120.32895379699766635894775390625">
        <ele>145</ele>
        <time>2016-06-22T11:53:44.000Z</time>
        <extensions>
          <ns3:TrackPointExtension>
            <ns3:hr>160</ns3:hr>
            <ns3:cad>97</ns3:cad>
          </ns3:TrackPointExtension>
        </extensions>
      </trkpt>
      <trkpt lat="29.1481931693851947784423828125" lon="120.32897315919399261474609375">
        <ele>145</ele>
        <time>2016-06-22T11:53:45.000Z</time>
        <extensions>
          <ns3:TrackPointExtension>
            <ns3:hr>160</ns3:hr>
            <ns3:cad>97</ns3:cad>
          </ns3:TrackPointExtension>
        </extensions>
      </trkpt>
      <trkpt lat="29.14821789599955081939697265625" lon="120.32898816280066967010498046875">
        <ele>144.8000030517578125</ele>
        <time>2016-06-22T11:53:46.000Z</time>
        <extensions>
          <ns3:TrackPointExtension>
            <ns3:hr>160</ns3:hr>
            <ns3:cad>97</ns3:cad>
          </ns3:TrackPointExtension>
        </extensions>
      </trkpt>
      <trkpt lat="29.14824371226131916046142578125" lon="120.3290001489222049713134765625">
        <ele>144.8000030517578125</ele>
        <time>2016-06-22T11:53:47.000Z</time>
        <extensions>
          <ns3:TrackPointExtension>
            <ns3:hr>160</ns3:hr>
            <ns3:cad>97</ns3:cad>
          </ns3:TrackPointExtension>
        </extensions>
      </trkpt>
      <trkpt lat="29.14827003143727779388427734375" lon="120.329010374844074249267578125">
        <ele>144.600006103515625</ele>
        <time>2016-06-22T11:53:48.000Z</time>
        <extensions>
          <ns3:TrackPointExtension>
            <ns3:hr>160</ns3:hr>
            <ns3:cad>97</ns3:cad>
          </ns3:TrackPointExtension>
        </extensions>
      </trkpt>
      <trkpt lat="29.1482987813651561737060546875" lon="120.32902068458497524261474609375">
        <ele>144.600006103515625</ele>
        <time>2016-06-22T11:53:49.000Z</time>
        <extensions>
          <ns3:TrackPointExtension>
            <ns3:hr>160</ns3:hr>
            <ns3:cad>97</ns3:cad>
          </ns3:TrackPointExtension>
        </extensions>
      </trkpt>
      <trkpt lat="29.148326776921749114990234375" lon="120.32903015613555908203125">
        <ele>144.399993896484375</ele>
        <time>2016-06-22T11:53:50.000Z</time>
        <extensions>
          <ns3:TrackPointExtension>
            <ns3:hr>160</ns3:hr>
            <ns3:cad>97</ns3:cad>
          </ns3:TrackPointExtension>
        </extensions>
      </trkpt>
      <trkpt lat="29.14835460484027862548828125" lon="120.32903661020100116729736328125">
        <ele>144.399993896484375</ele>
        <time>2016-06-22T11:53:51.000Z</time>
        <extensions>
          <ns3:TrackPointExtension>
            <ns3:hr>161</ns3:hr>
            <ns3:cad>97</ns3:cad>
          </ns3:TrackPointExtension>
        </extensions>
      </trkpt>
      <trkpt lat="29.1483815945684909820556640625" lon="120.3290447406470775604248046875">
        <ele>144.1999969482421875</ele>
        <time>2016-06-22T11:53:52.000Z</time>
        <extensions>
          <ns3:TrackPointExtension>
            <ns3:hr>162</ns3:hr>
            <ns3:cad>97</ns3:cad>
          </ns3:TrackPointExtension>
        </extensions>
      </trkpt>
      <trkpt lat="29.1484349034726619720458984375" lon="120.3290635161101818084716796875">
        <ele>144</ele>
        <time>2016-06-22T11:53:53.000Z</time>
        <extensions>
          <ns3:TrackPointExtension>
            <ns3:hr>161</ns3:hr>
            <ns3:cad>97</ns3:cad>
          </ns3:TrackPointExtension>
        </extensions>
      </trkpt>
      <trkpt lat="29.1484349034726619720458984375" lon="120.3290635161101818084716796875">
        <ele>144</ele>
        <time>2016-06-22T11:53:54.000Z</time>
        <extensions>
          <ns3:TrackPointExtension>
            <ns3:hr>161</ns3:hr>
            <ns3:cad>97</ns3:cad>
          </ns3:TrackPointExtension>
        </extensions>
      </trkpt>
      <trkpt lat="29.14846180938184261322021484375" lon="120.32907399348914623260498046875">
        <ele>143.8000030517578125</ele>
        <time>2016-06-22T11:53:55.000Z</time>
        <extensions>
          <ns3:TrackPointExtension>
            <ns3:hr>161</ns3:hr>
            <ns3:cad>97</ns3:cad>
          </ns3:TrackPointExtension>
        </extensions>
      </trkpt>
      <trkpt lat="29.148487038910388946533203125" lon="120.32908237539231777191162109375">
        <ele>143.399993896484375</ele>
        <time>2016-06-22T11:53:56.000Z</time>
        <extensions>
          <ns3:TrackPointExtension>
            <ns3:hr>161</ns3:hr>
            <ns3:cad>97</ns3:cad>
          </ns3:TrackPointExtension>
        </extensions>
      </trkpt>
      <trkpt lat="29.14851176552474498748779296875" lon="120.32909176312386989593505859375">
        <ele>143</ele>
        <time>2016-06-22T11:53:57.000Z</time>
        <extensions>
          <ns3:TrackPointExtension>
            <ns3:hr>161</ns3:hr>
            <ns3:cad>97</ns3:cad>
          </ns3:TrackPointExtension>
        </extensions>
      </trkpt>
      <trkpt lat="29.148534648120403289794921875" lon="120.329101569950580596923828125">
        <ele>142.600006103515625</ele>
        <time>2016-06-22T11:53:58.000Z</time>
        <extensions>
          <ns3:TrackPointExtension>
            <ns3:hr>162</ns3:hr>
            <ns3:cad>97</ns3:cad>
          </ns3:TrackPointExtension>
        </extensions>
      </trkpt>
      <trkpt lat="29.1485589556396007537841796875" lon="120.32910970039665699005126953125">
        <ele>142.1999969482421875</ele>
        <time>2016-06-22T11:53:59.000Z</time>
        <extensions>
          <ns3:TrackPointExtension>
            <ns3:hr>162</ns3:hr>
            <ns3:cad>98</ns3:cad>
          </ns3:TrackPointExtension>
        </extensions>
      </trkpt>
      <trkpt lat="29.14858351461589336395263671875" lon="120.32911799848079681396484375">
        <ele>141.8000030517578125</ele>
        <time>2016-06-22T11:54:00.000Z</time>
        <extensions>
          <ns3:TrackPointExtension>
            <ns3:hr>162</ns3:hr>
            <ns3:cad>98</ns3:cad>
          </ns3:TrackPointExtension>
        </extensions>
      </trkpt>
      <trkpt lat="29.14860497228801250457763671875" lon="120.3291268832981586456298828125">
        <ele>141.399993896484375</ele>
        <time>2016-06-22T11:54:01.000Z</time>
        <extensions>
          <ns3:TrackPointExtension>
            <ns3:hr>162</ns3:hr>
            <ns3:cad>97</ns3:cad>
          </ns3:TrackPointExtension>
        </extensions>
      </trkpt>
      <trkpt lat="29.14862626232206821441650390625" lon="120.32913618721067905426025390625">
        <ele>141</ele>
        <time>2016-06-22T11:54:02.000Z</time>
        <extensions>
          <ns3:TrackPointExtension>
            <ns3:hr>162</ns3:hr>
            <ns3:cad>96</ns3:cad>
          </ns3:TrackPointExtension>
        </extensions>
      </trkpt>
      <trkpt lat="29.1486494801938533782958984375" lon="120.32914389856159687042236328125">
        <ele>140.600006103515625</ele>
        <time>2016-06-22T11:54:03.000Z</time>
        <extensions>
          <ns3:TrackPointExtension>
            <ns3:hr>161</ns3:hr>
            <ns3:cad>96</ns3:cad>
          </ns3:TrackPointExtension>
        </extensions>
      </trkpt>
      <trkpt lat="29.1486985981464385986328125" lon="120.32916015945374965667724609375">
        <ele>139.8000030517578125</ele>
        <time>2016-06-22T11:54:04.000Z</time>
        <extensions>
          <ns3:TrackPointExtension>
            <ns3:hr>161</ns3:hr>
            <ns3:cad>96</ns3:cad>
          </ns3:TrackPointExtension>
        </extensions>
      </trkpt>
      <trkpt lat="29.1486985981464385986328125" lon="120.32916015945374965667724609375">
        <ele>139.8000030517578125</ele>
        <time>2016-06-22T11:54:05.000Z</time>
        <extensions>
          <ns3:TrackPointExtension>
            <ns3:hr>161</ns3:hr>
            <ns3:cad>96</ns3:cad>
          </ns3:TrackPointExtension>
        </extensions>
      </trkpt>
      <trkpt lat="29.14872340857982635498046875" lon="120.32916761934757232666015625">
        <ele>139.399993896484375</ele>
        <time>2016-06-22T11:54:06.000Z</time>
        <extensions>
          <ns3:TrackPointExtension>
            <ns3:hr>160</ns3:hr>
            <ns3:cad>96</ns3:cad>
          </ns3:TrackPointExtension>
        </extensions>
      </trkpt>
      <trkpt lat="29.1487487219274044036865234375" lon="120.32917658798396587371826171875">
        <ele>139.1999969482421875</ele>
        <time>2016-06-22T11:54:07.000Z</time>
        <extensions>
          <ns3:TrackPointExtension>
            <ns3:hr>161</ns3:hr>
            <ns3:cad>96</ns3:cad>
          </ns3:TrackPointExtension>
        </extensions>
      </trkpt>
      <trkpt lat="29.1487765498459339141845703125" lon="120.32918480224907398223876953125">
        <ele>139</ele>
        <time>2016-06-22T11:54:08.000Z</time>
        <extensions>
          <ns3:TrackPointExtension>
            <ns3:hr>160</ns3:hr>
            <ns3:cad>96</ns3:cad>
          </ns3:TrackPointExtension>
        </extensions>
      </trkpt>
      <trkpt lat="29.14880429394543170928955078125" lon="120.32919435761868953704833984375">
        <ele>139</ele>
        <time>2016-06-22T11:54:09.000Z</time>
        <extensions>
          <ns3:TrackPointExtension>
            <ns3:hr>160</ns3:hr>
            <ns3:cad>97</ns3:cad>
          </ns3:TrackPointExtension>
        </extensions>
      </trkpt>
      <trkpt lat="29.148829691112041473388671875" lon="120.32920441590249538421630859375">
        <ele>138.8000030517578125</ele>
        <time>2016-06-22T11:54:10.000Z</time>
        <extensions>
          <ns3:TrackPointExtension>
            <ns3:hr>160</ns3:hr>
            <ns3:cad>98</ns3:cad>
          </ns3:TrackPointExtension>
        </extensions>
      </trkpt>
      <trkpt lat="29.1488568484783172607421875" lon="120.3292117081582546234130859375">
        <ele>138.600006103515625</ele>
        <time>2016-06-22T11:54:11.000Z</time>
        <extensions>
          <ns3:TrackPointExtension>
            <ns3:hr>160</ns3:hr>
            <ns3:cad>98</ns3:cad>
          </ns3:TrackPointExtension>
        </extensions>
      </trkpt>
      <trkpt lat="29.14888408966362476348876953125" lon="120.32921967096626758575439453125">
        <ele>138.399993896484375</ele>
        <time>2016-06-22T11:54:12.000Z</time>
        <extensions>
          <ns3:TrackPointExtension>
            <ns3:hr>160</ns3:hr>
            <ns3:cad>98</ns3:cad>
          </ns3:TrackPointExtension>
        </extensions>
      </trkpt>
      <trkpt lat="29.14891384541988372802734375" lon="120.32922796905040740966796875">
        <ele>138.1999969482421875</ele>
        <time>2016-06-22T11:54:13.000Z</time>
        <extensions>
          <ns3:TrackPointExtension>
            <ns3:hr>161</ns3:hr>
            <ns3:cad>98</ns3:cad>
          </ns3:TrackPointExtension>
        </extensions>
      </trkpt>
      <trkpt lat="29.14893932640552520751953125" lon="120.32923425547778606414794921875">
        <ele>138</ele>
        <time>2016-06-22T11:54:14.000Z</time>
        <extensions>
          <ns3:TrackPointExtension>
            <ns3:hr>160</ns3:hr>
            <ns3:cad>97</ns3:cad>
          </ns3:TrackPointExtension>
        </extensions>
      </trkpt>
      <trkpt lat="29.14896690286695957183837890625" lon="120.32924297265708446502685546875">
        <ele>138</ele>
        <time>2016-06-22T11:54:15.000Z</time>
        <extensions>
          <ns3:TrackPointExtension>
            <ns3:hr>160</ns3:hr>
            <ns3:cad>97</ns3:cad>
          </ns3:TrackPointExtension>
        </extensions>
      </trkpt>
      <trkpt lat="29.1489964909851551055908203125" lon="120.32925210893154144287109375">
        <ele>137.8000030517578125</ele>
        <time>2016-06-22T11:54:16.000Z</time>
        <extensions>
          <ns3:TrackPointExtension>
            <ns3:hr>160</ns3:hr>
            <ns3:cad>97</ns3:cad>
          </ns3:TrackPointExtension>
        </extensions>
      </trkpt>
      <trkpt lat="29.14902255870401859283447265625" lon="120.32926007173955440521240234375">
        <ele>137.8000030517578125</ele>
        <time>2016-06-22T11:54:17.000Z</time>
        <extensions>
          <ns3:TrackPointExtension>
            <ns3:hr>160</ns3:hr>
            <ns3:cad>97</ns3:cad>
          </ns3:TrackPointExtension>
        </extensions>
      </trkpt>
      <trkpt lat="29.14904954843223094940185546875" lon="120.32926979474723339080810546875">
        <ele>138</ele>
        <time>2016-06-22T11:54:18.000Z</time>
        <extensions>
          <ns3:TrackPointExtension>
            <ns3:hr>161</ns3:hr>
            <ns3:cad>97</ns3:cad>
          </ns3:TrackPointExtension>
        </extensions>
      </trkpt>
      <trkpt lat="29.14907536469399929046630859375" lon="120.3292801044881343841552734375">
        <ele>138.399993896484375</ele>
        <time>2016-06-22T11:54:19.000Z</time>
        <extensions>
          <ns3:TrackPointExtension>
            <ns3:hr>161</ns3:hr>
            <ns3:cad>97</ns3:cad>
          </ns3:TrackPointExtension>
        </extensions>
      </trkpt>
      <trkpt lat="29.149101935327053070068359375" lon="120.329287983477115631103515625">
        <ele>138.600006103515625</ele>
        <time>2016-06-22T11:54:20.000Z</time>
        <extensions>
          <ns3:TrackPointExtension>
            <ns3:hr>161</ns3:hr>
            <ns3:cad>97</ns3:cad>
          </ns3:TrackPointExtension>
        </extensions>
      </trkpt>
      <trkpt lat="29.1491289250552654266357421875" lon="120.3292931802570819854736328125">
        <ele>138.8000030517578125</ele>
        <time>2016-06-22T11:54:21.000Z</time>
        <extensions>
          <ns3:TrackPointExtension>
            <ns3:hr>161</ns3:hr>
            <ns3:cad>96</ns3:cad>
          </ns3:TrackPointExtension>
        </extensions>
      </trkpt>
      <trkpt lat="29.14915566332638263702392578125" lon="120.32929527573287487030029296875">
        <ele>139</ele>
        <time>2016-06-22T11:54:22.000Z</time>
        <extensions>
          <ns3:TrackPointExtension>
            <ns3:hr>161</ns3:hr>
            <ns3:cad>96</ns3:cad>
          </ns3:TrackPointExtension>
        </extensions>
      </trkpt>
      <trkpt lat="29.149206541478633880615234375" lon="120.32929368317127227783203125">
        <ele>139.399993896484375</ele>
        <time>2016-06-22T11:54:23.000Z</time>
        <extensions>
          <ns3:TrackPointExtension>
            <ns3:hr>161</ns3:hr>
            <ns3:cad>96</ns3:cad>
          </ns3:TrackPointExtension>
        </extensions>
      </trkpt>
      <trkpt lat="29.149206541478633880615234375" lon="120.32929368317127227783203125">
        <ele>139.399993896484375</ele>
        <time>2016-06-22T11:54:24.000Z</time>
        <extensions>
          <ns3:TrackPointExtension>
            <ns3:hr>161</ns3:hr>
            <ns3:cad>96</ns3:cad>
          </ns3:TrackPointExtension>
        </extensions>
      </trkpt>
      <trkpt lat="29.14922875352203845977783203125" lon="120.32928622327744960784912109375">
        <ele>139.399993896484375</ele>
        <time>2016-06-22T11:54:25.000Z</time>
        <extensions>
          <ns3:TrackPointExtension>
            <ns3:hr>161</ns3:hr>
            <ns3:cad>97</ns3:cad>
          </ns3:TrackPointExtension>
        </extensions>
      </trkpt>
      <trkpt lat="29.14924903772771358489990234375" lon="120.329274572432041168212890625">
        <ele>139.600006103515625</ele>
        <time>2016-06-22T11:54:26.000Z</time>
        <extensions>
          <ns3:TrackPointExtension>
            <ns3:hr>161</ns3:hr>
            <ns3:cad>97</ns3:cad>
          </ns3:TrackPointExtension>
        </extensions>
      </trkpt>
      <trkpt lat="29.14926747791469097137451171875" lon="120.32925755716860294342041015625">
        <ele>139.8000030517578125</ele>
        <time>2016-06-22T11:54:27.000Z</time>
        <extensions>
          <ns3:TrackPointExtension>
            <ns3:hr>161</ns3:hr>
            <ns3:cad>97</ns3:cad>
          </ns3:TrackPointExtension>
        </extensions>
      </trkpt>
      <trkpt lat="29.1492841579020023345947265625" lon="120.3292415477335453033447265625">
        <ele>140</ele>
        <time>2016-06-22T11:54:28.000Z</time>
        <extensions>
          <ns3:TrackPointExtension>
            <ns3:hr>160</ns3:hr>
            <ns3:cad>97</ns3:cad>
          </ns3:TrackPointExtension>
        </extensions>
      </trkpt>
      <trkpt lat="29.14930268190801143646240234375" lon="120.3292257897555828094482421875">
        <ele>140</ele>
        <time>2016-06-22T11:54:29.000Z</time>
        <extensions>
          <ns3:TrackPointExtension>
            <ns3:hr>160</ns3:hr>
            <ns3:cad>97</ns3:cad>
          </ns3:TrackPointExtension>
        </extensions>
      </trkpt>
      <trkpt lat="29.1493240557610988616943359375" lon="120.32921480946242809295654296875">
        <ele>140.1999969482421875</ele>
        <time>2016-06-22T11:54:30.000Z</time>
        <extensions>
          <ns3:TrackPointExtension>
            <ns3:hr>160</ns3:hr>
            <ns3:cad>96</ns3:cad>
          </ns3:TrackPointExtension>
        </extensions>
      </trkpt>
      <trkpt lat="29.14934526197612285614013671875" lon="120.32920726574957370758056640625">
        <ele>140.1999969482421875</ele>
        <time>2016-06-22T11:54:31.000Z</time>
        <extensions>
          <ns3:TrackPointExtension>
            <ns3:hr>160</ns3:hr>
            <ns3:cad>96</ns3:cad>
          </ns3:TrackPointExtension>
        </extensions>
      </trkpt>
      <trkpt lat="29.149366803467273712158203125" lon="120.329194776713848114013671875">
        <ele>140.399993896484375</ele>
        <time>2016-06-22T11:54:32.000Z</time>
        <extensions>
          <ns3:TrackPointExtension>
            <ns3:hr>160</ns3:hr>
            <ns3:cad>96</ns3:cad>
          </ns3:TrackPointExtension>
        </extensions>
      </trkpt>
      <trkpt lat="29.14938599802553653717041015625" lon="120.32917893491685390472412109375">
        <ele>140.399993896484375</ele>
        <time>2016-06-22T11:54:33.000Z</time>
        <extensions>
          <ns3:TrackPointExtension>
            <ns3:hr>161</ns3:hr>
            <ns3:cad>96</ns3:cad>
          </ns3:TrackPointExtension>
        </extensions>
      </trkpt>
      <trkpt lat="29.149424135684967041015625" lon="120.3291414678096771240234375">
        <ele>140.8000030517578125</ele>
        <time>2016-06-22T11:54:34.000Z</time>
        <extensions>
          <ns3:TrackPointExtension>
            <ns3:hr>161</ns3:hr>
            <ns3:cad>95</ns3:cad>
          </ns3:TrackPointExtension>
        </extensions>
      </trkpt>
      <trkpt lat="29.149424135684967041015625" lon="120.3291414678096771240234375">
        <ele>140.8000030517578125</ele>
        <time>2016-06-22T11:54:35.000Z</time>
        <extensions>
          <ns3:TrackPointExtension>
            <ns3:hr>161</ns3:hr>
            <ns3:cad>95</ns3:cad>
          </ns3:TrackPointExtension>
        </extensions>
      </trkpt>
      <trkpt lat="29.1494430787861347198486328125" lon="120.32912177033722400665283203125">
        <ele>141</ele>
        <time>2016-06-22T11:54:36.000Z</time>
        <extensions>
          <ns3:TrackPointExtension>
            <ns3:hr>161</ns3:hr>
            <ns3:cad>96</ns3:cad>
          </ns3:TrackPointExtension>
        </extensions>
      </trkpt>
      <trkpt lat="29.14945858530700206756591796875" lon="120.32909997738897800445556640625">
        <ele>141.1999969482421875</ele>
        <time>2016-06-22T11:54:37.000Z</time>
        <extensions>
          <ns3:TrackPointExtension>
            <ns3:hr>162</ns3:hr>
            <ns3:cad>96</ns3:cad>
          </ns3:TrackPointExtension>
        </extensions>
      </trkpt>
      <trkpt lat="29.149474091827869415283203125" lon="120.32907516695559024810791015625">
        <ele>141.399993896484375</ele>
        <time>2016-06-22T11:54:38.000Z</time>
        <extensions>
          <ns3:TrackPointExtension>
            <ns3:hr>162</ns3:hr>
            <ns3:cad>97</ns3:cad>
          </ns3:TrackPointExtension>
        </extensions>
      </trkpt>
      <trkpt lat="29.149487502872943878173828125" lon="120.32905052416026592254638671875">
        <ele>141.600006103515625</ele>
        <time>2016-06-22T11:54:39.000Z</time>
        <extensions>
          <ns3:TrackPointExtension>
            <ns3:hr>161</ns3:hr>
            <ns3:cad>97</ns3:cad>
          </ns3:TrackPointExtension>
        </extensions>
      </trkpt>
      <trkpt lat="29.14949915371835231781005859375" lon="120.32902412116527557373046875">
        <ele>141.8000030517578125</ele>
        <time>2016-06-22T11:54:40.000Z</time>
        <extensions>
          <ns3:TrackPointExtension>
            <ns3:hr>161</ns3:hr>
            <ns3:cad>97</ns3:cad>
          </ns3:TrackPointExtension>
        </extensions>
      </trkpt>
      <trkpt lat="29.1495094634592533111572265625" lon="120.3289981372654438018798828125">
        <ele>141.8000030517578125</ele>
        <time>2016-06-22T11:54:41.000Z</time>
        <extensions>
          <ns3:TrackPointExtension>
            <ns3:hr>161</ns3:hr>
            <ns3:cad>97</ns3:cad>
          </ns3:TrackPointExtension>
        </extensions>
      </trkpt>
      <trkpt lat="29.14951876737177371978759765625" lon="120.32897341065108776092529296875">
        <ele>142</ele>
        <time>2016-06-22T11:54:42.000Z</time>
        <extensions>
          <ns3:TrackPointExtension>
            <ns3:hr>161</ns3:hr>
            <ns3:cad>97</ns3:cad>
          </ns3:TrackPointExtension>
        </extensions>
      </trkpt>
      <trkpt lat="29.1495255567133426666259765625" lon="120.3289451636373996734619140625">
        <ele>142.1999969482421875</ele>
        <time>2016-06-22T11:54:43.000Z</time>
        <extensions>
          <ns3:TrackPointExtension>
            <ns3:hr>161</ns3:hr>
            <ns3:cad>96</ns3:cad>
          </ns3:TrackPointExtension>
        </extensions>
      </trkpt>
      <trkpt lat="29.1495322622358798980712890625" lon="120.32891876064240932464599609375">
        <ele>142.399993896484375</ele>
        <time>2016-06-22T11:54:44.000Z</time>
        <extensions>
          <ns3:TrackPointExtension>
            <ns3:hr>161</ns3:hr>
            <ns3:cad>96</ns3:cad>
          </ns3:TrackPointExtension>
        </extensions>
      </trkpt>
      <trkpt lat="29.14953636936843395233154296875" lon="120.32889177091419696807861328125">
        <ele>142.399993896484375</ele>
        <time>2016-06-22T11:54:45.000Z</time>
        <extensions>
          <ns3:TrackPointExtension>
            <ns3:hr>161</ns3:hr>
            <ns3:cad>96</ns3:cad>
          </ns3:TrackPointExtension>
        </extensions>
      </trkpt>
      <trkpt lat="29.1495386324822902679443359375" lon="120.32886411063373088836669921875">
        <ele>142.600006103515625</ele>
        <time>2016-06-22T11:54:46.000Z</time>
        <extensions>
          <ns3:TrackPointExtension>
            <ns3:hr>161</ns3:hr>
            <ns3:cad>96</ns3:cad>
          </ns3:TrackPointExtension>
        </extensions>
      </trkpt>
      <trkpt lat="29.14954156614840030670166015625" lon="120.32880543731153011322021484375">
        <ele>142.8000030517578125</ele>
        <time>2016-06-22T11:54:47.000Z</time>
        <extensions>
          <ns3:TrackPointExtension>
            <ns3:hr>160</ns3:hr>
            <ns3:cad>97</ns3:cad>
          </ns3:TrackPointExtension>
        </extensions>
      </trkpt>
      <trkpt lat="29.14954156614840030670166015625" lon="120.32880543731153011322021484375">
        <ele>142.8000030517578125</ele>
        <time>2016-06-22T11:54:48.000Z</time>
        <extensions>
          <ns3:TrackPointExtension>
            <ns3:hr>161</ns3:hr>
            <ns3:cad>97</ns3:cad>
          </ns3:TrackPointExtension>
        </extensions>
      </trkpt>
      <trkpt lat="29.14954148232936859130859375" lon="120.32878280617296695709228515625">
        <ele>142.8000030517578125</ele>
        <time>2016-06-22T11:54:49.000Z</time>
        <extensions>
          <ns3:TrackPointExtension>
            <ns3:hr>160</ns3:hr>
            <ns3:cad>97</ns3:cad>
          </ns3:TrackPointExtension>
        </extensions>
      </trkpt>
      <trkpt lat="29.14953737519681453704833984375" lon="120.3287579119205474853515625">
        <ele>143</ele>
        <time>2016-06-22T11:54:50.000Z</time>
        <extensions>
          <ns3:TrackPointExtension>
            <ns3:hr>159</ns3:hr>
            <ns3:cad>97</ns3:cad>
          </ns3:TrackPointExtension>
        </extensions>
      </trkpt>
      <trkpt lat="29.1495285741984844207763671875" lon="120.32870535738766193389892578125">
        <ele>143.399993896484375</ele>
        <time>2016-06-22T11:54:51.000Z</time>
        <extensions>
          <ns3:TrackPointExtension>
            <ns3:hr>158</ns3:hr>
            <ns3:cad>96</ns3:cad>
          </ns3:TrackPointExtension>
        </extensions>
      </trkpt>
      <trkpt lat="29.1495285741984844207763671875" lon="120.32870535738766193389892578125">
        <ele>143.399993896484375</ele>
        <time>2016-06-22T11:54:52.000Z</time>
        <extensions>
          <ns3:TrackPointExtension>
            <ns3:hr>158</ns3:hr>
            <ns3:cad>97</ns3:cad>
          </ns3:TrackPointExtension>
        </extensions>
      </trkpt>
      <trkpt lat="29.1495208628475666046142578125" lon="120.32867811620235443115234375">
        <ele>143.600006103515625</ele>
        <time>2016-06-22T11:54:53.000Z</time>
        <extensions>
          <ns3:TrackPointExtension>
            <ns3:hr>159</ns3:hr>
            <ns3:cad>97</ns3:cad>
          </ns3:TrackPointExtension>
        </extensions>
      </trkpt>
      <trkpt lat="29.14951155893504619598388671875" lon="120.32865121029317378997802734375">
        <ele>143.8000030517578125</ele>
        <time>2016-06-22T11:54:54.000Z</time>
        <extensions>
          <ns3:TrackPointExtension>
            <ns3:hr>158</ns3:hr>
            <ns3:cad>96</ns3:cad>
          </ns3:TrackPointExtension>
        </extensions>
      </trkpt>
      <trkpt lat="29.149486161768436431884765625" lon="120.3285968117415904998779296875">
        <ele>144</ele>
        <time>2016-06-22T11:54:55.000Z</time>
        <extensions>
          <ns3:TrackPointExtension>
            <ns3:hr>157</ns3:hr>
            <ns3:cad>96</ns3:cad>
          </ns3:TrackPointExtension>
        </extensions>
      </trkpt>
      <trkpt lat="29.149486161768436431884765625" lon="120.3285968117415904998779296875">
        <ele>144</ele>
        <time>2016-06-22T11:54:56.000Z</time>
        <extensions>
          <ns3:TrackPointExtension>
            <ns3:hr>157</ns3:hr>
            <ns3:cad>96</ns3:cad>
          </ns3:TrackPointExtension>
        </extensions>
      </trkpt>
      <trkpt lat="29.14947266690433025360107421875" lon="120.32857216894626617431640625">
        <ele>144</ele>
        <time>2016-06-22T11:54:57.000Z</time>
        <extensions>
          <ns3:TrackPointExtension>
            <ns3:hr>157</ns3:hr>
            <ns3:cad>96</ns3:cad>
          </ns3:TrackPointExtension>
        </extensions>
      </trkpt>
      <trkpt lat="29.1494574956595897674560546875" lon="120.3285478614270687103271484375">
        <ele>144</ele>
        <time>2016-06-22T11:54:58.000Z</time>
        <extensions>
          <ns3:TrackPointExtension>
            <ns3:hr>158</ns3:hr>
            <ns3:cad>97</ns3:cad>
          </ns3:TrackPointExtension>
        </extensions>
      </trkpt>
      <trkpt lat="29.149423129856586456298828125" lon="120.32850368879735469818115234375">
        <ele>144</ele>
        <time>2016-06-22T11:54:59.000Z</time>
        <extensions>
          <ns3:TrackPointExtension>
            <ns3:hr>157</ns3:hr>
            <ns3:cad>98</ns3:cad>
          </ns3:TrackPointExtension>
        </extensions>
      </trkpt>
      <trkpt lat="29.149423129856586456298828125" lon="120.32850368879735469818115234375">
        <ele>144</ele>
        <time>2016-06-22T11:55:00.000Z</time>
        <extensions>
          <ns3:TrackPointExtension>
            <ns3:hr>158</ns3:hr>
            <ns3:cad>98</ns3:cad>
          </ns3:TrackPointExtension>
        </extensions>
      </trkpt>
      <trkpt lat="29.14940427057445049285888671875" lon="120.32847887836396694183349609375">
        <ele>144</ele>
        <time>2016-06-22T11:55:01.000Z</time>
        <extensions>
          <ns3:TrackPointExtension>
            <ns3:hr>157</ns3:hr>
            <ns3:cad>97</ns3:cad>
          </ns3:TrackPointExtension>
        </extensions>
      </trkpt>
      <trkpt lat="29.14938499219715595245361328125" lon="120.3284576721489429473876953125">
        <ele>144</ele>
        <time>2016-06-22T11:55:02.000Z</time>
        <extensions>
          <ns3:TrackPointExtension>
            <ns3:hr>157</ns3:hr>
            <ns3:cad>97</ns3:cad>
          </ns3:TrackPointExtension>
        </extensions>
      </trkpt>
      <trkpt lat="29.14936655201017856597900390625" lon="120.328437723219394683837890625">
        <ele>144</ele>
        <time>2016-06-22T11:55:03.000Z</time>
        <extensions>
          <ns3:TrackPointExtension>
            <ns3:hr>157</ns3:hr>
            <ns3:cad>97</ns3:cad>
          </ns3:TrackPointExtension>
        </extensions>
      </trkpt>
      <trkpt lat="29.149346686899662017822265625" lon="120.32841970212757587432861328125">
        <ele>143.8000030517578125</ele>
        <time>2016-06-22T11:55:04.000Z</time>
        <extensions>
          <ns3:TrackPointExtension>
            <ns3:hr>157</ns3:hr>
            <ns3:cad>97</ns3:cad>
          </ns3:TrackPointExtension>
        </extensions>
      </trkpt>
      <trkpt lat="29.14932296611368656158447265625" lon="120.32840494997799396514892578125">
        <ele>143.600006103515625</ele>
        <time>2016-06-22T11:55:05.000Z</time>
        <extensions>
          <ns3:TrackPointExtension>
            <ns3:hr>157</ns3:hr>
            <ns3:cad>96</ns3:cad>
          </ns3:TrackPointExtension>
        </extensions>
      </trkpt>
      <trkpt lat="29.1492972336709499359130859375" lon="120.3283896110951900482177734375">
        <ele>143.399993896484375</ele>
        <time>2016-06-22T11:55:06.000Z</time>
        <extensions>
          <ns3:TrackPointExtension>
            <ns3:hr>157</ns3:hr>
            <ns3:cad>96</ns3:cad>
          </ns3:TrackPointExtension>
        </extensions>
      </trkpt>
      <trkpt lat="29.14927133359014987945556640625" lon="120.32837712205946445465087890625">
        <ele>143.399993896484375</ele>
        <time>2016-06-22T11:55:07.000Z</time>
        <extensions>
          <ns3:TrackPointExtension>
            <ns3:hr>158</ns3:hr>
            <ns3:cad>96</ns3:cad>
          </ns3:TrackPointExtension>
        </extensions>
      </trkpt>
      <trkpt lat="29.14922389201819896697998046875" lon="120.328351557254791259765625">
        <ele>143.1999969482421875</ele>
        <time>2016-06-22T11:55:08.000Z</time>
        <extensions>
          <ns3:TrackPointExtension>
            <ns3:hr>158</ns3:hr>
            <ns3:cad>97</ns3:cad>
          </ns3:TrackPointExtension>
        </extensions>
      </trkpt>
      <trkpt lat="29.14922389201819896697998046875" lon="120.328351557254791259765625">
        <ele>143.1999969482421875</ele>
        <time>2016-06-22T11:55:09.000Z</time>
        <extensions>
          <ns3:TrackPointExtension>
            <ns3:hr>158</ns3:hr>
            <ns3:cad>97</ns3:cad>
          </ns3:TrackPointExtension>
        </extensions>
      </trkpt>
      <trkpt lat="29.1491979919373989105224609375" lon="120.32834409736096858978271484375">
        <ele>143.1999969482421875</ele>
        <time>2016-06-22T11:55:10.000Z</time>
        <extensions>
          <ns3:TrackPointExtension>
            <ns3:hr>158</ns3:hr>
            <ns3:cad>97</ns3:cad>
          </ns3:TrackPointExtension>
        </extensions>
      </trkpt>
      <trkpt lat="29.14917326532304286956787109375" lon="120.32833571545779705047607421875">
        <ele>143</ele>
        <time>2016-06-22T11:55:11.000Z</time>
        <extensions>
          <ns3:TrackPointExtension>
            <ns3:hr>157</ns3:hr>
            <ns3:cad>97</ns3:cad>
          </ns3:TrackPointExtension>
        </extensions>
      </trkpt>
      <trkpt lat="29.14914962835609912872314453125" lon="120.3283269144594669342041015625">
        <ele>143</ele>
        <time>2016-06-22T11:55:12.000Z</time>
        <extensions>
          <ns3:TrackPointExtension>
            <ns3:hr>157</ns3:hr>
            <ns3:cad>97</ns3:cad>
          </ns3:TrackPointExtension>
        </extensions>
      </trkpt>
      <trkpt lat="29.149128757417201995849609375" lon="120.328318364918231964111328125">
        <ele>143</ele>
        <time>2016-06-22T11:55:13.000Z</time>
        <extensions>
          <ns3:TrackPointExtension>
            <ns3:hr>158</ns3:hr>
            <ns3:cad>97</ns3:cad>
          </ns3:TrackPointExtension>
        </extensions>
      </trkpt>
      <trkpt lat="29.14910537190735340118408203125" lon="120.3283118270337581634521484375">
        <ele>142.8000030517578125</ele>
        <time>2016-06-22T11:55:14.000Z</time>
        <extensions>
          <ns3:TrackPointExtension>
            <ns3:hr>158</ns3:hr>
            <ns3:cad>97</ns3:cad>
          </ns3:TrackPointExtension>
        </extensions>
      </trkpt>
      <trkpt lat="29.14908056147396564483642578125" lon="120.32830537296831607818603515625">
        <ele>142.8000030517578125</ele>
        <time>2016-06-22T11:55:15.000Z</time>
        <extensions>
          <ns3:TrackPointExtension>
            <ns3:hr>158</ns3:hr>
            <ns3:cad>96</ns3:cad>
          </ns3:TrackPointExtension>
        </extensions>
      </trkpt>
      <trkpt lat="29.14905725978314876556396484375" lon="120.32829581759870052337646484375">
        <ele>142.600006103515625</ele>
        <time>2016-06-22T11:55:16.000Z</time>
        <extensions>
          <ns3:TrackPointExtension>
            <ns3:hr>158</ns3:hr>
            <ns3:cad>96</ns3:cad>
          </ns3:TrackPointExtension>
        </extensions>
      </trkpt>
      <trkpt lat="29.14903529919683933258056640625" lon="120.32828626222908496856689453125">
        <ele>142.600006103515625</ele>
        <time>2016-06-22T11:55:17.000Z</time>
        <extensions>
          <ns3:TrackPointExtension>
            <ns3:hr>158</ns3:hr>
            <ns3:cad>96</ns3:cad>
          </ns3:TrackPointExtension>
        </extensions>
      </trkpt>
      <trkpt lat="29.14899204857647418975830078125" lon="120.32826312817633152008056640625">
        <ele>142.399993896484375</ele>
        <time>2016-06-22T11:55:18.000Z</time>
        <extensions>
          <ns3:TrackPointExtension>
            <ns3:hr>156</ns3:hr>
            <ns3:cad>98</ns3:cad>
          </ns3:TrackPointExtension>
        </extensions>
      </trkpt>
      <trkpt lat="29.14899204857647418975830078125" lon="120.32826312817633152008056640625">
        <ele>142.399993896484375</ele>
        <time>2016-06-22T11:55:19.000Z</time>
        <extensions>
          <ns3:TrackPointExtension>
            <ns3:hr>156</ns3:hr>
            <ns3:cad>98</ns3:cad>
          </ns3:TrackPointExtension>
        </extensions>
      </trkpt>
      <trkpt lat="29.14897008799016475677490234375" lon="120.32825441099703311920166015625">
        <ele>142.600006103515625</ele>
        <time>2016-06-22T11:55:20.000Z</time>
        <extensions>
          <ns3:TrackPointExtension>
            <ns3:hr>156</ns3:hr>
            <ns3:cad>98</ns3:cad>
          </ns3:TrackPointExtension>
        </extensions>
      </trkpt>
      <trkpt lat="29.1489461995661258697509765625" lon="120.328241921961307525634765625">
        <ele>142.600006103515625</ele>
        <time>2016-06-22T11:55:21.000Z</time>
        <extensions>
          <ns3:TrackPointExtension>
            <ns3:hr>157</ns3:hr>
            <ns3:cad>97</ns3:cad>
          </ns3:TrackPointExtension>
        </extensions>
      </trkpt>
      <trkpt lat="29.14892164058983325958251953125" lon="120.3282347135245800018310546875">
        <ele>142.600006103515625</ele>
        <time>2016-06-22T11:55:22.000Z</time>
        <extensions>
          <ns3:TrackPointExtension>
            <ns3:hr>157</ns3:hr>
            <ns3:cad>97</ns3:cad>
          </ns3:TrackPointExtension>
        </extensions>
      </trkpt>
      <trkpt lat="29.1488989256322383880615234375" lon="120.32822675071656703948974609375">
        <ele>142.600006103515625</ele>
        <time>2016-06-22T11:55:23.000Z</time>
        <extensions>
          <ns3:TrackPointExtension>
            <ns3:hr>158</ns3:hr>
            <ns3:cad>97</ns3:cad>
          </ns3:TrackPointExtension>
        </extensions>
      </trkpt>
      <trkpt lat="29.14887503720819950103759765625" lon="120.328219123184680938720703125">
        <ele>142.600006103515625</ele>
        <time>2016-06-22T11:55:24.000Z</time>
        <extensions>
          <ns3:TrackPointExtension>
            <ns3:hr>158</ns3:hr>
            <ns3:cad>97</ns3:cad>
          </ns3:TrackPointExtension>
        </extensions>
      </trkpt>
      <trkpt lat="29.1488509811460971832275390625" lon="120.32821535132825374603271484375">
        <ele>142.399993896484375</ele>
        <time>2016-06-22T11:55:25.000Z</time>
        <extensions>
          <ns3:TrackPointExtension>
            <ns3:hr>158</ns3:hr>
            <ns3:cad>97</ns3:cad>
          </ns3:TrackPointExtension>
        </extensions>
      </trkpt>
      <trkpt lat="29.14880454540252685546875" lon="120.3281991742551326751708984375">
        <ele>142.399993896484375</ele>
        <time>2016-06-22T11:55:26.000Z</time>
        <extensions>
          <ns3:TrackPointExtension>
            <ns3:hr>157</ns3:hr>
            <ns3:cad>97</ns3:cad>
          </ns3:TrackPointExtension>
        </extensions>
      </trkpt>
      <trkpt lat="29.14880454540252685546875" lon="120.3281991742551326751708984375">
        <ele>142.399993896484375</ele>
        <time>2016-06-22T11:55:27.000Z</time>
        <extensions>
          <ns3:TrackPointExtension>
            <ns3:hr>157</ns3:hr>
            <ns3:cad>97</ns3:cad>
          </ns3:TrackPointExtension>
        </extensions>
      </trkpt>
      <trkpt lat="29.148781411349773406982421875" lon="120.328193642199039459228515625">
        <ele>142.399993896484375</ele>
        <time>2016-06-22T11:55:28.000Z</time>
        <extensions>
          <ns3:TrackPointExtension>
            <ns3:hr>157</ns3:hr>
            <ns3:cad>97</ns3:cad>
          </ns3:TrackPointExtension>
        </extensions>
      </trkpt>
      <trkpt lat="29.1487567685544490814208984375" lon="120.3281867690384387969970703125">
        <ele>142.1999969482421875</ele>
        <time>2016-06-22T11:55:29.000Z</time>
        <extensions>
          <ns3:TrackPointExtension>
            <ns3:hr>157</ns3:hr>
            <ns3:cad>95</ns3:cad>
          </ns3:TrackPointExtension>
        </extensions>
      </trkpt>
      <trkpt lat="29.14873288013041019439697265625" lon="120.3281817398965358734130859375">
        <ele>142.1999969482421875</ele>
        <time>2016-06-22T11:55:30.000Z</time>
        <extensions>
          <ns3:TrackPointExtension>
            <ns3:hr>156</ns3:hr>
            <ns3:cad>95</ns3:cad>
          </ns3:TrackPointExtension>
        </extensions>
      </trkpt>
      <trkpt lat="29.14871008135378360748291015625" lon="120.328173525631427764892578125">
        <ele>142.1999969482421875</ele>
        <time>2016-06-22T11:55:31.000Z</time>
        <extensions>
          <ns3:TrackPointExtension>
            <ns3:hr>156</ns3:hr>
            <ns3:cad>97</ns3:cad>
          </ns3:TrackPointExtension>
        </extensions>
      </trkpt>
      <trkpt lat="29.1486632265150547027587890625" lon="120.3281589411199092864990234375">
        <ele>142.1999969482421875</ele>
        <time>2016-06-22T11:55:32.000Z</time>
        <extensions>
          <ns3:TrackPointExtension>
            <ns3:hr>156</ns3:hr>
            <ns3:cad>97</ns3:cad>
          </ns3:TrackPointExtension>
        </extensions>
      </trkpt>
      <trkpt lat="29.1486632265150547027587890625" lon="120.3281589411199092864990234375">
        <ele>142.1999969482421875</ele>
        <time>2016-06-22T11:55:33.000Z</time>
        <extensions>
          <ns3:TrackPointExtension>
            <ns3:hr>156</ns3:hr>
            <ns3:cad>97</ns3:cad>
          </ns3:TrackPointExtension>
        </extensions>
      </trkpt>
      <trkpt lat="29.1486369073390960693359375" lon="120.32814812846481800079345703125">
        <ele>142.1999969482421875</ele>
        <time>2016-06-22T11:55:34.000Z</time>
        <extensions>
          <ns3:TrackPointExtension>
            <ns3:hr>156</ns3:hr>
            <ns3:cad>97</ns3:cad>
          </ns3:TrackPointExtension>
        </extensions>
      </trkpt>
      <trkpt lat="29.1486105881631374359130859375" lon="120.328139327466487884521484375">
        <ele>142.399993896484375</ele>
        <time>2016-06-22T11:55:35.000Z</time>
        <extensions>
          <ns3:TrackPointExtension>
            <ns3:hr>157</ns3:hr>
            <ns3:cad>97</ns3:cad>
          </ns3:TrackPointExtension>
        </extensions>
      </trkpt>
      <trkpt lat="29.14858502335846424102783203125" lon="120.32813086174428462982177734375">
        <ele>142.399993896484375</ele>
        <time>2016-06-22T11:55:36.000Z</time>
        <extensions>
          <ns3:TrackPointExtension>
            <ns3:hr>158</ns3:hr>
            <ns3:cad>97</ns3:cad>
          </ns3:TrackPointExtension>
        </extensions>
      </trkpt>
      <trkpt lat="29.14856222458183765411376953125" lon="120.32812164165079593658447265625">
        <ele>142.399993896484375</ele>
        <time>2016-06-22T11:55:37.000Z</time>
        <extensions>
          <ns3:TrackPointExtension>
            <ns3:hr>157</ns3:hr>
            <ns3:cad>97</ns3:cad>
          </ns3:TrackPointExtension>
        </extensions>
      </trkpt>
      <trkpt lat="29.148538671433925628662109375" lon="120.32811208628118038177490234375">
        <ele>142.399993896484375</ele>
        <time>2016-06-22T11:55:38.000Z</time>
        <extensions>
          <ns3:TrackPointExtension>
            <ns3:hr>157</ns3:hr>
            <ns3:cad>97</ns3:cad>
          </ns3:TrackPointExtension>
        </extensions>
      </trkpt>
      <trkpt lat="29.14851528592407703399658203125" lon="120.3281006030738353729248046875">
        <ele>142.399993896484375</ele>
        <time>2016-06-22T11:55:39.000Z</time>
        <extensions>
          <ns3:TrackPointExtension>
            <ns3:hr>157</ns3:hr>
            <ns3:cad>97</ns3:cad>
          </ns3:TrackPointExtension>
        </extensions>
      </trkpt>
      <trkpt lat="29.1484922356903553009033203125" lon="120.3280942328274250030517578125">
        <ele>142.399993896484375</ele>
        <time>2016-06-22T11:55:40.000Z</time>
        <extensions>
          <ns3:TrackPointExtension>
            <ns3:hr>156</ns3:hr>
            <ns3:cad>97</ns3:cad>
          </ns3:TrackPointExtension>
        </extensions>
      </trkpt>
      <trkpt lat="29.1484704427421092987060546875" lon="120.328089036047458648681640625">
        <ele>142.600006103515625</ele>
        <time>2016-06-22T11:55:41.000Z</time>
        <extensions>
          <ns3:TrackPointExtension>
            <ns3:hr>157</ns3:hr>
            <ns3:cad>97</ns3:cad>
          </ns3:TrackPointExtension>
        </extensions>
      </trkpt>
      <trkpt lat="29.14845024235546588897705078125" lon="120.32808534801006317138671875">
        <ele>142.600006103515625</ele>
        <time>2016-06-22T11:55:42.000Z</time>
        <extensions>
          <ns3:TrackPointExtension>
            <ns3:hr>158</ns3:hr>
            <ns3:cad>97</ns3:cad>
          </ns3:TrackPointExtension>
        </extensions>
      </trkpt>
      <trkpt lat="29.1484040580689907073974609375" lon="120.3280838392674922943115234375">
        <ele>142.600006103515625</ele>
        <time>2016-06-22T11:55:43.000Z</time>
        <extensions>
          <ns3:TrackPointExtension>
            <ns3:hr>158</ns3:hr>
            <ns3:cad>97</ns3:cad>
          </ns3:TrackPointExtension>
        </extensions>
      </trkpt>
      <trkpt lat="29.1484040580689907073974609375" lon="120.3280838392674922943115234375">
        <ele>142.600006103515625</ele>
        <time>2016-06-22T11:55:44.000Z</time>
        <extensions>
          <ns3:TrackPointExtension>
            <ns3:hr>158</ns3:hr>
            <ns3:cad>96</ns3:cad>
          </ns3:TrackPointExtension>
        </extensions>
      </trkpt>
      <trkpt lat="29.1483795829117298126220703125" lon="120.32808744348585605621337890625">
        <ele>142.600006103515625</ele>
        <time>2016-06-22T11:55:45.000Z</time>
        <extensions>
          <ns3:TrackPointExtension>
            <ns3:hr>158</ns3:hr>
            <ns3:cad>96</ns3:cad>
          </ns3:TrackPointExtension>
        </extensions>
      </trkpt>
      <trkpt lat="29.14835519157350063323974609375" lon="120.32809071242809295654296875">
        <ele>142.399993896484375</ele>
        <time>2016-06-22T11:55:46.000Z</time>
        <extensions>
          <ns3:TrackPointExtension>
            <ns3:hr>158</ns3:hr>
            <ns3:cad>96</ns3:cad>
          </ns3:TrackPointExtension>
        </extensions>
      </trkpt>
      <trkpt lat="29.1483329795300960540771484375" lon="120.32809741795063018798828125">
        <ele>142.399993896484375</ele>
        <time>2016-06-22T11:55:47.000Z</time>
        <extensions>
          <ns3:TrackPointExtension>
            <ns3:hr>157</ns3:hr>
            <ns3:cad>96</ns3:cad>
          </ns3:TrackPointExtension>
        </extensions>
      </trkpt>
      <trkpt lat="29.14830992929637432098388671875" lon="120.32810412347316741943359375">
        <ele>142.399993896484375</ele>
        <time>2016-06-22T11:55:48.000Z</time>
        <extensions>
          <ns3:TrackPointExtension>
            <ns3:hr>157</ns3:hr>
            <ns3:cad>96</ns3:cad>
          </ns3:TrackPointExtension>
        </extensions>
      </trkpt>
      <trkpt lat="29.1482843644917011260986328125" lon="120.3281116671860218048095703125">
        <ele>142.600006103515625</ele>
        <time>2016-06-22T11:55:49.000Z</time>
        <extensions>
          <ns3:TrackPointExtension>
            <ns3:hr>157</ns3:hr>
            <ns3:cad>96</ns3:cad>
          </ns3:TrackPointExtension>
        </extensions>
      </trkpt>
      <trkpt lat="29.148261062800884246826171875" lon="120.32812164165079593658447265625">
        <ele>142.600006103515625</ele>
        <time>2016-06-22T11:55:50.000Z</time>
        <extensions>
          <ns3:TrackPointExtension>
            <ns3:hr>157</ns3:hr>
            <ns3:cad>97</ns3:cad>
          </ns3:TrackPointExtension>
        </extensions>
      </trkpt>
      <trkpt lat="29.14824002422392368316650390625" lon="120.32812968827784061431884765625">
        <ele>142.8000030517578125</ele>
        <time>2016-06-22T11:55:51.000Z</time>
        <extensions>
          <ns3:TrackPointExtension>
            <ns3:hr>157</ns3:hr>
            <ns3:cad>97</ns3:cad>
          </ns3:TrackPointExtension>
        </extensions>
      </trkpt>
      <trkpt lat="29.1482189856469631195068359375" lon="120.32813966274261474609375">
        <ele>142.8000030517578125</ele>
        <time>2016-06-22T11:55:52.000Z</time>
        <extensions>
          <ns3:TrackPointExtension>
            <ns3:hr>157</ns3:hr>
            <ns3:cad>97</ns3:cad>
          </ns3:TrackPointExtension>
        </extensions>
      </trkpt>
      <trkpt lat="29.14819727651774883270263671875" lon="120.32815416343510150909423828125">
        <ele>143</ele>
        <time>2016-06-22T11:55:53.000Z</time>
        <extensions>
          <ns3:TrackPointExtension>
            <ns3:hr>157</ns3:hr>
            <ns3:cad>98</ns3:cad>
          </ns3:TrackPointExtension>
        </extensions>
      </trkpt>
      <trkpt lat="29.1481743939220905303955078125" lon="120.3281676582992076873779296875">
        <ele>143</ele>
        <time>2016-06-22T11:55:54.000Z</time>
        <extensions>
          <ns3:TrackPointExtension>
            <ns3:hr>157</ns3:hr>
            <ns3:cad>98</ns3:cad>
          </ns3:TrackPointExtension>
        </extensions>
      </trkpt>
      <trkpt lat="29.14815486408770084381103515625" lon="120.32818132080137729644775390625">
        <ele>143</ele>
        <time>2016-06-22T11:55:55.000Z</time>
        <extensions>
          <ns3:TrackPointExtension>
            <ns3:hr>156</ns3:hr>
            <ns3:cad>98</ns3:cad>
          </ns3:TrackPointExtension>
        </extensions>
      </trkpt>
      <trkpt lat="29.148134998977184295654296875" lon="120.3281968273222446441650390625">
        <ele>143</ele>
        <time>2016-06-22T11:55:56.000Z</time>
        <extensions>
          <ns3:TrackPointExtension>
            <ns3:hr>156</ns3:hr>
            <ns3:cad>97</ns3:cad>
          </ns3:TrackPointExtension>
        </extensions>
      </trkpt>
      <trkpt lat="29.14810306392610073089599609375" lon="120.32824083231389522552490234375">
        <ele>143.1999969482421875</ele>
        <time>2016-06-22T11:55:57.000Z</time>
        <extensions>
          <ns3:TrackPointExtension>
            <ns3:hr>156</ns3:hr>
            <ns3:cad>97</ns3:cad>
          </ns3:TrackPointExtension>
        </extensions>
      </trkpt>
      <trkpt lat="29.14810306392610073089599609375" lon="120.32824083231389522552490234375">
        <ele>143.1999969482421875</ele>
        <time>2016-06-22T11:55:58.000Z</time>
        <extensions>
          <ns3:TrackPointExtension>
            <ns3:hr>156</ns3:hr>
            <ns3:cad>97</ns3:cad>
          </ns3:TrackPointExtension>
        </extensions>
      </trkpt>
      <trkpt lat="29.14808630011975765228271484375" lon="120.328262709081172943115234375">
        <ele>143.399993896484375</ele>
        <time>2016-06-22T11:55:59.000Z</time>
        <extensions>
          <ns3:TrackPointExtension>
            <ns3:hr>156</ns3:hr>
            <ns3:cad>97</ns3:cad>
          </ns3:TrackPointExtension>
        </extensions>
      </trkpt>
      <trkpt lat="29.14807163178920745849609375" lon="120.328284166753292083740234375">
        <ele>143.399993896484375</ele>
        <time>2016-06-22T11:56:00.000Z</time>
        <extensions>
          <ns3:TrackPointExtension>
            <ns3:hr>156</ns3:hr>
            <ns3:cad>97</ns3:cad>
          </ns3:TrackPointExtension>
        </extensions>
      </trkpt>
      <trkpt lat="29.1480575501918792724609375" lon="120.328307636082172393798828125">
        <ele>143.399993896484375</ele>
        <time>2016-06-22T11:56:01.000Z</time>
        <extensions>
          <ns3:TrackPointExtension>
            <ns3:hr>156</ns3:hr>
            <ns3:cad>97</ns3:cad>
          </ns3:TrackPointExtension>
        </extensions>
      </trkpt>
      <trkpt lat="29.14804279804229736328125" lon="120.32833269797265529632568359375">
        <ele>143.399993896484375</ele>
        <time>2016-06-22T11:56:02.000Z</time>
        <extensions>
          <ns3:TrackPointExtension>
            <ns3:hr>156</ns3:hr>
            <ns3:cad>96</ns3:cad>
          </ns3:TrackPointExtension>
        </extensions>
      </trkpt>
      <trkpt lat="29.14802796207368373870849609375" lon="120.328357927501201629638671875">
        <ele>143.600006103515625</ele>
        <time>2016-06-22T11:56:03.000Z</time>
        <extensions>
          <ns3:TrackPointExtension>
            <ns3:hr>157</ns3:hr>
            <ns3:cad>96</ns3:cad>
          </ns3:TrackPointExtension>
        </extensions>
      </trkpt>
      <trkpt lat="29.14801388047635555267333984375" lon="120.328385420143604278564453125">
        <ele>143.600006103515625</ele>
        <time>2016-06-22T11:56:04.000Z</time>
        <extensions>
          <ns3:TrackPointExtension>
            <ns3:hr>157</ns3:hr>
            <ns3:cad>96</ns3:cad>
          </ns3:TrackPointExtension>
        </extensions>
      </trkpt>
      <trkpt lat="29.14800466038286685943603515625" lon="120.32841299660503864288330078125">
        <ele>143.600006103515625</ele>
        <time>2016-06-22T11:56:05.000Z</time>
        <extensions>
          <ns3:TrackPointExtension>
            <ns3:hr>156</ns3:hr>
            <ns3:cad>96</ns3:cad>
          </ns3:TrackPointExtension>
        </extensions>
      </trkpt>
      <trkpt lat="29.1479956917464733123779296875" lon="120.32844074070453643798828125">
        <ele>143.600006103515625</ele>
        <time>2016-06-22T11:56:06.000Z</time>
        <extensions>
          <ns3:TrackPointExtension>
            <ns3:hr>156</ns3:hr>
            <ns3:cad>97</ns3:cad>
          </ns3:TrackPointExtension>
        </extensions>
      </trkpt>
      <trkpt lat="29.14798823185265064239501953125" lon="120.328469239175319671630859375">
        <ele>143.600006103515625</ele>
        <time>2016-06-22T11:56:07.000Z</time>
        <extensions>
          <ns3:TrackPointExtension>
            <ns3:hr>156</ns3:hr>
            <ns3:cad>96</ns3:cad>
          </ns3:TrackPointExtension>
        </extensions>
      </trkpt>
      <trkpt lat="29.14798269979655742645263671875" lon="120.32849815674126148223876953125">
        <ele>143.600006103515625</ele>
        <time>2016-06-22T11:56:08.000Z</time>
        <extensions>
          <ns3:TrackPointExtension>
            <ns3:hr>155</ns3:hr>
            <ns3:cad>96</ns3:cad>
          </ns3:TrackPointExtension>
        </extensions>
      </trkpt>
      <trkpt lat="29.14797783829271793365478515625" lon="120.3285270743072032928466796875">
        <ele>143.8000030517578125</ele>
        <time>2016-06-22T11:56:09.000Z</time>
        <extensions>
          <ns3:TrackPointExtension>
            <ns3:hr>155</ns3:hr>
            <ns3:cad>96</ns3:cad>
          </ns3:TrackPointExtension>
        </extensions>
      </trkpt>
      <trkpt lat="29.1479762457311153411865234375" lon="120.32855683006346225738525390625">
        <ele>144</ele>
        <time>2016-06-22T11:56:10.000Z</time>
        <extensions>
          <ns3:TrackPointExtension>
            <ns3:hr>156</ns3:hr>
            <ns3:cad>96</ns3:cad>
          </ns3:TrackPointExtension>
        </extensions>
      </trkpt>
      <trkpt lat="29.14797532372176647186279296875" lon="120.32858449034392833709716796875">
        <ele>144.1999969482421875</ele>
        <time>2016-06-22T11:56:11.000Z</time>
        <extensions>
          <ns3:TrackPointExtension>
            <ns3:hr>156</ns3:hr>
            <ns3:cad>96</ns3:cad>
          </ns3:TrackPointExtension>
        </extensions>
      </trkpt>
      <trkpt lat="29.14797641336917877197265625" lon="120.3286129049956798553466796875">
        <ele>144.399993896484375</ele>
        <time>2016-06-22T11:56:12.000Z</time>
        <extensions>
          <ns3:TrackPointExtension>
            <ns3:hr>156</ns3:hr>
            <ns3:cad>96</ns3:cad>
          </ns3:TrackPointExtension>
        </extensions>
      </trkpt>
      <trkpt lat="29.14798035286366939544677734375" lon="120.3286424092948436737060546875">
        <ele>144.399993896484375</ele>
        <time>2016-06-22T11:56:13.000Z</time>
        <extensions>
          <ns3:TrackPointExtension>
            <ns3:hr>156</ns3:hr>
            <ns3:cad>97</ns3:cad>
          </ns3:TrackPointExtension>
        </extensions>
      </trkpt>
      <trkpt lat="29.14798521436750888824462890625" lon="120.32867149449884891510009765625">
        <ele>144.600006103515625</ele>
        <time>2016-06-22T11:56:14.000Z</time>
        <extensions>
          <ns3:TrackPointExtension>
            <ns3:hr>157</ns3:hr>
            <ns3:cad>97</ns3:cad>
          </ns3:TrackPointExtension>
        </extensions>
      </trkpt>
      <trkpt lat="29.14799275808036327362060546875" lon="120.32869915477931499481201171875">
        <ele>144.600006103515625</ele>
        <time>2016-06-22T11:56:15.000Z</time>
        <extensions>
          <ns3:TrackPointExtension>
            <ns3:hr>157</ns3:hr>
            <ns3:cad>97</ns3:cad>
          </ns3:TrackPointExtension>
        </extensions>
      </trkpt>
      <trkpt lat="29.14800147525966167449951171875" lon="120.3287257254123687744140625">
        <ele>144.8000030517578125</ele>
        <time>2016-06-22T11:56:16.000Z</time>
        <extensions>
          <ns3:TrackPointExtension>
            <ns3:hr>157</ns3:hr>
            <ns3:cad>98</ns3:cad>
          </ns3:TrackPointExtension>
        </extensions>
      </trkpt>
      <trkpt lat="29.14801253937184810638427734375" lon="120.328754223883152008056640625">
        <ele>144.8000030517578125</ele>
        <time>2016-06-22T11:56:17.000Z</time>
        <extensions>
          <ns3:TrackPointExtension>
            <ns3:hr>158</ns3:hr>
            <ns3:cad>98</ns3:cad>
          </ns3:TrackPointExtension>
        </extensions>
      </trkpt>
      <trkpt lat="29.1480262018740177154541015625" lon="120.3287795372307300567626953125">
        <ele>145</ele>
        <time>2016-06-22T11:56:18.000Z</time>
        <extensions>
          <ns3:TrackPointExtension>
            <ns3:hr>158</ns3:hr>
            <ns3:cad>96</ns3:cad>
          </ns3:TrackPointExtension>
        </extensions>
      </trkpt>
      <trkpt lat="29.14804053492844104766845703125" lon="120.32880275510251522064208984375">
        <ele>145</ele>
        <time>2016-06-22T11:56:19.000Z</time>
        <extensions>
          <ns3:TrackPointExtension>
            <ns3:hr>158</ns3:hr>
            <ns3:cad>96</ns3:cad>
          </ns3:TrackPointExtension>
        </extensions>
      </trkpt>
      <trkpt lat="29.14805612526834011077880859375" lon="120.32882639206945896148681640625">
        <ele>145</ele>
        <time>2016-06-22T11:56:20.000Z</time>
        <extensions>
          <ns3:TrackPointExtension>
            <ns3:hr>158</ns3:hr>
            <ns3:cad>97</ns3:cad>
          </ns3:TrackPointExtension>
        </extensions>
      </trkpt>
      <trkpt lat="29.148071967065334320068359375" lon="120.32884977757930755615234375">
        <ele>145</ele>
        <time>2016-06-22T11:56:21.000Z</time>
        <extensions>
          <ns3:TrackPointExtension>
            <ns3:hr>159</ns3:hr>
            <ns3:cad>97</ns3:cad>
          </ns3:TrackPointExtension>
        </extensions>
      </trkpt>
      <trkpt lat="29.14809015579521656036376953125" lon="120.32887299545109272003173828125">
        <ele>145</ele>
        <time>2016-06-22T11:56:22.000Z</time>
        <extensions>
          <ns3:TrackPointExtension>
            <ns3:hr>159</ns3:hr>
            <ns3:cad>97</ns3:cad>
          </ns3:TrackPointExtension>
        </extensions>
      </trkpt>
      <trkpt lat="29.14811295457184314727783203125" lon="120.3288962133228778839111328125">
        <ele>145</ele>
        <time>2016-06-22T11:56:23.000Z</time>
        <extensions>
          <ns3:TrackPointExtension>
            <ns3:hr>159</ns3:hr>
            <ns3:cad>97</ns3:cad>
          </ns3:TrackPointExtension>
        </extensions>
      </trkpt>
      <trkpt lat="29.14815955795347690582275390625" lon="120.32893502153456211090087890625">
        <ele>145</ele>
        <time>2016-06-22T11:56:24.000Z</time>
        <extensions>
          <ns3:TrackPointExtension>
            <ns3:hr>159</ns3:hr>
            <ns3:cad>98</ns3:cad>
          </ns3:TrackPointExtension>
        </extensions>
      </trkpt>
      <trkpt lat="29.14815955795347690582275390625" lon="120.32893502153456211090087890625">
        <ele>145</ele>
        <time>2016-06-22T11:56:25.000Z</time>
        <extensions>
          <ns3:TrackPointExtension>
            <ns3:hr>159</ns3:hr>
            <ns3:cad>98</ns3:cad>
          </ns3:TrackPointExtension>
        </extensions>
      </trkpt>
      <trkpt lat="29.14818168617784976959228515625" lon="120.3289535455405712127685546875">
        <ele>145</ele>
        <time>2016-06-22T11:56:26.000Z</time>
        <extensions>
          <ns3:TrackPointExtension>
            <ns3:hr>159</ns3:hr>
            <ns3:cad>98</ns3:cad>
          </ns3:TrackPointExtension>
        </extensions>
      </trkpt>
      <trkpt lat="29.14820347912609577178955078125" lon="120.32897106371819972991943359375">
        <ele>144.8000030517578125</ele>
        <time>2016-06-22T11:56:27.000Z</time>
        <extensions>
          <ns3:TrackPointExtension>
            <ns3:hr>160</ns3:hr>
            <ns3:cad>96</ns3:cad>
          </ns3:TrackPointExtension>
        </extensions>
      </trkpt>
      <trkpt lat="29.14822728373110294342041015625" lon="120.328986234962940216064453125">
        <ele>144.8000030517578125</ele>
        <time>2016-06-22T11:56:28.000Z</time>
        <extensions>
          <ns3:TrackPointExtension>
            <ns3:hr>160</ns3:hr>
            <ns3:cad>96</ns3:cad>
          </ns3:TrackPointExtension>
        </extensions>
      </trkpt>
      <trkpt lat="29.14825259707868099212646484375" lon="120.3289978019893169403076171875">
        <ele>144.8000030517578125</ele>
        <time>2016-06-22T11:56:29.000Z</time>
        <extensions>
          <ns3:TrackPointExtension>
            <ns3:hr>160</ns3:hr>
            <ns3:cad>96</ns3:cad>
          </ns3:TrackPointExtension>
        </extensions>
      </trkpt>
      <trkpt lat="29.14830070920288562774658203125" lon="120.3290165774524211883544921875">
        <ele>144.600006103515625</ele>
        <time>2016-06-22T11:56:30.000Z</time>
        <extensions>
          <ns3:TrackPointExtension>
            <ns3:hr>160</ns3:hr>
            <ns3:cad>97</ns3:cad>
          </ns3:TrackPointExtension>
        </extensions>
      </trkpt>
      <trkpt lat="29.14830070920288562774658203125" lon="120.3290165774524211883544921875">
        <ele>144.600006103515625</ele>
        <time>2016-06-22T11:56:31.000Z</time>
        <extensions>
          <ns3:TrackPointExtension>
            <ns3:hr>160</ns3:hr>
            <ns3:cad>97</ns3:cad>
          </ns3:TrackPointExtension>
        </extensions>
      </trkpt>
      <trkpt lat="29.1483259387314319610595703125" lon="120.3290209360420703887939453125">
        <ele>144.399993896484375</ele>
        <time>2016-06-22T11:56:32.000Z</time>
        <extensions>
          <ns3:TrackPointExtension>
            <ns3:hr>160</ns3:hr>
            <ns3:cad>97</ns3:cad>
          </ns3:TrackPointExtension>
        </extensions>
      </trkpt>
      <trkpt lat="29.148351252079010009765625" lon="120.3290269710123538970947265625">
        <ele>144.399993896484375</ele>
        <time>2016-06-22T11:56:33.000Z</time>
        <extensions>
          <ns3:TrackPointExtension>
            <ns3:hr>160</ns3:hr>
            <ns3:cad>99</ns3:cad>
          </ns3:TrackPointExtension>
        </extensions>
      </trkpt>
      <trkpt lat="29.14837597869336605072021484375" lon="120.3290346823632717132568359375">
        <ele>144.1999969482421875</ele>
        <time>2016-06-22T11:56:34.000Z</time>
        <extensions>
          <ns3:TrackPointExtension>
            <ns3:hr>160</ns3:hr>
            <ns3:cad>96</ns3:cad>
          </ns3:TrackPointExtension>
        </extensions>
      </trkpt>
      <trkpt lat="29.148401878774166107177734375" lon="120.3290433995425701141357421875">
        <ele>144.1999969482421875</ele>
        <time>2016-06-22T11:56:35.000Z</time>
        <extensions>
          <ns3:TrackPointExtension>
            <ns3:hr>160</ns3:hr>
            <ns3:cad>96</ns3:cad>
          </ns3:TrackPointExtension>
        </extensions>
      </trkpt>
      <trkpt lat="29.14845342747867107391357421875" lon="120.32905857078731060028076171875">
        <ele>143.8000030517578125</ele>
        <time>2016-06-22T11:56:36.000Z</time>
        <extensions>
          <ns3:TrackPointExtension>
            <ns3:hr>159</ns3:hr>
            <ns3:cad>96</ns3:cad>
          </ns3:TrackPointExtension>
        </extensions>
      </trkpt>
      <trkpt lat="29.14845342747867107391357421875" lon="120.32905857078731060028076171875">
        <ele>143.8000030517578125</ele>
        <time>2016-06-22T11:56:37.000Z</time>
        <extensions>
          <ns3:TrackPointExtension>
            <ns3:hr>159</ns3:hr>
            <ns3:cad>96</ns3:cad>
          </ns3:TrackPointExtension>
        </extensions>
      </trkpt>
      <trkpt lat="29.14847932755947113037109375" lon="120.32906661741435527801513671875">
        <ele>143.399993896484375</ele>
        <time>2016-06-22T11:56:38.000Z</time>
        <extensions>
          <ns3:TrackPointExtension>
            <ns3:hr>160</ns3:hr>
            <ns3:cad>97</ns3:cad>
          </ns3:TrackPointExtension>
        </extensions>
      </trkpt>
      <trkpt lat="29.14850371889770030975341796875" lon="120.32907399348914623260498046875">
        <ele>143</ele>
        <time>2016-06-22T11:56:39.000Z</time>
        <extensions>
          <ns3:TrackPointExtension>
            <ns3:hr>159</ns3:hr>
            <ns3:cad>97</ns3:cad>
          </ns3:TrackPointExtension>
        </extensions>
      </trkpt>
      <trkpt lat="29.1485269367694854736328125" lon="120.32908380031585693359375">
        <ele>142.600006103515625</ele>
        <time>2016-06-22T11:56:40.000Z</time>
        <extensions>
          <ns3:TrackPointExtension>
            <ns3:hr>159</ns3:hr>
            <ns3:cad>98</ns3:cad>
          </ns3:TrackPointExtension>
        </extensions>
      </trkpt>
      <trkpt lat="29.14857429452240467071533203125" lon="120.32910249195992946624755859375">
        <ele>141.8000030517578125</ele>
        <time>2016-06-22T11:56:41.000Z</time>
        <extensions>
          <ns3:TrackPointExtension>
            <ns3:hr>160</ns3:hr>
            <ns3:cad>98</ns3:cad>
          </ns3:TrackPointExtension>
        </extensions>
      </trkpt>
      <trkpt lat="29.14857429452240467071533203125" lon="120.32910249195992946624755859375">
        <ele>141.8000030517578125</ele>
        <time>2016-06-22T11:56:42.000Z</time>
        <extensions>
          <ns3:TrackPointExtension>
            <ns3:hr>160</ns3:hr>
            <ns3:cad>98</ns3:cad>
          </ns3:TrackPointExtension>
        </extensions>
      </trkpt>
      <trkpt lat="29.14859600365161895751953125" lon="120.329111628234386444091796875">
        <ele>141.399993896484375</ele>
        <time>2016-06-22T11:56:43.000Z</time>
        <extensions>
          <ns3:TrackPointExtension>
            <ns3:hr>159</ns3:hr>
            <ns3:cad>97</ns3:cad>
          </ns3:TrackPointExtension>
        </extensions>
      </trkpt>
      <trkpt lat="29.14861821569502353668212890625" lon="120.3291213512420654296875">
        <ele>141.1999969482421875</ele>
        <time>2016-06-22T11:56:44.000Z</time>
        <extensions>
          <ns3:TrackPointExtension>
            <ns3:hr>158</ns3:hr>
            <ns3:cad>97</ns3:cad>
          </ns3:TrackPointExtension>
        </extensions>
      </trkpt>
      <trkpt lat="29.14864026010036468505859375" lon="120.32913166098296642303466796875">
        <ele>140.8000030517578125</ele>
        <time>2016-06-22T11:56:45.000Z</time>
        <extensions>
          <ns3:TrackPointExtension>
            <ns3:hr>158</ns3:hr>
            <ns3:cad>97</ns3:cad>
          </ns3:TrackPointExtension>
        </extensions>
      </trkpt>
      <trkpt lat="29.14866448380053043365478515625" lon="120.32914054580032825469970703125">
        <ele>140.399993896484375</ele>
        <time>2016-06-22T11:56:46.000Z</time>
        <extensions>
          <ns3:TrackPointExtension>
            <ns3:hr>158</ns3:hr>
            <ns3:cad>96</ns3:cad>
          </ns3:TrackPointExtension>
        </extensions>
      </trkpt>
      <trkpt lat="29.1486883722245693206787109375" lon="120.3291483409702777862548828125">
        <ele>140</ele>
        <time>2016-06-22T11:56:47.000Z</time>
        <extensions>
          <ns3:TrackPointExtension>
            <ns3:hr>159</ns3:hr>
            <ns3:cad>96</ns3:cad>
          </ns3:TrackPointExtension>
        </extensions>
      </trkpt>
      <trkpt lat="29.1487322933971881866455078125" lon="120.32916569150984287261962890625">
        <ele>139.399993896484375</ele>
        <time>2016-06-22T11:56:48.000Z</time>
        <extensions>
          <ns3:TrackPointExtension>
            <ns3:hr>161</ns3:hr>
            <ns3:cad>96</ns3:cad>
          </ns3:TrackPointExtension>
        </extensions>
      </trkpt>
      <trkpt lat="29.1487322933971881866455078125" lon="120.32916569150984287261962890625">
        <ele>139.399993896484375</ele>
        <time>2016-06-22T11:56:49.000Z</time>
        <extensions>
          <ns3:TrackPointExtension>
            <ns3:hr>161</ns3:hr>
            <ns3:cad>96</ns3:cad>
          </ns3:TrackPointExtension>
        </extensions>
      </trkpt>
      <trkpt lat="29.14875484071671962738037109375" lon="120.32917591743171215057373046875">
        <ele>139.1999969482421875</ele>
        <time>2016-06-22T11:56:50.000Z</time>
        <extensions>
          <ns3:TrackPointExtension>
            <ns3:hr>160</ns3:hr>
            <ns3:cad>97</ns3:cad>
          </ns3:TrackPointExtension>
        </extensions>
      </trkpt>
      <trkpt lat="29.14877646602690219879150390625" lon="120.3291885741055011749267578125">
        <ele>139</ele>
        <time>2016-06-22T11:56:51.000Z</time>
        <extensions>
          <ns3:TrackPointExtension>
            <ns3:hr>159</ns3:hr>
            <ns3:cad>97</ns3:cad>
          </ns3:TrackPointExtension>
        </extensions>
      </trkpt>
      <trkpt lat="29.148800186812877655029296875" lon="120.329198800027370452880859375">
        <ele>139</ele>
        <time>2016-06-22T11:56:52.000Z</time>
        <extensions>
          <ns3:TrackPointExtension>
            <ns3:hr>158</ns3:hr>
            <ns3:cad>98</ns3:cad>
          </ns3:TrackPointExtension>
        </extensions>
      </trkpt>
      <trkpt lat="29.1488246619701385498046875" lon="120.32920760102570056915283203125">
        <ele>138.8000030517578125</ele>
        <time>2016-06-22T11:56:53.000Z</time>
        <extensions>
          <ns3:TrackPointExtension>
            <ns3:hr>158</ns3:hr>
            <ns3:cad>99</ns3:cad>
          </ns3:TrackPointExtension>
        </extensions>
      </trkpt>
      <trkpt lat="29.14884838275611400604248046875" lon="120.32921724021434783935546875">
        <ele>138.600006103515625</ele>
        <time>2016-06-22T11:56:54.000Z</time>
        <extensions>
          <ns3:TrackPointExtension>
            <ns3:hr>157</ns3:hr>
            <ns3:cad>99</ns3:cad>
          </ns3:TrackPointExtension>
        </extensions>
      </trkpt>
      <trkpt lat="29.14887302555143833160400390625" lon="120.32922553829848766326904296875">
        <ele>138.600006103515625</ele>
        <time>2016-06-22T11:56:55.000Z</time>
        <extensions>
          <ns3:TrackPointExtension>
            <ns3:hr>159</ns3:hr>
            <ns3:cad>97</ns3:cad>
          </ns3:TrackPointExtension>
        </extensions>
      </trkpt>
      <trkpt lat="29.14889750070869922637939453125" lon="120.3292348422110080718994140625">
        <ele>138.399993896484375</ele>
        <time>2016-06-22T11:56:56.000Z</time>
        <extensions>
          <ns3:TrackPointExtension>
            <ns3:hr>159</ns3:hr>
            <ns3:cad>96</ns3:cad>
          </ns3:TrackPointExtension>
        </extensions>
      </trkpt>
      <trkpt lat="29.14892256259918212890625" lon="120.3292422182857990264892578125">
        <ele>138.1999969482421875</ele>
        <time>2016-06-22T11:56:57.000Z</time>
        <extensions>
          <ns3:TrackPointExtension>
            <ns3:hr>159</ns3:hr>
            <ns3:cad>96</ns3:cad>
          </ns3:TrackPointExtension>
        </extensions>
      </trkpt>
      <trkpt lat="29.14897285401821136474609375" lon="120.32926023937761783599853515625">
        <ele>138</ele>
        <time>2016-06-22T11:56:58.000Z</time>
        <extensions>
          <ns3:TrackPointExtension>
            <ns3:hr>159</ns3:hr>
            <ns3:cad>97</ns3:cad>
          </ns3:TrackPointExtension>
        </extensions>
      </trkpt>
      <trkpt lat="29.14897285401821136474609375" lon="120.32926023937761783599853515625">
        <ele>138</ele>
        <time>2016-06-22T11:56:59.000Z</time>
        <extensions>
          <ns3:TrackPointExtension>
            <ns3:hr>159</ns3:hr>
            <ns3:cad>98</ns3:cad>
          </ns3:TrackPointExtension>
        </extensions>
      </trkpt>
      <trkpt lat="29.14899774827063083648681640625" lon="120.32926728017628192901611328125">
        <ele>137.8000030517578125</ele>
        <time>2016-06-22T11:57:00.000Z</time>
        <extensions>
          <ns3:TrackPointExtension>
            <ns3:hr>159</ns3:hr>
            <ns3:cad>98</ns3:cad>
          </ns3:TrackPointExtension>
        </extensions>
      </trkpt>
      <trkpt lat="29.149023480713367462158203125" lon="120.32927482388913631439208984375">
        <ele>138</ele>
        <time>2016-06-22T11:57:01.000Z</time>
        <extensions>
          <ns3:TrackPointExtension>
            <ns3:hr>159</ns3:hr>
            <ns3:cad>98</ns3:cad>
          </ns3:TrackPointExtension>
        </extensions>
      </trkpt>
      <trkpt lat="29.14904871024191379547119140625" lon="120.32928161323070526123046875">
        <ele>138.1999969482421875</ele>
        <time>2016-06-22T11:57:02.000Z</time>
        <extensions>
          <ns3:TrackPointExtension>
            <ns3:hr>159</ns3:hr>
            <ns3:cad>96</ns3:cad>
          </ns3:TrackPointExtension>
        </extensions>
      </trkpt>
      <trkpt lat="29.149074442684650421142578125" lon="120.3292844630777835845947265625">
        <ele>138.399993896484375</ele>
        <time>2016-06-22T11:57:03.000Z</time>
        <extensions>
          <ns3:TrackPointExtension>
            <ns3:hr>159</ns3:hr>
            <ns3:cad>96</ns3:cad>
          </ns3:TrackPointExtension>
        </extensions>
      </trkpt>
      <trkpt lat="29.1491299308836460113525390625" lon="120.32928857021033763885498046875">
        <ele>138.8000030517578125</ele>
        <time>2016-06-22T11:57:04.000Z</time>
        <extensions>
          <ns3:TrackPointExtension>
            <ns3:hr>158</ns3:hr>
            <ns3:cad>96</ns3:cad>
          </ns3:TrackPointExtension>
        </extensions>
      </trkpt>
      <trkpt lat="29.1491299308836460113525390625" lon="120.32928857021033763885498046875">
        <ele>138.8000030517578125</ele>
        <time>2016-06-22T11:57:05.000Z</time>
        <extensions>
          <ns3:TrackPointExtension>
            <ns3:hr>159</ns3:hr>
            <ns3:cad>97</ns3:cad>
          </ns3:TrackPointExtension>
        </extensions>
      </trkpt>
      <trkpt lat="29.14915616624057292938232421875" lon="120.32928672619163990020751953125">
        <ele>139</ele>
        <time>2016-06-22T11:57:06.000Z</time>
        <extensions>
          <ns3:TrackPointExtension>
            <ns3:hr>159</ns3:hr>
            <ns3:cad>97</ns3:cad>
          </ns3:TrackPointExtension>
        </extensions>
      </trkpt>
      <trkpt lat="29.14917938411235809326171875" lon="120.32928404398262500762939453125">
        <ele>139</ele>
        <time>2016-06-22T11:57:07.000Z</time>
        <extensions>
          <ns3:TrackPointExtension>
            <ns3:hr>158</ns3:hr>
            <ns3:cad>97</ns3:cad>
          </ns3:TrackPointExtension>
        </extensions>
      </trkpt>
      <trkpt lat="29.1492020152509212493896484375" lon="120.3292780928313732147216796875">
        <ele>139.1999969482421875</ele>
        <time>2016-06-22T11:57:08.000Z</time>
        <extensions>
          <ns3:TrackPointExtension>
            <ns3:hr>158</ns3:hr>
            <ns3:cad>98</ns3:cad>
          </ns3:TrackPointExtension>
        </extensions>
      </trkpt>
      <trkpt lat="29.1492244787514209747314453125" lon="120.32927013002336025238037109375">
        <ele>139.399993896484375</ele>
        <time>2016-06-22T11:57:09.000Z</time>
        <extensions>
          <ns3:TrackPointExtension>
            <ns3:hr>158</ns3:hr>
            <ns3:cad>98</ns3:cad>
          </ns3:TrackPointExtension>
        </extensions>
      </trkpt>
      <trkpt lat="29.14924467913806438446044921875" lon="120.3292613290250301361083984375">
        <ele>139.600006103515625</ele>
        <time>2016-06-22T11:57:10.000Z</time>
        <extensions>
          <ns3:TrackPointExtension>
            <ns3:hr>157</ns3:hr>
            <ns3:cad>98</ns3:cad>
          </ns3:TrackPointExtension>
        </extensions>
      </trkpt>
      <trkpt lat="29.149282984435558319091796875" lon="120.32923894934356212615966796875">
        <ele>140</ele>
        <time>2016-06-22T11:57:11.000Z</time>
        <extensions>
          <ns3:TrackPointExtension>
            <ns3:hr>156</ns3:hr>
            <ns3:cad>97</ns3:cad>
          </ns3:TrackPointExtension>
        </extensions>
      </trkpt>
      <trkpt lat="29.149282984435558319091796875" lon="120.32923894934356212615966796875">
        <ele>140</ele>
        <time>2016-06-22T11:57:12.000Z</time>
        <extensions>
          <ns3:TrackPointExtension>
            <ns3:hr>157</ns3:hr>
            <ns3:cad>97</ns3:cad>
          </ns3:TrackPointExtension>
        </extensions>
      </trkpt>
      <trkpt lat="29.1493020951747894287109375" lon="120.32922470010817050933837890625">
        <ele>140</ele>
        <time>2016-06-22T11:57:13.000Z</time>
        <extensions>
          <ns3:TrackPointExtension>
            <ns3:hr>156</ns3:hr>
            <ns3:cad>96</ns3:cad>
          </ns3:TrackPointExtension>
        </extensions>
      </trkpt>
      <trkpt lat="29.1493208706378936767578125" lon="120.32921145670115947723388671875">
        <ele>140.1999969482421875</ele>
        <time>2016-06-22T11:57:14.000Z</time>
        <extensions>
          <ns3:TrackPointExtension>
            <ns3:hr>156</ns3:hr>
            <ns3:cad>96</ns3:cad>
          </ns3:TrackPointExtension>
        </extensions>
      </trkpt>
      <trkpt lat="29.14934040047228336334228515625" lon="120.32919712364673614501953125">
        <ele>140.1999969482421875</ele>
        <time>2016-06-22T11:57:15.000Z</time>
        <extensions>
          <ns3:TrackPointExtension>
            <ns3:hr>156</ns3:hr>
            <ns3:cad>96</ns3:cad>
          </ns3:TrackPointExtension>
        </extensions>
      </trkpt>
      <trkpt lat="29.14936051703989505767822265625" lon="120.3291817009449005126953125">
        <ele>140.1999969482421875</ele>
        <time>2016-06-22T11:57:16.000Z</time>
        <extensions>
          <ns3:TrackPointExtension>
            <ns3:hr>156</ns3:hr>
            <ns3:cad>97</ns3:cad>
          </ns3:TrackPointExtension>
        </extensions>
      </trkpt>
      <trkpt lat="29.14937895722687244415283203125" lon="120.3291661106050014495849609375">
        <ele>140.399993896484375</ele>
        <time>2016-06-22T11:57:17.000Z</time>
        <extensions>
          <ns3:TrackPointExtension>
            <ns3:hr>156</ns3:hr>
            <ns3:cad>97</ns3:cad>
          </ns3:TrackPointExtension>
        </extensions>
      </trkpt>
      <trkpt lat="29.14939689449965953826904296875" lon="120.32914842478930950164794921875">
        <ele>140.600006103515625</ele>
        <time>2016-06-22T11:57:18.000Z</time>
        <extensions>
          <ns3:TrackPointExtension>
            <ns3:hr>156</ns3:hr>
            <ns3:cad>98</ns3:cad>
          </ns3:TrackPointExtension>
        </extensions>
      </trkpt>
      <trkpt lat="29.14941407740116119384765625" lon="120.32912814058363437652587890625">
        <ele>140.8000030517578125</ele>
        <time>2016-06-22T11:57:19.000Z</time>
        <extensions>
          <ns3:TrackPointExtension>
            <ns3:hr>156</ns3:hr>
            <ns3:cad>98</ns3:cad>
          </ns3:TrackPointExtension>
        </extensions>
      </trkpt>
      <trkpt lat="29.149429835379123687744140625" lon="120.32910701818764209747314453125">
        <ele>141</ele>
        <time>2016-06-22T11:57:20.000Z</time>
        <extensions>
          <ns3:TrackPointExtension>
            <ns3:hr>156</ns3:hr>
            <ns3:cad>96</ns3:cad>
          </ns3:TrackPointExtension>
        </extensions>
      </trkpt>
      <trkpt lat="29.1494447551667690277099609375" lon="120.3290829621255397796630859375">
        <ele>141.1999969482421875</ele>
        <time>2016-06-22T11:57:21.000Z</time>
        <extensions>
          <ns3:TrackPointExtension>
            <ns3:hr>156</ns3:hr>
            <ns3:cad>96</ns3:cad>
          </ns3:TrackPointExtension>
        </extensions>
      </trkpt>
      <trkpt lat="29.14945757947862148284912109375" lon="120.3290581516921520233154296875">
        <ele>141.1999969482421875</ele>
        <time>2016-06-22T11:57:22.000Z</time>
        <extensions>
          <ns3:TrackPointExtension>
            <ns3:hr>156</ns3:hr>
            <ns3:cad>96</ns3:cad>
          </ns3:TrackPointExtension>
        </extensions>
      </trkpt>
      <trkpt lat="29.1494683921337127685546875" lon="120.3290333412587642669677734375">
        <ele>141.399993896484375</ele>
        <time>2016-06-22T11:57:23.000Z</time>
        <extensions>
          <ns3:TrackPointExtension>
            <ns3:hr>157</ns3:hr>
            <ns3:cad>96</ns3:cad>
          </ns3:TrackPointExtension>
        </extensions>
      </trkpt>
      <trkpt lat="29.14947886951267719268798828125" lon="120.32900492660701274871826171875">
        <ele>141.600006103515625</ele>
        <time>2016-06-22T11:57:24.000Z</time>
        <extensions>
          <ns3:TrackPointExtension>
            <ns3:hr>156</ns3:hr>
            <ns3:cad>97</ns3:cad>
          </ns3:TrackPointExtension>
        </extensions>
      </trkpt>
      <trkpt lat="29.1494883410632610321044921875" lon="120.32897894270718097686767578125">
        <ele>141.8000030517578125</ele>
        <time>2016-06-22T11:57:25.000Z</time>
        <extensions>
          <ns3:TrackPointExtension>
            <ns3:hr>157</ns3:hr>
            <ns3:cad>98</ns3:cad>
          </ns3:TrackPointExtension>
        </extensions>
      </trkpt>
      <trkpt lat="29.14949781261384487152099609375" lon="120.328952036798000335693359375">
        <ele>142</ele>
        <time>2016-06-22T11:57:26.000Z</time>
        <extensions>
          <ns3:TrackPointExtension>
            <ns3:hr>156</ns3:hr>
            <ns3:cad>98</ns3:cad>
          </ns3:TrackPointExtension>
        </extensions>
      </trkpt>
      <trkpt lat="29.14951222948729991912841796875" lon="120.3289029188454151153564453125">
        <ele>142.1999969482421875</ele>
        <time>2016-06-22T11:57:27.000Z</time>
        <extensions>
          <ns3:TrackPointExtension>
            <ns3:hr>156</ns3:hr>
            <ns3:cad>98</ns3:cad>
          </ns3:TrackPointExtension>
        </extensions>
      </trkpt>
      <trkpt lat="29.14951222948729991912841796875" lon="120.3289029188454151153564453125">
        <ele>142.1999969482421875</ele>
        <time>2016-06-22T11:57:28.000Z</time>
        <extensions>
          <ns3:TrackPointExtension>
            <ns3:hr>156</ns3:hr>
            <ns3:cad>98</ns3:cad>
          </ns3:TrackPointExtension>
        </extensions>
      </trkpt>
      <trkpt lat="29.14951709099113941192626953125" lon="120.32887618057429790496826171875">
        <ele>142.399993896484375</ele>
        <time>2016-06-22T11:57:29.000Z</time>
        <extensions>
          <ns3:TrackPointExtension>
            <ns3:hr>156</ns3:hr>
            <ns3:cad>97</ns3:cad>
          </ns3:TrackPointExtension>
        </extensions>
      </trkpt>
      <trkpt lat="29.14952094666659832000732421875" lon="120.32884801737964153289794921875">
        <ele>142.600006103515625</ele>
        <time>2016-06-22T11:57:30.000Z</time>
        <extensions>
          <ns3:TrackPointExtension>
            <ns3:hr>156</ns3:hr>
            <ns3:cad>97</ns3:cad>
          </ns3:TrackPointExtension>
        </extensions>
      </trkpt>
      <trkpt lat="29.14952404797077178955078125" lon="120.32881935127079486846923828125">
        <ele>142.600006103515625</ele>
        <time>2016-06-22T11:57:31.000Z</time>
        <extensions>
          <ns3:TrackPointExtension>
            <ns3:hr>156</ns3:hr>
            <ns3:cad>97</ns3:cad>
          </ns3:TrackPointExtension>
        </extensions>
      </trkpt>
      <trkpt lat="29.149525724351406097412109375" lon="120.32879018224775791168212890625">
        <ele>142.8000030517578125</ele>
        <time>2016-06-22T11:57:32.000Z</time>
        <extensions>
          <ns3:TrackPointExtension>
            <ns3:hr>155</ns3:hr>
            <ns3:cad>95</ns3:cad>
          </ns3:TrackPointExtension>
        </extensions>
      </trkpt>
      <trkpt lat="29.1495262272655963897705078125" lon="120.32876419834792613983154296875">
        <ele>142.8000030517578125</ele>
        <time>2016-06-22T11:57:33.000Z</time>
        <extensions>
          <ns3:TrackPointExtension>
            <ns3:hr>155</ns3:hr>
            <ns3:cad>95</ns3:cad>
          </ns3:TrackPointExtension>
        </extensions>
      </trkpt>
      <trkpt lat="29.1495235450565814971923828125" lon="120.32873637042939662933349609375">
        <ele>143</ele>
        <time>2016-06-22T11:57:34.000Z</time>
        <extensions>
          <ns3:TrackPointExtension>
            <ns3:hr>155</ns3:hr>
            <ns3:cad>96</ns3:cad>
          </ns3:TrackPointExtension>
        </extensions>
      </trkpt>
      <trkpt lat="29.1495191864669322967529296875" lon="120.32870904542505741119384765625">
        <ele>143.1999969482421875</ele>
        <time>2016-06-22T11:57:35.000Z</time>
        <extensions>
          <ns3:TrackPointExtension>
            <ns3:hr>156</ns3:hr>
            <ns3:cad>96</ns3:cad>
          </ns3:TrackPointExtension>
        </extensions>
      </trkpt>
      <trkpt lat="29.14950300939381122589111328125" lon="120.3286564908921718597412109375">
        <ele>143.600006103515625</ele>
        <time>2016-06-22T11:57:36.000Z</time>
        <extensions>
          <ns3:TrackPointExtension>
            <ns3:hr>156</ns3:hr>
            <ns3:cad>96</ns3:cad>
          </ns3:TrackPointExtension>
        </extensions>
      </trkpt>
      <trkpt lat="29.14950300939381122589111328125" lon="120.3286564908921718597412109375">
        <ele>143.600006103515625</ele>
        <time>2016-06-22T11:57:37.000Z</time>
        <extensions>
          <ns3:TrackPointExtension>
            <ns3:hr>156</ns3:hr>
            <ns3:cad>96</ns3:cad>
          </ns3:TrackPointExtension>
        </extensions>
      </trkpt>
      <trkpt lat="29.14949211291968822479248046875" lon="120.32863025553524494171142578125">
        <ele>143.8000030517578125</ele>
        <time>2016-06-22T11:57:38.000Z</time>
        <extensions>
          <ns3:TrackPointExtension>
            <ns3:hr>155</ns3:hr>
            <ns3:cad>96</ns3:cad>
          </ns3:TrackPointExtension>
        </extensions>
      </trkpt>
      <trkpt lat="29.1494802944362163543701171875" lon="120.3286031819880008697509765625">
        <ele>143.8000030517578125</ele>
        <time>2016-06-22T11:57:39.000Z</time>
        <extensions>
          <ns3:TrackPointExtension>
            <ns3:hr>155</ns3:hr>
            <ns3:cad>96</ns3:cad>
          </ns3:TrackPointExtension>
        </extensions>
      </trkpt>
      <trkpt lat="29.14945288561284542083740234375" lon="120.32854962162673473358154296875">
        <ele>144</ele>
        <time>2016-06-22T11:57:40.000Z</time>
        <extensions>
          <ns3:TrackPointExtension>
            <ns3:hr>155</ns3:hr>
            <ns3:cad>97</ns3:cad>
          </ns3:TrackPointExtension>
        </extensions>
      </trkpt>
      <trkpt lat="29.14945288561284542083740234375" lon="120.32854962162673473358154296875">
        <ele>144</ele>
        <time>2016-06-22T11:57:41.000Z</time>
        <extensions>
          <ns3:TrackPointExtension>
            <ns3:hr>155</ns3:hr>
            <ns3:cad>97</ns3:cad>
          </ns3:TrackPointExtension>
        </extensions>
      </trkpt>
      <trkpt lat="29.14943821728229522705078125" lon="120.3285243920981884002685546875">
        <ele>144</ele>
        <time>2016-06-22T11:57:42.000Z</time>
        <extensions>
          <ns3:TrackPointExtension>
            <ns3:hr>156</ns3:hr>
            <ns3:cad>97</ns3:cad>
          </ns3:TrackPointExtension>
        </extensions>
      </trkpt>
      <trkpt lat="29.14942120201885700225830078125" lon="120.32850243151187896728515625">
        <ele>144</ele>
        <time>2016-06-22T11:57:43.000Z</time>
        <extensions>
          <ns3:TrackPointExtension>
            <ns3:hr>156</ns3:hr>
            <ns3:cad>97</ns3:cad>
          </ns3:TrackPointExtension>
        </extensions>
      </trkpt>
      <trkpt lat="29.14940326474606990814208984375" lon="120.3284824825823307037353515625">
        <ele>144</ele>
        <time>2016-06-22T11:57:44.000Z</time>
        <extensions>
          <ns3:TrackPointExtension>
            <ns3:hr>157</ns3:hr>
            <ns3:cad>98</ns3:cad>
          </ns3:TrackPointExtension>
        </extensions>
      </trkpt>
      <trkpt lat="29.149384237825870513916015625" lon="120.3284620307385921478271484375">
        <ele>144</ele>
        <time>2016-06-22T11:57:45.000Z</time>
        <extensions>
          <ns3:TrackPointExtension>
            <ns3:hr>157</ns3:hr>
            <ns3:cad>98</ns3:cad>
          </ns3:TrackPointExtension>
        </extensions>
      </trkpt>
      <trkpt lat="29.14936504326760768890380859375" lon="120.3284432552754878997802734375">
        <ele>143.8000030517578125</ele>
        <time>2016-06-22T11:57:46.000Z</time>
        <extensions>
          <ns3:TrackPointExtension>
            <ns3:hr>157</ns3:hr>
            <ns3:cad>98</ns3:cad>
          </ns3:TrackPointExtension>
        </extensions>
      </trkpt>
      <trkpt lat="29.14934433996677398681640625" lon="120.3284248150885105133056640625">
        <ele>143.8000030517578125</ele>
        <time>2016-06-22T11:57:47.000Z</time>
        <extensions>
          <ns3:TrackPointExtension>
            <ns3:hr>157</ns3:hr>
            <ns3:cad>96</ns3:cad>
          </ns3:TrackPointExtension>
        </extensions>
      </trkpt>
      <trkpt lat="29.14932154119014739990234375" lon="120.32840914092957973480224609375">
        <ele>143.600006103515625</ele>
        <time>2016-06-22T11:57:48.000Z</time>
        <extensions>
          <ns3:TrackPointExtension>
            <ns3:hr>157</ns3:hr>
            <ns3:cad>96</ns3:cad>
          </ns3:TrackPointExtension>
        </extensions>
      </trkpt>
      <trkpt lat="29.1492965631186962127685546875" lon="120.32839782536029815673828125">
        <ele>143.399993896484375</ele>
        <time>2016-06-22T11:57:49.000Z</time>
        <extensions>
          <ns3:TrackPointExtension>
            <ns3:hr>157</ns3:hr>
            <ns3:cad>96</ns3:cad>
          </ns3:TrackPointExtension>
        </extensions>
      </trkpt>
      <trkpt lat="29.14927200414240360260009765625" lon="120.32838583923876285552978515625">
        <ele>143.1999969482421875</ele>
        <time>2016-06-22T11:57:50.000Z</time>
        <extensions>
          <ns3:TrackPointExtension>
            <ns3:hr>157</ns3:hr>
            <ns3:cad>96</ns3:cad>
          </ns3:TrackPointExtension>
        </extensions>
      </trkpt>
      <trkpt lat="29.14924912154674530029296875" lon="120.32837678678333759307861328125">
        <ele>143.1999969482421875</ele>
        <time>2016-06-22T11:57:51.000Z</time>
        <extensions>
          <ns3:TrackPointExtension>
            <ns3:hr>157</ns3:hr>
            <ns3:cad>98</ns3:cad>
          </ns3:TrackPointExtension>
        </extensions>
      </trkpt>
      <trkpt lat="29.14922724477946758270263671875" lon="120.32836823724210262298583984375">
        <ele>143</ele>
        <time>2016-06-22T11:57:52.000Z</time>
        <extensions>
          <ns3:TrackPointExtension>
            <ns3:hr>157</ns3:hr>
            <ns3:cad>98</ns3:cad>
          </ns3:TrackPointExtension>
        </extensions>
      </trkpt>
      <trkpt lat="29.149204194545745849609375" lon="120.3283594362437725067138671875">
        <ele>143</ele>
        <time>2016-06-22T11:57:53.000Z</time>
        <extensions>
          <ns3:TrackPointExtension>
            <ns3:hr>157</ns3:hr>
            <ns3:cad>98</ns3:cad>
          </ns3:TrackPointExtension>
        </extensions>
      </trkpt>
      <trkpt lat="29.1491825692355632781982421875" lon="120.32835164107382297515869140625">
        <ele>143</ele>
        <time>2016-06-22T11:57:54.000Z</time>
        <extensions>
          <ns3:TrackPointExtension>
            <ns3:hr>157</ns3:hr>
            <ns3:cad>97</ns3:cad>
          </ns3:TrackPointExtension>
        </extensions>
      </trkpt>
      <trkpt lat="29.14915926754474639892578125" lon="120.32834292389452457427978515625">
        <ele>142.8000030517578125</ele>
        <time>2016-06-22T11:57:55.000Z</time>
        <extensions>
          <ns3:TrackPointExtension>
            <ns3:hr>157</ns3:hr>
            <ns3:cad>97</ns3:cad>
          </ns3:TrackPointExtension>
        </extensions>
      </trkpt>
      <trkpt lat="29.14913504384458065032958984375" lon="120.32833613455295562744140625">
        <ele>142.8000030517578125</ele>
        <time>2016-06-22T11:57:56.000Z</time>
        <extensions>
          <ns3:TrackPointExtension>
            <ns3:hr>157</ns3:hr>
            <ns3:cad>97</ns3:cad>
          </ns3:TrackPointExtension>
        </extensions>
      </trkpt>
      <trkpt lat="29.1491108201444149017333984375" lon="120.32832733355462551116943359375">
        <ele>142.8000030517578125</ele>
        <time>2016-06-22T11:57:57.000Z</time>
        <extensions>
          <ns3:TrackPointExtension>
            <ns3:hr>157</ns3:hr>
            <ns3:cad>97</ns3:cad>
          </ns3:TrackPointExtension>
        </extensions>
      </trkpt>
      <trkpt lat="29.14908441714942455291748046875" lon="120.32831811346113681793212890625">
        <ele>142.600006103515625</ele>
        <time>2016-06-22T11:57:58.000Z</time>
        <extensions>
          <ns3:TrackPointExtension>
            <ns3:hr>158</ns3:hr>
            <ns3:cad>96</ns3:cad>
          </ns3:TrackPointExtension>
        </extensions>
      </trkpt>
      <trkpt lat="29.14905860088765621185302734375" lon="120.328311659395694732666015625">
        <ele>142.399993896484375</ele>
        <time>2016-06-22T11:57:59.000Z</time>
        <extensions>
          <ns3:TrackPointExtension>
            <ns3:hr>158</ns3:hr>
            <ns3:cad>96</ns3:cad>
          </ns3:TrackPointExtension>
        </extensions>
      </trkpt>
      <trkpt lat="29.14903496392071247100830078125" lon="120.32830269075930118560791015625">
        <ele>142.1999969482421875</ele>
        <time>2016-06-22T11:58:00.000Z</time>
        <extensions>
          <ns3:TrackPointExtension>
            <ns3:hr>158</ns3:hr>
            <ns3:cad>96</ns3:cad>
          </ns3:TrackPointExtension>
        </extensions>
      </trkpt>
      <trkpt lat="29.14901149459183216094970703125" lon="120.32829347066581249237060546875">
        <ele>142.1999969482421875</ele>
        <time>2016-06-22T11:58:01.000Z</time>
        <extensions>
          <ns3:TrackPointExtension>
            <ns3:hr>158</ns3:hr>
            <ns3:cad>96</ns3:cad>
          </ns3:TrackPointExtension>
        </extensions>
      </trkpt>
      <trkpt lat="29.1489639692008495330810546875" lon="120.32827637158334255218505859375">
        <ele>142.1999969482421875</ele>
        <time>2016-06-22T11:58:02.000Z</time>
        <extensions>
          <ns3:TrackPointExtension>
            <ns3:hr>158</ns3:hr>
            <ns3:cad>98</ns3:cad>
          </ns3:TrackPointExtension>
        </extensions>
      </trkpt>
      <trkpt lat="29.1489639692008495330810546875" lon="120.32827637158334255218505859375">
        <ele>142.1999969482421875</ele>
        <time>2016-06-22T11:58:03.000Z</time>
        <extensions>
          <ns3:TrackPointExtension>
            <ns3:hr>158</ns3:hr>
            <ns3:cad>98</ns3:cad>
          </ns3:TrackPointExtension>
        </extensions>
      </trkpt>
      <trkpt lat="29.14894209243357181549072265625" lon="120.3282702527940273284912109375">
        <ele>142.1999969482421875</ele>
        <time>2016-06-22T11:58:04.000Z</time>
        <extensions>
          <ns3:TrackPointExtension>
            <ns3:hr>158</ns3:hr>
            <ns3:cad>98</ns3:cad>
          </ns3:TrackPointExtension>
        </extensions>
      </trkpt>
      <trkpt lat="29.1489200480282306671142578125" lon="120.3282618708908557891845703125">
        <ele>142.1999969482421875</ele>
        <time>2016-06-22T11:58:05.000Z</time>
        <extensions>
          <ns3:TrackPointExtension>
            <ns3:hr>159</ns3:hr>
            <ns3:cad>97</ns3:cad>
          </ns3:TrackPointExtension>
        </extensions>
      </trkpt>
      <trkpt lat="29.14889582432806491851806640625" lon="120.3282482922077178955078125">
        <ele>142.399993896484375</ele>
        <time>2016-06-22T11:58:06.000Z</time>
        <extensions>
          <ns3:TrackPointExtension>
            <ns3:hr>158</ns3:hr>
            <ns3:cad>96</ns3:cad>
          </ns3:TrackPointExtension>
        </extensions>
      </trkpt>
      <trkpt lat="29.14887503720819950103759765625" lon="120.3282417543232440948486328125">
        <ele>142.399993896484375</ele>
        <time>2016-06-22T11:58:07.000Z</time>
        <extensions>
          <ns3:TrackPointExtension>
            <ns3:hr>157</ns3:hr>
            <ns3:cad>96</ns3:cad>
          </ns3:TrackPointExtension>
        </extensions>
      </trkpt>
      <trkpt lat="29.14885240606963634490966796875" lon="120.3282293491065502166748046875">
        <ele>142.399993896484375</ele>
        <time>2016-06-22T11:58:08.000Z</time>
        <extensions>
          <ns3:TrackPointExtension>
            <ns3:hr>158</ns3:hr>
            <ns3:cad>96</ns3:cad>
          </ns3:TrackPointExtension>
        </extensions>
      </trkpt>
      <trkpt lat="29.148828350007534027099609375" lon="120.32822272740304470062255859375">
        <ele>142.399993896484375</ele>
        <time>2016-06-22T11:58:09.000Z</time>
        <extensions>
          <ns3:TrackPointExtension>
            <ns3:hr>158</ns3:hr>
            <ns3:cad>96</ns3:cad>
          </ns3:TrackPointExtension>
        </extensions>
      </trkpt>
      <trkpt lat="29.148804880678653717041015625" lon="120.3282135911285877227783203125">
        <ele>142.399993896484375</ele>
        <time>2016-06-22T11:58:10.000Z</time>
        <extensions>
          <ns3:TrackPointExtension>
            <ns3:hr>158</ns3:hr>
            <ns3:cad>97</ns3:cad>
          </ns3:TrackPointExtension>
        </extensions>
      </trkpt>
      <trkpt lat="29.148779399693012237548828125" lon="120.328205041587352752685546875">
        <ele>142.1999969482421875</ele>
        <time>2016-06-22T11:58:11.000Z</time>
        <extensions>
          <ns3:TrackPointExtension>
            <ns3:hr>158</ns3:hr>
            <ns3:cad>97</ns3:cad>
          </ns3:TrackPointExtension>
        </extensions>
      </trkpt>
      <trkpt lat="29.14875517599284648895263671875" lon="120.32819825224578380584716796875">
        <ele>142.1999969482421875</ele>
        <time>2016-06-22T11:58:12.000Z</time>
        <extensions>
          <ns3:TrackPointExtension>
            <ns3:hr>158</ns3:hr>
            <ns3:cad>97</ns3:cad>
          </ns3:TrackPointExtension>
        </extensions>
      </trkpt>
      <trkpt lat="29.148733802139759063720703125" lon="120.32818886451423168182373046875">
        <ele>142.1999969482421875</ele>
        <time>2016-06-22T11:58:13.000Z</time>
        <extensions>
          <ns3:TrackPointExtension>
            <ns3:hr>157</ns3:hr>
            <ns3:cad>97</ns3:cad>
          </ns3:TrackPointExtension>
        </extensions>
      </trkpt>
      <trkpt lat="29.14871041662991046905517578125" lon="120.3281812369823455810546875">
        <ele>142.1999969482421875</ele>
        <time>2016-06-22T11:58:14.000Z</time>
        <extensions>
          <ns3:TrackPointExtension>
            <ns3:hr>158</ns3:hr>
            <ns3:cad>97</ns3:cad>
          </ns3:TrackPointExtension>
        </extensions>
      </trkpt>
      <trkpt lat="29.14866180159151554107666015625" lon="120.32816455699503421783447265625">
        <ele>142.1999969482421875</ele>
        <time>2016-06-22T11:58:15.000Z</time>
        <extensions>
          <ns3:TrackPointExtension>
            <ns3:hr>159</ns3:hr>
            <ns3:cad>98</ns3:cad>
          </ns3:TrackPointExtension>
        </extensions>
      </trkpt>
      <trkpt lat="29.14866180159151554107666015625" lon="120.32816455699503421783447265625">
        <ele>142.1999969482421875</ele>
        <time>2016-06-22T11:58:16.000Z</time>
        <extensions>
          <ns3:TrackPointExtension>
            <ns3:hr>159</ns3:hr>
            <ns3:cad>98</ns3:cad>
          </ns3:TrackPointExtension>
        </extensions>
      </trkpt>
      <trkpt lat="29.14863816462457180023193359375" lon="120.32815718092024326324462890625">
        <ele>142.1999969482421875</ele>
        <time>2016-06-22T11:58:17.000Z</time>
        <extensions>
          <ns3:TrackPointExtension>
            <ns3:hr>160</ns3:hr>
            <ns3:cad>96</ns3:cad>
          </ns3:TrackPointExtension>
        </extensions>
      </trkpt>
      <trkpt lat="29.1486176289618015289306640625" lon="120.32814661972224712371826171875">
        <ele>142.1999969482421875</ele>
        <time>2016-06-22T11:58:18.000Z</time>
        <extensions>
          <ns3:TrackPointExtension>
            <ns3:hr>160</ns3:hr>
            <ns3:cad>96</ns3:cad>
          </ns3:TrackPointExtension>
        </extensions>
      </trkpt>
      <trkpt lat="29.148591645061969757080078125" lon="120.328137315809726715087890625">
        <ele>142.399993896484375</ele>
        <time>2016-06-22T11:58:19.000Z</time>
        <extensions>
          <ns3:TrackPointExtension>
            <ns3:hr>160</ns3:hr>
            <ns3:cad>96</ns3:cad>
          </ns3:TrackPointExtension>
        </extensions>
      </trkpt>
      <trkpt lat="29.14854177273809909820556640625" lon="120.3281163610517978668212890625">
        <ele>142.399993896484375</ele>
        <time>2016-06-22T11:58:20.000Z</time>
        <extensions>
          <ns3:TrackPointExtension>
            <ns3:hr>160</ns3:hr>
            <ns3:cad>97</ns3:cad>
          </ns3:TrackPointExtension>
        </extensions>
      </trkpt>
      <trkpt lat="29.14854177273809909820556640625" lon="120.3281163610517978668212890625">
        <ele>142.399993896484375</ele>
        <time>2016-06-22T11:58:21.000Z</time>
        <extensions>
          <ns3:TrackPointExtension>
            <ns3:hr>160</ns3:hr>
            <ns3:cad>98</ns3:cad>
          </ns3:TrackPointExtension>
        </extensions>
      </trkpt>
      <trkpt lat="29.14852098561823368072509765625" lon="120.32810253091156482696533203125">
        <ele>142.399993896484375</ele>
        <time>2016-06-22T11:58:22.000Z</time>
        <extensions>
          <ns3:TrackPointExtension>
            <ns3:hr>160</ns3:hr>
            <ns3:cad>98</ns3:cad>
          </ns3:TrackPointExtension>
        </extensions>
      </trkpt>
      <trkpt lat="29.14849852211773395538330078125" lon="120.32809331081807613372802734375">
        <ele>142.399993896484375</ele>
        <time>2016-06-22T11:58:23.000Z</time>
        <extensions>
          <ns3:TrackPointExtension>
            <ns3:hr>160</ns3:hr>
            <ns3:cad>98</ns3:cad>
          </ns3:TrackPointExtension>
        </extensions>
      </trkpt>
      <trkpt lat="29.1484727896749973297119140625" lon="120.32808945514261722564697265625">
        <ele>142.600006103515625</ele>
        <time>2016-06-22T11:58:24.000Z</time>
        <extensions>
          <ns3:TrackPointExtension>
            <ns3:hr>160</ns3:hr>
            <ns3:cad>96</ns3:cad>
          </ns3:TrackPointExtension>
        </extensions>
      </trkpt>
      <trkpt lat="29.148447811603546142578125" lon="120.328086353838443756103515625">
        <ele>142.600006103515625</ele>
        <time>2016-06-22T11:58:25.000Z</time>
        <extensions>
          <ns3:TrackPointExtension>
            <ns3:hr>160</ns3:hr>
            <ns3:cad>96</ns3:cad>
          </ns3:TrackPointExtension>
        </extensions>
      </trkpt>
      <trkpt lat="29.1484223306179046630859375" lon="120.32808476127684116363525390625">
        <ele>142.600006103515625</ele>
        <time>2016-06-22T11:58:26.000Z</time>
        <extensions>
          <ns3:TrackPointExtension>
            <ns3:hr>160</ns3:hr>
            <ns3:cad>96</ns3:cad>
          </ns3:TrackPointExtension>
        </extensions>
      </trkpt>
      <trkpt lat="29.14839525707066059112548828125" lon="120.3280855156481266021728515625">
        <ele>142.600006103515625</ele>
        <time>2016-06-22T11:58:27.000Z</time>
        <extensions>
          <ns3:TrackPointExtension>
            <ns3:hr>160</ns3:hr>
            <ns3:cad>96</ns3:cad>
          </ns3:TrackPointExtension>
        </extensions>
      </trkpt>
      <trkpt lat="29.14836935698986053466796875" lon="120.3280900418758392333984375">
        <ele>142.399993896484375</ele>
        <time>2016-06-22T11:58:28.000Z</time>
        <extensions>
          <ns3:TrackPointExtension>
            <ns3:hr>159</ns3:hr>
            <ns3:cad>97</ns3:cad>
          </ns3:TrackPointExtension>
        </extensions>
      </trkpt>
      <trkpt lat="29.14834513328969478607177734375" lon="120.32809146679937839508056640625">
        <ele>142.399993896484375</ele>
        <time>2016-06-22T11:58:29.000Z</time>
        <extensions>
          <ns3:TrackPointExtension>
            <ns3:hr>159</ns3:hr>
            <ns3:cad>97</ns3:cad>
          </ns3:TrackPointExtension>
        </extensions>
      </trkpt>
      <trkpt lat="29.1483219154179096221923828125" lon="120.3280979208648204803466796875">
        <ele>142.399993896484375</ele>
        <time>2016-06-22T11:58:30.000Z</time>
        <extensions>
          <ns3:TrackPointExtension>
            <ns3:hr>159</ns3:hr>
            <ns3:cad>97</ns3:cad>
          </ns3:TrackPointExtension>
        </extensions>
      </trkpt>
      <trkpt lat="29.148296602070331573486328125" lon="120.32810747623443603515625">
        <ele>142.600006103515625</ele>
        <time>2016-06-22T11:58:31.000Z</time>
        <extensions>
          <ns3:TrackPointExtension>
            <ns3:hr>159</ns3:hr>
            <ns3:cad>97</ns3:cad>
          </ns3:TrackPointExtension>
        </extensions>
      </trkpt>
      <trkpt lat="29.148271121084690093994140625" lon="120.32811745069921016693115234375">
        <ele>142.600006103515625</ele>
        <time>2016-06-22T11:58:32.000Z</time>
        <extensions>
          <ns3:TrackPointExtension>
            <ns3:hr>159</ns3:hr>
            <ns3:cad>97</ns3:cad>
          </ns3:TrackPointExtension>
        </extensions>
      </trkpt>
      <trkpt lat="29.14824723266065120697021484375" lon="120.32812784425914287567138671875">
        <ele>142.8000030517578125</ele>
        <time>2016-06-22T11:58:33.000Z</time>
        <extensions>
          <ns3:TrackPointExtension>
            <ns3:hr>159</ns3:hr>
            <ns3:cad>96</ns3:cad>
          </ns3:TrackPointExtension>
        </extensions>
      </trkpt>
      <trkpt lat="29.1482230089604854583740234375" lon="120.3281381540000438690185546875">
        <ele>142.8000030517578125</ele>
        <time>2016-06-22T11:58:34.000Z</time>
        <extensions>
          <ns3:TrackPointExtension>
            <ns3:hr>159</ns3:hr>
            <ns3:cad>96</ns3:cad>
          </ns3:TrackPointExtension>
        </extensions>
      </trkpt>
      <trkpt lat="29.14819912053644657135009765625" lon="120.328151397407054901123046875">
        <ele>142.8000030517578125</ele>
        <time>2016-06-22T11:58:35.000Z</time>
        <extensions>
          <ns3:TrackPointExtension>
            <ns3:hr>159</ns3:hr>
            <ns3:cad>97</ns3:cad>
          </ns3:TrackPointExtension>
        </extensions>
      </trkpt>
      <trkpt lat="29.1481757350265979766845703125" lon="120.32816740684211254119873046875">
        <ele>143</ele>
        <time>2016-06-22T11:58:36.000Z</time>
        <extensions>
          <ns3:TrackPointExtension>
            <ns3:hr>159</ns3:hr>
            <ns3:cad>97</ns3:cad>
          </ns3:TrackPointExtension>
        </extensions>
      </trkpt>
      <trkpt lat="29.14815285243093967437744140625" lon="120.3281840868294239044189453125">
        <ele>143</ele>
        <time>2016-06-22T11:58:37.000Z</time>
        <extensions>
          <ns3:TrackPointExtension>
            <ns3:hr>158</ns3:hr>
            <ns3:cad>97</ns3:cad>
          </ns3:TrackPointExtension>
        </extensions>
      </trkpt>
      <trkpt lat="29.14813256822526454925537109375" lon="120.32820160500705242156982421875">
        <ele>143</ele>
        <time>2016-06-22T11:58:38.000Z</time>
        <extensions>
          <ns3:TrackPointExtension>
            <ns3:hr>159</ns3:hr>
            <ns3:cad>97</ns3:cad>
          </ns3:TrackPointExtension>
        </extensions>
      </trkpt>
      <trkpt lat="29.1481125354766845703125" lon="120.3282213024795055389404296875">
        <ele>143.1999969482421875</ele>
        <time>2016-06-22T11:58:39.000Z</time>
        <extensions>
          <ns3:TrackPointExtension>
            <ns3:hr>159</ns3:hr>
            <ns3:cad>97</ns3:cad>
          </ns3:TrackPointExtension>
        </extensions>
      </trkpt>
      <trkpt lat="29.14807624183595180511474609375" lon="120.32826731912791728973388671875">
        <ele>143.399993896484375</ele>
        <time>2016-06-22T11:58:40.000Z</time>
        <extensions>
          <ns3:TrackPointExtension>
            <ns3:hr>160</ns3:hr>
            <ns3:cad>96</ns3:cad>
          </ns3:TrackPointExtension>
        </extensions>
      </trkpt>
      <trkpt lat="29.14807624183595180511474609375" lon="120.32826731912791728973388671875">
        <ele>143.399993896484375</ele>
        <time>2016-06-22T11:58:41.000Z</time>
        <extensions>
          <ns3:TrackPointExtension>
            <ns3:hr>160</ns3:hr>
            <ns3:cad>96</ns3:cad>
          </ns3:TrackPointExtension>
        </extensions>
      </trkpt>
      <trkpt lat="29.14805729873478412628173828125" lon="120.3282912075519561767578125">
        <ele>143.399993896484375</ele>
        <time>2016-06-22T11:58:42.000Z</time>
        <extensions>
          <ns3:TrackPointExtension>
            <ns3:hr>162</ns3:hr>
            <ns3:cad>96</ns3:cad>
          </ns3:TrackPointExtension>
        </extensions>
      </trkpt>
      <trkpt lat="29.14804170839488506317138671875" lon="120.3283153474330902099609375">
        <ele>143.399993896484375</ele>
        <time>2016-06-22T11:58:43.000Z</time>
        <extensions>
          <ns3:TrackPointExtension>
            <ns3:hr>161</ns3:hr>
            <ns3:cad>96</ns3:cad>
          </ns3:TrackPointExtension>
        </extensions>
      </trkpt>
      <trkpt lat="29.14802628569304943084716796875" lon="120.32834158279001712799072265625">
        <ele>143.600006103515625</ele>
        <time>2016-06-22T11:58:44.000Z</time>
        <extensions>
          <ns3:TrackPointExtension>
            <ns3:hr>161</ns3:hr>
            <ns3:cad>97</ns3:cad>
          </ns3:TrackPointExtension>
        </extensions>
      </trkpt>
      <trkpt lat="29.14801153354346752166748046875" lon="120.32836823724210262298583984375">
        <ele>143.600006103515625</ele>
        <time>2016-06-22T11:58:45.000Z</time>
        <extensions>
          <ns3:TrackPointExtension>
            <ns3:hr>161</ns3:hr>
            <ns3:cad>97</ns3:cad>
          </ns3:TrackPointExtension>
        </extensions>
      </trkpt>
      <trkpt lat="29.1479903273284435272216796875" lon="120.32842439599335193634033203125">
        <ele>143.600006103515625</ele>
        <time>2016-06-22T11:58:46.000Z</time>
        <extensions>
          <ns3:TrackPointExtension>
            <ns3:hr>161</ns3:hr>
            <ns3:cad>97</ns3:cad>
          </ns3:TrackPointExtension>
        </extensions>
      </trkpt>
      <trkpt lat="29.14798571728169918060302734375" lon="120.3284543193876743316650390625">
        <ele>143.600006103515625</ele>
        <time>2016-06-22T11:58:47.000Z</time>
        <extensions>
          <ns3:TrackPointExtension>
            <ns3:hr>161</ns3:hr>
            <ns3:cad>97</ns3:cad>
          </ns3:TrackPointExtension>
        </extensions>
      </trkpt>
      <trkpt lat="29.14798571728169918060302734375" lon="120.3284543193876743316650390625">
        <ele>143.600006103515625</ele>
        <time>2016-06-22T11:58:48.000Z</time>
        <extensions>
          <ns3:TrackPointExtension>
            <ns3:hr>161</ns3:hr>
            <ns3:cad>97</ns3:cad>
          </ns3:TrackPointExtension>
        </extensions>
      </trkpt>
      <trkpt lat="29.14798269979655742645263671875" lon="120.32848273403942584991455078125">
        <ele>143.600006103515625</ele>
        <time>2016-06-22T11:58:49.000Z</time>
        <extensions>
          <ns3:TrackPointExtension>
            <ns3:hr>162</ns3:hr>
            <ns3:cad>97</ns3:cad>
          </ns3:TrackPointExtension>
        </extensions>
      </trkpt>
      <trkpt lat="29.1479795984923839569091796875" lon="120.32854266464710235595703125">
        <ele>144</ele>
        <time>2016-06-22T11:58:50.000Z</time>
        <extensions>
          <ns3:TrackPointExtension>
            <ns3:hr>162</ns3:hr>
            <ns3:cad>96</ns3:cad>
          </ns3:TrackPointExtension>
        </extensions>
      </trkpt>
      <trkpt lat="29.1479795984923839569091796875" lon="120.32854266464710235595703125">
        <ele>144</ele>
        <time>2016-06-22T11:58:51.000Z</time>
        <extensions>
          <ns3:TrackPointExtension>
            <ns3:hr>162</ns3:hr>
            <ns3:cad>96</ns3:cad>
          </ns3:TrackPointExtension>
        </extensions>
      </trkpt>
      <trkpt lat="29.1479765810072422027587890625" lon="120.3285699896514415740966796875">
        <ele>144.1999969482421875</ele>
        <time>2016-06-22T11:58:52.000Z</time>
        <extensions>
          <ns3:TrackPointExtension>
            <ns3:hr>162</ns3:hr>
            <ns3:cad>96</ns3:cad>
          </ns3:TrackPointExtension>
        </extensions>
      </trkpt>
      <trkpt lat="29.1479785926640033721923828125" lon="120.32859857194125652313232421875">
        <ele>144.399993896484375</ele>
        <time>2016-06-22T11:58:53.000Z</time>
        <extensions>
          <ns3:TrackPointExtension>
            <ns3:hr>163</ns3:hr>
            <ns3:cad>96</ns3:cad>
          </ns3:TrackPointExtension>
        </extensions>
      </trkpt>
      <trkpt lat="29.14798437617719173431396484375" lon="120.3286273218691349029541015625">
        <ele>144.399993896484375</ele>
        <time>2016-06-22T11:58:54.000Z</time>
        <extensions>
          <ns3:TrackPointExtension>
            <ns3:hr>163</ns3:hr>
            <ns3:cad>96</ns3:cad>
          </ns3:TrackPointExtension>
        </extensions>
      </trkpt>
      <trkpt lat="29.147990830242633819580078125" lon="120.32865724526345729827880859375">
        <ele>144.600006103515625</ele>
        <time>2016-06-22T11:58:55.000Z</time>
        <extensions>
          <ns3:TrackPointExtension>
            <ns3:hr>163</ns3:hr>
            <ns3:cad>96</ns3:cad>
          </ns3:TrackPointExtension>
        </extensions>
      </trkpt>
      <trkpt lat="29.14799862541258335113525390625" lon="120.328684151172637939453125">
        <ele>144.600006103515625</ele>
        <time>2016-06-22T11:58:56.000Z</time>
        <extensions>
          <ns3:TrackPointExtension>
            <ns3:hr>163</ns3:hr>
            <ns3:cad>96</ns3:cad>
          </ns3:TrackPointExtension>
        </extensions>
      </trkpt>
      <trkpt lat="29.148005582392215728759765625" lon="120.3287111409008502960205078125">
        <ele>144.8000030517578125</ele>
        <time>2016-06-22T11:58:57.000Z</time>
        <extensions>
          <ns3:TrackPointExtension>
            <ns3:hr>162</ns3:hr>
            <ns3:cad>98</ns3:cad>
          </ns3:TrackPointExtension>
        </extensions>
      </trkpt>
      <trkpt lat="29.1480146348476409912109375" lon="120.3287379629909992218017578125">
        <ele>144.8000030517578125</ele>
        <time>2016-06-22T11:58:58.000Z</time>
        <extensions>
          <ns3:TrackPointExtension>
            <ns3:hr>162</ns3:hr>
            <ns3:cad>98</ns3:cad>
          </ns3:TrackPointExtension>
        </extensions>
      </trkpt>
      <trkpt lat="29.14803684689104557037353515625" lon="120.32878800295293331146240234375">
        <ele>145</ele>
        <time>2016-06-22T11:58:59.000Z</time>
        <extensions>
          <ns3:TrackPointExtension>
            <ns3:hr>160</ns3:hr>
            <ns3:cad>97</ns3:cad>
          </ns3:TrackPointExtension>
        </extensions>
      </trkpt>
      <trkpt lat="29.14803684689104557037353515625" lon="120.32878800295293331146240234375">
        <ele>145</ele>
        <time>2016-06-22T11:59:00.000Z</time>
        <extensions>
          <ns3:TrackPointExtension>
            <ns3:hr>160</ns3:hr>
            <ns3:cad>97</ns3:cad>
          </ns3:TrackPointExtension>
        </extensions>
      </trkpt>
      <trkpt lat="29.14805151522159576416015625" lon="120.3288142383098602294921875">
        <ele>145</ele>
        <time>2016-06-22T11:59:01.000Z</time>
        <extensions>
          <ns3:TrackPointExtension>
            <ns3:hr>160</ns3:hr>
            <ns3:cad>96</ns3:cad>
          </ns3:TrackPointExtension>
        </extensions>
      </trkpt>
      <trkpt lat="29.1480655968189239501953125" lon="120.3288410604000091552734375">
        <ele>145</ele>
        <time>2016-06-22T11:59:02.000Z</time>
        <extensions>
          <ns3:TrackPointExtension>
            <ns3:hr>161</ns3:hr>
            <ns3:cad>96</ns3:cad>
          </ns3:TrackPointExtension>
        </extensions>
      </trkpt>
      <trkpt lat="29.14808277972042560577392578125" lon="120.32886746339499950408935546875">
        <ele>145</ele>
        <time>2016-06-22T11:59:03.000Z</time>
        <extensions>
          <ns3:TrackPointExtension>
            <ns3:hr>160</ns3:hr>
            <ns3:cad>96</ns3:cad>
          </ns3:TrackPointExtension>
        </extensions>
      </trkpt>
      <trkpt lat="29.1481016390025615692138671875" lon="120.328889675438404083251953125">
        <ele>145</ele>
        <time>2016-06-22T11:59:04.000Z</time>
        <extensions>
          <ns3:TrackPointExtension>
            <ns3:hr>160</ns3:hr>
            <ns3:cad>97</ns3:cad>
          </ns3:TrackPointExtension>
        </extensions>
      </trkpt>
      <trkpt lat="29.14814673364162445068359375" lon="120.32893300987780094146728515625">
        <ele>145</ele>
        <time>2016-06-22T11:59:05.000Z</time>
        <extensions>
          <ns3:TrackPointExtension>
            <ns3:hr>160</ns3:hr>
            <ns3:cad>99</ns3:cad>
          </ns3:TrackPointExtension>
        </extensions>
      </trkpt>
      <trkpt lat="29.14814673364162445068359375" lon="120.32893300987780094146728515625">
        <ele>145</ele>
        <time>2016-06-22T11:59:06.000Z</time>
        <extensions>
          <ns3:TrackPointExtension>
            <ns3:hr>160</ns3:hr>
            <ns3:cad>99</ns3:cad>
          </ns3:TrackPointExtension>
        </extensions>
      </trkpt>
      <trkpt lat="29.14816659875214099884033203125" lon="120.32895346172153949737548828125">
        <ele>145</ele>
        <time>2016-06-22T11:59:07.000Z</time>
        <extensions>
          <ns3:TrackPointExtension>
            <ns3:hr>159</ns3:hr>
            <ns3:cad>99</ns3:cad>
          </ns3:TrackPointExtension>
        </extensions>
      </trkpt>
      <trkpt lat="29.14818654768168926239013671875" lon="120.32897072844207286834716796875">
        <ele>145</ele>
        <time>2016-06-22T11:59:08.000Z</time>
        <extensions>
          <ns3:TrackPointExtension>
            <ns3:hr>159</ns3:hr>
            <ns3:cad>98</ns3:cad>
          </ns3:TrackPointExtension>
        </extensions>
      </trkpt>
      <trkpt lat="29.1482380963861942291259765625" lon="120.3289914317429065704345703125">
        <ele>144.8000030517578125</ele>
        <time>2016-06-22T11:59:09.000Z</time>
        <extensions>
          <ns3:TrackPointExtension>
            <ns3:hr>158</ns3:hr>
            <ns3:cad>96</ns3:cad>
          </ns3:TrackPointExtension>
        </extensions>
      </trkpt>
      <trkpt lat="29.1482380963861942291259765625" lon="120.3289914317429065704345703125">
        <ele>144.8000030517578125</ele>
        <time>2016-06-22T11:59:10.000Z</time>
        <extensions>
          <ns3:TrackPointExtension>
            <ns3:hr>158</ns3:hr>
            <ns3:cad>96</ns3:cad>
          </ns3:TrackPointExtension>
        </extensions>
      </trkpt>
      <trkpt lat="29.14826701395213603973388671875" lon="120.32900073565542697906494140625">
        <ele>144.600006103515625</ele>
        <time>2016-06-22T11:59:11.000Z</time>
        <extensions>
          <ns3:TrackPointExtension>
            <ns3:hr>158</ns3:hr>
            <ns3:cad>96</ns3:cad>
          </ns3:TrackPointExtension>
        </extensions>
      </trkpt>
      <trkpt lat="29.14829417131841182708740234375" lon="120.32900777645409107208251953125">
        <ele>144.600006103515625</ele>
        <time>2016-06-22T11:59:12.000Z</time>
        <extensions>
          <ns3:TrackPointExtension>
            <ns3:hr>158</ns3:hr>
            <ns3:cad>97</ns3:cad>
          </ns3:TrackPointExtension>
        </extensions>
      </trkpt>
      <trkpt lat="29.14832166396081447601318359375" lon="120.3290155716240406036376953125">
        <ele>144.399993896484375</ele>
        <time>2016-06-22T11:59:13.000Z</time>
        <extensions>
          <ns3:TrackPointExtension>
            <ns3:hr>158</ns3:hr>
            <ns3:cad>97</ns3:cad>
          </ns3:TrackPointExtension>
        </extensions>
      </trkpt>
      <trkpt lat="29.14835049770772457122802734375" lon="120.3290246240794658660888671875">
        <ele>144.399993896484375</ele>
        <time>2016-06-22T11:59:14.000Z</time>
        <extensions>
          <ns3:TrackPointExtension>
            <ns3:hr>158</ns3:hr>
            <ns3:cad>97</ns3:cad>
          </ns3:TrackPointExtension>
        </extensions>
      </trkpt>
      <trkpt lat="29.148377068340778350830078125" lon="120.329033844172954559326171875">
        <ele>144.1999969482421875</ele>
        <time>2016-06-22T11:59:15.000Z</time>
        <extensions>
          <ns3:TrackPointExtension>
            <ns3:hr>158</ns3:hr>
            <ns3:cad>97</ns3:cad>
          </ns3:TrackPointExtension>
        </extensions>
      </trkpt>
      <trkpt lat="29.14843029342591762542724609375" lon="120.3290507756173610687255859375">
        <ele>144</ele>
        <time>2016-06-22T11:59:16.000Z</time>
        <extensions>
          <ns3:TrackPointExtension>
            <ns3:hr>158</ns3:hr>
            <ns3:cad>97</ns3:cad>
          </ns3:TrackPointExtension>
        </extensions>
      </trkpt>
      <trkpt lat="29.14843029342591762542724609375" lon="120.3290507756173610687255859375">
        <ele>144</ele>
        <time>2016-06-22T11:59:17.000Z</time>
        <extensions>
          <ns3:TrackPointExtension>
            <ns3:hr>158</ns3:hr>
            <ns3:cad>97</ns3:cad>
          </ns3:TrackPointExtension>
        </extensions>
      </trkpt>
      <trkpt lat="29.1484558582305908203125" lon="120.32906167209148406982421875">
        <ele>143.8000030517578125</ele>
        <time>2016-06-22T11:59:18.000Z</time>
        <extensions>
          <ns3:TrackPointExtension>
            <ns3:hr>158</ns3:hr>
            <ns3:cad>97</ns3:cad>
          </ns3:TrackPointExtension>
        </extensions>
      </trkpt>
      <trkpt lat="29.14848276413977146148681640625" lon="120.3290725685656070709228515625">
        <ele>143.399993896484375</ele>
        <time>2016-06-22T11:59:19.000Z</time>
        <extensions>
          <ns3:TrackPointExtension>
            <ns3:hr>158</ns3:hr>
            <ns3:cad>97</ns3:cad>
          </ns3:TrackPointExtension>
        </extensions>
      </trkpt>
      <trkpt lat="29.14853163063526153564453125" lon="120.32909612171351909637451171875">
        <ele>142.600006103515625</ele>
        <time>2016-06-22T11:59:20.000Z</time>
        <extensions>
          <ns3:TrackPointExtension>
            <ns3:hr>159</ns3:hr>
            <ns3:cad>97</ns3:cad>
          </ns3:TrackPointExtension>
        </extensions>
      </trkpt>
      <trkpt lat="29.14853163063526153564453125" lon="120.32909612171351909637451171875">
        <ele>142.600006103515625</ele>
        <time>2016-06-22T11:59:21.000Z</time>
        <extensions>
          <ns3:TrackPointExtension>
            <ns3:hr>159</ns3:hr>
            <ns3:cad>97</ns3:cad>
          </ns3:TrackPointExtension>
        </extensions>
      </trkpt>
      <trkpt lat="29.14855535142123699188232421875" lon="120.32910726964473724365234375">
        <ele>142.1999969482421875</ele>
        <time>2016-06-22T11:59:22.000Z</time>
        <extensions>
          <ns3:TrackPointExtension>
            <ns3:hr>160</ns3:hr>
            <ns3:cad>98</ns3:cad>
          </ns3:TrackPointExtension>
        </extensions>
      </trkpt>
      <trkpt lat="29.14857991039752960205078125" lon="120.3291141428053379058837890625">
        <ele>141.8000030517578125</ele>
        <time>2016-06-22T11:59:23.000Z</time>
        <extensions>
          <ns3:TrackPointExtension>
            <ns3:hr>160</ns3:hr>
            <ns3:cad>98</ns3:cad>
          </ns3:TrackPointExtension>
        </extensions>
      </trkpt>
      <trkpt lat="29.14860245771706104278564453125" lon="120.3291231952607631683349609375">
        <ele>141.399993896484375</ele>
        <time>2016-06-22T11:59:24.000Z</time>
        <extensions>
          <ns3:TrackPointExtension>
            <ns3:hr>160</ns3:hr>
            <ns3:cad>97</ns3:cad>
          </ns3:TrackPointExtension>
        </extensions>
      </trkpt>
      <trkpt lat="29.1486263461410999298095703125" lon="120.32913316972553730010986328125">
        <ele>141</ele>
        <time>2016-06-22T11:59:25.000Z</time>
        <extensions>
          <ns3:TrackPointExtension>
            <ns3:hr>160</ns3:hr>
            <ns3:cad>97</ns3:cad>
          </ns3:TrackPointExtension>
        </extensions>
      </trkpt>
      <trkpt lat="29.14865124039351940155029296875" lon="120.32914171926677227020263671875">
        <ele>140.600006103515625</ele>
        <time>2016-06-22T11:59:26.000Z</time>
        <extensions>
          <ns3:TrackPointExtension>
            <ns3:hr>159</ns3:hr>
            <ns3:cad>97</ns3:cad>
          </ns3:TrackPointExtension>
        </extensions>
      </trkpt>
      <trkpt lat="29.1486779786646366119384765625" lon="120.32915010116994380950927734375">
        <ele>140.1999969482421875</ele>
        <time>2016-06-22T11:59:27.000Z</time>
        <extensions>
          <ns3:TrackPointExtension>
            <ns3:hr>159</ns3:hr>
            <ns3:cad>95</ns3:cad>
          </ns3:TrackPointExtension>
        </extensions>
      </trkpt>
      <trkpt lat="29.14873036555945873260498046875" lon="120.32916627824306488037109375">
        <ele>139.399993896484375</ele>
        <time>2016-06-22T11:59:28.000Z</time>
        <extensions>
          <ns3:TrackPointExtension>
            <ns3:hr>159</ns3:hr>
            <ns3:cad>96</ns3:cad>
          </ns3:TrackPointExtension>
        </extensions>
      </trkpt>
      <trkpt lat="29.14873036555945873260498046875" lon="120.32916627824306488037109375">
        <ele>139.399993896484375</ele>
        <time>2016-06-22T11:59:29.000Z</time>
        <extensions>
          <ns3:TrackPointExtension>
            <ns3:hr>160</ns3:hr>
            <ns3:cad>96</ns3:cad>
          </ns3:TrackPointExtension>
        </extensions>
      </trkpt>
      <trkpt lat="29.14875693619251251220703125" lon="120.329177342355251312255859375">
        <ele>139.1999969482421875</ele>
        <time>2016-06-22T11:59:30.000Z</time>
        <extensions>
          <ns3:TrackPointExtension>
            <ns3:hr>160</ns3:hr>
            <ns3:cad>97</ns3:cad>
          </ns3:TrackPointExtension>
        </extensions>
      </trkpt>
      <trkpt lat="29.14878384210169315338134765625" lon="120.3291885741055011749267578125">
        <ele>139</ele>
        <time>2016-06-22T11:59:31.000Z</time>
        <extensions>
          <ns3:TrackPointExtension>
            <ns3:hr>160</ns3:hr>
            <ns3:cad>97</ns3:cad>
          </ns3:TrackPointExtension>
        </extensions>
      </trkpt>
      <trkpt lat="29.14881217293441295623779296875" lon="120.32919787801802158355712890625">
        <ele>138.8000030517578125</ele>
        <time>2016-06-22T11:59:32.000Z</time>
        <extensions>
          <ns3:TrackPointExtension>
            <ns3:hr>160</ns3:hr>
            <ns3:cad>98</ns3:cad>
          </ns3:TrackPointExtension>
        </extensions>
      </trkpt>
      <trkpt lat="29.14883966557681560516357421875" lon="120.3292056731879711151123046875">
        <ele>138.600006103515625</ele>
        <time>2016-06-22T11:59:33.000Z</time>
        <extensions>
          <ns3:TrackPointExtension>
            <ns3:hr>161</ns3:hr>
            <ns3:cad>98</ns3:cad>
          </ns3:TrackPointExtension>
        </extensions>
      </trkpt>
      <trkpt lat="29.1488657332956790924072265625" lon="120.32921380363404750823974609375">
        <ele>138.600006103515625</ele>
        <time>2016-06-22T11:59:34.000Z</time>
        <extensions>
          <ns3:TrackPointExtension>
            <ns3:hr>161</ns3:hr>
            <ns3:cad>99</ns3:cad>
          </ns3:TrackPointExtension>
        </extensions>
      </trkpt>
      <trkpt lat="29.14889213629066944122314453125" lon="120.3292234428226947784423828125">
        <ele>138.399993896484375</ele>
        <time>2016-06-22T11:59:35.000Z</time>
        <extensions>
          <ns3:TrackPointExtension>
            <ns3:hr>161</ns3:hr>
            <ns3:cad>99</ns3:cad>
          </ns3:TrackPointExtension>
        </extensions>
      </trkpt>
      <trkpt lat="29.14891828782856464385986328125" lon="120.32923274673521518707275390625">
        <ele>138.1999969482421875</ele>
        <time>2016-06-22T11:59:36.000Z</time>
        <extensions>
          <ns3:TrackPointExtension>
            <ns3:hr>162</ns3:hr>
            <ns3:cad>98</ns3:cad>
          </ns3:TrackPointExtension>
        </extensions>
      </trkpt>
      <trkpt lat="29.14894402027130126953125" lon="120.32924515195190906524658203125">
        <ele>138</ele>
        <time>2016-06-22T11:59:37.000Z</time>
        <extensions>
          <ns3:TrackPointExtension>
            <ns3:hr>162</ns3:hr>
            <ns3:cad>98</ns3:cad>
          </ns3:TrackPointExtension>
        </extensions>
      </trkpt>
      <trkpt lat="29.14897042326629161834716796875" lon="120.32925705425441265106201171875">
        <ele>138</ele>
        <time>2016-06-22T11:59:38.000Z</time>
        <extensions>
          <ns3:TrackPointExtension>
            <ns3:hr>162</ns3:hr>
            <ns3:cad>98</ns3:cad>
          </ns3:TrackPointExtension>
        </extensions>
      </trkpt>
      <trkpt lat="29.14899674244225025177001953125" lon="120.3292670287191867828369140625">
        <ele>137.8000030517578125</ele>
        <time>2016-06-22T11:59:39.000Z</time>
        <extensions>
          <ns3:TrackPointExtension>
            <ns3:hr>162</ns3:hr>
            <ns3:cad>97</ns3:cad>
          </ns3:TrackPointExtension>
        </extensions>
      </trkpt>
      <trkpt lat="29.14902540855109691619873046875" lon="120.32927624881267547607421875">
        <ele>138</ele>
        <time>2016-06-22T11:59:40.000Z</time>
        <extensions>
          <ns3:TrackPointExtension>
            <ns3:hr>163</ns3:hr>
            <ns3:cad>97</ns3:cad>
          </ns3:TrackPointExtension>
        </extensions>
      </trkpt>
      <trkpt lat="29.14905591867864131927490234375" lon="120.329282283782958984375">
        <ele>138.1999969482421875</ele>
        <time>2016-06-22T11:59:41.000Z</time>
        <extensions>
          <ns3:TrackPointExtension>
            <ns3:hr>162</ns3:hr>
            <ns3:cad>98</ns3:cad>
          </ns3:TrackPointExtension>
        </extensions>
      </trkpt>
      <trkpt lat="29.149117358028888702392578125" lon="120.32928437925875186920166015625">
        <ele>138.600006103515625</ele>
        <time>2016-06-22T11:59:42.000Z</time>
        <extensions>
          <ns3:TrackPointExtension>
            <ns3:hr>164</ns3:hr>
            <ns3:cad>98</ns3:cad>
          </ns3:TrackPointExtension>
        </extensions>
      </trkpt>
      <trkpt lat="29.149117358028888702392578125" lon="120.32928437925875186920166015625">
        <ele>138.600006103515625</ele>
        <time>2016-06-22T11:59:43.000Z</time>
        <extensions>
          <ns3:TrackPointExtension>
            <ns3:hr>164</ns3:hr>
            <ns3:cad>98</ns3:cad>
          </ns3:TrackPointExtension>
        </extensions>
      </trkpt>
      <trkpt lat="29.14914744906127452850341796875" lon="120.3292814455926418304443359375">
        <ele>138.8000030517578125</ele>
        <time>2016-06-22T11:59:44.000Z</time>
        <extensions>
          <ns3:TrackPointExtension>
            <ns3:hr>163</ns3:hr>
            <ns3:cad>98</ns3:cad>
          </ns3:TrackPointExtension>
        </extensions>
      </trkpt>
      <trkpt lat="29.14917460642755031585693359375" lon="120.32927599735558032989501953125">
        <ele>139</ele>
        <time>2016-06-22T11:59:45.000Z</time>
        <extensions>
          <ns3:TrackPointExtension>
            <ns3:hr>163</ns3:hr>
            <ns3:cad>98</ns3:cad>
          </ns3:TrackPointExtension>
        </extensions>
      </trkpt>
      <trkpt lat="29.14920025505125522613525390625" lon="120.3292687050998210906982421875">
        <ele>139.1999969482421875</ele>
        <time>2016-06-22T11:59:46.000Z</time>
        <extensions>
          <ns3:TrackPointExtension>
            <ns3:hr>163</ns3:hr>
            <ns3:cad>98</ns3:cad>
          </ns3:TrackPointExtension>
        </extensions>
      </trkpt>
      <trkpt lat="29.14922422729432582855224609375" lon="120.3292603231966495513916015625">
        <ele>139.399993896484375</ele>
        <time>2016-06-22T11:59:47.000Z</time>
        <extensions>
          <ns3:TrackPointExtension>
            <ns3:hr>163</ns3:hr>
            <ns3:cad>98</ns3:cad>
          </ns3:TrackPointExtension>
        </extensions>
      </trkpt>
      <trkpt lat="29.1492484509944915771484375" lon="120.329251103103160858154296875">
        <ele>139.600006103515625</ele>
        <time>2016-06-22T11:59:48.000Z</time>
        <extensions>
          <ns3:TrackPointExtension>
            <ns3:hr>163</ns3:hr>
            <ns3:cad>98</ns3:cad>
          </ns3:TrackPointExtension>
        </extensions>
      </trkpt>
      <trkpt lat="29.1492707468569278717041015625" lon="120.3292412124574184417724609375">
        <ele>140</ele>
        <time>2016-06-22T11:59:49.000Z</time>
        <extensions>
          <ns3:TrackPointExtension>
            <ns3:hr>164</ns3:hr>
            <ns3:cad>98</ns3:cad>
          </ns3:TrackPointExtension>
        </extensions>
      </trkpt>
      <trkpt lat="29.1492918692529201507568359375" lon="120.3292284719645977020263671875">
        <ele>140</ele>
        <time>2016-06-22T11:59:50.000Z</time>
        <extensions>
          <ns3:TrackPointExtension>
            <ns3:hr>164</ns3:hr>
            <ns3:cad>98</ns3:cad>
          </ns3:TrackPointExtension>
        </extensions>
      </trkpt>
      <trkpt lat="29.1493150033056735992431640625" lon="120.3292140550911426544189453125">
        <ele>140.1999969482421875</ele>
        <time>2016-06-22T11:59:51.000Z</time>
        <extensions>
          <ns3:TrackPointExtension>
            <ns3:hr>163</ns3:hr>
            <ns3:cad>97</ns3:cad>
          </ns3:TrackPointExtension>
        </extensions>
      </trkpt>
      <trkpt lat="29.1493344493210315704345703125" lon="120.32919787801802158355712890625">
        <ele>140.1999969482421875</ele>
        <time>2016-06-22T11:59:52.000Z</time>
        <extensions>
          <ns3:TrackPointExtension>
            <ns3:hr>163</ns3:hr>
            <ns3:cad>97</ns3:cad>
          </ns3:TrackPointExtension>
        </extensions>
      </trkpt>
      <trkpt lat="29.14935498498380184173583984375" lon="120.329178012907505035400390625">
        <ele>140.1999969482421875</ele>
        <time>2016-06-22T11:59:53.000Z</time>
        <extensions>
          <ns3:TrackPointExtension>
            <ns3:hr>163</ns3:hr>
            <ns3:cad>97</ns3:cad>
          </ns3:TrackPointExtension>
        </extensions>
      </trkpt>
      <trkpt lat="29.14937493391335010528564453125" lon="120.3291573934257030487060546875">
        <ele>140.399993896484375</ele>
        <time>2016-06-22T11:59:54.000Z</time>
        <extensions>
          <ns3:TrackPointExtension>
            <ns3:hr>163</ns3:hr>
            <ns3:cad>97</ns3:cad>
          </ns3:TrackPointExtension>
        </extensions>
      </trkpt>
      <trkpt lat="29.1493932902812957763671875" lon="120.329135097563266754150390625">
        <ele>140.600006103515625</ele>
        <time>2016-06-22T11:59:55.000Z</time>
        <extensions>
          <ns3:TrackPointExtension>
            <ns3:hr>163</ns3:hr>
            <ns3:cad>97</ns3:cad>
          </ns3:TrackPointExtension>
        </extensions>
      </trkpt>
      <trkpt lat="29.14942874573171138763427734375" lon="120.32908790744841098785400390625">
        <ele>141</ele>
        <time>2016-06-22T11:59:56.000Z</time>
        <extensions>
          <ns3:TrackPointExtension>
            <ns3:hr>161</ns3:hr>
            <ns3:cad>98</ns3:cad>
          </ns3:TrackPointExtension>
        </extensions>
      </trkpt>
      <trkpt lat="29.14942874573171138763427734375" lon="120.32908790744841098785400390625">
        <ele>141</ele>
        <time>2016-06-22T11:59:57.000Z</time>
        <extensions>
          <ns3:TrackPointExtension>
            <ns3:hr>161</ns3:hr>
            <ns3:cad>98</ns3:cad>
          </ns3:TrackPointExtension>
        </extensions>
      </trkpt>
      <trkpt lat="29.149445258080959320068359375" lon="120.32906167209148406982421875">
        <ele>141.1999969482421875</ele>
        <time>2016-06-22T11:59:58.000Z</time>
        <extensions>
          <ns3:TrackPointExtension>
            <ns3:hr>161</ns3:hr>
            <ns3:cad>97</ns3:cad>
          </ns3:TrackPointExtension>
        </extensions>
      </trkpt>
      <trkpt lat="29.1494595073163509368896484375" lon="120.329035185277462005615234375">
        <ele>141.399993896484375</ele>
        <time>2016-06-22T11:59:59.000Z</time>
        <extensions>
          <ns3:TrackPointExtension>
            <ns3:hr>161</ns3:hr>
            <ns3:cad>97</ns3:cad>
          </ns3:TrackPointExtension>
        </extensions>
      </trkpt>
      <trkpt lat="29.14947166107594966888427734375" lon="120.329008363187313079833984375">
        <ele>141.600006103515625</ele>
        <time>2016-06-22T12:00:00.000Z</time>
        <extensions>
          <ns3:TrackPointExtension>
            <ns3:hr>161</ns3:hr>
            <ns3:cad>97</ns3:cad>
          </ns3:TrackPointExtension>
        </extensions>
      </trkpt>
      <trkpt lat="29.14948456920683383941650390625" lon="120.32898045144975185394287109375">
        <ele>141.8000030517578125</ele>
        <time>2016-06-22T12:00:01.000Z</time>
        <extensions>
          <ns3:TrackPointExtension>
            <ns3:hr>161</ns3:hr>
            <ns3:cad>97</ns3:cad>
          </ns3:TrackPointExtension>
        </extensions>
      </trkpt>
      <trkpt lat="29.149494878947734832763671875" lon="120.32895212061703205108642578125">
        <ele>142</ele>
        <time>2016-06-22T12:00:02.000Z</time>
        <extensions>
          <ns3:TrackPointExtension>
            <ns3:hr>161</ns3:hr>
            <ns3:cad>97</ns3:cad>
          </ns3:TrackPointExtension>
        </extensions>
      </trkpt>
      <trkpt lat="29.14950736798346042633056640625" lon="120.3288938663899898529052734375">
        <ele>142.1999969482421875</ele>
        <time>2016-06-22T12:00:03.000Z</time>
        <extensions>
          <ns3:TrackPointExtension>
            <ns3:hr>161</ns3:hr>
            <ns3:cad>98</ns3:cad>
          </ns3:TrackPointExtension>
        </extensions>
      </trkpt>
      <trkpt lat="29.14950736798346042633056640625" lon="120.3288938663899898529052734375">
        <ele>142.1999969482421875</ele>
        <time>2016-06-22T12:00:04.000Z</time>
        <extensions>
          <ns3:TrackPointExtension>
            <ns3:hr>161</ns3:hr>
            <ns3:cad>98</ns3:cad>
          </ns3:TrackPointExtension>
        </extensions>
      </trkpt>
      <trkpt lat="29.14951222948729991912841796875" lon="120.32886494882404804229736328125">
        <ele>142.399993896484375</ele>
        <time>2016-06-22T12:00:05.000Z</time>
        <extensions>
          <ns3:TrackPointExtension>
            <ns3:hr>161</ns3:hr>
            <ns3:cad>98</ns3:cad>
          </ns3:TrackPointExtension>
        </extensions>
      </trkpt>
      <trkpt lat="29.14951574988663196563720703125" lon="120.32883494161069393157958984375">
        <ele>142.600006103515625</ele>
        <time>2016-06-22T12:00:06.000Z</time>
        <extensions>
          <ns3:TrackPointExtension>
            <ns3:hr>161</ns3:hr>
            <ns3:cad>97</ns3:cad>
          </ns3:TrackPointExtension>
        </extensions>
      </trkpt>
      <trkpt lat="29.14951742626726627349853515625" lon="120.3288043476641178131103515625">
        <ele>142.600006103515625</ele>
        <time>2016-06-22T12:00:07.000Z</time>
        <extensions>
          <ns3:TrackPointExtension>
            <ns3:hr>161</ns3:hr>
            <ns3:cad>96</ns3:cad>
          </ns3:TrackPointExtension>
        </extensions>
      </trkpt>
      <trkpt lat="29.14951859973371028900146484375" lon="120.3287765197455883026123046875">
        <ele>142.8000030517578125</ele>
        <time>2016-06-22T12:00:08.000Z</time>
        <extensions>
          <ns3:TrackPointExtension>
            <ns3:hr>162</ns3:hr>
            <ns3:cad>96</ns3:cad>
          </ns3:TrackPointExtension>
        </extensions>
      </trkpt>
      <trkpt lat="29.14951600134372711181640625" lon="120.328746177256107330322265625">
        <ele>142.8000030517578125</ele>
        <time>2016-06-22T12:00:09.000Z</time>
        <extensions>
          <ns3:TrackPointExtension>
            <ns3:hr>162</ns3:hr>
            <ns3:cad>96</ns3:cad>
          </ns3:TrackPointExtension>
        </extensions>
      </trkpt>
      <trkpt lat="29.14950837381184101104736328125" lon="120.32871642149984836578369140625">
        <ele>143</ele>
        <time>2016-06-22T12:00:10.000Z</time>
        <extensions>
          <ns3:TrackPointExtension>
            <ns3:hr>162</ns3:hr>
            <ns3:cad>97</ns3:cad>
          </ns3:TrackPointExtension>
        </extensions>
      </trkpt>
      <trkpt lat="29.14950032718479633331298828125" lon="120.32868809066712856292724609375">
        <ele>143.1999969482421875</ele>
        <time>2016-06-22T12:00:11.000Z</time>
        <extensions>
          <ns3:TrackPointExtension>
            <ns3:hr>162</ns3:hr>
            <ns3:cad>97</ns3:cad>
          </ns3:TrackPointExtension>
        </extensions>
      </trkpt>
      <trkpt lat="29.14949119091033935546875" lon="120.328657664358615875244140625">
        <ele>143.399993896484375</ele>
        <time>2016-06-22T12:00:12.000Z</time>
        <extensions>
          <ns3:TrackPointExtension>
            <ns3:hr>162</ns3:hr>
            <ns3:cad>97</ns3:cad>
          </ns3:TrackPointExtension>
        </extensions>
      </trkpt>
      <trkpt lat="29.14946864359080791473388671875" lon="120.328602008521556854248046875">
        <ele>143.600006103515625</ele>
        <time>2016-06-22T12:00:13.000Z</time>
        <extensions>
          <ns3:TrackPointExtension>
            <ns3:hr>162</ns3:hr>
            <ns3:cad>97</ns3:cad>
          </ns3:TrackPointExtension>
        </extensions>
      </trkpt>
      <trkpt lat="29.14946864359080791473388671875" lon="120.328602008521556854248046875">
        <ele>143.600006103515625</ele>
        <time>2016-06-22T12:00:14.000Z</time>
        <extensions>
          <ns3:TrackPointExtension>
            <ns3:hr>162</ns3:hr>
            <ns3:cad>97</ns3:cad>
          </ns3:TrackPointExtension>
        </extensions>
      </trkpt>
      <trkpt lat="29.14945204742252826690673828125" lon="120.32857409678399562835693359375">
        <ele>143.8000030517578125</ele>
        <time>2016-06-22T12:00:15.000Z</time>
        <extensions>
          <ns3:TrackPointExtension>
            <ns3:hr>162</ns3:hr>
            <ns3:cad>97</ns3:cad>
          </ns3:TrackPointExtension>
        </extensions>
      </trkpt>
      <trkpt lat="29.1494336910545825958251953125" lon="120.3285495378077030181884765625">
        <ele>143.8000030517578125</ele>
        <time>2016-06-22T12:00:16.000Z</time>
        <extensions>
          <ns3:TrackPointExtension>
            <ns3:hr>162</ns3:hr>
            <ns3:cad>97</ns3:cad>
          </ns3:TrackPointExtension>
        </extensions>
      </trkpt>
      <trkpt lat="29.149413406848907470703125" lon="120.328525565564632415771484375">
        <ele>143.600006103515625</ele>
        <time>2016-06-22T12:00:17.000Z</time>
        <extensions>
          <ns3:TrackPointExtension>
            <ns3:hr>163</ns3:hr>
            <ns3:cad>98</ns3:cad>
          </ns3:TrackPointExtension>
        </extensions>
      </trkpt>
      <trkpt lat="29.14939127862453460693359375" lon="120.32850184477865695953369140625">
        <ele>143.600006103515625</ele>
        <time>2016-06-22T12:00:18.000Z</time>
        <extensions>
          <ns3:TrackPointExtension>
            <ns3:hr>163</ns3:hr>
            <ns3:cad>98</ns3:cad>
          </ns3:TrackPointExtension>
        </extensions>
      </trkpt>
      <trkpt lat="29.14937024004757404327392578125" lon="120.32848072238266468048095703125">
        <ele>143.600006103515625</ele>
        <time>2016-06-22T12:00:19.000Z</time>
        <extensions>
          <ns3:TrackPointExtension>
            <ns3:hr>163</ns3:hr>
            <ns3:cad>98</ns3:cad>
          </ns3:TrackPointExtension>
        </extensions>
      </trkpt>
      <trkpt lat="29.1493471898138523101806640625" lon="120.32846144400537014007568359375">
        <ele>143.399993896484375</ele>
        <time>2016-06-22T12:00:20.000Z</time>
        <extensions>
          <ns3:TrackPointExtension>
            <ns3:hr>163</ns3:hr>
            <ns3:cad>98</ns3:cad>
          </ns3:TrackPointExtension>
        </extensions>
      </trkpt>
      <trkpt lat="29.149319864809513092041015625" lon="120.32844199799001216888427734375">
        <ele>143.1999969482421875</ele>
        <time>2016-06-22T12:00:21.000Z</time>
        <extensions>
          <ns3:TrackPointExtension>
            <ns3:hr>163</ns3:hr>
            <ns3:cad>97</ns3:cad>
          </ns3:TrackPointExtension>
        </extensions>
      </trkpt>
      <trkpt lat="29.1492938809096813201904296875" lon="120.32842439599335193634033203125">
        <ele>143</ele>
        <time>2016-06-22T12:00:22.000Z</time>
        <extensions>
          <ns3:TrackPointExtension>
            <ns3:hr>163</ns3:hr>
            <ns3:cad>97</ns3:cad>
          </ns3:TrackPointExtension>
        </extensions>
      </trkpt>
      <trkpt lat="29.14926731027662754058837890625" lon="120.32840855419635772705078125">
        <ele>143</ele>
        <time>2016-06-22T12:00:23.000Z</time>
        <extensions>
          <ns3:TrackPointExtension>
            <ns3:hr>164</ns3:hr>
            <ns3:cad>97</ns3:cad>
          </ns3:TrackPointExtension>
        </extensions>
      </trkpt>
      <trkpt lat="29.14923948235809803009033203125" lon="120.3283958137035369873046875">
        <ele>142.8000030517578125</ele>
        <time>2016-06-22T12:00:24.000Z</time>
        <extensions>
          <ns3:TrackPointExtension>
            <ns3:hr>164</ns3:hr>
            <ns3:cad>99</ns3:cad>
          </ns3:TrackPointExtension>
        </extensions>
      </trkpt>
      <trkpt lat="29.14921081624925136566162109375" lon="120.328384749591350555419921875">
        <ele>142.8000030517578125</ele>
        <time>2016-06-22T12:00:25.000Z</time>
        <extensions>
          <ns3:TrackPointExtension>
            <ns3:hr>164</ns3:hr>
            <ns3:cad>99</ns3:cad>
          </ns3:TrackPointExtension>
        </extensions>
      </trkpt>
      <trkpt lat="29.14918399415910243988037109375" lon="120.32837242819368839263916015625">
        <ele>142.8000030517578125</ele>
        <time>2016-06-22T12:00:26.000Z</time>
        <extensions>
          <ns3:TrackPointExtension>
            <ns3:hr>165</ns3:hr>
            <ns3:cad>98</ns3:cad>
          </ns3:TrackPointExtension>
        </extensions>
      </trkpt>
      <trkpt lat="29.14915817789733409881591796875" lon="120.32836488448083400726318359375">
        <ele>142.600006103515625</ele>
        <time>2016-06-22T12:00:27.000Z</time>
        <extensions>
          <ns3:TrackPointExtension>
            <ns3:hr>165</ns3:hr>
            <ns3:cad>97</ns3:cad>
          </ns3:TrackPointExtension>
        </extensions>
      </trkpt>
      <trkpt lat="29.1491316072642803192138671875" lon="120.328355915844440460205078125">
        <ele>142.600006103515625</ele>
        <time>2016-06-22T12:00:28.000Z</time>
        <extensions>
          <ns3:TrackPointExtension>
            <ns3:hr>165</ns3:hr>
            <ns3:cad>97</ns3:cad>
          </ns3:TrackPointExtension>
        </extensions>
      </trkpt>
      <trkpt lat="29.14910654537379741668701171875" lon="120.32834594137966632843017578125">
        <ele>142.399993896484375</ele>
        <time>2016-06-22T12:00:29.000Z</time>
        <extensions>
          <ns3:TrackPointExtension>
            <ns3:hr>165</ns3:hr>
            <ns3:cad>97</ns3:cad>
          </ns3:TrackPointExtension>
        </extensions>
      </trkpt>
      <trkpt lat="29.14908282458782196044921875" lon="120.328333787620067596435546875">
        <ele>142.399993896484375</ele>
        <time>2016-06-22T12:00:30.000Z</time>
        <extensions>
          <ns3:TrackPointExtension>
            <ns3:hr>164</ns3:hr>
            <ns3:cad>98</ns3:cad>
          </ns3:TrackPointExtension>
        </extensions>
      </trkpt>
      <trkpt lat="29.14905809797346591949462890625" lon="120.32832213677465915679931640625">
        <ele>142.1999969482421875</ele>
        <time>2016-06-22T12:00:31.000Z</time>
        <extensions>
          <ns3:TrackPointExtension>
            <ns3:hr>165</ns3:hr>
            <ns3:cad>98</ns3:cad>
          </ns3:TrackPointExtension>
        </extensions>
      </trkpt>
      <trkpt lat="29.14903529919683933258056640625" lon="120.32831258140504360198974609375">
        <ele>142.1999969482421875</ele>
        <time>2016-06-22T12:00:32.000Z</time>
        <extensions>
          <ns3:TrackPointExtension>
            <ns3:hr>165</ns3:hr>
            <ns3:cad>98</ns3:cad>
          </ns3:TrackPointExtension>
        </extensions>
      </trkpt>
      <trkpt lat="29.14901115931570529937744140625" lon="120.3283046185970306396484375">
        <ele>142</ele>
        <time>2016-06-22T12:00:33.000Z</time>
        <extensions>
          <ns3:TrackPointExtension>
            <ns3:hr>164</ns3:hr>
            <ns3:cad>97</ns3:cad>
          </ns3:TrackPointExtension>
        </extensions>
      </trkpt>
      <trkpt lat="29.14896220900118350982666015625" lon="120.32829162664711475372314453125">
        <ele>142</ele>
        <time>2016-06-22T12:00:34.000Z</time>
        <extensions>
          <ns3:TrackPointExtension>
            <ns3:hr>165</ns3:hr>
            <ns3:cad>97</ns3:cad>
          </ns3:TrackPointExtension>
        </extensions>
      </trkpt>
      <trkpt lat="29.14896220900118350982666015625" lon="120.32829162664711475372314453125">
        <ele>142</ele>
        <time>2016-06-22T12:00:35.000Z</time>
        <extensions>
          <ns3:TrackPointExtension>
            <ns3:hr>165</ns3:hr>
            <ns3:cad>97</ns3:cad>
          </ns3:TrackPointExtension>
        </extensions>
      </trkpt>
      <trkpt lat="29.14893622510135173797607421875" lon="120.32828559167683124542236328125">
        <ele>142</ele>
        <time>2016-06-22T12:00:36.000Z</time>
        <extensions>
          <ns3:TrackPointExtension>
            <ns3:hr>165</ns3:hr>
            <ns3:cad>97</ns3:cad>
          </ns3:TrackPointExtension>
        </extensions>
      </trkpt>
      <trkpt lat="29.1489103250205516815185546875" lon="120.32828106544911861419677734375">
        <ele>142</ele>
        <time>2016-06-22T12:00:37.000Z</time>
        <extensions>
          <ns3:TrackPointExtension>
            <ns3:hr>165</ns3:hr>
            <ns3:cad>97</ns3:cad>
          </ns3:TrackPointExtension>
        </extensions>
      </trkpt>
      <trkpt lat="29.1488653980195522308349609375" lon="120.32826547510921955108642578125">
        <ele>142</ele>
        <time>2016-06-22T12:00:38.000Z</time>
        <extensions>
          <ns3:TrackPointExtension>
            <ns3:hr>164</ns3:hr>
            <ns3:cad>97</ns3:cad>
          </ns3:TrackPointExtension>
        </extensions>
      </trkpt>
      <trkpt lat="29.1488653980195522308349609375" lon="120.32826547510921955108642578125">
        <ele>142</ele>
        <time>2016-06-22T12:00:39.000Z</time>
        <extensions>
          <ns3:TrackPointExtension>
            <ns3:hr>164</ns3:hr>
            <ns3:cad>97</ns3:cad>
          </ns3:TrackPointExtension>
        </extensions>
      </trkpt>
      <trkpt lat="29.1488425992429256439208984375" lon="120.32825575210154056549072265625">
        <ele>142</ele>
        <time>2016-06-22T12:00:40.000Z</time>
        <extensions>
          <ns3:TrackPointExtension>
            <ns3:hr>164</ns3:hr>
            <ns3:cad>97</ns3:cad>
          </ns3:TrackPointExtension>
        </extensions>
      </trkpt>
      <trkpt lat="29.148818962275981903076171875" lon="120.32824519090354442596435546875">
        <ele>142</ele>
        <time>2016-06-22T12:00:41.000Z</time>
        <extensions>
          <ns3:TrackPointExtension>
            <ns3:hr>166</ns3:hr>
            <ns3:cad>97</ns3:cad>
          </ns3:TrackPointExtension>
        </extensions>
      </trkpt>
      <trkpt lat="29.1487742029130458831787109375" lon="120.3282263316214084625244140625">
        <ele>142.1999969482421875</ele>
        <time>2016-06-22T12:00:42.000Z</time>
        <extensions>
          <ns3:TrackPointExtension>
            <ns3:hr>166</ns3:hr>
            <ns3:cad>96</ns3:cad>
          </ns3:TrackPointExtension>
        </extensions>
      </trkpt>
      <trkpt lat="29.1487742029130458831787109375" lon="120.3282263316214084625244140625">
        <ele>142.1999969482421875</ele>
        <time>2016-06-22T12:00:43.000Z</time>
        <extensions>
          <ns3:TrackPointExtension>
            <ns3:hr>166</ns3:hr>
            <ns3:cad>96</ns3:cad>
          </ns3:TrackPointExtension>
        </extensions>
      </trkpt>
      <trkpt lat="29.14875031448900699615478515625" lon="120.32821384258568286895751953125">
        <ele>142.1999969482421875</ele>
        <time>2016-06-22T12:00:44.000Z</time>
        <extensions>
          <ns3:TrackPointExtension>
            <ns3:hr>166</ns3:hr>
            <ns3:cad>96</ns3:cad>
          </ns3:TrackPointExtension>
        </extensions>
      </trkpt>
      <trkpt lat="29.14872600696980953216552734375" lon="120.32820261083543300628662109375">
        <ele>142</ele>
        <time>2016-06-22T12:00:45.000Z</time>
        <extensions>
          <ns3:TrackPointExtension>
            <ns3:hr>165</ns3:hr>
            <ns3:cad>96</ns3:cad>
          </ns3:TrackPointExtension>
        </extensions>
      </trkpt>
      <trkpt lat="29.1486803255975246429443359375" lon="120.3281780518591403961181640625">
        <ele>142.1999969482421875</ele>
        <time>2016-06-22T12:00:46.000Z</time>
        <extensions>
          <ns3:TrackPointExtension>
            <ns3:hr>165</ns3:hr>
            <ns3:cad>96</ns3:cad>
          </ns3:TrackPointExtension>
        </extensions>
      </trkpt>
      <trkpt lat="29.14865677244961261749267578125" lon="120.32816707156598567962646484375">
        <ele>142.1999969482421875</ele>
        <time>2016-06-22T12:00:47.000Z</time>
        <extensions>
          <ns3:TrackPointExtension>
            <ns3:hr>165</ns3:hr>
            <ns3:cad>97</ns3:cad>
          </ns3:TrackPointExtension>
        </extensions>
      </trkpt>
      <trkpt lat="29.14865677244961261749267578125" lon="120.32816707156598567962646484375">
        <ele>142.1999969482421875</ele>
        <time>2016-06-22T12:00:48.000Z</time>
        <extensions>
          <ns3:TrackPointExtension>
            <ns3:hr>165</ns3:hr>
            <ns3:cad>97</ns3:cad>
          </ns3:TrackPointExtension>
        </extensions>
      </trkpt>
      <trkpt lat="29.14863380603492259979248046875" lon="120.32815533690154552459716796875">
        <ele>142.1999969482421875</ele>
        <time>2016-06-22T12:00:49.000Z</time>
        <extensions>
          <ns3:TrackPointExtension>
            <ns3:hr>165</ns3:hr>
            <ns3:cad>97</ns3:cad>
          </ns3:TrackPointExtension>
        </extensions>
      </trkpt>
      <trkpt lat="29.148582927882671356201171875" lon="120.32813723199069499969482421875">
        <ele>142.399993896484375</ele>
        <time>2016-06-22T12:00:50.000Z</time>
        <extensions>
          <ns3:TrackPointExtension>
            <ns3:hr>165</ns3:hr>
            <ns3:cad>97</ns3:cad>
          </ns3:TrackPointExtension>
        </extensions>
      </trkpt>
      <trkpt lat="29.148582927882671356201171875" lon="120.32813723199069499969482421875">
        <ele>142.399993896484375</ele>
        <time>2016-06-22T12:00:51.000Z</time>
        <extensions>
          <ns3:TrackPointExtension>
            <ns3:hr>165</ns3:hr>
            <ns3:cad>97</ns3:cad>
          </ns3:TrackPointExtension>
        </extensions>
      </trkpt>
      <trkpt lat="29.14855836890637874603271484375" lon="120.3281291015446186065673828125">
        <ele>142.399993896484375</ele>
        <time>2016-06-22T12:00:52.000Z</time>
        <extensions>
          <ns3:TrackPointExtension>
            <ns3:hr>165</ns3:hr>
            <ns3:cad>97</ns3:cad>
          </ns3:TrackPointExtension>
        </extensions>
      </trkpt>
      <trkpt lat="29.1485317982733249664306640625" lon="120.32812298275530338287353515625">
        <ele>142.399993896484375</ele>
        <time>2016-06-22T12:00:53.000Z</time>
        <extensions>
          <ns3:TrackPointExtension>
            <ns3:hr>164</ns3:hr>
            <ns3:cad>98</ns3:cad>
          </ns3:TrackPointExtension>
        </extensions>
      </trkpt>
      <trkpt lat="29.148507155478000640869140625" lon="120.32811820507049560546875">
        <ele>142.399993896484375</ele>
        <time>2016-06-22T12:00:54.000Z</time>
        <extensions>
          <ns3:TrackPointExtension>
            <ns3:hr>163</ns3:hr>
            <ns3:cad>98</ns3:cad>
          </ns3:TrackPointExtension>
        </extensions>
      </trkpt>
      <trkpt lat="29.1484821774065494537353515625" lon="120.32811292447149753570556640625">
        <ele>142.399993896484375</ele>
        <time>2016-06-22T12:00:55.000Z</time>
        <extensions>
          <ns3:TrackPointExtension>
            <ns3:hr>164</ns3:hr>
            <ns3:cad>98</ns3:cad>
          </ns3:TrackPointExtension>
        </extensions>
      </trkpt>
      <trkpt lat="29.14845644496381282806396484375" lon="120.32811091281473636627197265625">
        <ele>142.399993896484375</ele>
        <time>2016-06-22T12:00:56.000Z</time>
        <extensions>
          <ns3:TrackPointExtension>
            <ns3:hr>164</ns3:hr>
            <ns3:cad>97</ns3:cad>
          </ns3:TrackPointExtension>
        </extensions>
      </trkpt>
      <trkpt lat="29.1484305448830127716064453125" lon="120.3281136788427829742431640625">
        <ele>142.399993896484375</ele>
        <time>2016-06-22T12:00:57.000Z</time>
        <extensions>
          <ns3:TrackPointExtension>
            <ns3:hr>164</ns3:hr>
            <ns3:cad>97</ns3:cad>
          </ns3:TrackPointExtension>
        </extensions>
      </trkpt>
      <trkpt lat="29.1484017111361026763916015625" lon="120.32811778597533702850341796875">
        <ele>142.399993896484375</ele>
        <time>2016-06-22T12:00:58.000Z</time>
        <extensions>
          <ns3:TrackPointExtension>
            <ns3:hr>163</ns3:hr>
            <ns3:cad>97</ns3:cad>
          </ns3:TrackPointExtension>
        </extensions>
      </trkpt>
      <trkpt lat="29.14837480522692203521728515625" lon="120.328124575316905975341796875">
        <ele>142.399993896484375</ele>
        <time>2016-06-22T12:00:59.000Z</time>
        <extensions>
          <ns3:TrackPointExtension>
            <ns3:hr>163</ns3:hr>
            <ns3:cad>97</ns3:cad>
          </ns3:TrackPointExtension>
        </extensions>
      </trkpt>
      <trkpt lat="29.1483230888843536376953125" lon="120.32814125530421733856201171875">
        <ele>142.399993896484375</ele>
        <time>2016-06-22T12:01:00.000Z</time>
        <extensions>
          <ns3:TrackPointExtension>
            <ns3:hr>163</ns3:hr>
            <ns3:cad>97</ns3:cad>
          </ns3:TrackPointExtension>
        </extensions>
      </trkpt>
      <trkpt lat="29.1483230888843536376953125" lon="120.32814125530421733856201171875">
        <ele>142.399993896484375</ele>
        <time>2016-06-22T12:01:01.000Z</time>
        <extensions>
          <ns3:TrackPointExtension>
            <ns3:hr>163</ns3:hr>
            <ns3:cad>97</ns3:cad>
          </ns3:TrackPointExtension>
        </extensions>
      </trkpt>
      <trkpt lat="29.1482984460890293121337890625" lon="120.3281488828361034393310546875">
        <ele>142.600006103515625</ele>
        <time>2016-06-22T12:01:02.000Z</time>
        <extensions>
          <ns3:TrackPointExtension>
            <ns3:hr>162</ns3:hr>
            <ns3:cad>97</ns3:cad>
          </ns3:TrackPointExtension>
        </extensions>
      </trkpt>
      <trkpt lat="29.1482729651033878326416015625" lon="120.32815583981573581695556640625">
        <ele>142.600006103515625</ele>
        <time>2016-06-22T12:01:03.000Z</time>
        <extensions>
          <ns3:TrackPointExtension>
            <ns3:hr>162</ns3:hr>
            <ns3:cad>97</ns3:cad>
          </ns3:TrackPointExtension>
        </extensions>
      </trkpt>
      <trkpt lat="29.14824991486966609954833984375" lon="120.32816422171890735626220703125">
        <ele>142.8000030517578125</ele>
        <time>2016-06-22T12:01:04.000Z</time>
        <extensions>
          <ns3:TrackPointExtension>
            <ns3:hr>162</ns3:hr>
            <ns3:cad>97</ns3:cad>
          </ns3:TrackPointExtension>
        </extensions>
      </trkpt>
      <trkpt lat="29.1482280381023883819580078125" lon="120.32817495055496692657470703125">
        <ele>142.8000030517578125</ele>
        <time>2016-06-22T12:01:05.000Z</time>
        <extensions>
          <ns3:TrackPointExtension>
            <ns3:hr>162</ns3:hr>
            <ns3:cad>97</ns3:cad>
          </ns3:TrackPointExtension>
        </extensions>
      </trkpt>
      <trkpt lat="29.14820565842092037200927734375" lon="120.3281837515532970428466796875">
        <ele>142.8000030517578125</ele>
        <time>2016-06-22T12:01:06.000Z</time>
        <extensions>
          <ns3:TrackPointExtension>
            <ns3:hr>162</ns3:hr>
            <ns3:cad>97</ns3:cad>
          </ns3:TrackPointExtension>
        </extensions>
      </trkpt>
      <trkpt lat="29.148185960948467254638671875" lon="120.32819657586514949798583984375">
        <ele>143</ele>
        <time>2016-06-22T12:01:07.000Z</time>
        <extensions>
          <ns3:TrackPointExtension>
            <ns3:hr>162</ns3:hr>
            <ns3:cad>97</ns3:cad>
          </ns3:TrackPointExtension>
        </extensions>
      </trkpt>
      <trkpt lat="29.14816441945731639862060546875" lon="120.328212082386016845703125">
        <ele>143</ele>
        <time>2016-06-22T12:01:08.000Z</time>
        <extensions>
          <ns3:TrackPointExtension>
            <ns3:hr>162</ns3:hr>
            <ns3:cad>97</ns3:cad>
          </ns3:TrackPointExtension>
        </extensions>
      </trkpt>
      <trkpt lat="29.1481460630893707275390625" lon="120.32822591252624988555908203125">
        <ele>143</ele>
        <time>2016-06-22T12:01:09.000Z</time>
        <extensions>
          <ns3:TrackPointExtension>
            <ns3:hr>162</ns3:hr>
            <ns3:cad>97</ns3:cad>
          </ns3:TrackPointExtension>
        </extensions>
      </trkpt>
      <trkpt lat="29.14813022129237651824951171875" lon="120.32824569381773471832275390625">
        <ele>143.1999969482421875</ele>
        <time>2016-06-22T12:01:10.000Z</time>
        <extensions>
          <ns3:TrackPointExtension>
            <ns3:hr>161</ns3:hr>
            <ns3:cad>97</ns3:cad>
          </ns3:TrackPointExtension>
        </extensions>
      </trkpt>
      <trkpt lat="29.148112870752811431884765625" lon="120.32826396636664867401123046875">
        <ele>143.1999969482421875</ele>
        <time>2016-06-22T12:01:11.000Z</time>
        <extensions>
          <ns3:TrackPointExtension>
            <ns3:hr>162</ns3:hr>
            <ns3:cad>97</ns3:cad>
          </ns3:TrackPointExtension>
        </extensions>
      </trkpt>
      <trkpt lat="29.1480969451367855072021484375" lon="120.32828441821038722991943359375">
        <ele>143.1999969482421875</ele>
        <time>2016-06-22T12:01:12.000Z</time>
        <extensions>
          <ns3:TrackPointExtension>
            <ns3:hr>162</ns3:hr>
            <ns3:cad>97</ns3:cad>
          </ns3:TrackPointExtension>
        </extensions>
      </trkpt>
      <trkpt lat="29.14808009751141071319580078125" lon="120.3283067978918552398681640625">
        <ele>143.399993896484375</ele>
        <time>2016-06-22T12:01:13.000Z</time>
        <extensions>
          <ns3:TrackPointExtension>
            <ns3:hr>162</ns3:hr>
            <ns3:cad>97</ns3:cad>
          </ns3:TrackPointExtension>
        </extensions>
      </trkpt>
      <trkpt lat="29.1480637528002262115478515625" lon="120.3283285908401012420654296875">
        <ele>143.399993896484375</ele>
        <time>2016-06-22T12:01:14.000Z</time>
        <extensions>
          <ns3:TrackPointExtension>
            <ns3:hr>162</ns3:hr>
            <ns3:cad>96</ns3:cad>
          </ns3:TrackPointExtension>
        </extensions>
      </trkpt>
      <trkpt lat="29.14804992265999317169189453125" lon="120.3283517248928546905517578125">
        <ele>143.399993896484375</ele>
        <time>2016-06-22T12:01:15.000Z</time>
        <extensions>
          <ns3:TrackPointExtension>
            <ns3:hr>163</ns3:hr>
            <ns3:cad>96</ns3:cad>
          </ns3:TrackPointExtension>
        </extensions>
      </trkpt>
      <trkpt lat="29.1480372659862041473388671875" lon="120.32837770879268646240234375">
        <ele>143.399993896484375</ele>
        <time>2016-06-22T12:01:16.000Z</time>
        <extensions>
          <ns3:TrackPointExtension>
            <ns3:hr>163</ns3:hr>
            <ns3:cad>97</ns3:cad>
          </ns3:TrackPointExtension>
        </extensions>
      </trkpt>
      <trkpt lat="29.14802678860723972320556640625" lon="120.32840360887348651885986328125">
        <ele>143.600006103515625</ele>
        <time>2016-06-22T12:01:17.000Z</time>
        <extensions>
          <ns3:TrackPointExtension>
            <ns3:hr>163</ns3:hr>
            <ns3:cad>97</ns3:cad>
          </ns3:TrackPointExtension>
        </extensions>
      </trkpt>
      <trkpt lat="29.14801706559956073760986328125" lon="120.328431017696857452392578125">
        <ele>143.600006103515625</ele>
        <time>2016-06-22T12:01:18.000Z</time>
        <extensions>
          <ns3:TrackPointExtension>
            <ns3:hr>163</ns3:hr>
            <ns3:cad>97</ns3:cad>
          </ns3:TrackPointExtension>
        </extensions>
      </trkpt>
      <trkpt lat="29.14800851605832576751708984375" lon="120.32845926471054553985595703125">
        <ele>143.600006103515625</ele>
        <time>2016-06-22T12:01:19.000Z</time>
        <extensions>
          <ns3:TrackPointExtension>
            <ns3:hr>164</ns3:hr>
            <ns3:cad>97</ns3:cad>
          </ns3:TrackPointExtension>
        </extensions>
      </trkpt>
      <trkpt lat="29.1480037383735179901123046875" lon="120.32848860137164592742919921875">
        <ele>143.600006103515625</ele>
        <time>2016-06-22T12:01:20.000Z</time>
        <extensions>
          <ns3:TrackPointExtension>
            <ns3:hr>164</ns3:hr>
            <ns3:cad>97</ns3:cad>
          </ns3:TrackPointExtension>
        </extensions>
      </trkpt>
      <trkpt lat="29.1479993797838687896728515625" lon="120.32851609401404857635498046875">
        <ele>143.600006103515625</ele>
        <time>2016-06-22T12:01:21.000Z</time>
        <extensions>
          <ns3:TrackPointExtension>
            <ns3:hr>164</ns3:hr>
            <ns3:cad>97</ns3:cad>
          </ns3:TrackPointExtension>
        </extensions>
      </trkpt>
      <trkpt lat="29.14799728430807590484619140625" lon="120.32854593358933925628662109375">
        <ele>144</ele>
        <time>2016-06-22T12:01:22.000Z</time>
        <extensions>
          <ns3:TrackPointExtension>
            <ns3:hr>164</ns3:hr>
            <ns3:cad>96</ns3:cad>
          </ns3:TrackPointExtension>
        </extensions>
      </trkpt>
      <trkpt lat="29.147998206317424774169921875" lon="120.3286077082157135009765625">
        <ele>144.399993896484375</ele>
        <time>2016-06-22T12:01:23.000Z</time>
        <extensions>
          <ns3:TrackPointExtension>
            <ns3:hr>164</ns3:hr>
            <ns3:cad>97</ns3:cad>
          </ns3:TrackPointExtension>
        </extensions>
      </trkpt>
      <trkpt lat="29.147998206317424774169921875" lon="120.3286077082157135009765625">
        <ele>144.399993896484375</ele>
        <time>2016-06-22T12:01:24.000Z</time>
        <extensions>
          <ns3:TrackPointExtension>
            <ns3:hr>164</ns3:hr>
            <ns3:cad>97</ns3:cad>
          </ns3:TrackPointExtension>
        </extensions>
      </trkpt>
      <trkpt lat="29.14800113998353481292724609375" lon="120.3286410681903362274169921875">
        <ele>144.399993896484375</ele>
        <time>2016-06-22T12:01:25.000Z</time>
        <extensions>
          <ns3:TrackPointExtension>
            <ns3:hr>164</ns3:hr>
            <ns3:cad>98</ns3:cad>
          </ns3:TrackPointExtension>
        </extensions>
      </trkpt>
      <trkpt lat="29.1480074264109134674072265625" lon="120.328674428164958953857421875">
        <ele>144.600006103515625</ele>
        <time>2016-06-22T12:01:26.000Z</time>
        <extensions>
          <ns3:TrackPointExtension>
            <ns3:hr>164</ns3:hr>
            <ns3:cad>98</ns3:cad>
          </ns3:TrackPointExtension>
        </extensions>
      </trkpt>
      <trkpt lat="29.14802175946533679962158203125" lon="120.3287349455058574676513671875">
        <ele>144.8000030517578125</ele>
        <time>2016-06-22T12:01:27.000Z</time>
        <extensions>
          <ns3:TrackPointExtension>
            <ns3:hr>165</ns3:hr>
            <ns3:cad>97</ns3:cad>
          </ns3:TrackPointExtension>
        </extensions>
      </trkpt>
      <trkpt lat="29.14802175946533679962158203125" lon="120.3287349455058574676513671875">
        <ele>144.8000030517578125</ele>
        <time>2016-06-22T12:01:28.000Z</time>
        <extensions>
          <ns3:TrackPointExtension>
            <ns3:hr>165</ns3:hr>
            <ns3:cad>97</ns3:cad>
          </ns3:TrackPointExtension>
        </extensions>
      </trkpt>
      <trkpt lat="29.14803148247301578521728515625" lon="120.3287617675960063934326171875">
        <ele>145</ele>
        <time>2016-06-22T12:01:29.000Z</time>
        <extensions>
          <ns3:TrackPointExtension>
            <ns3:hr>164</ns3:hr>
            <ns3:cad>97</ns3:cad>
          </ns3:TrackPointExtension>
        </extensions>
      </trkpt>
      <trkpt lat="29.14804355241358280181884765625" lon="120.3287872485816478729248046875">
        <ele>145</ele>
        <time>2016-06-22T12:01:30.000Z</time>
        <extensions>
          <ns3:TrackPointExtension>
            <ns3:hr>164</ns3:hr>
            <ns3:cad>96</ns3:cad>
          </ns3:TrackPointExtension>
        </extensions>
      </trkpt>
      <trkpt lat="29.1480590589344501495361328125" lon="120.32881130464375019073486328125">
        <ele>145</ele>
        <time>2016-06-22T12:01:31.000Z</time>
        <extensions>
          <ns3:TrackPointExtension>
            <ns3:hr>164</ns3:hr>
            <ns3:cad>96</ns3:cad>
          </ns3:TrackPointExtension>
        </extensions>
      </trkpt>
      <trkpt lat="29.14807565510272979736328125" lon="120.3288365341722965240478515625">
        <ele>145</ele>
        <time>2016-06-22T12:01:32.000Z</time>
        <extensions>
          <ns3:TrackPointExtension>
            <ns3:hr>164</ns3:hr>
            <ns3:cad>96</ns3:cad>
          </ns3:TrackPointExtension>
        </extensions>
      </trkpt>
      <trkpt lat="29.14809468202292919158935546875" lon="120.3288613446056842803955078125">
        <ele>145</ele>
        <time>2016-06-22T12:01:33.000Z</time>
        <extensions>
          <ns3:TrackPointExtension>
            <ns3:hr>163</ns3:hr>
            <ns3:cad>96</ns3:cad>
          </ns3:TrackPointExtension>
        </extensions>
      </trkpt>
      <trkpt lat="29.1481140442192554473876953125" lon="120.3288851492106914520263671875">
        <ele>145</ele>
        <time>2016-06-22T12:01:34.000Z</time>
        <extensions>
          <ns3:TrackPointExtension>
            <ns3:hr>163</ns3:hr>
            <ns3:cad>97</ns3:cad>
          </ns3:TrackPointExtension>
        </extensions>
      </trkpt>
      <trkpt lat="29.14813374169170856475830078125" lon="120.3289092890918254852294921875">
        <ele>145</ele>
        <time>2016-06-22T12:01:35.000Z</time>
        <extensions>
          <ns3:TrackPointExtension>
            <ns3:hr>163</ns3:hr>
            <ns3:cad>97</ns3:cad>
          </ns3:TrackPointExtension>
        </extensions>
      </trkpt>
      <trkpt lat="29.1481549479067325592041015625" lon="120.328930579125881195068359375">
        <ele>145</ele>
        <time>2016-06-22T12:01:36.000Z</time>
        <extensions>
          <ns3:TrackPointExtension>
            <ns3:hr>163</ns3:hr>
            <ns3:cad>96</ns3:cad>
          </ns3:TrackPointExtension>
        </extensions>
      </trkpt>
      <trkpt lat="29.1481743939220905303955078125" lon="120.32895094715058803558349609375">
        <ele>145</ele>
        <time>2016-06-22T12:01:37.000Z</time>
        <extensions>
          <ns3:TrackPointExtension>
            <ns3:hr>164</ns3:hr>
            <ns3:cad>96</ns3:cad>
          </ns3:TrackPointExtension>
        </extensions>
      </trkpt>
      <trkpt lat="29.14819643832743167877197265625" lon="120.3289698064327239990234375">
        <ele>145</ele>
        <time>2016-06-22T12:01:38.000Z</time>
        <extensions>
          <ns3:TrackPointExtension>
            <ns3:hr>165</ns3:hr>
            <ns3:cad>96</ns3:cad>
          </ns3:TrackPointExtension>
        </extensions>
      </trkpt>
      <trkpt lat="29.148220159113407135009765625" lon="120.32898648642003536224365234375">
        <ele>144.8000030517578125</ele>
        <time>2016-06-22T12:01:39.000Z</time>
        <extensions>
          <ns3:TrackPointExtension>
            <ns3:hr>164</ns3:hr>
            <ns3:cad>96</ns3:cad>
          </ns3:TrackPointExtension>
        </extensions>
      </trkpt>
      <trkpt lat="29.14824421517550945281982421875" lon="120.32900090329349040985107421875">
        <ele>144.8000030517578125</ele>
        <time>2016-06-22T12:01:40.000Z</time>
        <extensions>
          <ns3:TrackPointExtension>
            <ns3:hr>164</ns3:hr>
            <ns3:cad>96</ns3:cad>
          </ns3:TrackPointExtension>
        </extensions>
      </trkpt>
      <trkpt lat="29.14826818741858005523681640625" lon="120.3290122188627719879150390625">
        <ele>144.600006103515625</ele>
        <time>2016-06-22T12:01:41.000Z</time>
        <extensions>
          <ns3:TrackPointExtension>
            <ns3:hr>165</ns3:hr>
            <ns3:cad>97</ns3:cad>
          </ns3:TrackPointExtension>
        </extensions>
      </trkpt>
      <trkpt lat="29.148292243480682373046875" lon="120.32902118749916553497314453125">
        <ele>144.600006103515625</ele>
        <time>2016-06-22T12:01:42.000Z</time>
        <extensions>
          <ns3:TrackPointExtension>
            <ns3:hr>165</ns3:hr>
            <ns3:cad>97</ns3:cad>
          </ns3:TrackPointExtension>
        </extensions>
      </trkpt>
      <trkpt lat="29.14831646718084812164306640625" lon="120.32903007231652736663818359375">
        <ele>144.399993896484375</ele>
        <time>2016-06-22T12:01:43.000Z</time>
        <extensions>
          <ns3:TrackPointExtension>
            <ns3:hr>165</ns3:hr>
            <ns3:cad>96</ns3:cad>
          </ns3:TrackPointExtension>
        </extensions>
      </trkpt>
      <trkpt lat="29.148340187966823577880859375" lon="120.32903778366744518280029296875">
        <ele>144.399993896484375</ele>
        <time>2016-06-22T12:01:44.000Z</time>
        <extensions>
          <ns3:TrackPointExtension>
            <ns3:hr>165</ns3:hr>
            <ns3:cad>96</ns3:cad>
          </ns3:TrackPointExtension>
        </extensions>
      </trkpt>
      <trkpt lat="29.14839039556682109832763671875" lon="120.3290537931025028228759765625">
        <ele>144.1999969482421875</ele>
        <time>2016-06-22T12:01:45.000Z</time>
        <extensions>
          <ns3:TrackPointExtension>
            <ns3:hr>166</ns3:hr>
            <ns3:cad>96</ns3:cad>
          </ns3:TrackPointExtension>
        </extensions>
      </trkpt>
      <trkpt lat="29.14839039556682109832763671875" lon="120.3290537931025028228759765625">
        <ele>144.1999969482421875</ele>
        <time>2016-06-22T12:01:46.000Z</time>
        <extensions>
          <ns3:TrackPointExtension>
            <ns3:hr>166</ns3:hr>
            <ns3:cad>96</ns3:cad>
          </ns3:TrackPointExtension>
        </extensions>
      </trkpt>
      <trkpt lat="29.14841520600020885467529296875" lon="120.329061336815357208251953125">
        <ele>144.1999969482421875</ele>
        <time>2016-06-22T12:01:47.000Z</time>
        <extensions>
          <ns3:TrackPointExtension>
            <ns3:hr>166</ns3:hr>
            <ns3:cad>96</ns3:cad>
          </ns3:TrackPointExtension>
        </extensions>
      </trkpt>
      <trkpt lat="29.1484399326145648956298828125" lon="120.32906879670917987823486328125">
        <ele>144</ele>
        <time>2016-06-22T12:01:48.000Z</time>
        <extensions>
          <ns3:TrackPointExtension>
            <ns3:hr>165</ns3:hr>
            <ns3:cad>96</ns3:cad>
          </ns3:TrackPointExtension>
        </extensions>
      </trkpt>
      <trkpt lat="29.14846482686698436737060546875" lon="120.32907801680266857147216796875">
        <ele>143.8000030517578125</ele>
        <time>2016-06-22T12:01:49.000Z</time>
        <extensions>
          <ns3:TrackPointExtension>
            <ns3:hr>165</ns3:hr>
            <ns3:cad>97</ns3:cad>
          </ns3:TrackPointExtension>
        </extensions>
      </trkpt>
      <trkpt lat="29.1484882123768329620361328125" lon="120.32908723689615726470947265625">
        <ele>143.399993896484375</ele>
        <time>2016-06-22T12:01:50.000Z</time>
        <extensions>
          <ns3:TrackPointExtension>
            <ns3:hr>165</ns3:hr>
            <ns3:cad>97</ns3:cad>
          </ns3:TrackPointExtension>
        </extensions>
      </trkpt>
      <trkpt lat="29.14851059205830097198486328125" lon="120.3290960378944873809814453125">
        <ele>143</ele>
        <time>2016-06-22T12:01:51.000Z</time>
        <extensions>
          <ns3:TrackPointExtension>
            <ns3:hr>165</ns3:hr>
            <ns3:cad>98</ns3:cad>
          </ns3:TrackPointExtension>
        </extensions>
      </trkpt>
      <trkpt lat="29.148555099964141845703125" lon="120.32910592854022979736328125">
        <ele>142.1999969482421875</ele>
        <time>2016-06-22T12:01:52.000Z</time>
        <extensions>
          <ns3:TrackPointExtension>
            <ns3:hr>165</ns3:hr>
            <ns3:cad>97</ns3:cad>
          </ns3:TrackPointExtension>
        </extensions>
      </trkpt>
      <trkpt lat="29.148555099964141845703125" lon="120.32910592854022979736328125">
        <ele>142.1999969482421875</ele>
        <time>2016-06-22T12:01:53.000Z</time>
        <extensions>
          <ns3:TrackPointExtension>
            <ns3:hr>165</ns3:hr>
            <ns3:cad>97</ns3:cad>
          </ns3:TrackPointExtension>
        </extensions>
      </trkpt>
      <trkpt lat="29.14857211522758007049560546875" lon="120.32910861074924468994140625">
        <ele>142</ele>
        <time>2016-06-22T12:01:54.000Z</time>
        <extensions>
          <ns3:TrackPointExtension>
            <ns3:hr>165</ns3:hr>
            <ns3:cad>96</ns3:cad>
          </ns3:TrackPointExtension>
        </extensions>
      </trkpt>
      <trkpt lat="29.14858259260654449462890625" lon="120.329114310443401336669921875">
        <ele>141.8000030517578125</ele>
        <time>2016-06-22T12:01:55.000Z</time>
        <extensions>
          <ns3:TrackPointExtension>
            <ns3:hr>165</ns3:hr>
            <ns3:cad>95</ns3:cad>
          </ns3:TrackPointExtension>
        </extensions>
      </trkpt>
      <trkpt lat="29.148605726659297943115234375" lon="120.32912881113588809967041015625">
        <ele>141.399993896484375</ele>
        <time>2016-06-22T12:01:56.000Z</time>
        <extensions>
          <ns3:TrackPointExtension>
            <ns3:hr>164</ns3:hr>
            <ns3:cad>94</ns3:cad>
          </ns3:TrackPointExtension>
        </extensions>
      </trkpt>
      <trkpt lat="29.148605726659297943115234375" lon="120.32912881113588809967041015625">
        <ele>141.399993896484375</ele>
        <time>2016-06-22T12:01:57.000Z</time>
        <extensions>
          <ns3:TrackPointExtension>
            <ns3:hr>164</ns3:hr>
            <ns3:cad>94</ns3:cad>
          </ns3:TrackPointExtension>
        </extensions>
      </trkpt>
      <trkpt lat="29.14862425066530704498291015625" lon="120.32913903705775737762451171875">
        <ele>141</ele>
        <time>2016-06-22T12:01:58.000Z</time>
        <extensions>
          <ns3:TrackPointExtension>
            <ns3:hr>164</ns3:hr>
            <ns3:cad>93</ns3:cad>
          </ns3:TrackPointExtension>
        </extensions>
      </trkpt>
      <trkpt lat="29.1486457921564579010009765625" lon="120.32914741896092891693115234375">
        <ele>140.8000030517578125</ele>
        <time>2016-06-22T12:01:59.000Z</time>
        <extensions>
          <ns3:TrackPointExtension>
            <ns3:hr>164</ns3:hr>
            <ns3:cad>93</ns3:cad>
          </ns3:TrackPointExtension>
        </extensions>
      </trkpt>
      <trkpt lat="29.14869801141321659088134765625" lon="120.3291656076908111572265625">
        <ele>139.8000030517578125</ele>
        <time>2016-06-22T12:02:00.000Z</time>
        <extensions>
          <ns3:TrackPointExtension>
            <ns3:hr>163</ns3:hr>
            <ns3:cad>95</ns3:cad>
          </ns3:TrackPointExtension>
        </extensions>
      </trkpt>
      <trkpt lat="29.14869801141321659088134765625" lon="120.3291656076908111572265625">
        <ele>139.8000030517578125</ele>
        <time>2016-06-22T12:02:01.000Z</time>
        <extensions>
          <ns3:TrackPointExtension>
            <ns3:hr>163</ns3:hr>
            <ns3:cad>95</ns3:cad>
          </ns3:TrackPointExtension>
        </extensions>
      </trkpt>
      <trkpt lat="29.14872483350336551666259765625" lon="120.329173989593982696533203125">
        <ele>139.399993896484375</ele>
        <time>2016-06-22T12:02:02.000Z</time>
        <extensions>
          <ns3:TrackPointExtension>
            <ns3:hr>164</ns3:hr>
            <ns3:cad>96</ns3:cad>
          </ns3:TrackPointExtension>
        </extensions>
      </trkpt>
      <trkpt lat="29.14874863810837268829345703125" lon="120.3291835449635982513427734375">
        <ele>139.1999969482421875</ele>
        <time>2016-06-22T12:02:03.000Z</time>
        <extensions>
          <ns3:TrackPointExtension>
            <ns3:hr>164</ns3:hr>
            <ns3:cad>96</ns3:cad>
          </ns3:TrackPointExtension>
        </extensions>
      </trkpt>
      <trkpt lat="29.148792140185832977294921875" lon="120.3292046673595905303955078125">
        <ele>139</ele>
        <time>2016-06-22T12:02:04.000Z</time>
        <extensions>
          <ns3:TrackPointExtension>
            <ns3:hr>164</ns3:hr>
            <ns3:cad>98</ns3:cad>
          </ns3:TrackPointExtension>
        </extensions>
      </trkpt>
      <trkpt lat="29.148792140185832977294921875" lon="120.3292046673595905303955078125">
        <ele>139</ele>
        <time>2016-06-22T12:02:05.000Z</time>
        <extensions>
          <ns3:TrackPointExtension>
            <ns3:hr>164</ns3:hr>
            <ns3:cad>98</ns3:cad>
          </ns3:TrackPointExtension>
        </extensions>
      </trkpt>
      <trkpt lat="29.1488134302198886871337890625" lon="120.3292143903672695159912109375">
        <ele>139</ele>
        <time>2016-06-22T12:02:06.000Z</time>
        <extensions>
          <ns3:TrackPointExtension>
            <ns3:hr>164</ns3:hr>
            <ns3:cad>98</ns3:cad>
          </ns3:TrackPointExtension>
        </extensions>
      </trkpt>
      <trkpt lat="29.14883472025394439697265625" lon="120.32922151498496532440185546875">
        <ele>138.8000030517578125</ele>
        <time>2016-06-22T12:02:07.000Z</time>
        <extensions>
          <ns3:TrackPointExtension>
            <ns3:hr>163</ns3:hr>
            <ns3:cad>97</ns3:cad>
          </ns3:TrackPointExtension>
        </extensions>
      </trkpt>
      <trkpt lat="29.14885525591671466827392578125" lon="120.329227633774280548095703125">
        <ele>138.600006103515625</ele>
        <time>2016-06-22T12:02:08.000Z</time>
        <extensions>
          <ns3:TrackPointExtension>
            <ns3:hr>162</ns3:hr>
            <ns3:cad>96</ns3:cad>
          </ns3:TrackPointExtension>
        </extensions>
      </trkpt>
      <trkpt lat="29.14889750070869922637939453125" lon="120.3292407095432281494140625">
        <ele>138.399993896484375</ele>
        <time>2016-06-22T12:02:09.000Z</time>
        <extensions>
          <ns3:TrackPointExtension>
            <ns3:hr>162</ns3:hr>
            <ns3:cad>96</ns3:cad>
          </ns3:TrackPointExtension>
        </extensions>
      </trkpt>
      <trkpt lat="29.14889750070869922637939453125" lon="120.3292407095432281494140625">
        <ele>138.399993896484375</ele>
        <time>2016-06-22T12:02:10.000Z</time>
        <extensions>
          <ns3:TrackPointExtension>
            <ns3:hr>162</ns3:hr>
            <ns3:cad>95</ns3:cad>
          </ns3:TrackPointExtension>
        </extensions>
      </trkpt>
      <trkpt lat="29.14891610853374004364013671875" lon="120.329249091446399688720703125">
        <ele>138.1999969482421875</ele>
        <time>2016-06-22T12:02:11.000Z</time>
        <extensions>
          <ns3:TrackPointExtension>
            <ns3:hr>162</ns3:hr>
            <ns3:cad>95</ns3:cad>
          </ns3:TrackPointExtension>
        </extensions>
      </trkpt>
      <trkpt lat="29.14893689565360546112060546875" lon="120.32925705425441265106201171875">
        <ele>138.1999969482421875</ele>
        <time>2016-06-22T12:02:12.000Z</time>
        <extensions>
          <ns3:TrackPointExtension>
            <ns3:hr>161</ns3:hr>
            <ns3:cad>95</ns3:cad>
          </ns3:TrackPointExtension>
        </extensions>
      </trkpt>
      <trkpt lat="29.14895734749734401702880859375" lon="120.3292636759579181671142578125">
        <ele>138</ele>
        <time>2016-06-22T12:02:13.000Z</time>
        <extensions>
          <ns3:TrackPointExtension>
            <ns3:hr>161</ns3:hr>
            <ns3:cad>95</ns3:cad>
          </ns3:TrackPointExtension>
        </extensions>
      </trkpt>
      <trkpt lat="29.1489753685891628265380859375" lon="120.32927113585174083709716796875">
        <ele>138</ele>
        <time>2016-06-22T12:02:14.000Z</time>
        <extensions>
          <ns3:TrackPointExtension>
            <ns3:hr>161</ns3:hr>
            <ns3:cad>95</ns3:cad>
          </ns3:TrackPointExtension>
        </extensions>
      </trkpt>
      <trkpt lat="29.1489944793283939361572265625" lon="120.3292767517268657684326171875">
        <ele>137.8000030517578125</ele>
        <time>2016-06-22T12:02:15.000Z</time>
        <extensions>
          <ns3:TrackPointExtension>
            <ns3:hr>160</ns3:hr>
            <ns3:cad>95</ns3:cad>
          </ns3:TrackPointExtension>
        </extensions>
      </trkpt>
      <trkpt lat="29.1490119136869907379150390625" lon="120.32928337343037128448486328125">
        <ele>137.8000030517578125</ele>
        <time>2016-06-22T12:02:16.000Z</time>
        <extensions>
          <ns3:TrackPointExtension>
            <ns3:hr>161</ns3:hr>
            <ns3:cad>95</ns3:cad>
          </ns3:TrackPointExtension>
        </extensions>
      </trkpt>
      <trkpt lat="29.14903110824525356292724609375" lon="120.329289995133876800537109375">
        <ele>138</ele>
        <time>2016-06-22T12:02:17.000Z</time>
        <extensions>
          <ns3:TrackPointExtension>
            <ns3:hr>160</ns3:hr>
            <ns3:cad>95</ns3:cad>
          </ns3:TrackPointExtension>
        </extensions>
      </trkpt>
      <trkpt lat="29.14904703386127948760986328125" lon="120.32929502427577972412109375">
        <ele>138.1999969482421875</ele>
        <time>2016-06-22T12:02:18.000Z</time>
        <extensions>
          <ns3:TrackPointExtension>
            <ns3:hr>160</ns3:hr>
            <ns3:cad>95</ns3:cad>
          </ns3:TrackPointExtension>
        </extensions>
      </trkpt>
      <trkpt lat="29.14906136691570281982421875" lon="120.32929745502769947052001953125">
        <ele>138.1999969482421875</ele>
        <time>2016-06-22T12:02:19.000Z</time>
        <extensions>
          <ns3:TrackPointExtension>
            <ns3:hr>160</ns3:hr>
            <ns3:cad>94</ns3:cad>
          </ns3:TrackPointExtension>
        </extensions>
      </trkpt>
      <trkpt lat="29.14907637052237987518310546875" lon="120.32929846085608005523681640625">
        <ele>138.399993896484375</ele>
        <time>2016-06-22T12:02:20.000Z</time>
        <extensions>
          <ns3:TrackPointExtension>
            <ns3:hr>160</ns3:hr>
            <ns3:cad>93</ns3:cad>
          </ns3:TrackPointExtension>
        </extensions>
      </trkpt>
      <trkpt lat="29.14909196086227893829345703125" lon="120.3292995505034923553466796875">
        <ele>138.600006103515625</ele>
        <time>2016-06-22T12:02:21.000Z</time>
        <extensions>
          <ns3:TrackPointExtension>
            <ns3:hr>161</ns3:hr>
            <ns3:cad>93</ns3:cad>
          </ns3:TrackPointExtension>
        </extensions>
      </trkpt>
      <trkpt lat="29.1491057910025119781494140625" lon="120.3292998857796192169189453125">
        <ele>138.600006103515625</ele>
        <time>2016-06-22T12:02:22.000Z</time>
        <extensions>
          <ns3:TrackPointExtension>
            <ns3:hr>161</ns3:hr>
            <ns3:cad>92</ns3:cad>
          </ns3:TrackPointExtension>
        </extensions>
      </trkpt>
      <trkpt lat="29.1491359658539295196533203125" lon="120.32930131070315837860107421875">
        <ele>138.8000030517578125</ele>
        <time>2016-06-22T12:02:23.000Z</time>
        <extensions>
          <ns3:TrackPointExtension>
            <ns3:hr>160</ns3:hr>
            <ns3:cad>91</ns3:cad>
          </ns3:TrackPointExtension>
        </extensions>
      </trkpt>
      <trkpt lat="29.1491359658539295196533203125" lon="120.32930131070315837860107421875">
        <ele>138.8000030517578125</ele>
        <time>2016-06-22T12:02:24.000Z</time>
        <extensions>
          <ns3:TrackPointExtension>
            <ns3:hr>160</ns3:hr>
            <ns3:cad>91</ns3:cad>
          </ns3:TrackPointExtension>
        </extensions>
      </trkpt>
      <trkpt lat="29.14915080182254314422607421875" lon="120.329300723969936370849609375">
        <ele>139</ele>
        <time>2016-06-22T12:02:25.000Z</time>
        <extensions>
          <ns3:TrackPointExtension>
            <ns3:hr>159</ns3:hr>
            <ns3:cad>89</ns3:cad>
          </ns3:TrackPointExtension>
        </extensions>
      </trkpt>
      <trkpt lat="29.14916463196277618408203125" lon="120.3292995505034923553466796875">
        <ele>139</ele>
        <time>2016-06-22T12:02:26.000Z</time>
        <extensions>
          <ns3:TrackPointExtension>
            <ns3:hr>159</ns3:hr>
            <ns3:cad>88</ns3:cad>
          </ns3:TrackPointExtension>
        </extensions>
      </trkpt>
      <trkpt lat="29.149174354970455169677734375" lon="120.329300053417682647705078125">
        <ele>139.1999969482421875</ele>
        <time>2016-06-22T12:02:27.000Z</time>
        <extensions>
          <ns3:TrackPointExtension>
            <ns3:hr>159</ns3:hr>
            <ns3:cad>87</ns3:cad>
          </ns3:TrackPointExtension>
        </extensions>
      </trkpt>
      <trkpt lat="29.149166308343410491943359375" lon="120.3293086029589176177978515625">
        <ele>139</ele>
        <time>2016-06-22T12:02:28.000Z</time>
        <extensions>
          <ns3:TrackPointExtension>
            <ns3:hr>161</ns3:hr>
            <ns3:cad>87</ns3:cad>
          </ns3:TrackPointExtension>
        </extensions>
      </trkpt>
      <trkpt lat="29.14915750734508037567138671875" lon="120.32931170426309108734130859375">
        <ele>139</ele>
        <time>2016-06-22T12:02:29.000Z</time>
        <extensions>
          <ns3:TrackPointExtension>
            <ns3:hr>161</ns3:hr>
            <ns3:cad>87</ns3:cad>
          </ns3:TrackPointExtension>
        </extensions>
      </trkpt>
      <trkpt lat="29.14915750734508037567138671875" lon="120.32931170426309108734130859375">
        <ele>139</ele>
        <time>2016-06-22T12:02:30.000Z</time>
        <extensions>
          <ns3:TrackPointExtension>
            <ns3:hr>161</ns3:hr>
            <ns3:cad>87</ns3:cad>
          </ns3:TrackPointExtension>
        </extensions>
      </trkpt>
      <trkpt lat="29.149146191775798797607421875" lon="120.32931388355791568756103515625">
        <ele>139</ele>
        <time>2016-06-22T12:02:31.000Z</time>
        <extensions>
          <ns3:TrackPointExtension>
            <ns3:hr>160</ns3:hr>
            <ns3:cad>87</ns3:cad>
          </ns3:TrackPointExtension>
        </extensions>
      </trkpt>
      <trkpt lat="29.14913303218781948089599609375" lon="120.3293139673769474029541015625">
        <ele>138.8000030517578125</ele>
        <time>2016-06-22T12:02:32.000Z</time>
        <extensions>
          <ns3:TrackPointExtension>
            <ns3:hr>160</ns3:hr>
            <ns3:cad>81</ns3:cad>
          </ns3:TrackPointExtension>
        </extensions>
      </trkpt>
      <trkpt lat="29.14912180043756961822509765625" lon="120.3293144702911376953125">
        <ele>138.8000030517578125</ele>
        <time>2016-06-22T12:02:33.000Z</time>
        <extensions>
          <ns3:TrackPointExtension>
            <ns3:hr>158</ns3:hr>
            <ns3:cad>81</ns3:cad>
          </ns3:TrackPointExtension>
        </extensions>
      </trkpt>
      <trkpt lat="29.1491108201444149017333984375" lon="120.3293166495859622955322265625">
        <ele>138.8000030517578125</ele>
        <time>2016-06-22T12:02:34.000Z</time>
        <extensions>
          <ns3:TrackPointExtension>
            <ns3:hr>157</ns3:hr>
            <ns3:cad>62</ns3:cad>
          </ns3:TrackPointExtension>
        </extensions>
      </trkpt>
      <trkpt lat="29.14910051040351390838623046875" lon="120.32931539230048656463623046875">
        <ele>138.600006103515625</ele>
        <time>2016-06-22T12:02:35.000Z</time>
        <extensions>
          <ns3:TrackPointExtension>
            <ns3:hr>159</ns3:hr>
            <ns3:cad>62</ns3:cad>
          </ns3:TrackPointExtension>
        </extensions>
      </trkpt>
      <trkpt lat="29.14909045211970806121826171875" lon="120.32931405119597911834716796875">
        <ele>138.600006103515625</ele>
        <time>2016-06-22T12:02:36.000Z</time>
        <extensions>
          <ns3:TrackPointExtension>
            <ns3:hr>157</ns3:hr>
            <ns3:cad>62</ns3:cad>
          </ns3:TrackPointExtension>
        </extensions>
      </trkpt>
      <trkpt lat="29.1490762867033481597900390625" lon="120.3293119557201862335205078125">
        <ele>138.399993896484375</ele>
        <time>2016-06-22T12:02:37.000Z</time>
        <extensions>
          <ns3:TrackPointExtension>
            <ns3:hr>160</ns3:hr>
            <ns3:cad>62</ns3:cad>
          </ns3:TrackPointExtension>
        </extensions>
      </trkpt>
      <trkpt lat="29.1490762867033481597900390625" lon="120.3293119557201862335205078125">
        <ele>138.399993896484375</ele>
        <time>2016-06-22T12:02:38.000Z</time>
        <extensions>
          <ns3:TrackPointExtension>
            <ns3:hr>160</ns3:hr>
            <ns3:cad>62</ns3:cad>
          </ns3:TrackPointExtension>
        </extensions>
      </trkpt>
      <trkpt lat="29.14906941354274749755859375" lon="120.32931111752986907958984375">
        <ele>138.399993896484375</ele>
        <time>2016-06-22T12:02:39.000Z</time>
        <extensions>
          <ns3:TrackPointExtension>
            <ns3:hr>158</ns3:hr>
            <ns3:cad>62</ns3:cad>
          </ns3:TrackPointExtension>
        </extensions>
      </trkpt>
      <trkpt lat="29.14906807243824005126953125" lon="120.3293096087872982025146484375">
        <ele>138.399993896484375</ele>
        <time>2016-06-22T12:02:40.000Z</time>
        <extensions>
          <ns3:TrackPointExtension>
            <ns3:hr>155</ns3:hr>
            <ns3:cad>62</ns3:cad>
          </ns3:TrackPointExtension>
        </extensions>
      </trkpt>
      <trkpt lat="29.14906782098114490509033203125" lon="120.3293089382350444793701171875">
        <ele>138.399993896484375</ele>
        <time>2016-06-22T12:02:41.000Z</time>
        <extensions>
          <ns3:TrackPointExtension>
            <ns3:hr>157</ns3:hr>
            <ns3:cad>62</ns3:cad>
          </ns3:TrackPointExtension>
        </extensions>
      </trkpt>
      <trkpt lat="29.149067066609859466552734375" lon="120.329311452805995941162109375">
        <ele>138.399993896484375</ele>
        <time>2016-06-22T12:02:42.000Z</time>
        <extensions>
          <ns3:TrackPointExtension>
            <ns3:hr>156</ns3:hr>
            <ns3:cad>0</ns3:cad>
          </ns3:TrackPointExtension>
        </extensions>
      </trkpt>
      <trkpt lat="29.14906782098114490509033203125" lon="120.32931187190115451812744140625">
        <ele>138.399993896484375</ele>
        <time>2016-06-22T12:02:43.000Z</time>
        <extensions>
          <ns3:TrackPointExtension>
            <ns3:hr>156</ns3:hr>
            <ns3:cad>0</ns3:cad>
          </ns3:TrackPointExtension>
        </extensions>
      </trkpt>
      <trkpt lat="29.14906673133373260498046875" lon="120.32931237481534481048583984375">
        <ele>138.399993896484375</ele>
        <time>2016-06-22T12:02:44.000Z</time>
        <extensions>
          <ns3:TrackPointExtension>
            <ns3:hr>156</ns3:hr>
            <ns3:cad>0</ns3:cad>
          </ns3:TrackPointExtension>
        </extensions>
      </trkpt>
      <trkpt lat="29.14906404912471771240234375" lon="120.32931338064372539520263671875">
        <ele>138.399993896484375</ele>
        <time>2016-06-22T12:02:45.000Z</time>
        <extensions>
          <ns3:TrackPointExtension>
            <ns3:hr>155</ns3:hr>
            <ns3:cad>0</ns3:cad>
          </ns3:TrackPointExtension>
        </extensions>
      </trkpt>
      <trkpt lat="29.1490601934492588043212890625" lon="120.32931103371083736419677734375">
        <ele>138.399993896484375</ele>
        <time>2016-06-22T12:02:46.000Z</time>
        <extensions>
          <ns3:TrackPointExtension>
            <ns3:hr>155</ns3:hr>
            <ns3:cad>62</ns3:cad>
          </ns3:TrackPointExtension>
        </extensions>
      </trkpt>
      <trkpt lat="29.1490481235086917877197265625" lon="120.329303406178951263427734375">
        <ele>138.1999969482421875</ele>
        <time>2016-06-22T12:02:47.000Z</time>
        <extensions>
          <ns3:TrackPointExtension>
            <ns3:hr>155</ns3:hr>
            <ns3:cad>62</ns3:cad>
          </ns3:TrackPointExtension>
        </extensions>
      </trkpt>
      <trkpt lat="29.1490481235086917877197265625" lon="120.329303406178951263427734375">
        <ele>138.1999969482421875</ele>
        <time>2016-06-22T12:02:48.000Z</time>
        <extensions>
          <ns3:TrackPointExtension>
            <ns3:hr>156</ns3:hr>
            <ns3:cad>62</ns3:cad>
          </ns3:TrackPointExtension>
        </extensions>
      </trkpt>
      <trkpt lat="29.14903932251036167144775390625" lon="120.32930080778896808624267578125">
        <ele>138.1999969482421875</ele>
        <time>2016-06-22T12:02:49.000Z</time>
        <extensions>
          <ns3:TrackPointExtension>
            <ns3:hr>156</ns3:hr>
            <ns3:cad>62</ns3:cad>
          </ns3:TrackPointExtension>
        </extensions>
      </trkpt>
      <trkpt lat="29.14902783930301666259765625" lon="120.32930030487477779388427734375">
        <ele>138</ele>
        <time>2016-06-22T12:02:50.000Z</time>
        <extensions>
          <ns3:TrackPointExtension>
            <ns3:hr>156</ns3:hr>
            <ns3:cad>62</ns3:cad>
          </ns3:TrackPointExtension>
        </extensions>
      </trkpt>
      <trkpt lat="29.14901903830468654632568359375" lon="120.32929795794188976287841796875">
        <ele>138</ele>
        <time>2016-06-22T12:02:51.000Z</time>
        <extensions>
          <ns3:TrackPointExtension>
            <ns3:hr>156</ns3:hr>
            <ns3:cad>62</ns3:cad>
          </ns3:TrackPointExtension>
        </extensions>
      </trkpt>
      <trkpt lat="29.14900965057313442230224609375" lon="120.32929376699030399322509765625">
        <ele>137.8000030517578125</ele>
        <time>2016-06-22T12:02:52.000Z</time>
        <extensions>
          <ns3:TrackPointExtension>
            <ns3:hr>156</ns3:hr>
            <ns3:cad>62</ns3:cad>
          </ns3:TrackPointExtension>
        </extensions>
      </trkpt>
      <trkpt lat="29.1489909589290618896484375" lon="120.3292861394584178924560546875">
        <ele>137.8000030517578125</ele>
        <time>2016-06-22T12:02:53.000Z</time>
        <extensions>
          <ns3:TrackPointExtension>
            <ns3:hr>155</ns3:hr>
            <ns3:cad>62</ns3:cad>
          </ns3:TrackPointExtension>
        </extensions>
      </trkpt>
      <trkpt lat="29.1489909589290618896484375" lon="120.3292861394584178924560546875">
        <ele>137.8000030517578125</ele>
        <time>2016-06-22T12:02:54.000Z</time>
        <extensions>
          <ns3:TrackPointExtension>
            <ns3:hr>155</ns3:hr>
            <ns3:cad>62</ns3:cad>
          </ns3:TrackPointExtension>
        </extensions>
      </trkpt>
      <trkpt lat="29.1489807330071926116943359375" lon="120.32928253524005413055419921875">
        <ele>138</ele>
        <time>2016-06-22T12:02:55.000Z</time>
        <extensions>
          <ns3:TrackPointExtension>
            <ns3:hr>155</ns3:hr>
            <ns3:cad>62</ns3:cad>
          </ns3:TrackPointExtension>
        </extensions>
      </trkpt>
      <trkpt lat="29.148968495428562164306640625" lon="120.32927893102169036865234375">
        <ele>138</ele>
        <time>2016-06-22T12:02:56.000Z</time>
        <extensions>
          <ns3:TrackPointExtension>
            <ns3:hr>154</ns3:hr>
            <ns3:cad>53</ns3:cad>
          </ns3:TrackPointExtension>
        </extensions>
      </trkpt>
      <trkpt lat="29.1489555872976779937744140625" lon="120.3292754106223583221435546875">
        <ele>138.1999969482421875</ele>
        <time>2016-06-22T12:02:57.000Z</time>
        <extensions>
          <ns3:TrackPointExtension>
            <ns3:hr>153</ns3:hr>
            <ns3:cad>53</ns3:cad>
          </ns3:TrackPointExtension>
        </extensions>
      </trkpt>
      <trkpt lat="29.14894108660519123077392578125" lon="120.32927365042269229888916015625">
        <ele>138.1999969482421875</ele>
        <time>2016-06-22T12:02:58.000Z</time>
        <extensions>
          <ns3:TrackPointExtension>
            <ns3:hr>153</ns3:hr>
            <ns3:cad>53</ns3:cad>
          </ns3:TrackPointExtension>
        </extensions>
      </trkpt>
      <trkpt lat="29.1489234007894992828369140625" lon="120.3292702138423919677734375">
        <ele>138.399993896484375</ele>
        <time>2016-06-22T12:02:59.000Z</time>
        <extensions>
          <ns3:TrackPointExtension>
            <ns3:hr>153</ns3:hr>
            <ns3:cad>53</ns3:cad>
          </ns3:TrackPointExtension>
        </extensions>
      </trkpt>
      <trkpt lat="29.14889146573841571807861328125" lon="120.3292619995772838592529296875">
        <ele>138.600006103515625</ele>
        <time>2016-06-22T12:03:00.000Z</time>
        <extensions>
          <ns3:TrackPointExtension>
            <ns3:hr>148</ns3:hr>
            <ns3:cad>62</ns3:cad>
          </ns3:TrackPointExtension>
        </extensions>
      </trkpt>
      <trkpt lat="29.14889146573841571807861328125" lon="120.3292619995772838592529296875">
        <ele>138.600006103515625</ele>
        <time>2016-06-22T12:03:01.000Z</time>
        <extensions>
          <ns3:TrackPointExtension>
            <ns3:hr>148</ns3:hr>
            <ns3:cad>62</ns3:cad>
          </ns3:TrackPointExtension>
        </extensions>
      </trkpt>
      <trkpt lat="29.1488744504749774932861328125" lon="120.32925839535892009735107421875">
        <ele>138.600006103515625</ele>
        <time>2016-06-22T12:03:02.000Z</time>
        <extensions>
          <ns3:TrackPointExtension>
            <ns3:hr>148</ns3:hr>
            <ns3:cad>62</ns3:cad>
          </ns3:TrackPointExtension>
        </extensions>
      </trkpt>
      <trkpt lat="29.148858524858951568603515625" lon="120.32925152219831943511962890625">
        <ele>138.8000030517578125</ele>
        <time>2016-06-22T12:03:03.000Z</time>
        <extensions>
          <ns3:TrackPointExtension>
            <ns3:hr>148</ns3:hr>
            <ns3:cad>62</ns3:cad>
          </ns3:TrackPointExtension>
        </extensions>
      </trkpt>
      <trkpt lat="29.1488258354365825653076171875" lon="120.32924146391451358795166015625">
        <ele>139</ele>
        <time>2016-06-22T12:03:04.000Z</time>
        <extensions>
          <ns3:TrackPointExtension>
            <ns3:hr>148</ns3:hr>
            <ns3:cad>62</ns3:cad>
          </ns3:TrackPointExtension>
        </extensions>
      </trkpt>
      <trkpt lat="29.1488258354365825653076171875" lon="120.32924146391451358795166015625">
        <ele>139</ele>
        <time>2016-06-22T12:03:05.000Z</time>
        <extensions>
          <ns3:TrackPointExtension>
            <ns3:hr>148</ns3:hr>
            <ns3:cad>62</ns3:cad>
          </ns3:TrackPointExtension>
        </extensions>
      </trkpt>
      <trkpt lat="29.14880999363958835601806640625" lon="120.32923861406743526458740234375">
        <ele>139</ele>
        <time>2016-06-22T12:03:06.000Z</time>
        <extensions>
          <ns3:TrackPointExtension>
            <ns3:hr>149</ns3:hr>
            <ns3:cad>62</ns3:cad>
          </ns3:TrackPointExtension>
        </extensions>
      </trkpt>
      <trkpt lat="29.1487949900329113006591796875" lon="120.3292368538677692413330078125">
        <ele>139.1999969482421875</ele>
        <time>2016-06-22T12:03:07.000Z</time>
        <extensions>
          <ns3:TrackPointExtension>
            <ns3:hr>149</ns3:hr>
            <ns3:cad>62</ns3:cad>
          </ns3:TrackPointExtension>
        </extensions>
      </trkpt>
    </trkseg>
  </trk>
</gpx>
