<gpx xmlns:ns3="http://www.garmin.com/xmlschemas/TrackPointExtension/v1" xmlns="http://www.topografix.com/GPX/1/1" xmlns:xsi="http://www.w3.org/2001/XMLSchema-instance" xmlns:ns2="http://www.garmin.com/xmlschemas/GpxExtensions/v3" creator="Garmin Connect" version="1.1" xsi:schemaLocation="http://www.topografix.com/GPX/1/1 http://www.topografix.com/GPX/11.xsd">
  <extensions>
<distance>7679.39</distance>
<average_hr>164.0</average_hr>
<average_speed>3.0075166474178143</average_speed>
<start_time>2016-04-28T11:21:20+00:00</start_time>
<end_time>2016-04-28T12:03:53.399000+00:00</end_time>
<moving_time>2553.0</moving_time>
<elapsed_time>2553.399</elapsed_time>
</extensions>
<metadata>
    <link href="connect.garmin.com">
      <text>Garmin Connect</text>
    </link>
    <time>2016-04-28T11:21:20.000Z</time>
  </metadata>
  <trk>
    <name>跑步</name>
    <type>running</type>
    <trkseg>
      <trkpt lat="29.1493542306125164031982421875" lon="120.32911053858697414398193359375">
        <ele>140.399993896484375</ele>
        <time>2016-04-28T11:21:20.000Z</time>
        <extensions>
          <ns3:TrackPointExtension>
            <ns3:hr>139</ns3:hr>
            <ns3:cad>59</ns3:cad>
          </ns3:TrackPointExtension>
        </extensions>
      </trkpt>
      <trkpt lat="29.1493736766278743743896484375" lon="120.32908841036260128021240234375">
        <ele>140.600006103515625</ele>
        <time>2016-04-28T11:21:21.000Z</time>
        <extensions>
          <ns3:TrackPointExtension>
            <ns3:hr>138</ns3:hr>
            <ns3:cad>59</ns3:cad>
          </ns3:TrackPointExtension>
        </extensions>
      </trkpt>
      <trkpt lat="29.1493736766278743743896484375" lon="120.32908841036260128021240234375">
        <ele>140.600006103515625</ele>
        <time>2016-04-28T11:21:22.000Z</time>
        <extensions>
          <ns3:TrackPointExtension>
            <ns3:hr>138</ns3:hr>
            <ns3:cad>59</ns3:cad>
          </ns3:TrackPointExtension>
        </extensions>
      </trkpt>
      <trkpt lat="29.14938935078680515289306640625" lon="120.32906745560467243194580078125">
        <ele>140.8000030517578125</ele>
        <time>2016-04-28T11:21:23.000Z</time>
        <extensions>
          <ns3:TrackPointExtension>
            <ns3:hr>138</ns3:hr>
            <ns3:cad>59</ns3:cad>
          </ns3:TrackPointExtension>
        </extensions>
      </trkpt>
      <trkpt lat="29.14940007962286472320556640625" lon="120.32905722968280315399169921875">
        <ele>140.8000030517578125</ele>
        <time>2016-04-28T11:21:24.000Z</time>
        <extensions>
          <ns3:TrackPointExtension>
            <ns3:hr>138</ns3:hr>
            <ns3:cad>59</ns3:cad>
          </ns3:TrackPointExtension>
        </extensions>
      </trkpt>
      <trkpt lat="29.14942639879882335662841796875" lon="120.3290316648781299591064453125">
        <ele>141.1999969482421875</ele>
        <time>2016-04-28T11:21:25.000Z</time>
        <extensions>
          <ns3:TrackPointExtension>
            <ns3:hr>138</ns3:hr>
            <ns3:cad>59</ns3:cad>
          </ns3:TrackPointExtension>
        </extensions>
      </trkpt>
      <trkpt lat="29.14942639879882335662841796875" lon="120.3290316648781299591064453125">
        <ele>141.1999969482421875</ele>
        <time>2016-04-28T11:21:26.000Z</time>
        <extensions>
          <ns3:TrackPointExtension>
            <ns3:hr>138</ns3:hr>
            <ns3:cad>59</ns3:cad>
          </ns3:TrackPointExtension>
        </extensions>
      </trkpt>
      <trkpt lat="29.1494390554726123809814453125" lon="120.32901548780500888824462890625">
        <ele>141.399993896484375</ele>
        <time>2016-04-28T11:21:27.000Z</time>
        <extensions>
          <ns3:TrackPointExtension>
            <ns3:hr>139</ns3:hr>
            <ns3:cad>59</ns3:cad>
          </ns3:TrackPointExtension>
        </extensions>
      </trkpt>
      <trkpt lat="29.149450957775115966796875" lon="120.328996963798999786376953125">
        <ele>141.399993896484375</ele>
        <time>2016-04-28T11:21:28.000Z</time>
        <extensions>
          <ns3:TrackPointExtension>
            <ns3:hr>138</ns3:hr>
            <ns3:cad>88</ns3:cad>
          </ns3:TrackPointExtension>
        </extensions>
      </trkpt>
      <trkpt lat="29.1494603455066680908203125" lon="120.32897693105041980743408203125">
        <ele>141.600006103515625</ele>
        <time>2016-04-28T11:21:29.000Z</time>
        <extensions>
          <ns3:TrackPointExtension>
            <ns3:hr>139</ns3:hr>
            <ns3:cad>90</ns3:cad>
          </ns3:TrackPointExtension>
        </extensions>
      </trkpt>
      <trkpt lat="29.14946881122887134552001953125" lon="120.3289572335779666900634765625">
        <ele>141.8000030517578125</ele>
        <time>2016-04-28T11:21:30.000Z</time>
        <extensions>
          <ns3:TrackPointExtension>
            <ns3:hr>139</ns3:hr>
            <ns3:cad>91</ns3:cad>
          </ns3:TrackPointExtension>
        </extensions>
      </trkpt>
      <trkpt lat="29.14947518147528171539306640625" lon="120.3289377875626087188720703125">
        <ele>141.8000030517578125</ele>
        <time>2016-04-28T11:21:31.000Z</time>
        <extensions>
          <ns3:TrackPointExtension>
            <ns3:hr>139</ns3:hr>
            <ns3:cad>92</ns3:cad>
          </ns3:TrackPointExtension>
        </extensions>
      </trkpt>
      <trkpt lat="29.14948088116943836212158203125" lon="120.32891859300434589385986328125">
        <ele>142</ele>
        <time>2016-04-28T11:21:32.000Z</time>
        <extensions>
          <ns3:TrackPointExtension>
            <ns3:hr>140</ns3:hr>
            <ns3:cad>94</ns3:cad>
          </ns3:TrackPointExtension>
        </extensions>
      </trkpt>
      <trkpt lat="29.14948373101651668548583984375" lon="120.328893698751926422119140625">
        <ele>142</ele>
        <time>2016-04-28T11:21:33.000Z</time>
        <extensions>
          <ns3:TrackPointExtension>
            <ns3:hr>139</ns3:hr>
            <ns3:cad>95</ns3:cad>
          </ns3:TrackPointExtension>
        </extensions>
      </trkpt>
      <trkpt lat="29.14948238991200923919677734375" lon="120.328869558870792388916015625">
        <ele>142.1999969482421875</ele>
        <time>2016-04-28T11:21:34.000Z</time>
        <extensions>
          <ns3:TrackPointExtension>
            <ns3:hr>140</ns3:hr>
            <ns3:cad>95</ns3:cad>
          </ns3:TrackPointExtension>
        </extensions>
      </trkpt>
      <trkpt lat="29.1494796238839626312255859375" lon="120.32884441316127777099609375">
        <ele>142.1999969482421875</ele>
        <time>2016-04-28T11:21:35.000Z</time>
        <extensions>
          <ns3:TrackPointExtension>
            <ns3:hr>140</ns3:hr>
            <ns3:cad>95</ns3:cad>
          </ns3:TrackPointExtension>
        </extensions>
      </trkpt>
      <trkpt lat="29.1494772769510746002197265625" lon="120.3288209438323974609375">
        <ele>142.1999969482421875</ele>
        <time>2016-04-28T11:21:36.000Z</time>
        <extensions>
          <ns3:TrackPointExtension>
            <ns3:hr>140</ns3:hr>
            <ns3:cad>95</ns3:cad>
          </ns3:TrackPointExtension>
        </extensions>
      </trkpt>
      <trkpt lat="29.1494672186672687530517578125" lon="120.32876872457563877105712890625">
        <ele>142.399993896484375</ele>
        <time>2016-04-28T11:21:37.000Z</time>
        <extensions>
          <ns3:TrackPointExtension>
            <ns3:hr>140</ns3:hr>
            <ns3:cad>96</ns3:cad>
          </ns3:TrackPointExtension>
        </extensions>
      </trkpt>
      <trkpt lat="29.1494672186672687530517578125" lon="120.32876872457563877105712890625">
        <ele>142.399993896484375</ele>
        <time>2016-04-28T11:21:38.000Z</time>
        <extensions>
          <ns3:TrackPointExtension>
            <ns3:hr>141</ns3:hr>
            <ns3:cad>96</ns3:cad>
          </ns3:TrackPointExtension>
        </extensions>
      </trkpt>
      <trkpt lat="29.149461686611175537109375" lon="120.3287439979612827301025390625">
        <ele>142.399993896484375</ele>
        <time>2016-04-28T11:21:39.000Z</time>
        <extensions>
          <ns3:TrackPointExtension>
            <ns3:hr>140</ns3:hr>
            <ns3:cad>97</ns3:cad>
          </ns3:TrackPointExtension>
        </extensions>
      </trkpt>
      <trkpt lat="29.14945657365024089813232421875" lon="120.32872103154659271240234375">
        <ele>142.399993896484375</ele>
        <time>2016-04-28T11:21:40.000Z</time>
        <extensions>
          <ns3:TrackPointExtension>
            <ns3:hr>140</ns3:hr>
            <ns3:cad>98</ns3:cad>
          </ns3:TrackPointExtension>
        </extensions>
      </trkpt>
      <trkpt lat="29.149448610842227935791015625" lon="120.3286987356841564178466796875">
        <ele>142.600006103515625</ele>
        <time>2016-04-28T11:21:41.000Z</time>
        <extensions>
          <ns3:TrackPointExtension>
            <ns3:hr>141</ns3:hr>
            <ns3:cad>99</ns3:cad>
          </ns3:TrackPointExtension>
        </extensions>
      </trkpt>
      <trkpt lat="29.1494407318532466888427734375" lon="120.32867820002138614654541015625">
        <ele>142.600006103515625</ele>
        <time>2016-04-28T11:21:42.000Z</time>
        <extensions>
          <ns3:TrackPointExtension>
            <ns3:hr>143</ns3:hr>
            <ns3:cad>99</ns3:cad>
          </ns3:TrackPointExtension>
        </extensions>
      </trkpt>
      <trkpt lat="29.149433188140392303466796875" lon="120.32865665853023529052734375">
        <ele>142.600006103515625</ele>
        <time>2016-04-28T11:21:43.000Z</time>
        <extensions>
          <ns3:TrackPointExtension>
            <ns3:hr>146</ns3:hr>
            <ns3:cad>97</ns3:cad>
          </ns3:TrackPointExtension>
        </extensions>
      </trkpt>
      <trkpt lat="29.14942271076142787933349609375" lon="120.328634195029735565185546875">
        <ele>142.600006103515625</ele>
        <time>2016-04-28T11:21:44.000Z</time>
        <extensions>
          <ns3:TrackPointExtension>
            <ns3:hr>152</ns3:hr>
            <ns3:cad>96</ns3:cad>
          </ns3:TrackPointExtension>
        </extensions>
      </trkpt>
      <trkpt lat="29.14940963499248027801513671875" lon="120.32861148007214069366455078125">
        <ele>142.8000030517578125</ele>
        <time>2016-04-28T11:21:45.000Z</time>
        <extensions>
          <ns3:TrackPointExtension>
            <ns3:hr>156</ns3:hr>
            <ns3:cad>96</ns3:cad>
          </ns3:TrackPointExtension>
        </extensions>
      </trkpt>
      <trkpt lat="29.14939320646226406097412109375" lon="120.32858801074326038360595703125">
        <ele>142.8000030517578125</ele>
        <time>2016-04-28T11:21:46.000Z</time>
        <extensions>
          <ns3:TrackPointExtension>
            <ns3:hr>156</ns3:hr>
            <ns3:cad>96</ns3:cad>
          </ns3:TrackPointExtension>
        </extensions>
      </trkpt>
      <trkpt lat="29.149376861751079559326171875" lon="120.3285673074424266815185546875">
        <ele>142.8000030517578125</ele>
        <time>2016-04-28T11:21:47.000Z</time>
        <extensions>
          <ns3:TrackPointExtension>
            <ns3:hr>155</ns3:hr>
            <ns3:cad>97</ns3:cad>
          </ns3:TrackPointExtension>
        </extensions>
      </trkpt>
      <trkpt lat="29.149356745183467864990234375" lon="120.3285441733896732330322265625">
        <ele>142.600006103515625</ele>
        <time>2016-04-28T11:21:48.000Z</time>
        <extensions>
          <ns3:TrackPointExtension>
            <ns3:hr>155</ns3:hr>
            <ns3:cad>97</ns3:cad>
          </ns3:TrackPointExtension>
        </extensions>
      </trkpt>
      <trkpt lat="29.14933587424457073211669921875" lon="120.32852246426045894622802734375">
        <ele>142.600006103515625</ele>
        <time>2016-04-28T11:21:49.000Z</time>
        <extensions>
          <ns3:TrackPointExtension>
            <ns3:hr>154</ns3:hr>
            <ns3:cad>98</ns3:cad>
          </ns3:TrackPointExtension>
        </extensions>
      </trkpt>
      <trkpt lat="29.14931391365826129913330078125" lon="120.3285046108067035675048828125">
        <ele>142.399993896484375</ele>
        <time>2016-04-28T11:21:50.000Z</time>
        <extensions>
          <ns3:TrackPointExtension>
            <ns3:hr>154</ns3:hr>
            <ns3:cad>98</ns3:cad>
          </ns3:TrackPointExtension>
        </extensions>
      </trkpt>
      <trkpt lat="29.14929061196744441986083984375" lon="120.3284868411719799041748046875">
        <ele>142.399993896484375</ele>
        <time>2016-04-28T11:21:51.000Z</time>
        <extensions>
          <ns3:TrackPointExtension>
            <ns3:hr>154</ns3:hr>
            <ns3:cad>98</ns3:cad>
          </ns3:TrackPointExtension>
        </extensions>
      </trkpt>
      <trkpt lat="29.14926655590534210205078125" lon="120.32847166992723941802978515625">
        <ele>142.1999969482421875</ele>
        <time>2016-04-28T11:21:52.000Z</time>
        <extensions>
          <ns3:TrackPointExtension>
            <ns3:hr>153</ns3:hr>
            <ns3:cad>97</ns3:cad>
          </ns3:TrackPointExtension>
        </extensions>
      </trkpt>
      <trkpt lat="29.14923998527228832244873046875" lon="120.3284590132534503936767578125">
        <ele>142.1999969482421875</ele>
        <time>2016-04-28T11:21:53.000Z</time>
        <extensions>
          <ns3:TrackPointExtension>
            <ns3:hr>152</ns3:hr>
            <ns3:cad>96</ns3:cad>
          </ns3:TrackPointExtension>
        </extensions>
      </trkpt>
      <trkpt lat="29.14921349845826625823974609375" lon="120.3284492902457714080810546875">
        <ele>142</ele>
        <time>2016-04-28T11:21:54.000Z</time>
        <extensions>
          <ns3:TrackPointExtension>
            <ns3:hr>153</ns3:hr>
            <ns3:cad>96</ns3:cad>
          </ns3:TrackPointExtension>
        </extensions>
      </trkpt>
      <trkpt lat="29.14918784983456134796142578125" lon="120.32844149507582187652587890625">
        <ele>142</ele>
        <time>2016-04-28T11:21:55.000Z</time>
        <extensions>
          <ns3:TrackPointExtension>
            <ns3:hr>151</ns3:hr>
            <ns3:cad>97</ns3:cad>
          </ns3:TrackPointExtension>
        </extensions>
      </trkpt>
      <trkpt lat="29.1491601057350635528564453125" lon="120.328431017696857452392578125">
        <ele>141.8000030517578125</ele>
        <time>2016-04-28T11:21:56.000Z</time>
        <extensions>
          <ns3:TrackPointExtension>
            <ns3:hr>153</ns3:hr>
            <ns3:cad>97</ns3:cad>
          </ns3:TrackPointExtension>
        </extensions>
      </trkpt>
      <trkpt lat="29.149134121835231781005859375" lon="120.3284226357936859130859375">
        <ele>141.600006103515625</ele>
        <time>2016-04-28T11:21:57.000Z</time>
        <extensions>
          <ns3:TrackPointExtension>
            <ns3:hr>152</ns3:hr>
            <ns3:cad>97</ns3:cad>
          </ns3:TrackPointExtension>
        </extensions>
      </trkpt>
      <trkpt lat="29.14910939522087574005126953125" lon="120.32841450534760951995849609375">
        <ele>141.399993896484375</ele>
        <time>2016-04-28T11:21:58.000Z</time>
        <extensions>
          <ns3:TrackPointExtension>
            <ns3:hr>154</ns3:hr>
            <ns3:cad>96</ns3:cad>
          </ns3:TrackPointExtension>
        </extensions>
      </trkpt>
      <trkpt lat="29.1490839980542659759521484375" lon="120.328404866158962249755859375">
        <ele>141.399993896484375</ele>
        <time>2016-04-28T11:21:59.000Z</time>
        <extensions>
          <ns3:TrackPointExtension>
            <ns3:hr>154</ns3:hr>
            <ns3:cad>97</ns3:cad>
          </ns3:TrackPointExtension>
        </extensions>
      </trkpt>
      <trkpt lat="29.14906010963022708892822265625" lon="120.3283963166177272796630859375">
        <ele>141.1999969482421875</ele>
        <time>2016-04-28T11:22:00.000Z</time>
        <extensions>
          <ns3:TrackPointExtension>
            <ns3:hr>149</ns3:hr>
            <ns3:cad>97</ns3:cad>
          </ns3:TrackPointExtension>
        </extensions>
      </trkpt>
      <trkpt lat="29.14903345517814159393310546875" lon="120.32838650979101657867431640625">
        <ele>141</ele>
        <time>2016-04-28T11:22:01.000Z</time>
        <extensions>
          <ns3:TrackPointExtension>
            <ns3:hr>150</ns3:hr>
            <ns3:cad>97</ns3:cad>
          </ns3:TrackPointExtension>
        </extensions>
      </trkpt>
      <trkpt lat="29.14900680072605609893798828125" lon="120.32837829552590847015380859375">
        <ele>140.8000030517578125</ele>
        <time>2016-04-28T11:22:02.000Z</time>
        <extensions>
          <ns3:TrackPointExtension>
            <ns3:hr>151</ns3:hr>
            <ns3:cad>97</ns3:cad>
          </ns3:TrackPointExtension>
        </extensions>
      </trkpt>
      <trkpt lat="29.148981906473636627197265625" lon="120.32837024889886379241943359375">
        <ele>140.8000030517578125</ele>
        <time>2016-04-28T11:22:03.000Z</time>
        <extensions>
          <ns3:TrackPointExtension>
            <ns3:hr>151</ns3:hr>
            <ns3:cad>97</ns3:cad>
          </ns3:TrackPointExtension>
        </extensions>
      </trkpt>
      <trkpt lat="29.1489534080028533935546875" lon="120.328360609710216522216796875">
        <ele>141</ele>
        <time>2016-04-28T11:22:04.000Z</time>
        <extensions>
          <ns3:TrackPointExtension>
            <ns3:hr>151</ns3:hr>
            <ns3:cad>97</ns3:cad>
          </ns3:TrackPointExtension>
        </extensions>
      </trkpt>
      <trkpt lat="29.14892717264592647552490234375" lon="120.3283517248928546905517578125">
        <ele>141</ele>
        <time>2016-04-28T11:22:05.000Z</time>
        <extensions>
          <ns3:TrackPointExtension>
            <ns3:hr>152</ns3:hr>
            <ns3:cad>99</ns3:cad>
          </ns3:TrackPointExtension>
        </extensions>
      </trkpt>
      <trkpt lat="29.14890202693641185760498046875" lon="120.3283423371613025665283203125">
        <ele>141</ele>
        <time>2016-04-28T11:22:06.000Z</time>
        <extensions>
          <ns3:TrackPointExtension>
            <ns3:hr>152</ns3:hr>
            <ns3:cad>99</ns3:cad>
          </ns3:TrackPointExtension>
        </extensions>
      </trkpt>
      <trkpt lat="29.14887738414108753204345703125" lon="120.32833286561071872711181640625">
        <ele>141</ele>
        <time>2016-04-28T11:22:07.000Z</time>
        <extensions>
          <ns3:TrackPointExtension>
            <ns3:hr>152</ns3:hr>
            <ns3:cad>98</ns3:cad>
          </ns3:TrackPointExtension>
        </extensions>
      </trkpt>
      <trkpt lat="29.14885391481220722198486328125" lon="120.32832498662173748016357421875">
        <ele>141</ele>
        <time>2016-04-28T11:22:08.000Z</time>
        <extensions>
          <ns3:TrackPointExtension>
            <ns3:hr>152</ns3:hr>
            <ns3:cad>98</ns3:cad>
          </ns3:TrackPointExtension>
        </extensions>
      </trkpt>
      <trkpt lat="29.14882809855043888092041015625" lon="120.328315682709217071533203125">
        <ele>141.1999969482421875</ele>
        <time>2016-04-28T11:22:09.000Z</time>
        <extensions>
          <ns3:TrackPointExtension>
            <ns3:hr>152</ns3:hr>
            <ns3:cad>97</ns3:cad>
          </ns3:TrackPointExtension>
        </extensions>
      </trkpt>
      <trkpt lat="29.148802198469638824462890625" lon="120.328306965529918670654296875">
        <ele>141.1999969482421875</ele>
        <time>2016-04-28T11:22:10.000Z</time>
        <extensions>
          <ns3:TrackPointExtension>
            <ns3:hr>152</ns3:hr>
            <ns3:cad>97</ns3:cad>
          </ns3:TrackPointExtension>
        </extensions>
      </trkpt>
      <trkpt lat="29.14877579547464847564697265625" lon="120.3282992541790008544921875">
        <ele>141.1999969482421875</ele>
        <time>2016-04-28T11:22:11.000Z</time>
        <extensions>
          <ns3:TrackPointExtension>
            <ns3:hr>152</ns3:hr>
            <ns3:cad>96</ns3:cad>
          </ns3:TrackPointExtension>
        </extensions>
      </trkpt>
      <trkpt lat="29.14874997921288013458251953125" lon="120.3282917104661464691162109375">
        <ele>141.399993896484375</ele>
        <time>2016-04-28T11:22:12.000Z</time>
        <extensions>
          <ns3:TrackPointExtension>
            <ns3:hr>151</ns3:hr>
            <ns3:cad>96</ns3:cad>
          </ns3:TrackPointExtension>
        </extensions>
      </trkpt>
      <trkpt lat="29.14872734807431697845458984375" lon="120.32828492112457752227783203125">
        <ele>141.399993896484375</ele>
        <time>2016-04-28T11:22:13.000Z</time>
        <extensions>
          <ns3:TrackPointExtension>
            <ns3:hr>151</ns3:hr>
            <ns3:cad>96</ns3:cad>
          </ns3:TrackPointExtension>
        </extensions>
      </trkpt>
      <trkpt lat="29.14870463311672210693359375" lon="120.3282762877643108367919921875">
        <ele>141.399993896484375</ele>
        <time>2016-04-28T11:22:14.000Z</time>
        <extensions>
          <ns3:TrackPointExtension>
            <ns3:hr>152</ns3:hr>
            <ns3:cad>97</ns3:cad>
          </ns3:TrackPointExtension>
        </extensions>
      </trkpt>
      <trkpt lat="29.14868476800620555877685546875" lon="120.3282665647566318511962890625">
        <ele>141.600006103515625</ele>
        <time>2016-04-28T11:22:15.000Z</time>
        <extensions>
          <ns3:TrackPointExtension>
            <ns3:hr>152</ns3:hr>
            <ns3:cad>97</ns3:cad>
          </ns3:TrackPointExtension>
        </extensions>
      </trkpt>
      <trkpt lat="29.14866431616246700286865234375" lon="120.32825767993927001953125">
        <ele>141.600006103515625</ele>
        <time>2016-04-28T11:22:16.000Z</time>
        <extensions>
          <ns3:TrackPointExtension>
            <ns3:hr>152</ns3:hr>
            <ns3:cad>98</ns3:cad>
          </ns3:TrackPointExtension>
        </extensions>
      </trkpt>
      <trkpt lat="29.1486421041190624237060546875" lon="120.32824770547449588775634765625">
        <ele>141.8000030517578125</ele>
        <time>2016-04-28T11:22:17.000Z</time>
        <extensions>
          <ns3:TrackPointExtension>
            <ns3:hr>152</ns3:hr>
            <ns3:cad>98</ns3:cad>
          </ns3:TrackPointExtension>
        </extensions>
      </trkpt>
      <trkpt lat="29.14862014353275299072265625" lon="120.32823823392391204833984375">
        <ele>141.8000030517578125</ele>
        <time>2016-04-28T11:22:18.000Z</time>
        <extensions>
          <ns3:TrackPointExtension>
            <ns3:hr>153</ns3:hr>
            <ns3:cad>98</ns3:cad>
          </ns3:TrackPointExtension>
        </extensions>
      </trkpt>
      <trkpt lat="29.14859776385128498077392578125" lon="120.3282293491065502166748046875">
        <ele>142</ele>
        <time>2016-04-28T11:22:19.000Z</time>
        <extensions>
          <ns3:TrackPointExtension>
            <ns3:hr>152</ns3:hr>
            <ns3:cad>97</ns3:cad>
          </ns3:TrackPointExtension>
        </extensions>
      </trkpt>
      <trkpt lat="29.14857865311205387115478515625" lon="120.32822038047015666961669921875">
        <ele>142</ele>
        <time>2016-04-28T11:22:20.000Z</time>
        <extensions>
          <ns3:TrackPointExtension>
            <ns3:hr>153</ns3:hr>
            <ns3:cad>96</ns3:cad>
          </ns3:TrackPointExtension>
        </extensions>
      </trkpt>
      <trkpt lat="29.14855920709669589996337890625" lon="120.32821183092892169952392578125">
        <ele>142</ele>
        <time>2016-04-28T11:22:21.000Z</time>
        <extensions>
          <ns3:TrackPointExtension>
            <ns3:hr>154</ns3:hr>
            <ns3:cad>96</ns3:cad>
          </ns3:TrackPointExtension>
        </extensions>
      </trkpt>
      <trkpt lat="29.14853523485362529754638671875" lon="120.328204371035099029541015625">
        <ele>142</ele>
        <time>2016-04-28T11:22:22.000Z</time>
        <extensions>
          <ns3:TrackPointExtension>
            <ns3:hr>153</ns3:hr>
            <ns3:cad>95</ns3:cad>
          </ns3:TrackPointExtension>
        </extensions>
      </trkpt>
      <trkpt lat="29.1485110111534595489501953125" lon="120.3281981684267520904541015625">
        <ele>142.1999969482421875</ele>
        <time>2016-04-28T11:22:23.000Z</time>
        <extensions>
          <ns3:TrackPointExtension>
            <ns3:hr>153</ns3:hr>
            <ns3:cad>95</ns3:cad>
          </ns3:TrackPointExtension>
        </extensions>
      </trkpt>
      <trkpt lat="29.148487038910388946533203125" lon="120.3281894512474536895751953125">
        <ele>142.1999969482421875</ele>
        <time>2016-04-28T11:22:24.000Z</time>
        <extensions>
          <ns3:TrackPointExtension>
            <ns3:hr>153</ns3:hr>
            <ns3:cad>95</ns3:cad>
          </ns3:TrackPointExtension>
        </extensions>
      </trkpt>
      <trkpt lat="29.14846457540988922119140625" lon="120.328182913362979888916015625">
        <ele>142.1999969482421875</ele>
        <time>2016-04-28T11:22:25.000Z</time>
        <extensions>
          <ns3:TrackPointExtension>
            <ns3:hr>153</ns3:hr>
            <ns3:cad>96</ns3:cad>
          </ns3:TrackPointExtension>
        </extensions>
      </trkpt>
      <trkpt lat="29.14844186045229434967041015625" lon="120.32817914150655269622802734375">
        <ele>142.1999969482421875</ele>
        <time>2016-04-28T11:22:26.000Z</time>
        <extensions>
          <ns3:TrackPointExtension>
            <ns3:hr>154</ns3:hr>
            <ns3:cad>96</ns3:cad>
          </ns3:TrackPointExtension>
        </extensions>
      </trkpt>
      <trkpt lat="29.14841629564762115478515625" lon="120.3281787224113941192626953125">
        <ele>142.1999969482421875</ele>
        <time>2016-04-28T11:22:27.000Z</time>
        <extensions>
          <ns3:TrackPointExtension>
            <ns3:hr>154</ns3:hr>
            <ns3:cad>98</ns3:cad>
          </ns3:TrackPointExtension>
        </extensions>
      </trkpt>
      <trkpt lat="29.14839215576648712158203125" lon="120.3281803987920284271240234375">
        <ele>142.1999969482421875</ele>
        <time>2016-04-28T11:22:28.000Z</time>
        <extensions>
          <ns3:TrackPointExtension>
            <ns3:hr>153</ns3:hr>
            <ns3:cad>97</ns3:cad>
          </ns3:TrackPointExtension>
        </extensions>
      </trkpt>
      <trkpt lat="29.14836742915213108062744140625" lon="120.32818199135363101959228515625">
        <ele>142.1999969482421875</ele>
        <time>2016-04-28T11:22:29.000Z</time>
        <extensions>
          <ns3:TrackPointExtension>
            <ns3:hr>153</ns3:hr>
            <ns3:cad>97</ns3:cad>
          </ns3:TrackPointExtension>
        </extensions>
      </trkpt>
      <trkpt lat="29.14834278635680675506591796875" lon="120.32818484120070934295654296875">
        <ele>142.399993896484375</ele>
        <time>2016-04-28T11:22:30.000Z</time>
        <extensions>
          <ns3:TrackPointExtension>
            <ns3:hr>153</ns3:hr>
            <ns3:cad>97</ns3:cad>
          </ns3:TrackPointExtension>
        </extensions>
      </trkpt>
      <trkpt lat="29.14831831119954586029052734375" lon="120.32819129526615142822265625">
        <ele>142.399993896484375</ele>
        <time>2016-04-28T11:22:31.000Z</time>
        <extensions>
          <ns3:TrackPointExtension>
            <ns3:hr>153</ns3:hr>
            <ns3:cad>95</ns3:cad>
          </ns3:TrackPointExtension>
        </extensions>
      </trkpt>
      <trkpt lat="29.148292578756809234619140625" lon="120.32819825224578380584716796875">
        <ele>142.600006103515625</ele>
        <time>2016-04-28T11:22:32.000Z</time>
        <extensions>
          <ns3:TrackPointExtension>
            <ns3:hr>153</ns3:hr>
            <ns3:cad>95</ns3:cad>
          </ns3:TrackPointExtension>
        </extensions>
      </trkpt>
      <trkpt lat="29.148269109427928924560546875" lon="120.32820881344377994537353515625">
        <ele>142.600006103515625</ele>
        <time>2016-04-28T11:22:33.000Z</time>
        <extensions>
          <ns3:TrackPointExtension>
            <ns3:hr>153</ns3:hr>
            <ns3:cad>96</ns3:cad>
          </ns3:TrackPointExtension>
        </extensions>
      </trkpt>
      <trkpt lat="29.14824689738452434539794921875" lon="120.3282199613749980926513671875">
        <ele>142.8000030517578125</ele>
        <time>2016-04-28T11:22:34.000Z</time>
        <extensions>
          <ns3:TrackPointExtension>
            <ns3:hr>154</ns3:hr>
            <ns3:cad>96</ns3:cad>
          </ns3:TrackPointExtension>
        </extensions>
      </trkpt>
      <trkpt lat="29.1482277028262615203857421875" lon="120.32823110930621623992919921875">
        <ele>142.8000030517578125</ele>
        <time>2016-04-28T11:22:35.000Z</time>
        <extensions>
          <ns3:TrackPointExtension>
            <ns3:hr>154</ns3:hr>
            <ns3:cad>96</ns3:cad>
          </ns3:TrackPointExtension>
        </extensions>
      </trkpt>
      <trkpt lat="29.14821051992475986480712890625" lon="120.328243263065814971923828125">
        <ele>143</ele>
        <time>2016-04-28T11:22:36.000Z</time>
        <extensions>
          <ns3:TrackPointExtension>
            <ns3:hr>154</ns3:hr>
            <ns3:cad>96</ns3:cad>
          </ns3:TrackPointExtension>
        </extensions>
      </trkpt>
      <trkpt lat="29.14819140918552875518798828125" lon="120.328257344663143157958984375">
        <ele>143</ele>
        <time>2016-04-28T11:22:37.000Z</time>
        <extensions>
          <ns3:TrackPointExtension>
            <ns3:hr>153</ns3:hr>
            <ns3:cad>98</ns3:cad>
          </ns3:TrackPointExtension>
        </extensions>
      </trkpt>
      <trkpt lat="29.14817363955080509185791015625" lon="120.32827419228851795196533203125">
        <ele>143</ele>
        <time>2016-04-28T11:22:38.000Z</time>
        <extensions>
          <ns3:TrackPointExtension>
            <ns3:hr>154</ns3:hr>
            <ns3:cad>98</ns3:cad>
          </ns3:TrackPointExtension>
        </extensions>
      </trkpt>
      <trkpt lat="29.1481569595634937286376953125" lon="120.32829347066581249237060546875">
        <ele>143</ele>
        <time>2016-04-28T11:22:39.000Z</time>
        <extensions>
          <ns3:TrackPointExtension>
            <ns3:hr>154</ns3:hr>
            <ns3:cad>98</ns3:cad>
          </ns3:TrackPointExtension>
        </extensions>
      </trkpt>
      <trkpt lat="29.148142039775848388671875" lon="120.3283145092427730560302734375">
        <ele>143.1999969482421875</ele>
        <time>2016-04-28T11:22:40.000Z</time>
        <extensions>
          <ns3:TrackPointExtension>
            <ns3:hr>154</ns3:hr>
            <ns3:cad>97</ns3:cad>
          </ns3:TrackPointExtension>
        </extensions>
      </trkpt>
      <trkpt lat="29.14813005365431308746337890625" lon="120.3283396549522876739501953125">
        <ele>143.1999969482421875</ele>
        <time>2016-04-28T11:22:41.000Z</time>
        <extensions>
          <ns3:TrackPointExtension>
            <ns3:hr>154</ns3:hr>
            <ns3:cad>97</ns3:cad>
          </ns3:TrackPointExtension>
        </extensions>
      </trkpt>
      <trkpt lat="29.14811463095247745513916015625" lon="120.32836521975696086883544921875">
        <ele>143.1999969482421875</ele>
        <time>2016-04-28T11:22:42.000Z</time>
        <extensions>
          <ns3:TrackPointExtension>
            <ns3:hr>154</ns3:hr>
            <ns3:cad>96</ns3:cad>
          </ns3:TrackPointExtension>
        </extensions>
      </trkpt>
      <trkpt lat="29.14810172282159328460693359375" lon="120.32838935963809490203857421875">
        <ele>143.1999969482421875</ele>
        <time>2016-04-28T11:22:43.000Z</time>
        <extensions>
          <ns3:TrackPointExtension>
            <ns3:hr>154</ns3:hr>
            <ns3:cad>96</ns3:cad>
          </ns3:TrackPointExtension>
        </extensions>
      </trkpt>
      <trkpt lat="29.1480915807187557220458984375" lon="120.3284134157001972198486328125">
        <ele>143.1999969482421875</ele>
        <time>2016-04-28T11:22:44.000Z</time>
        <extensions>
          <ns3:TrackPointExtension>
            <ns3:hr>154</ns3:hr>
            <ns3:cad>98</ns3:cad>
          </ns3:TrackPointExtension>
        </extensions>
      </trkpt>
      <trkpt lat="29.1480811871588230133056640625" lon="120.32844283618032932281494140625">
        <ele>143.399993896484375</ele>
        <time>2016-04-28T11:22:45.000Z</time>
        <extensions>
          <ns3:TrackPointExtension>
            <ns3:hr>154</ns3:hr>
            <ns3:cad>98</ns3:cad>
          </ns3:TrackPointExtension>
        </extensions>
      </trkpt>
      <trkpt lat="29.1480738110840320587158203125" lon="120.3284737654030323028564453125">
        <ele>143.399993896484375</ele>
        <time>2016-04-28T11:22:46.000Z</time>
        <extensions>
          <ns3:TrackPointExtension>
            <ns3:hr>154</ns3:hr>
            <ns3:cad>97</ns3:cad>
          </ns3:TrackPointExtension>
        </extensions>
      </trkpt>
      <trkpt lat="29.14806568063795566558837890625" lon="120.32850419171154499053955078125">
        <ele>143.399993896484375</ele>
        <time>2016-04-28T11:22:47.000Z</time>
        <extensions>
          <ns3:TrackPointExtension>
            <ns3:hr>154</ns3:hr>
            <ns3:cad>96</ns3:cad>
          </ns3:TrackPointExtension>
        </extensions>
      </trkpt>
      <trkpt lat="29.14806090295314788818359375" lon="120.328532271087169647216796875">
        <ele>143.600006103515625</ele>
        <time>2016-04-28T11:22:48.000Z</time>
        <extensions>
          <ns3:TrackPointExtension>
            <ns3:hr>154</ns3:hr>
            <ns3:cad>96</ns3:cad>
          </ns3:TrackPointExtension>
        </extensions>
      </trkpt>
      <trkpt lat="29.1480583883821964263916015625" lon="120.328560434281826019287109375">
        <ele>143.8000030517578125</ele>
        <time>2016-04-28T11:22:49.000Z</time>
        <extensions>
          <ns3:TrackPointExtension>
            <ns3:hr>153</ns3:hr>
            <ns3:cad>96</ns3:cad>
          </ns3:TrackPointExtension>
        </extensions>
      </trkpt>
      <trkpt lat="29.14805687963962554931640625" lon="120.32858951948583126068115234375">
        <ele>144</ele>
        <time>2016-04-28T11:22:50.000Z</time>
        <extensions>
          <ns3:TrackPointExtension>
            <ns3:hr>153</ns3:hr>
            <ns3:cad>96</ns3:cad>
          </ns3:TrackPointExtension>
        </extensions>
      </trkpt>
      <trkpt lat="29.14805981330573558807373046875" lon="120.3286175988614559173583984375">
        <ele>144.1999969482421875</ele>
        <time>2016-04-28T11:22:51.000Z</time>
        <extensions>
          <ns3:TrackPointExtension>
            <ns3:hr>153</ns3:hr>
            <ns3:cad>96</ns3:cad>
          </ns3:TrackPointExtension>
        </extensions>
      </trkpt>
      <trkpt lat="29.14806425571441650390625" lon="120.32864517532289028167724609375">
        <ele>144.399993896484375</ele>
        <time>2016-04-28T11:22:52.000Z</time>
        <extensions>
          <ns3:TrackPointExtension>
            <ns3:hr>153</ns3:hr>
            <ns3:cad>97</ns3:cad>
          </ns3:TrackPointExtension>
        </extensions>
      </trkpt>
      <trkpt lat="29.1480696201324462890625" lon="120.32867409288883209228515625">
        <ele>144.600006103515625</ele>
        <time>2016-04-28T11:22:53.000Z</time>
        <extensions>
          <ns3:TrackPointExtension>
            <ns3:hr>153</ns3:hr>
            <ns3:cad>97</ns3:cad>
          </ns3:TrackPointExtension>
        </extensions>
      </trkpt>
      <trkpt lat="29.14807858876883983612060546875" lon="120.32870116643607616424560546875">
        <ele>144.8000030517578125</ele>
        <time>2016-04-28T11:22:54.000Z</time>
        <extensions>
          <ns3:TrackPointExtension>
            <ns3:hr>153</ns3:hr>
            <ns3:cad>97</ns3:cad>
          </ns3:TrackPointExtension>
        </extensions>
      </trkpt>
      <trkpt lat="29.14808864705264568328857421875" lon="120.3287279047071933746337890625">
        <ele>144.8000030517578125</ele>
        <time>2016-04-28T11:22:55.000Z</time>
        <extensions>
          <ns3:TrackPointExtension>
            <ns3:hr>153</ns3:hr>
            <ns3:cad>97</ns3:cad>
          </ns3:TrackPointExtension>
        </extensions>
      </trkpt>
      <trkpt lat="29.14809711277484893798828125" lon="120.328752882778644561767578125">
        <ele>144.8000030517578125</ele>
        <time>2016-04-28T11:22:56.000Z</time>
        <extensions>
          <ns3:TrackPointExtension>
            <ns3:hr>153</ns3:hr>
            <ns3:cad>97</ns3:cad>
          </ns3:TrackPointExtension>
        </extensions>
      </trkpt>
      <trkpt lat="29.1481056623160839080810546875" lon="120.3287771902978420257568359375">
        <ele>145</ele>
        <time>2016-04-28T11:22:57.000Z</time>
        <extensions>
          <ns3:TrackPointExtension>
            <ns3:hr>153</ns3:hr>
            <ns3:cad>97</ns3:cad>
          </ns3:TrackPointExtension>
        </extensions>
      </trkpt>
      <trkpt lat="29.1481177322566509246826171875" lon="120.3288033418357372283935546875">
        <ele>145</ele>
        <time>2016-04-28T11:22:58.000Z</time>
        <extensions>
          <ns3:TrackPointExtension>
            <ns3:hr>154</ns3:hr>
            <ns3:cad>97</ns3:cad>
          </ns3:TrackPointExtension>
        </extensions>
      </trkpt>
      <trkpt lat="29.14813173003494739532470703125" lon="120.32882672734558582305908203125">
        <ele>145</ele>
        <time>2016-04-28T11:22:59.000Z</time>
        <extensions>
          <ns3:TrackPointExtension>
            <ns3:hr>153</ns3:hr>
            <ns3:cad>97</ns3:cad>
          </ns3:TrackPointExtension>
        </extensions>
      </trkpt>
      <trkpt lat="29.14814866147935390472412109375" lon="120.32884776592254638671875">
        <ele>145</ele>
        <time>2016-04-28T11:23:00.000Z</time>
        <extensions>
          <ns3:TrackPointExtension>
            <ns3:hr>153</ns3:hr>
            <ns3:cad>97</ns3:cad>
          </ns3:TrackPointExtension>
        </extensions>
      </trkpt>
      <trkpt lat="29.14816894568502902984619140625" lon="120.32886897213757038116455078125">
        <ele>145</ele>
        <time>2016-04-28T11:23:01.000Z</time>
        <extensions>
          <ns3:TrackPointExtension>
            <ns3:hr>153</ns3:hr>
            <ns3:cad>97</ns3:cad>
          </ns3:TrackPointExtension>
        </extensions>
      </trkpt>
      <trkpt lat="29.148189984261989593505859375" lon="120.328889004886150360107421875">
        <ele>145</ele>
        <time>2016-04-28T11:23:02.000Z</time>
        <extensions>
          <ns3:TrackPointExtension>
            <ns3:hr>153</ns3:hr>
            <ns3:cad>97</ns3:cad>
          </ns3:TrackPointExtension>
        </extensions>
      </trkpt>
      <trkpt lat="29.148212783038616180419921875" lon="120.32890819944441318511962890625">
        <ele>144.8000030517578125</ele>
        <time>2016-04-28T11:23:03.000Z</time>
        <extensions>
          <ns3:TrackPointExtension>
            <ns3:hr>153</ns3:hr>
            <ns3:cad>98</ns3:cad>
          </ns3:TrackPointExtension>
        </extensions>
      </trkpt>
      <trkpt lat="29.14823792874813079833984375" lon="120.32892378978431224822998046875">
        <ele>144.8000030517578125</ele>
        <time>2016-04-28T11:23:04.000Z</time>
        <extensions>
          <ns3:TrackPointExtension>
            <ns3:hr>153</ns3:hr>
            <ns3:cad>98</ns3:cad>
          </ns3:TrackPointExtension>
        </extensions>
      </trkpt>
      <trkpt lat="29.14826349355280399322509765625" lon="120.3289377875626087188720703125">
        <ele>144.600006103515625</ele>
        <time>2016-04-28T11:23:05.000Z</time>
        <extensions>
          <ns3:TrackPointExtension>
            <ns3:hr>153</ns3:hr>
            <ns3:cad>97</ns3:cad>
          </ns3:TrackPointExtension>
        </extensions>
      </trkpt>
      <trkpt lat="29.14829031564295291900634765625" lon="120.32895061187446117401123046875">
        <ele>144.600006103515625</ele>
        <time>2016-04-28T11:23:06.000Z</time>
        <extensions>
          <ns3:TrackPointExtension>
            <ns3:hr>153</ns3:hr>
            <ns3:cad>97</ns3:cad>
          </ns3:TrackPointExtension>
        </extensions>
      </trkpt>
      <trkpt lat="29.1483162157237529754638671875" lon="120.32896100543439388275146484375">
        <ele>144.399993896484375</ele>
        <time>2016-04-28T11:23:07.000Z</time>
        <extensions>
          <ns3:TrackPointExtension>
            <ns3:hr>153</ns3:hr>
            <ns3:cad>97</ns3:cad>
          </ns3:TrackPointExtension>
        </extensions>
      </trkpt>
      <trkpt lat="29.1483445465564727783203125" lon="120.328971482813358306884765625">
        <ele>144.399993896484375</ele>
        <time>2016-04-28T11:23:08.000Z</time>
        <extensions>
          <ns3:TrackPointExtension>
            <ns3:hr>153</ns3:hr>
            <ns3:cad>97</ns3:cad>
          </ns3:TrackPointExtension>
        </extensions>
      </trkpt>
      <trkpt lat="29.1483728773891925811767578125" lon="120.3289800323545932769775390625">
        <ele>144.1999969482421875</ele>
        <time>2016-04-28T11:23:09.000Z</time>
        <extensions>
          <ns3:TrackPointExtension>
            <ns3:hr>154</ns3:hr>
            <ns3:cad>97</ns3:cad>
          </ns3:TrackPointExtension>
        </extensions>
      </trkpt>
      <trkpt lat="29.1483993642032146453857421875" lon="120.32898833043873310089111328125">
        <ele>144</ele>
        <time>2016-04-28T11:23:10.000Z</time>
        <extensions>
          <ns3:TrackPointExtension>
            <ns3:hr>154</ns3:hr>
            <ns3:cad>97</ns3:cad>
          </ns3:TrackPointExtension>
        </extensions>
      </trkpt>
      <trkpt lat="29.14842459373176097869873046875" lon="120.3289981372654438018798828125">
        <ele>144</ele>
        <time>2016-04-28T11:23:11.000Z</time>
        <extensions>
          <ns3:TrackPointExtension>
            <ns3:hr>154</ns3:hr>
            <ns3:cad>97</ns3:cad>
          </ns3:TrackPointExtension>
        </extensions>
      </trkpt>
      <trkpt lat="29.14844672195613384246826171875" lon="120.32900794409215450286865234375">
        <ele>143.8000030517578125</ele>
        <time>2016-04-28T11:23:12.000Z</time>
        <extensions>
          <ns3:TrackPointExtension>
            <ns3:hr>154</ns3:hr>
            <ns3:cad>97</ns3:cad>
          </ns3:TrackPointExtension>
        </extensions>
      </trkpt>
      <trkpt lat="29.14847035892307758331298828125" lon="120.3290189243853092193603515625">
        <ele>143.399993896484375</ele>
        <time>2016-04-28T11:23:13.000Z</time>
        <extensions>
          <ns3:TrackPointExtension>
            <ns3:hr>154</ns3:hr>
            <ns3:cad>97</ns3:cad>
          </ns3:TrackPointExtension>
        </extensions>
      </trkpt>
      <trkpt lat="29.14849701337516307830810546875" lon="120.329027138650417327880859375">
        <ele>143</ele>
        <time>2016-04-28T11:23:14.000Z</time>
        <extensions>
          <ns3:TrackPointExtension>
            <ns3:hr>154</ns3:hr>
            <ns3:cad>96</ns3:cad>
          </ns3:TrackPointExtension>
        </extensions>
      </trkpt>
      <trkpt lat="29.14852215908467769622802734375" lon="120.3290340118110179901123046875">
        <ele>142.600006103515625</ele>
        <time>2016-04-28T11:23:15.000Z</time>
        <extensions>
          <ns3:TrackPointExtension>
            <ns3:hr>154</ns3:hr>
            <ns3:cad>96</ns3:cad>
          </ns3:TrackPointExtension>
        </extensions>
      </trkpt>
      <trkpt lat="29.14855149574577808380126953125" lon="120.32904088497161865234375">
        <ele>142</ele>
        <time>2016-04-28T11:23:16.000Z</time>
        <extensions>
          <ns3:TrackPointExtension>
            <ns3:hr>155</ns3:hr>
            <ns3:cad>96</ns3:cad>
          </ns3:TrackPointExtension>
        </extensions>
      </trkpt>
      <trkpt lat="29.14858032949268817901611328125" lon="120.32904432155191898345947265625">
        <ele>141.600006103515625</ele>
        <time>2016-04-28T11:23:17.000Z</time>
        <extensions>
          <ns3:TrackPointExtension>
            <ns3:hr>155</ns3:hr>
            <ns3:cad>96</ns3:cad>
          </ns3:TrackPointExtension>
        </extensions>
      </trkpt>
      <trkpt lat="29.14860731922090053558349609375" lon="120.32905002124607563018798828125">
        <ele>141</ele>
        <time>2016-04-28T11:23:18.000Z</time>
        <extensions>
          <ns3:TrackPointExtension>
            <ns3:hr>155</ns3:hr>
            <ns3:cad>97</ns3:cad>
          </ns3:TrackPointExtension>
        </extensions>
      </trkpt>
      <trkpt lat="29.14863623678684234619140625" lon="120.3290591575205326080322265625">
        <ele>140.600006103515625</ele>
        <time>2016-04-28T11:23:19.000Z</time>
        <extensions>
          <ns3:TrackPointExtension>
            <ns3:hr>156</ns3:hr>
            <ns3:cad>97</ns3:cad>
          </ns3:TrackPointExtension>
        </extensions>
      </trkpt>
      <trkpt lat="29.148661382496356964111328125" lon="120.32906879670917987823486328125">
        <ele>140.1999969482421875</ele>
        <time>2016-04-28T11:23:20.000Z</time>
        <extensions>
          <ns3:TrackPointExtension>
            <ns3:hr>157</ns3:hr>
            <ns3:cad>98</ns3:cad>
          </ns3:TrackPointExtension>
        </extensions>
      </trkpt>
      <trkpt lat="29.1486877016723155975341796875" lon="120.32907935790717601776123046875">
        <ele>139.8000030517578125</ele>
        <time>2016-04-28T11:23:21.000Z</time>
        <extensions>
          <ns3:TrackPointExtension>
            <ns3:hr>157</ns3:hr>
            <ns3:cad>98</ns3:cad>
          </ns3:TrackPointExtension>
        </extensions>
      </trkpt>
      <trkpt lat="29.14871578104794025421142578125" lon="120.3290876559913158416748046875">
        <ele>139.1999969482421875</ele>
        <time>2016-04-28T11:23:22.000Z</time>
        <extensions>
          <ns3:TrackPointExtension>
            <ns3:hr>157</ns3:hr>
            <ns3:cad>98</ns3:cad>
          </ns3:TrackPointExtension>
        </extensions>
      </trkpt>
      <trkpt lat="29.1487406753003597259521484375" lon="120.3290950320661067962646484375">
        <ele>139</ele>
        <time>2016-04-28T11:23:23.000Z</time>
        <extensions>
          <ns3:TrackPointExtension>
            <ns3:hr>157</ns3:hr>
            <ns3:cad>97</ns3:cad>
          </ns3:TrackPointExtension>
        </extensions>
      </trkpt>
      <trkpt lat="29.1487685032188892364501953125" lon="120.32910450361669063568115234375">
        <ele>138.8000030517578125</ele>
        <time>2016-04-28T11:23:24.000Z</time>
        <extensions>
          <ns3:TrackPointExtension>
            <ns3:hr>157</ns3:hr>
            <ns3:cad>97</ns3:cad>
          </ns3:TrackPointExtension>
        </extensions>
      </trkpt>
      <trkpt lat="29.1487951576709747314453125" lon="120.32911263406276702880859375">
        <ele>138.600006103515625</ele>
        <time>2016-04-28T11:23:25.000Z</time>
        <extensions>
          <ns3:TrackPointExtension>
            <ns3:hr>157</ns3:hr>
            <ns3:cad>96</ns3:cad>
          </ns3:TrackPointExtension>
        </extensions>
      </trkpt>
      <trkpt lat="29.14882038719952106475830078125" lon="120.32912227325141429901123046875">
        <ele>138.600006103515625</ele>
        <time>2016-04-28T11:23:26.000Z</time>
        <extensions>
          <ns3:TrackPointExtension>
            <ns3:hr>157</ns3:hr>
            <ns3:cad>96</ns3:cad>
          </ns3:TrackPointExtension>
        </extensions>
      </trkpt>
      <trkpt lat="29.14884469471871852874755859375" lon="120.329133756458759307861328125">
        <ele>138.399993896484375</ele>
        <time>2016-04-28T11:23:27.000Z</time>
        <extensions>
          <ns3:TrackPointExtension>
            <ns3:hr>157</ns3:hr>
            <ns3:cad>96</ns3:cad>
          </ns3:TrackPointExtension>
        </extensions>
      </trkpt>
      <trkpt lat="29.14886782877147197723388671875" lon="120.3291416354477405548095703125">
        <ele>138.1999969482421875</ele>
        <time>2016-04-28T11:23:28.000Z</time>
        <extensions>
          <ns3:TrackPointExtension>
            <ns3:hr>157</ns3:hr>
            <ns3:cad>98</ns3:cad>
          </ns3:TrackPointExtension>
        </extensions>
      </trkpt>
      <trkpt lat="29.14889347739517688751220703125" lon="120.32915060408413410186767578125">
        <ele>138.1999969482421875</ele>
        <time>2016-04-28T11:23:29.000Z</time>
        <extensions>
          <ns3:TrackPointExtension>
            <ns3:hr>157</ns3:hr>
            <ns3:cad>98</ns3:cad>
          </ns3:TrackPointExtension>
        </extensions>
      </trkpt>
      <trkpt lat="29.14892189204692840576171875" lon="120.329158566892147064208984375">
        <ele>138</ele>
        <time>2016-04-28T11:23:30.000Z</time>
        <extensions>
          <ns3:TrackPointExtension>
            <ns3:hr>158</ns3:hr>
            <ns3:cad>98</ns3:cad>
          </ns3:TrackPointExtension>
        </extensions>
      </trkpt>
      <trkpt lat="29.14894578047096729278564453125" lon="120.3291661106050014495849609375">
        <ele>137.8000030517578125</ele>
        <time>2016-04-28T11:23:31.000Z</time>
        <extensions>
          <ns3:TrackPointExtension>
            <ns3:hr>158</ns3:hr>
            <ns3:cad>98</ns3:cad>
          </ns3:TrackPointExtension>
        </extensions>
      </trkpt>
      <trkpt lat="29.1489700041711330413818359375" lon="120.32917574979364871978759765625">
        <ele>137.600006103515625</ele>
        <time>2016-04-28T11:23:32.000Z</time>
        <extensions>
          <ns3:TrackPointExtension>
            <ns3:hr>158</ns3:hr>
            <ns3:cad>97</ns3:cad>
          </ns3:TrackPointExtension>
        </extensions>
      </trkpt>
      <trkpt lat="29.148995988070964813232421875" lon="120.3291843831539154052734375">
        <ele>137.399993896484375</ele>
        <time>2016-04-28T11:23:33.000Z</time>
        <extensions>
          <ns3:TrackPointExtension>
            <ns3:hr>158</ns3:hr>
            <ns3:cad>97</ns3:cad>
          </ns3:TrackPointExtension>
        </extensions>
      </trkpt>
      <trkpt lat="29.14902088232338428497314453125" lon="120.3291919268667697906494140625">
        <ele>137.600006103515625</ele>
        <time>2016-04-28T11:23:34.000Z</time>
        <extensions>
          <ns3:TrackPointExtension>
            <ns3:hr>158</ns3:hr>
            <ns3:cad>97</ns3:cad>
          </ns3:TrackPointExtension>
        </extensions>
      </trkpt>
      <trkpt lat="29.1490472853183746337890625" lon="120.3291982971131801605224609375">
        <ele>137.8000030517578125</ele>
        <time>2016-04-28T11:23:35.000Z</time>
        <extensions>
          <ns3:TrackPointExtension>
            <ns3:hr>158</ns3:hr>
            <ns3:cad>98</ns3:cad>
          </ns3:TrackPointExtension>
        </extensions>
      </trkpt>
      <trkpt lat="29.14907285012304782867431640625" lon="120.32920341007411479949951171875">
        <ele>138</ele>
        <time>2016-04-28T11:23:36.000Z</time>
        <extensions>
          <ns3:TrackPointExtension>
            <ns3:hr>159</ns3:hr>
            <ns3:cad>98</ns3:cad>
          </ns3:TrackPointExtension>
        </extensions>
      </trkpt>
      <trkpt lat="29.14909983985126018524169921875" lon="120.3292073495686054229736328125">
        <ele>138.1999969482421875</ele>
        <time>2016-04-28T11:23:37.000Z</time>
        <extensions>
          <ns3:TrackPointExtension>
            <ns3:hr>159</ns3:hr>
            <ns3:cad>98</ns3:cad>
          </ns3:TrackPointExtension>
        </extensions>
      </trkpt>
      <trkpt lat="29.1491269133985042572021484375" lon="120.329208858311176300048828125">
        <ele>138.399993896484375</ele>
        <time>2016-04-28T11:23:38.000Z</time>
        <extensions>
          <ns3:TrackPointExtension>
            <ns3:hr>159</ns3:hr>
            <ns3:cad>97</ns3:cad>
          </ns3:TrackPointExtension>
        </extensions>
      </trkpt>
      <trkpt lat="29.1491523943841457366943359375" lon="120.32920877449214458465576171875">
        <ele>138.600006103515625</ele>
        <time>2016-04-28T11:23:39.000Z</time>
        <extensions>
          <ns3:TrackPointExtension>
            <ns3:hr>159</ns3:hr>
            <ns3:cad>97</ns3:cad>
          </ns3:TrackPointExtension>
        </extensions>
      </trkpt>
      <trkpt lat="29.149178378283977508544921875" lon="120.32920651137828826904296875">
        <ele>139</ele>
        <time>2016-04-28T11:23:40.000Z</time>
        <extensions>
          <ns3:TrackPointExtension>
            <ns3:hr>159</ns3:hr>
            <ns3:cad>97</ns3:cad>
          </ns3:TrackPointExtension>
        </extensions>
      </trkpt>
      <trkpt lat="29.14920310489833354949951171875" lon="120.32920173369348049163818359375">
        <ele>139.1999969482421875</ele>
        <time>2016-04-28T11:23:41.000Z</time>
        <extensions>
          <ns3:TrackPointExtension>
            <ns3:hr>159</ns3:hr>
            <ns3:cad>97</ns3:cad>
          </ns3:TrackPointExtension>
        </extensions>
      </trkpt>
      <trkpt lat="29.1492278315126895904541015625" lon="120.329196117818355560302734375">
        <ele>139.399993896484375</ele>
        <time>2016-04-28T11:23:42.000Z</time>
        <extensions>
          <ns3:TrackPointExtension>
            <ns3:hr>160</ns3:hr>
            <ns3:cad>97</ns3:cad>
          </ns3:TrackPointExtension>
        </extensions>
      </trkpt>
      <trkpt lat="29.1492509655654430389404296875" lon="120.3291892446577548980712890625">
        <ele>139.600006103515625</ele>
        <time>2016-04-28T11:23:43.000Z</time>
        <extensions>
          <ns3:TrackPointExtension>
            <ns3:hr>160</ns3:hr>
            <ns3:cad>97</ns3:cad>
          </ns3:TrackPointExtension>
        </extensions>
      </trkpt>
      <trkpt lat="29.149272926151752471923828125" lon="120.329179354012012481689453125">
        <ele>140</ele>
        <time>2016-04-28T11:23:44.000Z</time>
        <extensions>
          <ns3:TrackPointExtension>
            <ns3:hr>159</ns3:hr>
            <ns3:cad>97</ns3:cad>
          </ns3:TrackPointExtension>
        </extensions>
      </trkpt>
      <trkpt lat="29.149295724928379058837890625" lon="120.32916761934757232666015625">
        <ele>140</ele>
        <time>2016-04-28T11:23:45.000Z</time>
        <extensions>
          <ns3:TrackPointExtension>
            <ns3:hr>159</ns3:hr>
            <ns3:cad>97</ns3:cad>
          </ns3:TrackPointExtension>
        </extensions>
      </trkpt>
      <trkpt lat="29.1493183560669422149658203125" lon="120.32915362156927585601806640625">
        <ele>140.1999969482421875</ele>
        <time>2016-04-28T11:23:46.000Z</time>
        <extensions>
          <ns3:TrackPointExtension>
            <ns3:hr>160</ns3:hr>
            <ns3:cad>97</ns3:cad>
          </ns3:TrackPointExtension>
        </extensions>
      </trkpt>
      <trkpt lat="29.149337969720363616943359375" lon="120.32913618721067905426025390625">
        <ele>140.1999969482421875</ele>
        <time>2016-04-28T11:23:47.000Z</time>
        <extensions>
          <ns3:TrackPointExtension>
            <ns3:hr>159</ns3:hr>
            <ns3:cad>97</ns3:cad>
          </ns3:TrackPointExtension>
        </extensions>
      </trkpt>
      <trkpt lat="29.14935481734573841094970703125" lon="120.329121686518192291259765625">
        <ele>140.399993896484375</ele>
        <time>2016-04-28T11:23:48.000Z</time>
        <extensions>
          <ns3:TrackPointExtension>
            <ns3:hr>159</ns3:hr>
            <ns3:cad>97</ns3:cad>
          </ns3:TrackPointExtension>
        </extensions>
      </trkpt>
      <trkpt lat="29.14937158115208148956298828125" lon="120.3291060961782932281494140625">
        <ele>140.399993896484375</ele>
        <time>2016-04-28T11:23:49.000Z</time>
        <extensions>
          <ns3:TrackPointExtension>
            <ns3:hr>160</ns3:hr>
            <ns3:cad>97</ns3:cad>
          </ns3:TrackPointExtension>
        </extensions>
      </trkpt>
      <trkpt lat="29.14938448928296566009521484375" lon="120.32909058965742588043212890625">
        <ele>140.600006103515625</ele>
        <time>2016-04-28T11:23:50.000Z</time>
        <extensions>
          <ns3:TrackPointExtension>
            <ns3:hr>161</ns3:hr>
            <ns3:cad>97</ns3:cad>
          </ns3:TrackPointExtension>
        </extensions>
      </trkpt>
      <trkpt lat="29.14939924143254756927490234375" lon="120.329071395099163055419921875">
        <ele>140.8000030517578125</ele>
        <time>2016-04-28T11:23:51.000Z</time>
        <extensions>
          <ns3:TrackPointExtension>
            <ns3:hr>162</ns3:hr>
            <ns3:cad>98</ns3:cad>
          </ns3:TrackPointExtension>
        </extensions>
      </trkpt>
      <trkpt lat="29.14941298775374889373779296875" lon="120.32905085943639278411865234375">
        <ele>141</ele>
        <time>2016-04-28T11:23:52.000Z</time>
        <extensions>
          <ns3:TrackPointExtension>
            <ns3:hr>162</ns3:hr>
            <ns3:cad>98</ns3:cad>
          </ns3:TrackPointExtension>
        </extensions>
      </trkpt>
      <trkpt lat="29.149425141513347625732421875" lon="120.32902839593589305877685546875">
        <ele>141.1999969482421875</ele>
        <time>2016-04-28T11:23:53.000Z</time>
        <extensions>
          <ns3:TrackPointExtension>
            <ns3:hr>160</ns3:hr>
            <ns3:cad>98</ns3:cad>
          </ns3:TrackPointExtension>
        </extensions>
      </trkpt>
      <trkpt lat="29.1494377143681049346923828125" lon="120.32900425605475902557373046875">
        <ele>141.399993896484375</ele>
        <time>2016-04-28T11:23:54.000Z</time>
        <extensions>
          <ns3:TrackPointExtension>
            <ns3:hr>159</ns3:hr>
            <ns3:cad>98</ns3:cad>
          </ns3:TrackPointExtension>
        </extensions>
      </trkpt>
      <trkpt lat="29.14944760501384735107421875" lon="120.32897961325943470001220703125">
        <ele>141.600006103515625</ele>
        <time>2016-04-28T11:23:55.000Z</time>
        <extensions>
          <ns3:TrackPointExtension>
            <ns3:hr>159</ns3:hr>
            <ns3:cad>99</ns3:cad>
          </ns3:TrackPointExtension>
        </extensions>
      </trkpt>
      <trkpt lat="29.14945565164089202880859375" lon="120.32895564101636409759521484375">
        <ele>141.600006103515625</ele>
        <time>2016-04-28T11:23:56.000Z</time>
        <extensions>
          <ns3:TrackPointExtension>
            <ns3:hr>158</ns3:hr>
            <ns3:cad>99</ns3:cad>
          </ns3:TrackPointExtension>
        </extensions>
      </trkpt>
      <trkpt lat="29.14946445263922214508056640625" lon="120.32893158495426177978515625">
        <ele>141.8000030517578125</ele>
        <time>2016-04-28T11:23:57.000Z</time>
        <extensions>
          <ns3:TrackPointExtension>
            <ns3:hr>158</ns3:hr>
            <ns3:cad>99</ns3:cad>
          </ns3:TrackPointExtension>
        </extensions>
      </trkpt>
      <trkpt lat="29.14947099052369594573974609375" lon="120.32890970818698406219482421875">
        <ele>142</ele>
        <time>2016-04-28T11:23:58.000Z</time>
        <extensions>
          <ns3:TrackPointExtension>
            <ns3:hr>158</ns3:hr>
            <ns3:cad>99</ns3:cad>
          </ns3:TrackPointExtension>
        </extensions>
      </trkpt>
      <trkpt lat="29.14947702549397945404052734375" lon="120.32888674177229404449462890625">
        <ele>142</ele>
        <time>2016-04-28T11:23:59.000Z</time>
        <extensions>
          <ns3:TrackPointExtension>
            <ns3:hr>158</ns3:hr>
            <ns3:cad>96</ns3:cad>
          </ns3:TrackPointExtension>
        </extensions>
      </trkpt>
      <trkpt lat="29.1494802944362163543701171875" lon="120.32886142842471599578857421875">
        <ele>142.1999969482421875</ele>
        <time>2016-04-28T11:24:00.000Z</time>
        <extensions>
          <ns3:TrackPointExtension>
            <ns3:hr>158</ns3:hr>
            <ns3:cad>96</ns3:cad>
          </ns3:TrackPointExtension>
        </extensions>
      </trkpt>
      <trkpt lat="29.149479456245899200439453125" lon="120.328833349049091339111328125">
        <ele>142.1999969482421875</ele>
        <time>2016-04-28T11:24:01.000Z</time>
        <extensions>
          <ns3:TrackPointExtension>
            <ns3:hr>158</ns3:hr>
            <ns3:cad>96</ns3:cad>
          </ns3:TrackPointExtension>
        </extensions>
      </trkpt>
      <trkpt lat="29.1494792886078357696533203125" lon="120.328802503645420074462890625">
        <ele>142.399993896484375</ele>
        <time>2016-04-28T11:24:02.000Z</time>
        <extensions>
          <ns3:TrackPointExtension>
            <ns3:hr>158</ns3:hr>
            <ns3:cad>96</ns3:cad>
          </ns3:TrackPointExtension>
        </extensions>
      </trkpt>
      <trkpt lat="29.1494799591600894927978515625" lon="120.3287740051746368408203125">
        <ele>142.399993896484375</ele>
        <time>2016-04-28T11:24:03.000Z</time>
        <extensions>
          <ns3:TrackPointExtension>
            <ns3:hr>159</ns3:hr>
            <ns3:cad>96</ns3:cad>
          </ns3:TrackPointExtension>
        </extensions>
      </trkpt>
      <trkpt lat="29.14947819896042346954345703125" lon="120.32874575816094875335693359375">
        <ele>142.600006103515625</ele>
        <time>2016-04-28T11:24:04.000Z</time>
        <extensions>
          <ns3:TrackPointExtension>
            <ns3:hr>158</ns3:hr>
            <ns3:cad>98</ns3:cad>
          </ns3:TrackPointExtension>
        </extensions>
      </trkpt>
      <trkpt lat="29.14947174489498138427734375" lon="120.32871566712856292724609375">
        <ele>142.600006103515625</ele>
        <time>2016-04-28T11:24:05.000Z</time>
        <extensions>
          <ns3:TrackPointExtension>
            <ns3:hr>158</ns3:hr>
            <ns3:cad>98</ns3:cad>
          </ns3:TrackPointExtension>
        </extensions>
      </trkpt>
      <trkpt lat="29.1494628600776195526123046875" lon="120.328689180314540863037109375">
        <ele>142.600006103515625</ele>
        <time>2016-04-28T11:24:06.000Z</time>
        <extensions>
          <ns3:TrackPointExtension>
            <ns3:hr>158</ns3:hr>
            <ns3:cad>98</ns3:cad>
          </ns3:TrackPointExtension>
        </extensions>
      </trkpt>
      <trkpt lat="29.14945204742252826690673828125" lon="120.32866177149116992950439453125">
        <ele>142.8000030517578125</ele>
        <time>2016-04-28T11:24:07.000Z</time>
        <extensions>
          <ns3:TrackPointExtension>
            <ns3:hr>158</ns3:hr>
            <ns3:cad>98</ns3:cad>
          </ns3:TrackPointExtension>
        </extensions>
      </trkpt>
      <trkpt lat="29.14944048039615154266357421875" lon="120.32863629050552845001220703125">
        <ele>142.8000030517578125</ele>
        <time>2016-04-28T11:24:08.000Z</time>
        <extensions>
          <ns3:TrackPointExtension>
            <ns3:hr>158</ns3:hr>
            <ns3:cad>97</ns3:cad>
          </ns3:TrackPointExtension>
        </extensions>
      </trkpt>
      <trkpt lat="29.149428494274616241455078125" lon="120.32861332409083843231201171875">
        <ele>143</ele>
        <time>2016-04-28T11:24:09.000Z</time>
        <extensions>
          <ns3:TrackPointExtension>
            <ns3:hr>158</ns3:hr>
            <ns3:cad>97</ns3:cad>
          </ns3:TrackPointExtension>
        </extensions>
      </trkpt>
      <trkpt lat="29.14941449649631977081298828125" lon="120.32858734019100666046142578125">
        <ele>143</ele>
        <time>2016-04-28T11:24:10.000Z</time>
        <extensions>
          <ns3:TrackPointExtension>
            <ns3:hr>159</ns3:hr>
            <ns3:cad>97</ns3:cad>
          </ns3:TrackPointExtension>
        </extensions>
      </trkpt>
      <trkpt lat="29.14940007962286472320556640625" lon="120.32856521196663379669189453125">
        <ele>143</ele>
        <time>2016-04-28T11:24:11.000Z</time>
        <extensions>
          <ns3:TrackPointExtension>
            <ns3:hr>160</ns3:hr>
            <ns3:cad>97</ns3:cad>
          </ns3:TrackPointExtension>
        </extensions>
      </trkpt>
      <trkpt lat="29.1493825614452362060546875" lon="120.328544341027736663818359375">
        <ele>143</ele>
        <time>2016-04-28T11:24:12.000Z</time>
        <extensions>
          <ns3:TrackPointExtension>
            <ns3:hr>160</ns3:hr>
            <ns3:cad>97</ns3:cad>
          </ns3:TrackPointExtension>
        </extensions>
      </trkpt>
      <trkpt lat="29.14936403743922710418701171875" lon="120.328522212803363800048828125">
        <ele>143</ele>
        <time>2016-04-28T11:24:13.000Z</time>
        <extensions>
          <ns3:TrackPointExtension>
            <ns3:hr>160</ns3:hr>
            <ns3:cad>97</ns3:cad>
          </ns3:TrackPointExtension>
        </extensions>
      </trkpt>
      <trkpt lat="29.14934777654707431793212890625" lon="120.328501425683498382568359375">
        <ele>143</ele>
        <time>2016-04-28T11:24:14.000Z</time>
        <extensions>
          <ns3:TrackPointExtension>
            <ns3:hr>161</ns3:hr>
            <ns3:cad>97</ns3:cad>
          </ns3:TrackPointExtension>
        </extensions>
      </trkpt>
      <trkpt lat="29.149327911436557769775390625" lon="120.32848206348717212677001953125">
        <ele>143</ele>
        <time>2016-04-28T11:24:15.000Z</time>
        <extensions>
          <ns3:TrackPointExtension>
            <ns3:hr>161</ns3:hr>
            <ns3:cad>97</ns3:cad>
          </ns3:TrackPointExtension>
        </extensions>
      </trkpt>
      <trkpt lat="29.14930653758347034454345703125" lon="120.32846664078533649444580078125">
        <ele>142.8000030517578125</ele>
        <time>2016-04-28T11:24:16.000Z</time>
        <extensions>
          <ns3:TrackPointExtension>
            <ns3:hr>161</ns3:hr>
            <ns3:cad>97</ns3:cad>
          </ns3:TrackPointExtension>
        </extensions>
      </trkpt>
      <trkpt lat="29.1492848284542560577392578125" lon="120.3284543193876743316650390625">
        <ele>142.600006103515625</ele>
        <time>2016-04-28T11:24:17.000Z</time>
        <extensions>
          <ns3:TrackPointExtension>
            <ns3:hr>161</ns3:hr>
            <ns3:cad>98</ns3:cad>
          </ns3:TrackPointExtension>
        </extensions>
      </trkpt>
      <trkpt lat="29.14926094003021717071533203125" lon="120.32844266854226589202880859375">
        <ele>142.600006103515625</ele>
        <time>2016-04-28T11:24:18.000Z</time>
        <extensions>
          <ns3:TrackPointExtension>
            <ns3:hr>161</ns3:hr>
            <ns3:cad>98</ns3:cad>
          </ns3:TrackPointExtension>
        </extensions>
      </trkpt>
      <trkpt lat="29.1492368839681148529052734375" lon="120.32843445427715778350830078125">
        <ele>142.399993896484375</ele>
        <time>2016-04-28T11:24:19.000Z</time>
        <extensions>
          <ns3:TrackPointExtension>
            <ns3:hr>161</ns3:hr>
            <ns3:cad>98</ns3:cad>
          </ns3:TrackPointExtension>
        </extensions>
      </trkpt>
      <trkpt lat="29.1492120735347270965576171875" lon="120.328426323831081390380859375">
        <ele>142.399993896484375</ele>
        <time>2016-04-28T11:24:20.000Z</time>
        <extensions>
          <ns3:TrackPointExtension>
            <ns3:hr>161</ns3:hr>
            <ns3:cad>98</ns3:cad>
          </ns3:TrackPointExtension>
        </extensions>
      </trkpt>
      <trkpt lat="29.1491839103400707244873046875" lon="120.32841861248016357421875">
        <ele>142.1999969482421875</ele>
        <time>2016-04-28T11:24:21.000Z</time>
        <extensions>
          <ns3:TrackPointExtension>
            <ns3:hr>162</ns3:hr>
            <ns3:cad>97</ns3:cad>
          </ns3:TrackPointExtension>
        </extensions>
      </trkpt>
      <trkpt lat="29.14915926754474639892578125" lon="120.32841215841472148895263671875">
        <ele>142</ele>
        <time>2016-04-28T11:24:22.000Z</time>
        <extensions>
          <ns3:TrackPointExtension>
            <ns3:hr>162</ns3:hr>
            <ns3:cad>97</ns3:cad>
          </ns3:TrackPointExtension>
        </extensions>
      </trkpt>
      <trkpt lat="29.149134457111358642578125" lon="120.3284046985208988189697265625">
        <ele>141.8000030517578125</ele>
        <time>2016-04-28T11:24:23.000Z</time>
        <extensions>
          <ns3:TrackPointExtension>
            <ns3:hr>162</ns3:hr>
            <ns3:cad>97</ns3:cad>
          </ns3:TrackPointExtension>
        </extensions>
      </trkpt>
      <trkpt lat="29.14910889230668544769287109375" lon="120.32839782536029815673828125">
        <ele>141.600006103515625</ele>
        <time>2016-04-28T11:24:24.000Z</time>
        <extensions>
          <ns3:TrackPointExtension>
            <ns3:hr>162</ns3:hr>
            <ns3:cad>98</ns3:cad>
          </ns3:TrackPointExtension>
        </extensions>
      </trkpt>
      <trkpt lat="29.149083830416202545166015625" lon="120.32839153893291950225830078125">
        <ele>141.600006103515625</ele>
        <time>2016-04-28T11:24:25.000Z</time>
        <extensions>
          <ns3:TrackPointExtension>
            <ns3:hr>161</ns3:hr>
            <ns3:cad>98</ns3:cad>
          </ns3:TrackPointExtension>
        </extensions>
      </trkpt>
      <trkpt lat="29.14905793033540248870849609375" lon="120.328386090695858001708984375">
        <ele>141.399993896484375</ele>
        <time>2016-04-28T11:24:26.000Z</time>
        <extensions>
          <ns3:TrackPointExtension>
            <ns3:hr>161</ns3:hr>
            <ns3:cad>98</ns3:cad>
          </ns3:TrackPointExtension>
        </extensions>
      </trkpt>
      <trkpt lat="29.1490333713591098785400390625" lon="120.3283824026584625244140625">
        <ele>141.1999969482421875</ele>
        <time>2016-04-28T11:24:27.000Z</time>
        <extensions>
          <ns3:TrackPointExtension>
            <ns3:hr>162</ns3:hr>
            <ns3:cad>98</ns3:cad>
          </ns3:TrackPointExtension>
        </extensions>
      </trkpt>
      <trkpt lat="29.1490088962018489837646484375" lon="120.3283788822591304779052734375">
        <ele>140.8000030517578125</ele>
        <time>2016-04-28T11:24:28.000Z</time>
        <extensions>
          <ns3:TrackPointExtension>
            <ns3:hr>162</ns3:hr>
            <ns3:cad>97</ns3:cad>
          </ns3:TrackPointExtension>
        </extensions>
      </trkpt>
      <trkpt lat="29.148981906473636627197265625" lon="120.32837192527949810028076171875">
        <ele>140.8000030517578125</ele>
        <time>2016-04-28T11:24:29.000Z</time>
        <extensions>
          <ns3:TrackPointExtension>
            <ns3:hr>162</ns3:hr>
            <ns3:cad>97</ns3:cad>
          </ns3:TrackPointExtension>
        </extensions>
      </trkpt>
      <trkpt lat="29.14895810186862945556640625" lon="120.32836589030921459197998046875">
        <ele>140.8000030517578125</ele>
        <time>2016-04-28T11:24:30.000Z</time>
        <extensions>
          <ns3:TrackPointExtension>
            <ns3:hr>162</ns3:hr>
            <ns3:cad>97</ns3:cad>
          </ns3:TrackPointExtension>
        </extensions>
      </trkpt>
      <trkpt lat="29.1489351354539394378662109375" lon="120.3283582627773284912109375">
        <ele>140.8000030517578125</ele>
        <time>2016-04-28T11:24:31.000Z</time>
        <extensions>
          <ns3:TrackPointExtension>
            <ns3:hr>161</ns3:hr>
            <ns3:cad>98</ns3:cad>
          </ns3:TrackPointExtension>
        </extensions>
      </trkpt>
      <trkpt lat="29.1489093191921710968017578125" lon="120.32834820449352264404296875">
        <ele>141</ele>
        <time>2016-04-28T11:24:32.000Z</time>
        <extensions>
          <ns3:TrackPointExtension>
            <ns3:hr>161</ns3:hr>
            <ns3:cad>98</ns3:cad>
          </ns3:TrackPointExtension>
        </extensions>
      </trkpt>
      <trkpt lat="29.148884005844593048095703125" lon="120.328339822590351104736328125">
        <ele>141</ele>
        <time>2016-04-28T11:24:33.000Z</time>
        <extensions>
          <ns3:TrackPointExtension>
            <ns3:hr>161</ns3:hr>
            <ns3:cad>98</ns3:cad>
          </ns3:TrackPointExtension>
        </extensions>
      </trkpt>
      <trkpt lat="29.14885978214442729949951171875" lon="120.3283314406871795654296875">
        <ele>141</ele>
        <time>2016-04-28T11:24:34.000Z</time>
        <extensions>
          <ns3:TrackPointExtension>
            <ns3:hr>160</ns3:hr>
            <ns3:cad>97</ns3:cad>
          </ns3:TrackPointExtension>
        </extensions>
      </trkpt>
      <trkpt lat="29.148834049701690673828125" lon="120.3283235616981983184814453125">
        <ele>141</ele>
        <time>2016-04-28T11:24:35.000Z</time>
        <extensions>
          <ns3:TrackPointExtension>
            <ns3:hr>160</ns3:hr>
            <ns3:cad>97</ns3:cad>
          </ns3:TrackPointExtension>
        </extensions>
      </trkpt>
      <trkpt lat="29.14880848489701747894287109375" lon="120.32831467688083648681640625">
        <ele>141</ele>
        <time>2016-04-28T11:24:36.000Z</time>
        <extensions>
          <ns3:TrackPointExtension>
            <ns3:hr>161</ns3:hr>
            <ns3:cad>98</ns3:cad>
          </ns3:TrackPointExtension>
        </extensions>
      </trkpt>
      <trkpt lat="29.14878317154943943023681640625" lon="120.32830470241606235504150390625">
        <ele>141.1999969482421875</ele>
        <time>2016-04-28T11:24:37.000Z</time>
        <extensions>
          <ns3:TrackPointExtension>
            <ns3:hr>161</ns3:hr>
            <ns3:cad>99</ns3:cad>
          </ns3:TrackPointExtension>
        </extensions>
      </trkpt>
      <trkpt lat="29.1487574391067028045654296875" lon="120.3282960690557956695556640625">
        <ele>141.1999969482421875</ele>
        <time>2016-04-28T11:24:38.000Z</time>
        <extensions>
          <ns3:TrackPointExtension>
            <ns3:hr>161</ns3:hr>
            <ns3:cad>99</ns3:cad>
          </ns3:TrackPointExtension>
        </extensions>
      </trkpt>
      <trkpt lat="29.1487306170165538787841796875" lon="120.32828785479068756103515625">
        <ele>141.399993896484375</ele>
        <time>2016-04-28T11:24:39.000Z</time>
        <extensions>
          <ns3:TrackPointExtension>
            <ns3:hr>161</ns3:hr>
            <ns3:cad>98</ns3:cad>
          </ns3:TrackPointExtension>
        </extensions>
      </trkpt>
      <trkpt lat="29.14870237000286579132080078125" lon="120.328280143439769744873046875">
        <ele>141.399993896484375</ele>
        <time>2016-04-28T11:24:40.000Z</time>
        <extensions>
          <ns3:TrackPointExtension>
            <ns3:hr>161</ns3:hr>
            <ns3:cad>97</ns3:cad>
          </ns3:TrackPointExtension>
        </extensions>
      </trkpt>
      <trkpt lat="29.14867806248366832733154296875" lon="120.32827167771756649017333984375">
        <ele>141.600006103515625</ele>
        <time>2016-04-28T11:24:41.000Z</time>
        <extensions>
          <ns3:TrackPointExtension>
            <ns3:hr>162</ns3:hr>
            <ns3:cad>97</ns3:cad>
          </ns3:TrackPointExtension>
        </extensions>
      </trkpt>
      <trkpt lat="29.14865425787866115570068359375" lon="120.3282632119953632354736328125">
        <ele>141.600006103515625</ele>
        <time>2016-04-28T11:24:42.000Z</time>
        <extensions>
          <ns3:TrackPointExtension>
            <ns3:hr>161</ns3:hr>
            <ns3:cad>97</ns3:cad>
          </ns3:TrackPointExtension>
        </extensions>
      </trkpt>
      <trkpt lat="29.14862743578851222991943359375" lon="120.32825374044477939605712890625">
        <ele>141.8000030517578125</ele>
        <time>2016-04-28T11:24:43.000Z</time>
        <extensions>
          <ns3:TrackPointExtension>
            <ns3:hr>160</ns3:hr>
            <ns3:cad>98</ns3:cad>
          </ns3:TrackPointExtension>
        </extensions>
      </trkpt>
      <trkpt lat="29.14860396645963191986083984375" lon="120.328244268894195556640625">
        <ele>141.8000030517578125</ele>
        <time>2016-04-28T11:24:44.000Z</time>
        <extensions>
          <ns3:TrackPointExtension>
            <ns3:hr>161</ns3:hr>
            <ns3:cad>98</ns3:cad>
          </ns3:TrackPointExtension>
        </extensions>
      </trkpt>
      <trkpt lat="29.14855635724961757659912109375" lon="120.32822825945913791656494140625">
        <ele>142</ele>
        <time>2016-04-28T11:24:45.000Z</time>
        <extensions>
          <ns3:TrackPointExtension>
            <ns3:hr>161</ns3:hr>
            <ns3:cad>98</ns3:cad>
          </ns3:TrackPointExtension>
        </extensions>
      </trkpt>
      <trkpt lat="29.14855635724961757659912109375" lon="120.32822825945913791656494140625">
        <ele>142</ele>
        <time>2016-04-28T11:24:46.000Z</time>
        <extensions>
          <ns3:TrackPointExtension>
            <ns3:hr>160</ns3:hr>
            <ns3:cad>97</ns3:cad>
          </ns3:TrackPointExtension>
        </extensions>
      </trkpt>
      <trkpt lat="29.14853305555880069732666015625" lon="120.32822172157466411590576171875">
        <ele>142</ele>
        <time>2016-04-28T11:24:47.000Z</time>
        <extensions>
          <ns3:TrackPointExtension>
            <ns3:hr>161</ns3:hr>
            <ns3:cad>97</ns3:cad>
          </ns3:TrackPointExtension>
        </extensions>
      </trkpt>
      <trkpt lat="29.1485053114593029022216796875" lon="120.3282139264047145843505859375">
        <ele>142</ele>
        <time>2016-04-28T11:24:48.000Z</time>
        <extensions>
          <ns3:TrackPointExtension>
            <ns3:hr>161</ns3:hr>
            <ns3:cad>97</ns3:cad>
          </ns3:TrackPointExtension>
        </extensions>
      </trkpt>
      <trkpt lat="29.14848092012107372283935546875" lon="120.3282065503299236297607421875">
        <ele>142</ele>
        <time>2016-04-28T11:24:49.000Z</time>
        <extensions>
          <ns3:TrackPointExtension>
            <ns3:hr>160</ns3:hr>
            <ns3:cad>97</ns3:cad>
          </ns3:TrackPointExtension>
        </extensions>
      </trkpt>
      <trkpt lat="29.14845946244895458221435546875" lon="120.32819992862641811370849609375">
        <ele>142.1999969482421875</ele>
        <time>2016-04-28T11:24:50.000Z</time>
        <extensions>
          <ns3:TrackPointExtension>
            <ns3:hr>161</ns3:hr>
            <ns3:cad>97</ns3:cad>
          </ns3:TrackPointExtension>
        </extensions>
      </trkpt>
      <trkpt lat="29.1484332270920276641845703125" lon="120.32819531857967376708984375">
        <ele>142.1999969482421875</ele>
        <time>2016-04-28T11:24:51.000Z</time>
        <extensions>
          <ns3:TrackPointExtension>
            <ns3:hr>161</ns3:hr>
            <ns3:cad>97</ns3:cad>
          </ns3:TrackPointExtension>
        </extensions>
      </trkpt>
      <trkpt lat="29.1484070755541324615478515625" lon="120.3281946480274200439453125">
        <ele>142.1999969482421875</ele>
        <time>2016-04-28T11:24:52.000Z</time>
        <extensions>
          <ns3:TrackPointExtension>
            <ns3:hr>161</ns3:hr>
            <ns3:cad>97</ns3:cad>
          </ns3:TrackPointExtension>
        </extensions>
      </trkpt>
      <trkpt lat="29.14838134311139583587646484375" lon="120.3281961567699909210205078125">
        <ele>142.1999969482421875</ele>
        <time>2016-04-28T11:24:53.000Z</time>
        <extensions>
          <ns3:TrackPointExtension>
            <ns3:hr>161</ns3:hr>
            <ns3:cad>97</ns3:cad>
          </ns3:TrackPointExtension>
        </extensions>
      </trkpt>
      <trkpt lat="29.14835586212575435638427734375" lon="120.32819825224578380584716796875">
        <ele>142.399993896484375</ele>
        <time>2016-04-28T11:24:54.000Z</time>
        <extensions>
          <ns3:TrackPointExtension>
            <ns3:hr>161</ns3:hr>
            <ns3:cad>97</ns3:cad>
          </ns3:TrackPointExtension>
        </extensions>
      </trkpt>
      <trkpt lat="29.1483329795300960540771484375" lon="120.328203029930591583251953125">
        <ele>142.399993896484375</ele>
        <time>2016-04-28T11:24:55.000Z</time>
        <extensions>
          <ns3:TrackPointExtension>
            <ns3:hr>159</ns3:hr>
            <ns3:cad>97</ns3:cad>
          </ns3:TrackPointExtension>
        </extensions>
      </trkpt>
      <trkpt lat="29.14830766618251800537109375" lon="120.328208394348621368408203125">
        <ele>142.600006103515625</ele>
        <time>2016-04-28T11:24:56.000Z</time>
        <extensions>
          <ns3:TrackPointExtension>
            <ns3:hr>159</ns3:hr>
            <ns3:cad>97</ns3:cad>
          </ns3:TrackPointExtension>
        </extensions>
      </trkpt>
      <trkpt lat="29.14828562177717685699462890625" lon="120.32821476459503173828125">
        <ele>142.600006103515625</ele>
        <time>2016-04-28T11:24:57.000Z</time>
        <extensions>
          <ns3:TrackPointExtension>
            <ns3:hr>159</ns3:hr>
            <ns3:cad>97</ns3:cad>
          </ns3:TrackPointExtension>
        </extensions>
      </trkpt>
      <trkpt lat="29.14826399646699428558349609375" lon="120.32822356559336185455322265625">
        <ele>142.600006103515625</ele>
        <time>2016-04-28T11:24:58.000Z</time>
        <extensions>
          <ns3:TrackPointExtension>
            <ns3:hr>159</ns3:hr>
            <ns3:cad>97</ns3:cad>
          </ns3:TrackPointExtension>
        </extensions>
      </trkpt>
      <trkpt lat="29.1482391022145748138427734375" lon="120.328230522572994232177734375">
        <ele>142.8000030517578125</ele>
        <time>2016-04-28T11:24:59.000Z</time>
        <extensions>
          <ns3:TrackPointExtension>
            <ns3:hr>159</ns3:hr>
            <ns3:cad>97</ns3:cad>
          </ns3:TrackPointExtension>
        </extensions>
      </trkpt>
      <trkpt lat="29.1482156328856945037841796875" lon="120.32823915593326091766357421875">
        <ele>142.8000030517578125</ele>
        <time>2016-04-28T11:25:00.000Z</time>
        <extensions>
          <ns3:TrackPointExtension>
            <ns3:hr>159</ns3:hr>
            <ns3:cad>97</ns3:cad>
          </ns3:TrackPointExtension>
        </extensions>
      </trkpt>
      <trkpt lat="29.14819476194679737091064453125" lon="120.32825357280671596527099609375">
        <ele>143</ele>
        <time>2016-04-28T11:25:01.000Z</time>
        <extensions>
          <ns3:TrackPointExtension>
            <ns3:hr>159</ns3:hr>
            <ns3:cad>97</ns3:cad>
          </ns3:TrackPointExtension>
        </extensions>
      </trkpt>
      <trkpt lat="29.14817749522626399993896484375" lon="120.32827050425112247467041015625">
        <ele>143</ele>
        <time>2016-04-28T11:25:02.000Z</time>
        <extensions>
          <ns3:TrackPointExtension>
            <ns3:hr>159</ns3:hr>
            <ns3:cad>97</ns3:cad>
          </ns3:TrackPointExtension>
        </extensions>
      </trkpt>
      <trkpt lat="29.148163497447967529296875" lon="120.328289531171321868896484375">
        <ele>143</ele>
        <time>2016-04-28T11:25:03.000Z</time>
        <extensions>
          <ns3:TrackPointExtension>
            <ns3:hr>159</ns3:hr>
            <ns3:cad>97</ns3:cad>
          </ns3:TrackPointExtension>
        </extensions>
      </trkpt>
      <trkpt lat="29.1481479071080684661865234375" lon="120.32831023447215557098388671875">
        <ele>143</ele>
        <time>2016-04-28T11:25:04.000Z</time>
        <extensions>
          <ns3:TrackPointExtension>
            <ns3:hr>159</ns3:hr>
            <ns3:cad>98</ns3:cad>
          </ns3:TrackPointExtension>
        </extensions>
      </trkpt>
      <trkpt lat="29.1481339931488037109375" lon="120.32833336852490901947021484375">
        <ele>143.1999969482421875</ele>
        <time>2016-04-28T11:25:05.000Z</time>
        <extensions>
          <ns3:TrackPointExtension>
            <ns3:hr>160</ns3:hr>
            <ns3:cad>98</ns3:cad>
          </ns3:TrackPointExtension>
        </extensions>
      </trkpt>
      <trkpt lat="29.14812100119888782501220703125" lon="120.32835734076797962188720703125">
        <ele>143.1999969482421875</ele>
        <time>2016-04-28T11:25:06.000Z</time>
        <extensions>
          <ns3:TrackPointExtension>
            <ns3:hr>160</ns3:hr>
            <ns3:cad>98</ns3:cad>
          </ns3:TrackPointExtension>
        </extensions>
      </trkpt>
      <trkpt lat="29.14810960181057453155517578125" lon="120.32838231883943080902099609375">
        <ele>143.1999969482421875</ele>
        <time>2016-04-28T11:25:07.000Z</time>
        <extensions>
          <ns3:TrackPointExtension>
            <ns3:hr>160</ns3:hr>
            <ns3:cad>98</ns3:cad>
          </ns3:TrackPointExtension>
        </extensions>
      </trkpt>
      <trkpt lat="29.14809937588870525360107421875" lon="120.3284077160060405731201171875">
        <ele>143.1999969482421875</ele>
        <time>2016-04-28T11:25:08.000Z</time>
        <extensions>
          <ns3:TrackPointExtension>
            <ns3:hr>160</ns3:hr>
            <ns3:cad>97</ns3:cad>
          </ns3:TrackPointExtension>
        </extensions>
      </trkpt>
      <trkpt lat="29.14809032343327999114990234375" lon="120.3284338675439357757568359375">
        <ele>143.1999969482421875</ele>
        <time>2016-04-28T11:25:09.000Z</time>
        <extensions>
          <ns3:TrackPointExtension>
            <ns3:hr>160</ns3:hr>
            <ns3:cad>97</ns3:cad>
          </ns3:TrackPointExtension>
        </extensions>
      </trkpt>
      <trkpt lat="29.148081354796886444091796875" lon="120.3284606896340847015380859375">
        <ele>143.399993896484375</ele>
        <time>2016-04-28T11:25:10.000Z</time>
        <extensions>
          <ns3:TrackPointExtension>
            <ns3:hr>160</ns3:hr>
            <ns3:cad>97</ns3:cad>
          </ns3:TrackPointExtension>
        </extensions>
      </trkpt>
      <trkpt lat="29.14807372726500034332275390625" lon="120.32848943956196308135986328125">
        <ele>143.399993896484375</ele>
        <time>2016-04-28T11:25:11.000Z</time>
        <extensions>
          <ns3:TrackPointExtension>
            <ns3:hr>159</ns3:hr>
            <ns3:cad>97</ns3:cad>
          </ns3:TrackPointExtension>
        </extensions>
      </trkpt>
      <trkpt lat="29.148065261542797088623046875" lon="120.32851961441338062286376953125">
        <ele>143.399993896484375</ele>
        <time>2016-04-28T11:25:12.000Z</time>
        <extensions>
          <ns3:TrackPointExtension>
            <ns3:hr>159</ns3:hr>
            <ns3:cad>97</ns3:cad>
          </ns3:TrackPointExtension>
        </extensions>
      </trkpt>
      <trkpt lat="29.14806132204830646514892578125" lon="120.32854844816029071807861328125">
        <ele>143.600006103515625</ele>
        <time>2016-04-28T11:25:13.000Z</time>
        <extensions>
          <ns3:TrackPointExtension>
            <ns3:hr>159</ns3:hr>
            <ns3:cad>97</ns3:cad>
          </ns3:TrackPointExtension>
        </extensions>
      </trkpt>
      <trkpt lat="29.14806065149605274200439453125" lon="120.32857644371688365936279296875">
        <ele>144</ele>
        <time>2016-04-28T11:25:14.000Z</time>
        <extensions>
          <ns3:TrackPointExtension>
            <ns3:hr>159</ns3:hr>
            <ns3:cad>97</ns3:cad>
          </ns3:TrackPointExtension>
        </extensions>
      </trkpt>
      <trkpt lat="29.14806098677217960357666015625" lon="120.32860427163541316986083984375">
        <ele>144.1999969482421875</ele>
        <time>2016-04-28T11:25:15.000Z</time>
        <extensions>
          <ns3:TrackPointExtension>
            <ns3:hr>159</ns3:hr>
            <ns3:cad>97</ns3:cad>
          </ns3:TrackPointExtension>
        </extensions>
      </trkpt>
      <trkpt lat="29.148064590990543365478515625" lon="120.32863310538232326507568359375">
        <ele>144.1999969482421875</ele>
        <time>2016-04-28T11:25:16.000Z</time>
        <extensions>
          <ns3:TrackPointExtension>
            <ns3:hr>160</ns3:hr>
            <ns3:cad>97</ns3:cad>
          </ns3:TrackPointExtension>
        </extensions>
      </trkpt>
      <trkpt lat="29.14807054214179515838623046875" lon="120.3286601789295673370361328125">
        <ele>144.399993896484375</ele>
        <time>2016-04-28T11:25:17.000Z</time>
        <extensions>
          <ns3:TrackPointExtension>
            <ns3:hr>160</ns3:hr>
            <ns3:cad>97</ns3:cad>
          </ns3:TrackPointExtension>
        </extensions>
      </trkpt>
      <trkpt lat="29.14807858876883983612060546875" lon="120.3286876715719699859619140625">
        <ele>144.600006103515625</ele>
        <time>2016-04-28T11:25:18.000Z</time>
        <extensions>
          <ns3:TrackPointExtension>
            <ns3:hr>160</ns3:hr>
            <ns3:cad>97</ns3:cad>
          </ns3:TrackPointExtension>
        </extensions>
      </trkpt>
      <trkpt lat="29.14808906614780426025390625" lon="120.32871457748115062713623046875">
        <ele>144.8000030517578125</ele>
        <time>2016-04-28T11:25:19.000Z</time>
        <extensions>
          <ns3:TrackPointExtension>
            <ns3:hr>160</ns3:hr>
            <ns3:cad>97</ns3:cad>
          </ns3:TrackPointExtension>
        </extensions>
      </trkpt>
      <trkpt lat="29.14809803478419780731201171875" lon="120.32874173484742641448974609375">
        <ele>144.8000030517578125</ele>
        <time>2016-04-28T11:25:20.000Z</time>
        <extensions>
          <ns3:TrackPointExtension>
            <ns3:hr>159</ns3:hr>
            <ns3:cad>98</ns3:cad>
          </ns3:TrackPointExtension>
        </extensions>
      </trkpt>
      <trkpt lat="29.148110188543796539306640625" lon="120.3287671320140361785888671875">
        <ele>145</ele>
        <time>2016-04-28T11:25:21.000Z</time>
        <extensions>
          <ns3:TrackPointExtension>
            <ns3:hr>159</ns3:hr>
            <ns3:cad>98</ns3:cad>
          </ns3:TrackPointExtension>
        </extensions>
      </trkpt>
      <trkpt lat="29.14812259376049041748046875" lon="120.32879219390451908111572265625">
        <ele>145</ele>
        <time>2016-04-28T11:25:22.000Z</time>
        <extensions>
          <ns3:TrackPointExtension>
            <ns3:hr>159</ns3:hr>
            <ns3:cad>98</ns3:cad>
          </ns3:TrackPointExtension>
        </extensions>
      </trkpt>
      <trkpt lat="29.148136675357818603515625" lon="120.32881868071854114532470703125">
        <ele>145</ele>
        <time>2016-04-28T11:25:23.000Z</time>
        <extensions>
          <ns3:TrackPointExtension>
            <ns3:hr>160</ns3:hr>
            <ns3:cad>97</ns3:cad>
          </ns3:TrackPointExtension>
        </extensions>
      </trkpt>
      <trkpt lat="29.14815318770706653594970703125" lon="120.3288412280380725860595703125">
        <ele>145</ele>
        <time>2016-04-28T11:25:24.000Z</time>
        <extensions>
          <ns3:TrackPointExtension>
            <ns3:hr>161</ns3:hr>
            <ns3:cad>97</ns3:cad>
          </ns3:TrackPointExtension>
        </extensions>
      </trkpt>
      <trkpt lat="29.14816928096115589141845703125" lon="120.32886293716728687286376953125">
        <ele>145</ele>
        <time>2016-04-28T11:25:25.000Z</time>
        <extensions>
          <ns3:TrackPointExtension>
            <ns3:hr>161</ns3:hr>
            <ns3:cad>97</ns3:cad>
          </ns3:TrackPointExtension>
        </extensions>
      </trkpt>
      <trkpt lat="29.14818830788135528564453125" lon="120.32888724468648433685302734375">
        <ele>145</ele>
        <time>2016-04-28T11:25:26.000Z</time>
        <extensions>
          <ns3:TrackPointExtension>
            <ns3:hr>161</ns3:hr>
            <ns3:cad>98</ns3:cad>
          </ns3:TrackPointExtension>
        </extensions>
      </trkpt>
      <trkpt lat="29.14820708334445953369140625" lon="120.32890551723539829254150390625">
        <ele>144.8000030517578125</ele>
        <time>2016-04-28T11:25:27.000Z</time>
        <extensions>
          <ns3:TrackPointExtension>
            <ns3:hr>161</ns3:hr>
            <ns3:cad>99</ns3:cad>
          </ns3:TrackPointExtension>
        </extensions>
      </trkpt>
      <trkpt lat="29.1482265293598175048828125" lon="120.32892228104174137115478515625">
        <ele>144.8000030517578125</ele>
        <time>2016-04-28T11:25:28.000Z</time>
        <extensions>
          <ns3:TrackPointExtension>
            <ns3:hr>161</ns3:hr>
            <ns3:cad>99</ns3:cad>
          </ns3:TrackPointExtension>
        </extensions>
      </trkpt>
      <trkpt lat="29.14825133979320526123046875" lon="120.32893971540033817291259765625">
        <ele>144.8000030517578125</ele>
        <time>2016-04-28T11:25:29.000Z</time>
        <extensions>
          <ns3:TrackPointExtension>
            <ns3:hr>162</ns3:hr>
            <ns3:cad>98</ns3:cad>
          </ns3:TrackPointExtension>
        </extensions>
      </trkpt>
      <trkpt lat="29.1482729651033878326416015625" lon="120.328954048454761505126953125">
        <ele>144.600006103515625</ele>
        <time>2016-04-28T11:25:30.000Z</time>
        <extensions>
          <ns3:TrackPointExtension>
            <ns3:hr>162</ns3:hr>
            <ns3:cad>97</ns3:cad>
          </ns3:TrackPointExtension>
        </extensions>
      </trkpt>
      <trkpt lat="29.148297607898712158203125" lon="120.3289686329662799835205078125">
        <ele>144.600006103515625</ele>
        <time>2016-04-28T11:25:31.000Z</time>
        <extensions>
          <ns3:TrackPointExtension>
            <ns3:hr>162</ns3:hr>
            <ns3:cad>97</ns3:cad>
          </ns3:TrackPointExtension>
        </extensions>
      </trkpt>
      <trkpt lat="29.14832434616982936859130859375" lon="120.32898028381168842315673828125">
        <ele>144.399993896484375</ele>
        <time>2016-04-28T11:25:32.000Z</time>
        <extensions>
          <ns3:TrackPointExtension>
            <ns3:hr>162</ns3:hr>
            <ns3:cad>97</ns3:cad>
          </ns3:TrackPointExtension>
        </extensions>
      </trkpt>
      <trkpt lat="29.1483490727841854095458984375" lon="120.32898883335292339324951171875">
        <ele>144.399993896484375</ele>
        <time>2016-04-28T11:25:33.000Z</time>
        <extensions>
          <ns3:TrackPointExtension>
            <ns3:hr>163</ns3:hr>
            <ns3:cad>98</ns3:cad>
          </ns3:TrackPointExtension>
        </extensions>
      </trkpt>
      <trkpt lat="29.1483740508556365966796875" lon="120.328997634351253509521484375">
        <ele>144.1999969482421875</ele>
        <time>2016-04-28T11:25:34.000Z</time>
        <extensions>
          <ns3:TrackPointExtension>
            <ns3:hr>163</ns3:hr>
            <ns3:cad>98</ns3:cad>
          </ns3:TrackPointExtension>
        </extensions>
      </trkpt>
      <trkpt lat="29.14840221405029296875" lon="120.32900274731218814849853515625">
        <ele>144.1999969482421875</ele>
        <time>2016-04-28T11:25:35.000Z</time>
        <extensions>
          <ns3:TrackPointExtension>
            <ns3:hr>163</ns3:hr>
            <ns3:cad>98</ns3:cad>
          </ns3:TrackPointExtension>
        </extensions>
      </trkpt>
      <trkpt lat="29.148430041968822479248046875" lon="120.32900802791118621826171875">
        <ele>144</ele>
        <time>2016-04-28T11:25:36.000Z</time>
        <extensions>
          <ns3:TrackPointExtension>
            <ns3:hr>162</ns3:hr>
            <ns3:cad>97</ns3:cad>
          </ns3:TrackPointExtension>
        </extensions>
      </trkpt>
      <trkpt lat="29.148456864058971405029296875" lon="120.32901741564273834228515625">
        <ele>143.600006103515625</ele>
        <time>2016-04-28T11:25:37.000Z</time>
        <extensions>
          <ns3:TrackPointExtension>
            <ns3:hr>162</ns3:hr>
            <ns3:cad>97</ns3:cad>
          </ns3:TrackPointExtension>
        </extensions>
      </trkpt>
      <trkpt lat="29.1484831832349300384521484375" lon="120.32902554608881473541259765625">
        <ele>143.1999969482421875</ele>
        <time>2016-04-28T11:25:38.000Z</time>
        <extensions>
          <ns3:TrackPointExtension>
            <ns3:hr>162</ns3:hr>
            <ns3:cad>97</ns3:cad>
          </ns3:TrackPointExtension>
        </extensions>
      </trkpt>
      <trkpt lat="29.14851042442023754119873046875" lon="120.32903392799198627471923828125">
        <ele>142.8000030517578125</ele>
        <time>2016-04-28T11:25:39.000Z</time>
        <extensions>
          <ns3:TrackPointExtension>
            <ns3:hr>163</ns3:hr>
            <ns3:cad>98</ns3:cad>
          </ns3:TrackPointExtension>
        </extensions>
      </trkpt>
      <trkpt lat="29.1485376656055450439453125" lon="120.32903946004807949066162109375">
        <ele>142.1999969482421875</ele>
        <time>2016-04-28T11:25:40.000Z</time>
        <extensions>
          <ns3:TrackPointExtension>
            <ns3:hr>163</ns3:hr>
            <ns3:cad>98</ns3:cad>
          </ns3:TrackPointExtension>
        </extensions>
      </trkpt>
      <trkpt lat="29.14856356568634510040283203125" lon="120.32904155552387237548828125">
        <ele>141.8000030517578125</ele>
        <time>2016-04-28T11:25:41.000Z</time>
        <extensions>
          <ns3:TrackPointExtension>
            <ns3:hr>162</ns3:hr>
            <ns3:cad>100</ns3:cad>
          </ns3:TrackPointExtension>
        </extensions>
      </trkpt>
      <trkpt lat="29.1485898010432720184326171875" lon="120.3290484286844730377197265625">
        <ele>141.399993896484375</ele>
        <time>2016-04-28T11:25:42.000Z</time>
        <extensions>
          <ns3:TrackPointExtension>
            <ns3:hr>162</ns3:hr>
            <ns3:cad>100</ns3:cad>
          </ns3:TrackPointExtension>
        </extensions>
      </trkpt>
      <trkpt lat="29.14861570112407207489013671875" lon="120.32905303873121738433837890625">
        <ele>141</ele>
        <time>2016-04-28T11:25:43.000Z</time>
        <extensions>
          <ns3:TrackPointExtension>
            <ns3:hr>162</ns3:hr>
            <ns3:cad>98</ns3:cad>
          </ns3:TrackPointExtension>
        </extensions>
      </trkpt>
      <trkpt lat="29.14864185266196727752685546875" lon="120.32905890606343746185302734375">
        <ele>140.399993896484375</ele>
        <time>2016-04-28T11:25:44.000Z</time>
        <extensions>
          <ns3:TrackPointExtension>
            <ns3:hr>162</ns3:hr>
            <ns3:cad>96</ns3:cad>
          </ns3:TrackPointExtension>
        </extensions>
      </trkpt>
      <trkpt lat="29.14867085404694080352783203125" lon="120.329067707061767578125">
        <ele>140</ele>
        <time>2016-04-28T11:25:45.000Z</time>
        <extensions>
          <ns3:TrackPointExtension>
            <ns3:hr>162</ns3:hr>
            <ns3:cad>96</ns3:cad>
          </ns3:TrackPointExtension>
        </extensions>
      </trkpt>
      <trkpt lat="29.14869750849902629852294921875" lon="120.3290744125843048095703125">
        <ele>139.600006103515625</ele>
        <time>2016-04-28T11:25:46.000Z</time>
        <extensions>
          <ns3:TrackPointExtension>
            <ns3:hr>162</ns3:hr>
            <ns3:cad>96</ns3:cad>
          </ns3:TrackPointExtension>
        </extensions>
      </trkpt>
      <trkpt lat="29.14872332476079463958740234375" lon="120.3290826268494129180908203125">
        <ele>139</ele>
        <time>2016-04-28T11:25:47.000Z</time>
        <extensions>
          <ns3:TrackPointExtension>
            <ns3:hr>162</ns3:hr>
            <ns3:cad>97</ns3:cad>
          </ns3:TrackPointExtension>
        </extensions>
      </trkpt>
      <trkpt lat="29.1487497277557849884033203125" lon="120.32908983528614044189453125">
        <ele>139</ele>
        <time>2016-04-28T11:25:48.000Z</time>
        <extensions>
          <ns3:TrackPointExtension>
            <ns3:hr>161</ns3:hr>
            <ns3:cad>97</ns3:cad>
          </ns3:TrackPointExtension>
        </extensions>
      </trkpt>
      <trkpt lat="29.14877344854176044464111328125" lon="120.32909712754189968109130859375">
        <ele>138.8000030517578125</ele>
        <time>2016-04-28T11:25:49.000Z</time>
        <extensions>
          <ns3:TrackPointExtension>
            <ns3:hr>161</ns3:hr>
            <ns3:cad>97</ns3:cad>
          </ns3:TrackPointExtension>
        </extensions>
      </trkpt>
      <trkpt lat="29.148798175156116485595703125" lon="120.3291064314544200897216796875">
        <ele>138.600006103515625</ele>
        <time>2016-04-28T11:25:50.000Z</time>
        <extensions>
          <ns3:TrackPointExtension>
            <ns3:hr>160</ns3:hr>
            <ns3:cad>97</ns3:cad>
          </ns3:TrackPointExtension>
        </extensions>
      </trkpt>
      <trkpt lat="29.148823320865631103515625" lon="120.32911338843405246734619140625">
        <ele>138.399993896484375</ele>
        <time>2016-04-28T11:25:51.000Z</time>
        <extensions>
          <ns3:TrackPointExtension>
            <ns3:hr>161</ns3:hr>
            <ns3:cad>97</ns3:cad>
          </ns3:TrackPointExtension>
        </extensions>
      </trkpt>
      <trkpt lat="29.1488459520041942596435546875" lon="120.3291226923465728759765625">
        <ele>138.399993896484375</ele>
        <time>2016-04-28T11:25:52.000Z</time>
        <extensions>
          <ns3:TrackPointExtension>
            <ns3:hr>161</ns3:hr>
            <ns3:cad>97</ns3:cad>
          </ns3:TrackPointExtension>
        </extensions>
      </trkpt>
      <trkpt lat="29.14887000806629657745361328125" lon="120.32913484610617160797119140625">
        <ele>138.1999969482421875</ele>
        <time>2016-04-28T11:25:53.000Z</time>
        <extensions>
          <ns3:TrackPointExtension>
            <ns3:hr>160</ns3:hr>
            <ns3:cad>97</ns3:cad>
          </ns3:TrackPointExtension>
        </extensions>
      </trkpt>
      <trkpt lat="29.148894064128398895263671875" lon="120.3291446529328823089599609375">
        <ele>138</ele>
        <time>2016-04-28T11:25:54.000Z</time>
        <extensions>
          <ns3:TrackPointExtension>
            <ns3:hr>160</ns3:hr>
            <ns3:cad>97</ns3:cad>
          </ns3:TrackPointExtension>
        </extensions>
      </trkpt>
      <trkpt lat="29.1489180363714694976806640625" lon="120.329155884683132171630859375">
        <ele>138</ele>
        <time>2016-04-28T11:25:55.000Z</time>
        <extensions>
          <ns3:TrackPointExtension>
            <ns3:hr>161</ns3:hr>
            <ns3:cad>97</ns3:cad>
          </ns3:TrackPointExtension>
        </extensions>
      </trkpt>
      <trkpt lat="29.148943684995174407958984375" lon="120.32916535623371601104736328125">
        <ele>137.8000030517578125</ele>
        <time>2016-04-28T11:25:56.000Z</time>
        <extensions>
          <ns3:TrackPointExtension>
            <ns3:hr>161</ns3:hr>
            <ns3:cad>97</ns3:cad>
          </ns3:TrackPointExtension>
        </extensions>
      </trkpt>
      <trkpt lat="29.1489686630666255950927734375" lon="120.3291748277842998504638671875">
        <ele>137.600006103515625</ele>
        <time>2016-04-28T11:25:57.000Z</time>
        <extensions>
          <ns3:TrackPointExtension>
            <ns3:hr>161</ns3:hr>
            <ns3:cad>97</ns3:cad>
          </ns3:TrackPointExtension>
        </extensions>
      </trkpt>
      <trkpt lat="29.14899389259517192840576171875" lon="120.3291842155158519744873046875">
        <ele>137.600006103515625</ele>
        <time>2016-04-28T11:25:58.000Z</time>
        <extensions>
          <ns3:TrackPointExtension>
            <ns3:hr>161</ns3:hr>
            <ns3:cad>97</ns3:cad>
          </ns3:TrackPointExtension>
        </extensions>
      </trkpt>
      <trkpt lat="29.14902037940919399261474609375" lon="120.32919175922870635986328125">
        <ele>137.600006103515625</ele>
        <time>2016-04-28T11:25:59.000Z</time>
        <extensions>
          <ns3:TrackPointExtension>
            <ns3:hr>161</ns3:hr>
            <ns3:cad>97</ns3:cad>
          </ns3:TrackPointExtension>
        </extensions>
      </trkpt>
      <trkpt lat="29.1490472853183746337890625" lon="120.329199135303497314453125">
        <ele>137.8000030517578125</ele>
        <time>2016-04-28T11:26:00.000Z</time>
        <extensions>
          <ns3:TrackPointExtension>
            <ns3:hr>160</ns3:hr>
            <ns3:cad>96</ns3:cad>
          </ns3:TrackPointExtension>
        </extensions>
      </trkpt>
      <trkpt lat="29.1490736044943332672119140625" lon="120.32920357771217823028564453125">
        <ele>138</ele>
        <time>2016-04-28T11:26:01.000Z</time>
        <extensions>
          <ns3:TrackPointExtension>
            <ns3:hr>160</ns3:hr>
            <ns3:cad>96</ns3:cad>
          </ns3:TrackPointExtension>
        </extensions>
      </trkpt>
      <trkpt lat="29.1490977443754673004150390625" lon="120.3292090259492397308349609375">
        <ele>138.1999969482421875</ele>
        <time>2016-04-28T11:26:02.000Z</time>
        <extensions>
          <ns3:TrackPointExtension>
            <ns3:hr>160</ns3:hr>
            <ns3:cad>97</ns3:cad>
          </ns3:TrackPointExtension>
        </extensions>
      </trkpt>
      <trkpt lat="29.149124063551425933837890625" lon="120.32921212725341320037841796875">
        <ele>138.399993896484375</ele>
        <time>2016-04-28T11:26:03.000Z</time>
        <extensions>
          <ns3:TrackPointExtension>
            <ns3:hr>160</ns3:hr>
            <ns3:cad>97</ns3:cad>
          </ns3:TrackPointExtension>
        </extensions>
      </trkpt>
      <trkpt lat="29.14914946071803569793701171875" lon="120.32921112142503261566162109375">
        <ele>138.600006103515625</ele>
        <time>2016-04-28T11:26:04.000Z</time>
        <extensions>
          <ns3:TrackPointExtension>
            <ns3:hr>160</ns3:hr>
            <ns3:cad>97</ns3:cad>
          </ns3:TrackPointExtension>
        </extensions>
      </trkpt>
      <trkpt lat="29.149175025522708892822265625" lon="120.329210199415683746337890625">
        <ele>138.8000030517578125</ele>
        <time>2016-04-28T11:26:05.000Z</time>
        <extensions>
          <ns3:TrackPointExtension>
            <ns3:hr>160</ns3:hr>
            <ns3:cad>97</ns3:cad>
          </ns3:TrackPointExtension>
        </extensions>
      </trkpt>
      <trkpt lat="29.149199835956096649169921875" lon="120.3292090259492397308349609375">
        <ele>139.1999969482421875</ele>
        <time>2016-04-28T11:26:06.000Z</time>
        <extensions>
          <ns3:TrackPointExtension>
            <ns3:hr>161</ns3:hr>
            <ns3:cad>97</ns3:cad>
          </ns3:TrackPointExtension>
        </extensions>
      </trkpt>
      <trkpt lat="29.1492243111133575439453125" lon="120.3292053379118442535400390625">
        <ele>139.399993896484375</ele>
        <time>2016-04-28T11:26:07.000Z</time>
        <extensions>
          <ns3:TrackPointExtension>
            <ns3:hr>160</ns3:hr>
            <ns3:cad>97</ns3:cad>
          </ns3:TrackPointExtension>
        </extensions>
      </trkpt>
      <trkpt lat="29.14924920536577701568603515625" lon="120.32920005731284618377685546875">
        <ele>139.600006103515625</ele>
        <time>2016-04-28T11:26:08.000Z</time>
        <extensions>
          <ns3:TrackPointExtension>
            <ns3:hr>159</ns3:hr>
            <ns3:cad>97</ns3:cad>
          </ns3:TrackPointExtension>
        </extensions>
      </trkpt>
      <trkpt lat="29.149271585047245025634765625" lon="120.32919217832386493682861328125">
        <ele>140</ele>
        <time>2016-04-28T11:26:09.000Z</time>
        <extensions>
          <ns3:TrackPointExtension>
            <ns3:hr>159</ns3:hr>
            <ns3:cad>97</ns3:cad>
          </ns3:TrackPointExtension>
        </extensions>
      </trkpt>
      <trkpt lat="29.14929279126226902008056640625" lon="120.329180024564266204833984375">
        <ele>140</ele>
        <time>2016-04-28T11:26:10.000Z</time>
        <extensions>
          <ns3:TrackPointExtension>
            <ns3:hr>160</ns3:hr>
            <ns3:cad>97</ns3:cad>
          </ns3:TrackPointExtension>
        </extensions>
      </trkpt>
      <trkpt lat="29.149313159286975860595703125" lon="120.32916854135692119598388671875">
        <ele>140.1999969482421875</ele>
        <time>2016-04-28T11:26:11.000Z</time>
        <extensions>
          <ns3:TrackPointExtension>
            <ns3:hr>159</ns3:hr>
            <ns3:cad>97</ns3:cad>
          </ns3:TrackPointExtension>
        </extensions>
      </trkpt>
      <trkpt lat="29.14933285675942897796630859375" lon="120.32915730960667133331298828125">
        <ele>140.1999969482421875</ele>
        <time>2016-04-28T11:26:12.000Z</time>
        <extensions>
          <ns3:TrackPointExtension>
            <ns3:hr>159</ns3:hr>
            <ns3:cad>97</ns3:cad>
          </ns3:TrackPointExtension>
        </extensions>
      </trkpt>
      <trkpt lat="29.1493549011647701263427734375" lon="120.32914272509515285491943359375">
        <ele>140.1999969482421875</ele>
        <time>2016-04-28T11:26:13.000Z</time>
        <extensions>
          <ns3:TrackPointExtension>
            <ns3:hr>160</ns3:hr>
            <ns3:cad>98</ns3:cad>
          </ns3:TrackPointExtension>
        </extensions>
      </trkpt>
      <trkpt lat="29.1493756882846355438232421875" lon="120.3291258774697780609130859375">
        <ele>140.399993896484375</ele>
        <time>2016-04-28T11:26:14.000Z</time>
        <extensions>
          <ns3:TrackPointExtension>
            <ns3:hr>161</ns3:hr>
            <ns3:cad>98</ns3:cad>
          </ns3:TrackPointExtension>
        </extensions>
      </trkpt>
      <trkpt lat="29.149394296109676361083984375" lon="120.32910584472119808197021484375">
        <ele>140.600006103515625</ele>
        <time>2016-04-28T11:26:15.000Z</time>
        <extensions>
          <ns3:TrackPointExtension>
            <ns3:hr>161</ns3:hr>
            <ns3:cad>96</ns3:cad>
          </ns3:TrackPointExtension>
        </extensions>
      </trkpt>
      <trkpt lat="29.14941181428730487823486328125" lon="120.32908405177295207977294921875">
        <ele>140.8000030517578125</ele>
        <time>2016-04-28T11:26:16.000Z</time>
        <extensions>
          <ns3:TrackPointExtension>
            <ns3:hr>161</ns3:hr>
            <ns3:cad>96</ns3:cad>
          </ns3:TrackPointExtension>
        </extensions>
      </trkpt>
      <trkpt lat="29.1494273208081722259521484375" lon="120.32906242646276950836181640625">
        <ele>141</ele>
        <time>2016-04-28T11:26:17.000Z</time>
        <extensions>
          <ns3:TrackPointExtension>
            <ns3:hr>161</ns3:hr>
            <ns3:cad>97</ns3:cad>
          </ns3:TrackPointExtension>
        </extensions>
      </trkpt>
      <trkpt lat="29.1494400613009929656982421875" lon="120.3290393762290477752685546875">
        <ele>141.1999969482421875</ele>
        <time>2016-04-28T11:26:18.000Z</time>
        <extensions>
          <ns3:TrackPointExtension>
            <ns3:hr>161</ns3:hr>
            <ns3:cad>98</ns3:cad>
          </ns3:TrackPointExtension>
        </extensions>
      </trkpt>
      <trkpt lat="29.14945162832736968994140625" lon="120.32901615835726261138916015625">
        <ele>141.399993896484375</ele>
        <time>2016-04-28T11:26:19.000Z</time>
        <extensions>
          <ns3:TrackPointExtension>
            <ns3:hr>161</ns3:hr>
            <ns3:cad>98</ns3:cad>
          </ns3:TrackPointExtension>
        </extensions>
      </trkpt>
      <trkpt lat="29.149461351335048675537109375" lon="120.32899419777095317840576171875">
        <ele>141.600006103515625</ele>
        <time>2016-04-28T11:26:20.000Z</time>
        <extensions>
          <ns3:TrackPointExtension>
            <ns3:hr>161</ns3:hr>
            <ns3:cad>97</ns3:cad>
          </ns3:TrackPointExtension>
        </extensions>
      </trkpt>
      <trkpt lat="29.1494712419807910919189453125" lon="120.32897072844207286834716796875">
        <ele>141.8000030517578125</ele>
        <time>2016-04-28T11:26:21.000Z</time>
        <extensions>
          <ns3:TrackPointExtension>
            <ns3:hr>161</ns3:hr>
            <ns3:cad>97</ns3:cad>
          </ns3:TrackPointExtension>
        </extensions>
      </trkpt>
      <trkpt lat="29.149481467902660369873046875" lon="120.32894323579967021942138671875">
        <ele>141.8000030517578125</ele>
        <time>2016-04-28T11:26:22.000Z</time>
        <extensions>
          <ns3:TrackPointExtension>
            <ns3:hr>161</ns3:hr>
            <ns3:cad>97</ns3:cad>
          </ns3:TrackPointExtension>
        </extensions>
      </trkpt>
      <trkpt lat="29.1494886763393878936767578125" lon="120.32891591079533100128173828125">
        <ele>142</ele>
        <time>2016-04-28T11:26:23.000Z</time>
        <extensions>
          <ns3:TrackPointExtension>
            <ns3:hr>161</ns3:hr>
            <ns3:cad>97</ns3:cad>
          </ns3:TrackPointExtension>
        </extensions>
      </trkpt>
      <trkpt lat="29.14949320256710052490234375" lon="120.328888334333896636962890625">
        <ele>142.1999969482421875</ele>
        <time>2016-04-28T11:26:24.000Z</time>
        <extensions>
          <ns3:TrackPointExtension>
            <ns3:hr>161</ns3:hr>
            <ns3:cad>97</ns3:cad>
          </ns3:TrackPointExtension>
        </extensions>
      </trkpt>
      <trkpt lat="29.14949722588062286376953125" lon="120.32886092551052570343017578125">
        <ele>142.1999969482421875</ele>
        <time>2016-04-28T11:26:25.000Z</time>
        <extensions>
          <ns3:TrackPointExtension>
            <ns3:hr>161</ns3:hr>
            <ns3:cad>97</ns3:cad>
          </ns3:TrackPointExtension>
        </extensions>
      </trkpt>
      <trkpt lat="29.149498902261257171630859375" lon="120.328833349049091339111328125">
        <ele>142.399993896484375</ele>
        <time>2016-04-28T11:26:26.000Z</time>
        <extensions>
          <ns3:TrackPointExtension>
            <ns3:hr>161</ns3:hr>
            <ns3:cad>97</ns3:cad>
          </ns3:TrackPointExtension>
        </extensions>
      </trkpt>
      <trkpt lat="29.14950032718479633331298828125" lon="120.3288033418357372283935546875">
        <ele>142.600006103515625</ele>
        <time>2016-04-28T11:26:27.000Z</time>
        <extensions>
          <ns3:TrackPointExtension>
            <ns3:hr>161</ns3:hr>
            <ns3:cad>97</ns3:cad>
          </ns3:TrackPointExtension>
        </extensions>
      </trkpt>
      <trkpt lat="29.1494990698993206024169921875" lon="120.32877509482204914093017578125">
        <ele>142.600006103515625</ele>
        <time>2016-04-28T11:26:28.000Z</time>
        <extensions>
          <ns3:TrackPointExtension>
            <ns3:hr>161</ns3:hr>
            <ns3:cad>97</ns3:cad>
          </ns3:TrackPointExtension>
        </extensions>
      </trkpt>
      <trkpt lat="29.14949496276676654815673828125" lon="120.3287480212748050689697265625">
        <ele>142.600006103515625</ele>
        <time>2016-04-28T11:26:29.000Z</time>
        <extensions>
          <ns3:TrackPointExtension>
            <ns3:hr>162</ns3:hr>
            <ns3:cad>97</ns3:cad>
          </ns3:TrackPointExtension>
        </extensions>
      </trkpt>
      <trkpt lat="29.14948842488229274749755859375" lon="120.32872010953724384307861328125">
        <ele>142.8000030517578125</ele>
        <time>2016-04-28T11:26:30.000Z</time>
        <extensions>
          <ns3:TrackPointExtension>
            <ns3:hr>162</ns3:hr>
            <ns3:cad>97</ns3:cad>
          </ns3:TrackPointExtension>
        </extensions>
      </trkpt>
      <trkpt lat="29.1494806297123432159423828125" lon="120.32869328744709491729736328125">
        <ele>142.8000030517578125</ele>
        <time>2016-04-28T11:26:31.000Z</time>
        <extensions>
          <ns3:TrackPointExtension>
            <ns3:hr>162</ns3:hr>
            <ns3:cad>97</ns3:cad>
          </ns3:TrackPointExtension>
        </extensions>
      </trkpt>
      <trkpt lat="29.1494705714285373687744140625" lon="120.32866596244275569915771484375">
        <ele>143</ele>
        <time>2016-04-28T11:26:32.000Z</time>
        <extensions>
          <ns3:TrackPointExtension>
            <ns3:hr>161</ns3:hr>
            <ns3:cad>97</ns3:cad>
          </ns3:TrackPointExtension>
        </extensions>
      </trkpt>
      <trkpt lat="29.14946101605892181396484375" lon="120.32864165492355823516845703125">
        <ele>143.1999969482421875</ele>
        <time>2016-04-28T11:26:33.000Z</time>
        <extensions>
          <ns3:TrackPointExtension>
            <ns3:hr>161</ns3:hr>
            <ns3:cad>97</ns3:cad>
          </ns3:TrackPointExtension>
        </extensions>
      </trkpt>
      <trkpt lat="29.14944651536643505096435546875" lon="120.3286159224808216094970703125">
        <ele>143.1999969482421875</ele>
        <time>2016-04-28T11:26:34.000Z</time>
        <extensions>
          <ns3:TrackPointExtension>
            <ns3:hr>161</ns3:hr>
            <ns3:cad>98</ns3:cad>
          </ns3:TrackPointExtension>
        </extensions>
      </trkpt>
      <trkpt lat="29.1494316793978214263916015625" lon="120.328589268028736114501953125">
        <ele>143.1999969482421875</ele>
        <time>2016-04-28T11:26:35.000Z</time>
        <extensions>
          <ns3:TrackPointExtension>
            <ns3:hr>161</ns3:hr>
            <ns3:cad>98</ns3:cad>
          </ns3:TrackPointExtension>
        </extensions>
      </trkpt>
      <trkpt lat="29.14941550232470035552978515625" lon="120.328566469252109527587890625">
        <ele>143.1999969482421875</ele>
        <time>2016-04-28T11:26:36.000Z</time>
        <extensions>
          <ns3:TrackPointExtension>
            <ns3:hr>161</ns3:hr>
            <ns3:cad>98</ns3:cad>
          </ns3:TrackPointExtension>
        </extensions>
      </trkpt>
      <trkpt lat="29.14939605630934238433837890625" lon="120.32854526303708553314208984375">
        <ele>143.1999969482421875</ele>
        <time>2016-04-28T11:26:37.000Z</time>
        <extensions>
          <ns3:TrackPointExtension>
            <ns3:hr>162</ns3:hr>
            <ns3:cad>98</ns3:cad>
          </ns3:TrackPointExtension>
        </extensions>
      </trkpt>
      <trkpt lat="29.149375520646572113037109375" lon="120.328524895012378692626953125">
        <ele>143.1999969482421875</ele>
        <time>2016-04-28T11:26:38.000Z</time>
        <extensions>
          <ns3:TrackPointExtension>
            <ns3:hr>162</ns3:hr>
            <ns3:cad>97</ns3:cad>
          </ns3:TrackPointExtension>
        </extensions>
      </trkpt>
      <trkpt lat="29.14935582317411899566650390625" lon="120.328508131206035614013671875">
        <ele>143</ele>
        <time>2016-04-28T11:26:39.000Z</time>
        <extensions>
          <ns3:TrackPointExtension>
            <ns3:hr>162</ns3:hr>
            <ns3:cad>97</ns3:cad>
          </ns3:TrackPointExtension>
        </extensions>
      </trkpt>
      <trkpt lat="29.14933302439749240875244140625" lon="120.32849178649485111236572265625">
        <ele>143</ele>
        <time>2016-04-28T11:26:40.000Z</time>
        <extensions>
          <ns3:TrackPointExtension>
            <ns3:hr>162</ns3:hr>
            <ns3:cad>97</ns3:cad>
          </ns3:TrackPointExtension>
        </extensions>
      </trkpt>
      <trkpt lat="29.14930989034473896026611328125" lon="120.32847804017364978790283203125">
        <ele>142.8000030517578125</ele>
        <time>2016-04-28T11:26:41.000Z</time>
        <extensions>
          <ns3:TrackPointExtension>
            <ns3:hr>162</ns3:hr>
            <ns3:cad>97</ns3:cad>
          </ns3:TrackPointExtension>
        </extensions>
      </trkpt>
      <trkpt lat="29.14928709156811237335205078125" lon="120.32846580259501934051513671875">
        <ele>142.600006103515625</ele>
        <time>2016-04-28T11:26:42.000Z</time>
        <extensions>
          <ns3:TrackPointExtension>
            <ns3:hr>162</ns3:hr>
            <ns3:cad>97</ns3:cad>
          </ns3:TrackPointExtension>
        </extensions>
      </trkpt>
      <trkpt lat="29.14926094003021717071533203125" lon="120.3284543193876743316650390625">
        <ele>142.399993896484375</ele>
        <time>2016-04-28T11:26:43.000Z</time>
        <extensions>
          <ns3:TrackPointExtension>
            <ns3:hr>162</ns3:hr>
            <ns3:cad>97</ns3:cad>
          </ns3:TrackPointExtension>
        </extensions>
      </trkpt>
      <trkpt lat="29.14923562668263912200927734375" lon="120.32844568602740764617919921875">
        <ele>142.399993896484375</ele>
        <time>2016-04-28T11:26:44.000Z</time>
        <extensions>
          <ns3:TrackPointExtension>
            <ns3:hr>161</ns3:hr>
            <ns3:cad>97</ns3:cad>
          </ns3:TrackPointExtension>
        </extensions>
      </trkpt>
      <trkpt lat="29.14921064861118793487548828125" lon="120.32843730412423610687255859375">
        <ele>142.1999969482421875</ele>
        <time>2016-04-28T11:26:45.000Z</time>
        <extensions>
          <ns3:TrackPointExtension>
            <ns3:hr>161</ns3:hr>
            <ns3:cad>97</ns3:cad>
          </ns3:TrackPointExtension>
        </extensions>
      </trkpt>
      <trkpt lat="29.14918499998748302459716796875" lon="120.32842875458300113677978515625">
        <ele>142</ele>
        <time>2016-04-28T11:26:46.000Z</time>
        <extensions>
          <ns3:TrackPointExtension>
            <ns3:hr>159</ns3:hr>
            <ns3:cad>97</ns3:cad>
          </ns3:TrackPointExtension>
        </extensions>
      </trkpt>
      <trkpt lat="29.149161614477634429931640625" lon="120.32842104323208332061767578125">
        <ele>142</ele>
        <time>2016-04-28T11:26:47.000Z</time>
        <extensions>
          <ns3:TrackPointExtension>
            <ns3:hr>159</ns3:hr>
            <ns3:cad>98</ns3:cad>
          </ns3:TrackPointExtension>
        </extensions>
      </trkpt>
      <trkpt lat="29.1491379775106906890869140625" lon="120.3284119069576263427734375">
        <ele>141.8000030517578125</ele>
        <time>2016-04-28T11:26:48.000Z</time>
        <extensions>
          <ns3:TrackPointExtension>
            <ns3:hr>159</ns3:hr>
            <ns3:cad>98</ns3:cad>
          </ns3:TrackPointExtension>
        </extensions>
      </trkpt>
      <trkpt lat="29.1491114906966686248779296875" lon="120.32840478233993053436279296875">
        <ele>141.600006103515625</ele>
        <time>2016-04-28T11:26:49.000Z</time>
        <extensions>
          <ns3:TrackPointExtension>
            <ns3:hr>159</ns3:hr>
            <ns3:cad>98</ns3:cad>
          </ns3:TrackPointExtension>
        </extensions>
      </trkpt>
      <trkpt lat="29.14908642880618572235107421875" lon="120.32839707098901271820068359375">
        <ele>141.399993896484375</ele>
        <time>2016-04-28T11:26:50.000Z</time>
        <extensions>
          <ns3:TrackPointExtension>
            <ns3:hr>159</ns3:hr>
            <ns3:cad>97</ns3:cad>
          </ns3:TrackPointExtension>
        </extensions>
      </trkpt>
      <trkpt lat="29.14906078018248081207275390625" lon="120.32838986255228519439697265625">
        <ele>141.1999969482421875</ele>
        <time>2016-04-28T11:26:51.000Z</time>
        <extensions>
          <ns3:TrackPointExtension>
            <ns3:hr>159</ns3:hr>
            <ns3:cad>97</ns3:cad>
          </ns3:TrackPointExtension>
        </extensions>
      </trkpt>
      <trkpt lat="29.1490370593965053558349609375" lon="120.32838231883943080902099609375">
        <ele>141.1999969482421875</ele>
        <time>2016-04-28T11:26:52.000Z</time>
        <extensions>
          <ns3:TrackPointExtension>
            <ns3:hr>159</ns3:hr>
            <ns3:cad>97</ns3:cad>
          </ns3:TrackPointExtension>
        </extensions>
      </trkpt>
      <trkpt lat="29.1490149311721324920654296875" lon="120.3283716738224029541015625">
        <ele>141</ele>
        <time>2016-04-28T11:26:53.000Z</time>
        <extensions>
          <ns3:TrackPointExtension>
            <ns3:hr>159</ns3:hr>
            <ns3:cad>97</ns3:cad>
          </ns3:TrackPointExtension>
        </extensions>
      </trkpt>
      <trkpt lat="29.14899322204291820526123046875" lon="120.3283607773482799530029296875">
        <ele>141</ele>
        <time>2016-04-28T11:26:54.000Z</time>
        <extensions>
          <ns3:TrackPointExtension>
            <ns3:hr>159</ns3:hr>
            <ns3:cad>97</ns3:cad>
          </ns3:TrackPointExtension>
        </extensions>
      </trkpt>
      <trkpt lat="29.1489716805517673492431640625" lon="120.3283530659973621368408203125">
        <ele>141</ele>
        <time>2016-04-28T11:26:55.000Z</time>
        <extensions>
          <ns3:TrackPointExtension>
            <ns3:hr>159</ns3:hr>
            <ns3:cad>97</ns3:cad>
          </ns3:TrackPointExtension>
        </extensions>
      </trkpt>
      <trkpt lat="29.14895005524158477783203125" lon="120.328345857560634613037109375">
        <ele>141.1999969482421875</ele>
        <time>2016-04-28T11:26:56.000Z</time>
        <extensions>
          <ns3:TrackPointExtension>
            <ns3:hr>159</ns3:hr>
            <ns3:cad>97</ns3:cad>
          </ns3:TrackPointExtension>
        </extensions>
      </trkpt>
      <trkpt lat="29.14892734028398990631103515625" lon="120.32833881676197052001953125">
        <ele>141.1999969482421875</ele>
        <time>2016-04-28T11:26:57.000Z</time>
        <extensions>
          <ns3:TrackPointExtension>
            <ns3:hr>160</ns3:hr>
            <ns3:cad>97</ns3:cad>
          </ns3:TrackPointExtension>
        </extensions>
      </trkpt>
      <trkpt lat="29.14890454150736331939697265625" lon="120.32833278179168701171875">
        <ele>141.1999969482421875</ele>
        <time>2016-04-28T11:26:58.000Z</time>
        <extensions>
          <ns3:TrackPointExtension>
            <ns3:hr>159</ns3:hr>
            <ns3:cad>98</ns3:cad>
          </ns3:TrackPointExtension>
        </extensions>
      </trkpt>
      <trkpt lat="29.1488788090646266937255859375" lon="120.32832565717399120330810546875">
        <ele>141.1999969482421875</ele>
        <time>2016-04-28T11:26:59.000Z</time>
        <extensions>
          <ns3:TrackPointExtension>
            <ns3:hr>160</ns3:hr>
            <ns3:cad>98</ns3:cad>
          </ns3:TrackPointExtension>
        </extensions>
      </trkpt>
      <trkpt lat="29.1488546691834926605224609375" lon="120.3283175267279148101806640625">
        <ele>141.1999969482421875</ele>
        <time>2016-04-28T11:27:00.000Z</time>
        <extensions>
          <ns3:TrackPointExtension>
            <ns3:hr>159</ns3:hr>
            <ns3:cad>96</ns3:cad>
          </ns3:TrackPointExtension>
        </extensions>
      </trkpt>
      <trkpt lat="29.1488308645784854888916015625" lon="120.32830704934895038604736328125">
        <ele>141.1999969482421875</ele>
        <time>2016-04-28T11:27:01.000Z</time>
        <extensions>
          <ns3:TrackPointExtension>
            <ns3:hr>158</ns3:hr>
            <ns3:cad>96</ns3:cad>
          </ns3:TrackPointExtension>
        </extensions>
      </trkpt>
      <trkpt lat="29.1488057188689708709716796875" lon="120.32829782925546169281005859375">
        <ele>141.1999969482421875</ele>
        <time>2016-04-28T11:27:02.000Z</time>
        <extensions>
          <ns3:TrackPointExtension>
            <ns3:hr>158</ns3:hr>
            <ns3:cad>96</ns3:cad>
          </ns3:TrackPointExtension>
        </extensions>
      </trkpt>
      <trkpt lat="29.1487815789878368377685546875" lon="120.32828911207616329193115234375">
        <ele>141.399993896484375</ele>
        <time>2016-04-28T11:27:03.000Z</time>
        <extensions>
          <ns3:TrackPointExtension>
            <ns3:hr>157</ns3:hr>
            <ns3:cad>98</ns3:cad>
          </ns3:TrackPointExtension>
        </extensions>
      </trkpt>
      <trkpt lat="29.1487574391067028045654296875" lon="120.32828123308718204498291015625">
        <ele>141.399993896484375</ele>
        <time>2016-04-28T11:27:04.000Z</time>
        <extensions>
          <ns3:TrackPointExtension>
            <ns3:hr>157</ns3:hr>
            <ns3:cad>98</ns3:cad>
          </ns3:TrackPointExtension>
        </extensions>
      </trkpt>
      <trkpt lat="29.14873505942523479461669921875" lon="120.3282732702791690826416015625">
        <ele>141.600006103515625</ele>
        <time>2016-04-28T11:27:05.000Z</time>
        <extensions>
          <ns3:TrackPointExtension>
            <ns3:hr>156</ns3:hr>
            <ns3:cad>98</ns3:cad>
          </ns3:TrackPointExtension>
        </extensions>
      </trkpt>
      <trkpt lat="29.1487118415534496307373046875" lon="120.3282643854618072509765625">
        <ele>141.600006103515625</ele>
        <time>2016-04-28T11:27:06.000Z</time>
        <extensions>
          <ns3:TrackPointExtension>
            <ns3:hr>156</ns3:hr>
            <ns3:cad>98</ns3:cad>
          </ns3:TrackPointExtension>
        </extensions>
      </trkpt>
      <trkpt lat="29.14868610911071300506591796875" lon="120.32825591973960399627685546875">
        <ele>141.8000030517578125</ele>
        <time>2016-04-28T11:27:07.000Z</time>
        <extensions>
          <ns3:TrackPointExtension>
            <ns3:hr>155</ns3:hr>
            <ns3:cad>98</ns3:cad>
          </ns3:TrackPointExtension>
        </extensions>
      </trkpt>
      <trkpt lat="29.14866062812507152557373046875" lon="120.32824770547449588775634765625">
        <ele>141.8000030517578125</ele>
        <time>2016-04-28T11:27:08.000Z</time>
        <extensions>
          <ns3:TrackPointExtension>
            <ns3:hr>156</ns3:hr>
            <ns3:cad>98</ns3:cad>
          </ns3:TrackPointExtension>
        </extensions>
      </trkpt>
      <trkpt lat="29.1486115939915180206298828125" lon="120.3282323665916919708251953125">
        <ele>142</ele>
        <time>2016-04-28T11:27:09.000Z</time>
        <extensions>
          <ns3:TrackPointExtension>
            <ns3:hr>156</ns3:hr>
            <ns3:cad>97</ns3:cad>
          </ns3:TrackPointExtension>
        </extensions>
      </trkpt>
      <trkpt lat="29.1486115939915180206298828125" lon="120.3282323665916919708251953125">
        <ele>142</ele>
        <time>2016-04-28T11:27:10.000Z</time>
        <extensions>
          <ns3:TrackPointExtension>
            <ns3:hr>156</ns3:hr>
            <ns3:cad>96</ns3:cad>
          </ns3:TrackPointExtension>
        </extensions>
      </trkpt>
      <trkpt lat="29.14858938194811344146728515625" lon="120.32822440378367900848388671875">
        <ele>142</ele>
        <time>2016-04-28T11:27:11.000Z</time>
        <extensions>
          <ns3:TrackPointExtension>
            <ns3:hr>157</ns3:hr>
            <ns3:cad>96</ns3:cad>
          </ns3:TrackPointExtension>
        </extensions>
      </trkpt>
      <trkpt lat="29.14856524206697940826416015625" lon="120.3282159380614757537841796875">
        <ele>142</ele>
        <time>2016-04-28T11:27:12.000Z</time>
        <extensions>
          <ns3:TrackPointExtension>
            <ns3:hr>158</ns3:hr>
            <ns3:cad>96</ns3:cad>
          </ns3:TrackPointExtension>
        </extensions>
      </trkpt>
      <trkpt lat="29.14852132089436054229736328125" lon="120.32819976098835468292236328125">
        <ele>142.1999969482421875</ele>
        <time>2016-04-28T11:27:13.000Z</time>
        <extensions>
          <ns3:TrackPointExtension>
            <ns3:hr>158</ns3:hr>
            <ns3:cad>96</ns3:cad>
          </ns3:TrackPointExtension>
        </extensions>
      </trkpt>
      <trkpt lat="29.14852132089436054229736328125" lon="120.32819976098835468292236328125">
        <ele>142.1999969482421875</ele>
        <time>2016-04-28T11:27:14.000Z</time>
        <extensions>
          <ns3:TrackPointExtension>
            <ns3:hr>158</ns3:hr>
            <ns3:cad>97</ns3:cad>
          </ns3:TrackPointExtension>
        </extensions>
      </trkpt>
      <trkpt lat="29.14849902503192424774169921875" lon="120.3281919658184051513671875">
        <ele>142.1999969482421875</ele>
        <time>2016-04-28T11:27:15.000Z</time>
        <extensions>
          <ns3:TrackPointExtension>
            <ns3:hr>159</ns3:hr>
            <ns3:cad>98</ns3:cad>
          </ns3:TrackPointExtension>
        </extensions>
      </trkpt>
      <trkpt lat="29.1484759747982025146484375" lon="120.32818433828651905059814453125">
        <ele>142.1999969482421875</ele>
        <time>2016-04-28T11:27:16.000Z</time>
        <extensions>
          <ns3:TrackPointExtension>
            <ns3:hr>159</ns3:hr>
            <ns3:cad>98</ns3:cad>
          </ns3:TrackPointExtension>
        </extensions>
      </trkpt>
      <trkpt lat="29.14845040999352931976318359375" lon="120.3281785547733306884765625">
        <ele>142.1999969482421875</ele>
        <time>2016-04-28T11:27:17.000Z</time>
        <extensions>
          <ns3:TrackPointExtension>
            <ns3:hr>159</ns3:hr>
            <ns3:cad>98</ns3:cad>
          </ns3:TrackPointExtension>
        </extensions>
      </trkpt>
      <trkpt lat="29.14842878468334674835205078125" lon="120.32817428000271320343017578125">
        <ele>142.1999969482421875</ele>
        <time>2016-04-28T11:27:18.000Z</time>
        <extensions>
          <ns3:TrackPointExtension>
            <ns3:hr>159</ns3:hr>
            <ns3:cad>97</ns3:cad>
          </ns3:TrackPointExtension>
        </extensions>
      </trkpt>
      <trkpt lat="29.1484057344496250152587890625" lon="120.32817645929753780364990234375">
        <ele>142.1999969482421875</ele>
        <time>2016-04-28T11:27:19.000Z</time>
        <extensions>
          <ns3:TrackPointExtension>
            <ns3:hr>160</ns3:hr>
            <ns3:cad>96</ns3:cad>
          </ns3:TrackPointExtension>
        </extensions>
      </trkpt>
      <trkpt lat="29.14838285185396671295166015625" lon="120.32818031497299671173095703125">
        <ele>142.1999969482421875</ele>
        <time>2016-04-28T11:27:20.000Z</time>
        <extensions>
          <ns3:TrackPointExtension>
            <ns3:hr>160</ns3:hr>
            <ns3:cad>96</ns3:cad>
          </ns3:TrackPointExtension>
        </extensions>
      </trkpt>
      <trkpt lat="29.14836055599153041839599609375" lon="120.32818249426782131195068359375">
        <ele>142.399993896484375</ele>
        <time>2016-04-28T11:27:21.000Z</time>
        <extensions>
          <ns3:TrackPointExtension>
            <ns3:hr>160</ns3:hr>
            <ns3:cad>96</ns3:cad>
          </ns3:TrackPointExtension>
        </extensions>
      </trkpt>
      <trkpt lat="29.14833826012909412384033203125" lon="120.3281867690384387969970703125">
        <ele>142.399993896484375</ele>
        <time>2016-04-28T11:27:22.000Z</time>
        <extensions>
          <ns3:TrackPointExtension>
            <ns3:hr>161</ns3:hr>
            <ns3:cad>96</ns3:cad>
          </ns3:TrackPointExtension>
        </extensions>
      </trkpt>
      <trkpt lat="29.1483225859701633453369140625" lon="120.32819540239870548248291015625">
        <ele>142.399993896484375</ele>
        <time>2016-04-28T11:27:23.000Z</time>
        <extensions>
          <ns3:TrackPointExtension>
            <ns3:hr>161</ns3:hr>
            <ns3:cad>96</ns3:cad>
          </ns3:TrackPointExtension>
        </extensions>
      </trkpt>
      <trkpt lat="29.1483056545257568359375" lon="120.3282115794718265533447265625">
        <ele>142.600006103515625</ele>
        <time>2016-04-28T11:27:24.000Z</time>
        <extensions>
          <ns3:TrackPointExtension>
            <ns3:hr>163</ns3:hr>
            <ns3:cad>96</ns3:cad>
          </ns3:TrackPointExtension>
        </extensions>
      </trkpt>
      <trkpt lat="29.1482840292155742645263671875" lon="120.328223817050457000732421875">
        <ele>142.600006103515625</ele>
        <time>2016-04-28T11:27:25.000Z</time>
        <extensions>
          <ns3:TrackPointExtension>
            <ns3:hr>163</ns3:hr>
            <ns3:cad>98</ns3:cad>
          </ns3:TrackPointExtension>
        </extensions>
      </trkpt>
      <trkpt lat="29.1482635773718357086181640625" lon="120.32823345623910427093505859375">
        <ele>142.600006103515625</ele>
        <time>2016-04-28T11:27:26.000Z</time>
        <extensions>
          <ns3:TrackPointExtension>
            <ns3:hr>163</ns3:hr>
            <ns3:cad>98</ns3:cad>
          </ns3:TrackPointExtension>
        </extensions>
      </trkpt>
      <trkpt lat="29.14824270643293857574462890625" lon="120.3282441012561321258544921875">
        <ele>142.8000030517578125</ele>
        <time>2016-04-28T11:27:27.000Z</time>
        <extensions>
          <ns3:TrackPointExtension>
            <ns3:hr>163</ns3:hr>
            <ns3:cad>97</ns3:cad>
          </ns3:TrackPointExtension>
        </extensions>
      </trkpt>
      <trkpt lat="29.14820968173444271087646484375" lon="120.3282759524881839752197265625">
        <ele>143</ele>
        <time>2016-04-28T11:27:28.000Z</time>
        <extensions>
          <ns3:TrackPointExtension>
            <ns3:hr>163</ns3:hr>
            <ns3:cad>96</ns3:cad>
          </ns3:TrackPointExtension>
        </extensions>
      </trkpt>
      <trkpt lat="29.14820968173444271087646484375" lon="120.3282759524881839752197265625">
        <ele>143</ele>
        <time>2016-04-28T11:27:29.000Z</time>
        <extensions>
          <ns3:TrackPointExtension>
            <ns3:hr>163</ns3:hr>
            <ns3:cad>96</ns3:cad>
          </ns3:TrackPointExtension>
        </extensions>
      </trkpt>
      <trkpt lat="29.14819174446165561676025390625" lon="120.32829397358000278472900390625">
        <ele>143</ele>
        <time>2016-04-28T11:27:30.000Z</time>
        <extensions>
          <ns3:TrackPointExtension>
            <ns3:hr>163</ns3:hr>
            <ns3:cad>96</ns3:cad>
          </ns3:TrackPointExtension>
        </extensions>
      </trkpt>
      <trkpt lat="29.1481784172356128692626953125" lon="120.32831341959536075592041015625">
        <ele>143</ele>
        <time>2016-04-28T11:27:31.000Z</time>
        <extensions>
          <ns3:TrackPointExtension>
            <ns3:hr>162</ns3:hr>
            <ns3:cad>98</ns3:cad>
          </ns3:TrackPointExtension>
        </extensions>
      </trkpt>
      <trkpt lat="29.14814539253711700439453125" lon="120.3283564187586307525634765625">
        <ele>143</ele>
        <time>2016-04-28T11:27:32.000Z</time>
        <extensions>
          <ns3:TrackPointExtension>
            <ns3:hr>162</ns3:hr>
            <ns3:cad>96</ns3:cad>
          </ns3:TrackPointExtension>
        </extensions>
      </trkpt>
      <trkpt lat="29.14814539253711700439453125" lon="120.3283564187586307525634765625">
        <ele>143</ele>
        <time>2016-04-28T11:27:33.000Z</time>
        <extensions>
          <ns3:TrackPointExtension>
            <ns3:hr>161</ns3:hr>
            <ns3:cad>96</ns3:cad>
          </ns3:TrackPointExtension>
        </extensions>
      </trkpt>
      <trkpt lat="29.14813575334846973419189453125" lon="120.32837896607816219329833984375">
        <ele>143.1999969482421875</ele>
        <time>2016-04-28T11:27:34.000Z</time>
        <extensions>
          <ns3:TrackPointExtension>
            <ns3:hr>160</ns3:hr>
            <ns3:cad>96</ns3:cad>
          </ns3:TrackPointExtension>
        </extensions>
      </trkpt>
      <trkpt lat="29.14811060763895511627197265625" lon="120.3284280002117156982421875">
        <ele>143.1999969482421875</ele>
        <time>2016-04-28T11:27:35.000Z</time>
        <extensions>
          <ns3:TrackPointExtension>
            <ns3:hr>160</ns3:hr>
            <ns3:cad>96</ns3:cad>
          </ns3:TrackPointExtension>
        </extensions>
      </trkpt>
      <trkpt lat="29.14811060763895511627197265625" lon="120.3284280002117156982421875">
        <ele>143.1999969482421875</ele>
        <time>2016-04-28T11:27:36.000Z</time>
        <extensions>
          <ns3:TrackPointExtension>
            <ns3:hr>161</ns3:hr>
            <ns3:cad>96</ns3:cad>
          </ns3:TrackPointExtension>
        </extensions>
      </trkpt>
      <trkpt lat="29.14810088463127613067626953125" lon="120.32845272682607173919677734375">
        <ele>143.1999969482421875</ele>
        <time>2016-04-28T11:27:37.000Z</time>
        <extensions>
          <ns3:TrackPointExtension>
            <ns3:hr>161</ns3:hr>
            <ns3:cad>97</ns3:cad>
          </ns3:TrackPointExtension>
        </extensions>
      </trkpt>
      <trkpt lat="29.1480865515768527984619140625" lon="120.32851181924343109130859375">
        <ele>143.399993896484375</ele>
        <time>2016-04-28T11:27:38.000Z</time>
        <extensions>
          <ns3:TrackPointExtension>
            <ns3:hr>161</ns3:hr>
            <ns3:cad>97</ns3:cad>
          </ns3:TrackPointExtension>
        </extensions>
      </trkpt>
      <trkpt lat="29.1480865515768527984619140625" lon="120.32851181924343109130859375">
        <ele>143.399993896484375</ele>
        <time>2016-04-28T11:27:39.000Z</time>
        <extensions>
          <ns3:TrackPointExtension>
            <ns3:hr>161</ns3:hr>
            <ns3:cad>97</ns3:cad>
          </ns3:TrackPointExtension>
        </extensions>
      </trkpt>
      <trkpt lat="29.148080684244632720947265625" lon="120.32853956334292888641357421875">
        <ele>143.600006103515625</ele>
        <time>2016-04-28T11:27:40.000Z</time>
        <extensions>
          <ns3:TrackPointExtension>
            <ns3:hr>161</ns3:hr>
            <ns3:cad>97</ns3:cad>
          </ns3:TrackPointExtension>
        </extensions>
      </trkpt>
      <trkpt lat="29.14807339198887348175048828125" lon="120.32859672792255878448486328125">
        <ele>144</ele>
        <time>2016-04-28T11:27:41.000Z</time>
        <extensions>
          <ns3:TrackPointExtension>
            <ns3:hr>161</ns3:hr>
            <ns3:cad>97</ns3:cad>
          </ns3:TrackPointExtension>
        </extensions>
      </trkpt>
      <trkpt lat="29.14807339198887348175048828125" lon="120.32859672792255878448486328125">
        <ele>144</ele>
        <time>2016-04-28T11:27:42.000Z</time>
        <extensions>
          <ns3:TrackPointExtension>
            <ns3:hr>161</ns3:hr>
            <ns3:cad>98</ns3:cad>
          </ns3:TrackPointExtension>
        </extensions>
      </trkpt>
      <trkpt lat="29.148073978722095489501953125" lon="120.328625477850437164306640625">
        <ele>144.1999969482421875</ele>
        <time>2016-04-28T11:27:43.000Z</time>
        <extensions>
          <ns3:TrackPointExtension>
            <ns3:hr>161</ns3:hr>
            <ns3:cad>98</ns3:cad>
          </ns3:TrackPointExtension>
        </extensions>
      </trkpt>
      <trkpt lat="29.1480811871588230133056640625" lon="120.32868104986846446990966796875">
        <ele>144.600006103515625</ele>
        <time>2016-04-28T11:27:44.000Z</time>
        <extensions>
          <ns3:TrackPointExtension>
            <ns3:hr>160</ns3:hr>
            <ns3:cad>96</ns3:cad>
          </ns3:TrackPointExtension>
        </extensions>
      </trkpt>
      <trkpt lat="29.1480811871588230133056640625" lon="120.32868104986846446990966796875">
        <ele>144.600006103515625</ele>
        <time>2016-04-28T11:27:45.000Z</time>
        <extensions>
          <ns3:TrackPointExtension>
            <ns3:hr>160</ns3:hr>
            <ns3:cad>96</ns3:cad>
          </ns3:TrackPointExtension>
        </extensions>
      </trkpt>
      <trkpt lat="29.14808630011975765228271484375" lon="120.32870619557797908782958984375">
        <ele>144.8000030517578125</ele>
        <time>2016-04-28T11:27:46.000Z</time>
        <extensions>
          <ns3:TrackPointExtension>
            <ns3:hr>160</ns3:hr>
            <ns3:cad>96</ns3:cad>
          </ns3:TrackPointExtension>
        </extensions>
      </trkpt>
      <trkpt lat="29.14810423739254474639892578125" lon="120.3287570737302303314208984375">
        <ele>145</ele>
        <time>2016-04-28T11:27:47.000Z</time>
        <extensions>
          <ns3:TrackPointExtension>
            <ns3:hr>160</ns3:hr>
            <ns3:cad>96</ns3:cad>
          </ns3:TrackPointExtension>
        </extensions>
      </trkpt>
      <trkpt lat="29.14810423739254474639892578125" lon="120.3287570737302303314208984375">
        <ele>145</ele>
        <time>2016-04-28T11:27:48.000Z</time>
        <extensions>
          <ns3:TrackPointExtension>
            <ns3:hr>160</ns3:hr>
            <ns3:cad>96</ns3:cad>
          </ns3:TrackPointExtension>
        </extensions>
      </trkpt>
      <trkpt lat="29.14811463095247745513916015625" lon="120.3287812136113643646240234375">
        <ele>145</ele>
        <time>2016-04-28T11:27:49.000Z</time>
        <extensions>
          <ns3:TrackPointExtension>
            <ns3:hr>160</ns3:hr>
            <ns3:cad>96</ns3:cad>
          </ns3:TrackPointExtension>
        </extensions>
      </trkpt>
      <trkpt lat="29.1481489129364490509033203125" lon="120.3288264758884906768798828125">
        <ele>145</ele>
        <time>2016-04-28T11:27:50.000Z</time>
        <extensions>
          <ns3:TrackPointExtension>
            <ns3:hr>159</ns3:hr>
            <ns3:cad>98</ns3:cad>
          </ns3:TrackPointExtension>
        </extensions>
      </trkpt>
      <trkpt lat="29.1481489129364490509033203125" lon="120.3288264758884906768798828125">
        <ele>145</ele>
        <time>2016-04-28T11:27:51.000Z</time>
        <extensions>
          <ns3:TrackPointExtension>
            <ns3:hr>159</ns3:hr>
            <ns3:cad>98</ns3:cad>
          </ns3:TrackPointExtension>
        </extensions>
      </trkpt>
      <trkpt lat="29.14816643111407756805419921875" lon="120.32884499989449977874755859375">
        <ele>145</ele>
        <time>2016-04-28T11:27:52.000Z</time>
        <extensions>
          <ns3:TrackPointExtension>
            <ns3:hr>159</ns3:hr>
            <ns3:cad>98</ns3:cad>
          </ns3:TrackPointExtension>
        </extensions>
      </trkpt>
      <trkpt lat="29.14820632897317409515380859375" lon="120.32888255082070827484130859375">
        <ele>144.8000030517578125</ele>
        <time>2016-04-28T11:27:53.000Z</time>
        <extensions>
          <ns3:TrackPointExtension>
            <ns3:hr>159</ns3:hr>
            <ns3:cad>98</ns3:cad>
          </ns3:TrackPointExtension>
        </extensions>
      </trkpt>
      <trkpt lat="29.14820632897317409515380859375" lon="120.32888255082070827484130859375">
        <ele>144.8000030517578125</ele>
        <time>2016-04-28T11:27:54.000Z</time>
        <extensions>
          <ns3:TrackPointExtension>
            <ns3:hr>159</ns3:hr>
            <ns3:cad>98</ns3:cad>
          </ns3:TrackPointExtension>
        </extensions>
      </trkpt>
      <trkpt lat="29.14822309277951717376708984375" lon="120.3289002366364002227783203125">
        <ele>144.8000030517578125</ele>
        <time>2016-04-28T11:27:55.000Z</time>
        <extensions>
          <ns3:TrackPointExtension>
            <ns3:hr>159</ns3:hr>
            <ns3:cad>97</ns3:cad>
          </ns3:TrackPointExtension>
        </extensions>
      </trkpt>
      <trkpt lat="29.14826500229537487030029296875" lon="120.32893158495426177978515625">
        <ele>144.600006103515625</ele>
        <time>2016-04-28T11:27:56.000Z</time>
        <extensions>
          <ns3:TrackPointExtension>
            <ns3:hr>159</ns3:hr>
            <ns3:cad>97</ns3:cad>
          </ns3:TrackPointExtension>
        </extensions>
      </trkpt>
      <trkpt lat="29.14826500229537487030029296875" lon="120.32893158495426177978515625">
        <ele>144.600006103515625</ele>
        <time>2016-04-28T11:27:57.000Z</time>
        <extensions>
          <ns3:TrackPointExtension>
            <ns3:hr>159</ns3:hr>
            <ns3:cad>97</ns3:cad>
          </ns3:TrackPointExtension>
        </extensions>
      </trkpt>
      <trkpt lat="29.14829098619520664215087890625" lon="120.3289461694657802581787109375">
        <ele>144.600006103515625</ele>
        <time>2016-04-28T11:27:58.000Z</time>
        <extensions>
          <ns3:TrackPointExtension>
            <ns3:hr>158</ns3:hr>
            <ns3:cad>96</ns3:cad>
          </ns3:TrackPointExtension>
        </extensions>
      </trkpt>
      <trkpt lat="29.14834412746131420135498046875" lon="120.328969471156597137451171875">
        <ele>144.399993896484375</ele>
        <time>2016-04-28T11:27:59.000Z</time>
        <extensions>
          <ns3:TrackPointExtension>
            <ns3:hr>158</ns3:hr>
            <ns3:cad>97</ns3:cad>
          </ns3:TrackPointExtension>
        </extensions>
      </trkpt>
      <trkpt lat="29.14834412746131420135498046875" lon="120.328969471156597137451171875">
        <ele>144.399993896484375</ele>
        <time>2016-04-28T11:28:00.000Z</time>
        <extensions>
          <ns3:TrackPointExtension>
            <ns3:hr>158</ns3:hr>
            <ns3:cad>97</ns3:cad>
          </ns3:TrackPointExtension>
        </extensions>
      </trkpt>
      <trkpt lat="29.148367010056972503662109375" lon="120.32898162491619586944580078125">
        <ele>144.1999969482421875</ele>
        <time>2016-04-28T11:28:01.000Z</time>
        <extensions>
          <ns3:TrackPointExtension>
            <ns3:hr>158</ns3:hr>
            <ns3:cad>97</ns3:cad>
          </ns3:TrackPointExtension>
        </extensions>
      </trkpt>
      <trkpt lat="29.14841453544795513153076171875" lon="120.32899872399866580963134765625">
        <ele>144</ele>
        <time>2016-04-28T11:28:02.000Z</time>
        <extensions>
          <ns3:TrackPointExtension>
            <ns3:hr>158</ns3:hr>
            <ns3:cad>97</ns3:cad>
          </ns3:TrackPointExtension>
        </extensions>
      </trkpt>
      <trkpt lat="29.14841453544795513153076171875" lon="120.32899872399866580963134765625">
        <ele>144</ele>
        <time>2016-04-28T11:28:03.000Z</time>
        <extensions>
          <ns3:TrackPointExtension>
            <ns3:hr>159</ns3:hr>
            <ns3:cad>97</ns3:cad>
          </ns3:TrackPointExtension>
        </extensions>
      </trkpt>
      <trkpt lat="29.14844320155680179595947265625" lon="120.32900207675993442535400390625">
        <ele>143.8000030517578125</ele>
        <time>2016-04-28T11:28:04.000Z</time>
        <extensions>
          <ns3:TrackPointExtension>
            <ns3:hr>159</ns3:hr>
            <ns3:cad>97</ns3:cad>
          </ns3:TrackPointExtension>
        </extensions>
      </trkpt>
      <trkpt lat="29.14849399589002132415771484375" lon="120.329012386500835418701171875">
        <ele>143</ele>
        <time>2016-04-28T11:28:05.000Z</time>
        <extensions>
          <ns3:TrackPointExtension>
            <ns3:hr>159</ns3:hr>
            <ns3:cad>97</ns3:cad>
          </ns3:TrackPointExtension>
        </extensions>
      </trkpt>
      <trkpt lat="29.14849399589002132415771484375" lon="120.329012386500835418701171875">
        <ele>143</ele>
        <time>2016-04-28T11:28:06.000Z</time>
        <extensions>
          <ns3:TrackPointExtension>
            <ns3:hr>159</ns3:hr>
            <ns3:cad>97</ns3:cad>
          </ns3:TrackPointExtension>
        </extensions>
      </trkpt>
      <trkpt lat="29.14851956069469451904296875" lon="120.3290172480046749114990234375">
        <ele>142.600006103515625</ele>
        <time>2016-04-28T11:28:07.000Z</time>
        <extensions>
          <ns3:TrackPointExtension>
            <ns3:hr>159</ns3:hr>
            <ns3:cad>97</ns3:cad>
          </ns3:TrackPointExtension>
        </extensions>
      </trkpt>
      <trkpt lat="29.14857588708400726318359375" lon="120.32903258688747882843017578125">
        <ele>141.600006103515625</ele>
        <time>2016-04-28T11:28:08.000Z</time>
        <extensions>
          <ns3:TrackPointExtension>
            <ns3:hr>159</ns3:hr>
            <ns3:cad>97</ns3:cad>
          </ns3:TrackPointExtension>
        </extensions>
      </trkpt>
      <trkpt lat="29.14857588708400726318359375" lon="120.32903258688747882843017578125">
        <ele>141.600006103515625</ele>
        <time>2016-04-28T11:28:09.000Z</time>
        <extensions>
          <ns3:TrackPointExtension>
            <ns3:hr>159</ns3:hr>
            <ns3:cad>97</ns3:cad>
          </ns3:TrackPointExtension>
        </extensions>
      </trkpt>
      <trkpt lat="29.14860245771706104278564453125" lon="120.3290407173335552215576171875">
        <ele>141.1999969482421875</ele>
        <time>2016-04-28T11:28:10.000Z</time>
        <extensions>
          <ns3:TrackPointExtension>
            <ns3:hr>159</ns3:hr>
            <ns3:cad>97</ns3:cad>
          </ns3:TrackPointExtension>
        </extensions>
      </trkpt>
      <trkpt lat="29.14865207858383655548095703125" lon="120.329056642949581146240234375">
        <ele>140.1999969482421875</ele>
        <time>2016-04-28T11:28:11.000Z</time>
        <extensions>
          <ns3:TrackPointExtension>
            <ns3:hr>159</ns3:hr>
            <ns3:cad>97</ns3:cad>
          </ns3:TrackPointExtension>
        </extensions>
      </trkpt>
      <trkpt lat="29.14865207858383655548095703125" lon="120.329056642949581146240234375">
        <ele>140.1999969482421875</ele>
        <time>2016-04-28T11:28:12.000Z</time>
        <extensions>
          <ns3:TrackPointExtension>
            <ns3:hr>159</ns3:hr>
            <ns3:cad>97</ns3:cad>
          </ns3:TrackPointExtension>
        </extensions>
      </trkpt>
      <trkpt lat="29.1486746259033679962158203125" lon="120.3290658630430698394775390625">
        <ele>140</ele>
        <time>2016-04-28T11:28:13.000Z</time>
        <extensions>
          <ns3:TrackPointExtension>
            <ns3:hr>159</ns3:hr>
            <ns3:cad>97</ns3:cad>
          </ns3:TrackPointExtension>
        </extensions>
      </trkpt>
      <trkpt lat="29.14872382767498493194580078125" lon="120.32908153720200061798095703125">
        <ele>139</ele>
        <time>2016-04-28T11:28:14.000Z</time>
        <extensions>
          <ns3:TrackPointExtension>
            <ns3:hr>159</ns3:hr>
            <ns3:cad>97</ns3:cad>
          </ns3:TrackPointExtension>
        </extensions>
      </trkpt>
      <trkpt lat="29.14872382767498493194580078125" lon="120.32908153720200061798095703125">
        <ele>139</ele>
        <time>2016-04-28T11:28:15.000Z</time>
        <extensions>
          <ns3:TrackPointExtension>
            <ns3:hr>159</ns3:hr>
            <ns3:cad>97</ns3:cad>
          </ns3:TrackPointExtension>
        </extensions>
      </trkpt>
      <trkpt lat="29.14874696172773838043212890625" lon="120.32909126020967960357666015625">
        <ele>139</ele>
        <time>2016-04-28T11:28:16.000Z</time>
        <extensions>
          <ns3:TrackPointExtension>
            <ns3:hr>159</ns3:hr>
            <ns3:cad>97</ns3:cad>
          </ns3:TrackPointExtension>
        </extensions>
      </trkpt>
      <trkpt lat="29.14879406802356243133544921875" lon="120.3291104547679424285888671875">
        <ele>138.600006103515625</ele>
        <time>2016-04-28T11:28:17.000Z</time>
        <extensions>
          <ns3:TrackPointExtension>
            <ns3:hr>159</ns3:hr>
            <ns3:cad>97</ns3:cad>
          </ns3:TrackPointExtension>
        </extensions>
      </trkpt>
      <trkpt lat="29.14879406802356243133544921875" lon="120.3291104547679424285888671875">
        <ele>138.600006103515625</ele>
        <time>2016-04-28T11:28:18.000Z</time>
        <extensions>
          <ns3:TrackPointExtension>
            <ns3:hr>160</ns3:hr>
            <ns3:cad>97</ns3:cad>
          </ns3:TrackPointExtension>
        </extensions>
      </trkpt>
      <trkpt lat="29.1488201357424259185791015625" lon="120.3291181661188602447509765625">
        <ele>138.600006103515625</ele>
        <time>2016-04-28T11:28:19.000Z</time>
        <extensions>
          <ns3:TrackPointExtension>
            <ns3:hr>160</ns3:hr>
            <ns3:cad>97</ns3:cad>
          </ns3:TrackPointExtension>
        </extensions>
      </trkpt>
      <trkpt lat="29.14886749349534511566162109375" lon="120.32913551665842533111572265625">
        <ele>138.1999969482421875</ele>
        <time>2016-04-28T11:28:20.000Z</time>
        <extensions>
          <ns3:TrackPointExtension>
            <ns3:hr>159</ns3:hr>
            <ns3:cad>97</ns3:cad>
          </ns3:TrackPointExtension>
        </extensions>
      </trkpt>
      <trkpt lat="29.14886749349534511566162109375" lon="120.32913551665842533111572265625">
        <ele>138.1999969482421875</ele>
        <time>2016-04-28T11:28:21.000Z</time>
        <extensions>
          <ns3:TrackPointExtension>
            <ns3:hr>159</ns3:hr>
            <ns3:cad>97</ns3:cad>
          </ns3:TrackPointExtension>
        </extensions>
      </trkpt>
      <trkpt lat="29.14889079518616199493408203125" lon="120.32914389856159687042236328125">
        <ele>138.1999969482421875</ele>
        <time>2016-04-28T11:28:22.000Z</time>
        <extensions>
          <ns3:TrackPointExtension>
            <ns3:hr>159</ns3:hr>
            <ns3:cad>97</ns3:cad>
          </ns3:TrackPointExtension>
        </extensions>
      </trkpt>
      <trkpt lat="29.148941002786159515380859375" lon="120.32915798015892505645751953125">
        <ele>137.8000030517578125</ele>
        <time>2016-04-28T11:28:23.000Z</time>
        <extensions>
          <ns3:TrackPointExtension>
            <ns3:hr>159</ns3:hr>
            <ns3:cad>97</ns3:cad>
          </ns3:TrackPointExtension>
        </extensions>
      </trkpt>
      <trkpt lat="29.148941002786159515380859375" lon="120.32915798015892505645751953125">
        <ele>137.8000030517578125</ele>
        <time>2016-04-28T11:28:24.000Z</time>
        <extensions>
          <ns3:TrackPointExtension>
            <ns3:hr>159</ns3:hr>
            <ns3:cad>97</ns3:cad>
          </ns3:TrackPointExtension>
        </extensions>
      </trkpt>
      <trkpt lat="29.1489669866859912872314453125" lon="120.32916652970016002655029296875">
        <ele>137.600006103515625</ele>
        <time>2016-04-28T11:28:25.000Z</time>
        <extensions>
          <ns3:TrackPointExtension>
            <ns3:hr>159</ns3:hr>
            <ns3:cad>97</ns3:cad>
          </ns3:TrackPointExtension>
        </extensions>
      </trkpt>
      <trkpt lat="29.14899204857647418975830078125" lon="120.3291758336126804351806640625">
        <ele>137.399993896484375</ele>
        <time>2016-04-28T11:28:26.000Z</time>
        <extensions>
          <ns3:TrackPointExtension>
            <ns3:hr>159</ns3:hr>
            <ns3:cad>97</ns3:cad>
          </ns3:TrackPointExtension>
        </extensions>
      </trkpt>
      <trkpt lat="29.1490390710532665252685546875" lon="120.3291951119899749755859375">
        <ele>137.8000030517578125</ele>
        <time>2016-04-28T11:28:27.000Z</time>
        <extensions>
          <ns3:TrackPointExtension>
            <ns3:hr>159</ns3:hr>
            <ns3:cad>97</ns3:cad>
          </ns3:TrackPointExtension>
        </extensions>
      </trkpt>
      <trkpt lat="29.1490390710532665252685546875" lon="120.3291951119899749755859375">
        <ele>137.8000030517578125</ele>
        <time>2016-04-28T11:28:28.000Z</time>
        <extensions>
          <ns3:TrackPointExtension>
            <ns3:hr>159</ns3:hr>
            <ns3:cad>97</ns3:cad>
          </ns3:TrackPointExtension>
        </extensions>
      </trkpt>
      <trkpt lat="29.14906547404825687408447265625" lon="120.3292031586170196533203125">
        <ele>138</ele>
        <time>2016-04-28T11:28:29.000Z</time>
        <extensions>
          <ns3:TrackPointExtension>
            <ns3:hr>158</ns3:hr>
            <ns3:cad>97</ns3:cad>
          </ns3:TrackPointExtension>
        </extensions>
      </trkpt>
      <trkpt lat="29.1491168551146984100341796875" lon="120.32921665348112583160400390625">
        <ele>138.399993896484375</ele>
        <time>2016-04-28T11:28:30.000Z</time>
        <extensions>
          <ns3:TrackPointExtension>
            <ns3:hr>159</ns3:hr>
            <ns3:cad>97</ns3:cad>
          </ns3:TrackPointExtension>
        </extensions>
      </trkpt>
      <trkpt lat="29.1491168551146984100341796875" lon="120.32921665348112583160400390625">
        <ele>138.399993896484375</ele>
        <time>2016-04-28T11:28:31.000Z</time>
        <extensions>
          <ns3:TrackPointExtension>
            <ns3:hr>159</ns3:hr>
            <ns3:cad>97</ns3:cad>
          </ns3:TrackPointExtension>
        </extensions>
      </trkpt>
      <trkpt lat="29.14914225228130817413330078125" lon="120.3292204253375530242919921875">
        <ele>138.600006103515625</ele>
        <time>2016-04-28T11:28:32.000Z</time>
        <extensions>
          <ns3:TrackPointExtension>
            <ns3:hr>159</ns3:hr>
            <ns3:cad>97</ns3:cad>
          </ns3:TrackPointExtension>
        </extensions>
      </trkpt>
      <trkpt lat="29.1491912864148616790771484375" lon="120.32922352664172649383544921875">
        <ele>139</ele>
        <time>2016-04-28T11:28:33.000Z</time>
        <extensions>
          <ns3:TrackPointExtension>
            <ns3:hr>159</ns3:hr>
            <ns3:cad>97</ns3:cad>
          </ns3:TrackPointExtension>
        </extensions>
      </trkpt>
      <trkpt lat="29.1491912864148616790771484375" lon="120.32922352664172649383544921875">
        <ele>139</ele>
        <time>2016-04-28T11:28:34.000Z</time>
        <extensions>
          <ns3:TrackPointExtension>
            <ns3:hr>158</ns3:hr>
            <ns3:cad>97</ns3:cad>
          </ns3:TrackPointExtension>
        </extensions>
      </trkpt>
      <trkpt lat="29.14921735413372516632080078125" lon="120.3292194195091724395751953125">
        <ele>139.399993896484375</ele>
        <time>2016-04-28T11:28:35.000Z</time>
        <extensions>
          <ns3:TrackPointExtension>
            <ns3:hr>158</ns3:hr>
            <ns3:cad>95</ns3:cad>
          </ns3:TrackPointExtension>
        </extensions>
      </trkpt>
      <trkpt lat="29.1492630355060100555419921875" lon="120.32920408062636852264404296875">
        <ele>139.8000030517578125</ele>
        <time>2016-04-28T11:28:36.000Z</time>
        <extensions>
          <ns3:TrackPointExtension>
            <ns3:hr>158</ns3:hr>
            <ns3:cad>97</ns3:cad>
          </ns3:TrackPointExtension>
        </extensions>
      </trkpt>
      <trkpt lat="29.1492630355060100555419921875" lon="120.32920408062636852264404296875">
        <ele>139.8000030517578125</ele>
        <time>2016-04-28T11:28:37.000Z</time>
        <extensions>
          <ns3:TrackPointExtension>
            <ns3:hr>158</ns3:hr>
            <ns3:cad>97</ns3:cad>
          </ns3:TrackPointExtension>
        </extensions>
      </trkpt>
      <trkpt lat="29.14930620230734348297119140625" lon="120.32918212004005908966064453125">
        <ele>140</ele>
        <time>2016-04-28T11:28:38.000Z</time>
        <extensions>
          <ns3:TrackPointExtension>
            <ns3:hr>158</ns3:hr>
            <ns3:cad>97</ns3:cad>
          </ns3:TrackPointExtension>
        </extensions>
      </trkpt>
      <trkpt lat="29.1493270732462406158447265625" lon="120.3291667811572551727294921875">
        <ele>140.1999969482421875</ele>
        <time>2016-04-28T11:28:39.000Z</time>
        <extensions>
          <ns3:TrackPointExtension>
            <ns3:hr>158</ns3:hr>
            <ns3:cad>97</ns3:cad>
          </ns3:TrackPointExtension>
        </extensions>
      </trkpt>
      <trkpt lat="29.1493270732462406158447265625" lon="120.3291667811572551727294921875">
        <ele>140.1999969482421875</ele>
        <time>2016-04-28T11:28:40.000Z</time>
        <extensions>
          <ns3:TrackPointExtension>
            <ns3:hr>158</ns3:hr>
            <ns3:cad>97</ns3:cad>
          </ns3:TrackPointExtension>
        </extensions>
      </trkpt>
      <trkpt lat="29.149348028004169464111328125" lon="120.32915194518864154815673828125">
        <ele>140.1999969482421875</ele>
        <time>2016-04-28T11:28:41.000Z</time>
        <extensions>
          <ns3:TrackPointExtension>
            <ns3:hr>158</ns3:hr>
            <ns3:cad>97</ns3:cad>
          </ns3:TrackPointExtension>
        </extensions>
      </trkpt>
      <trkpt lat="29.1493879258632659912109375" lon="120.32911598682403564453125">
        <ele>140.600006103515625</ele>
        <time>2016-04-28T11:28:42.000Z</time>
        <extensions>
          <ns3:TrackPointExtension>
            <ns3:hr>158</ns3:hr>
            <ns3:cad>97</ns3:cad>
          </ns3:TrackPointExtension>
        </extensions>
      </trkpt>
      <trkpt lat="29.1493879258632659912109375" lon="120.32911598682403564453125">
        <ele>140.600006103515625</ele>
        <time>2016-04-28T11:28:43.000Z</time>
        <extensions>
          <ns3:TrackPointExtension>
            <ns3:hr>159</ns3:hr>
            <ns3:cad>97</ns3:cad>
          </ns3:TrackPointExtension>
        </extensions>
      </trkpt>
      <trkpt lat="29.14940510876476764678955078125" lon="120.32910031266510486602783203125">
        <ele>140.8000030517578125</ele>
        <time>2016-04-28T11:28:44.000Z</time>
        <extensions>
          <ns3:TrackPointExtension>
            <ns3:hr>159</ns3:hr>
            <ns3:cad>97</ns3:cad>
          </ns3:TrackPointExtension>
        </extensions>
      </trkpt>
      <trkpt lat="29.149437211453914642333984375" lon="120.32905890606343746185302734375">
        <ele>141.1999969482421875</ele>
        <time>2016-04-28T11:28:45.000Z</time>
        <extensions>
          <ns3:TrackPointExtension>
            <ns3:hr>159</ns3:hr>
            <ns3:cad>95</ns3:cad>
          </ns3:TrackPointExtension>
        </extensions>
      </trkpt>
      <trkpt lat="29.149437211453914642333984375" lon="120.32905890606343746185302734375">
        <ele>141.1999969482421875</ele>
        <time>2016-04-28T11:28:46.000Z</time>
        <extensions>
          <ns3:TrackPointExtension>
            <ns3:hr>159</ns3:hr>
            <ns3:cad>95</ns3:cad>
          </ns3:TrackPointExtension>
        </extensions>
      </trkpt>
      <trkpt lat="29.1494618542492389678955078125" lon="120.32901297323405742645263671875">
        <ele>141.399993896484375</ele>
        <time>2016-04-28T11:28:47.000Z</time>
        <extensions>
          <ns3:TrackPointExtension>
            <ns3:hr>159</ns3:hr>
            <ns3:cad>98</ns3:cad>
          </ns3:TrackPointExtension>
        </extensions>
      </trkpt>
      <trkpt lat="29.1494618542492389678955078125" lon="120.32901297323405742645263671875">
        <ele>141.399993896484375</ele>
        <time>2016-04-28T11:28:48.000Z</time>
        <extensions>
          <ns3:TrackPointExtension>
            <ns3:hr>159</ns3:hr>
            <ns3:cad>98</ns3:cad>
          </ns3:TrackPointExtension>
        </extensions>
      </trkpt>
      <trkpt lat="29.1494813002645969390869140625" lon="120.3289659507572650909423828125">
        <ele>141.8000030517578125</ele>
        <time>2016-04-28T11:28:49.000Z</time>
        <extensions>
          <ns3:TrackPointExtension>
            <ns3:hr>159</ns3:hr>
            <ns3:cad>98</ns3:cad>
          </ns3:TrackPointExtension>
        </extensions>
      </trkpt>
      <trkpt lat="29.1494813002645969390869140625" lon="120.3289659507572650909423828125">
        <ele>141.8000030517578125</ele>
        <time>2016-04-28T11:28:50.000Z</time>
        <extensions>
          <ns3:TrackPointExtension>
            <ns3:hr>159</ns3:hr>
            <ns3:cad>98</ns3:cad>
          </ns3:TrackPointExtension>
        </extensions>
      </trkpt>
      <trkpt lat="29.149488843977451324462890625" lon="120.32894072122871875762939453125">
        <ele>142</ele>
        <time>2016-04-28T11:28:51.000Z</time>
        <extensions>
          <ns3:TrackPointExtension>
            <ns3:hr>160</ns3:hr>
            <ns3:cad>97</ns3:cad>
          </ns3:TrackPointExtension>
        </extensions>
      </trkpt>
      <trkpt lat="29.1494960524141788482666015625" lon="120.3288861550390720367431640625">
        <ele>142.1999969482421875</ele>
        <time>2016-04-28T11:28:52.000Z</time>
        <extensions>
          <ns3:TrackPointExtension>
            <ns3:hr>160</ns3:hr>
            <ns3:cad>97</ns3:cad>
          </ns3:TrackPointExtension>
        </extensions>
      </trkpt>
      <trkpt lat="29.1494960524141788482666015625" lon="120.3288861550390720367431640625">
        <ele>142.1999969482421875</ele>
        <time>2016-04-28T11:28:53.000Z</time>
        <extensions>
          <ns3:TrackPointExtension>
            <ns3:hr>160</ns3:hr>
            <ns3:cad>97</ns3:cad>
          </ns3:TrackPointExtension>
        </extensions>
      </trkpt>
      <trkpt lat="29.14949898608028888702392578125" lon="120.32885924912989139556884765625">
        <ele>142.399993896484375</ele>
        <time>2016-04-28T11:28:54.000Z</time>
        <extensions>
          <ns3:TrackPointExtension>
            <ns3:hr>161</ns3:hr>
            <ns3:cad>97</ns3:cad>
          </ns3:TrackPointExtension>
        </extensions>
      </trkpt>
      <trkpt lat="29.149496220052242279052734375" lon="120.32883142121136188507080078125">
        <ele>142.399993896484375</ele>
        <time>2016-04-28T11:28:55.000Z</time>
        <extensions>
          <ns3:TrackPointExtension>
            <ns3:hr>161</ns3:hr>
            <ns3:cad>96</ns3:cad>
          </ns3:TrackPointExtension>
        </extensions>
      </trkpt>
      <trkpt lat="29.14949395693838596343994140625" lon="120.32880258746445178985595703125">
        <ele>142.399993896484375</ele>
        <time>2016-04-28T11:28:56.000Z</time>
        <extensions>
          <ns3:TrackPointExtension>
            <ns3:hr>161</ns3:hr>
            <ns3:cad>96</ns3:cad>
          </ns3:TrackPointExtension>
        </extensions>
      </trkpt>
      <trkpt lat="29.14948574267327785491943359375" lon="120.3287470154464244842529296875">
        <ele>142.600006103515625</ele>
        <time>2016-04-28T11:28:57.000Z</time>
        <extensions>
          <ns3:TrackPointExtension>
            <ns3:hr>161</ns3:hr>
            <ns3:cad>96</ns3:cad>
          </ns3:TrackPointExtension>
        </extensions>
      </trkpt>
      <trkpt lat="29.14948574267327785491943359375" lon="120.3287470154464244842529296875">
        <ele>142.600006103515625</ele>
        <time>2016-04-28T11:28:58.000Z</time>
        <extensions>
          <ns3:TrackPointExtension>
            <ns3:hr>161</ns3:hr>
            <ns3:cad>97</ns3:cad>
          </ns3:TrackPointExtension>
        </extensions>
      </trkpt>
      <trkpt lat="29.14947903715074062347412109375" lon="120.32871809788048267364501953125">
        <ele>142.600006103515625</ele>
        <time>2016-04-28T11:28:59.000Z</time>
        <extensions>
          <ns3:TrackPointExtension>
            <ns3:hr>161</ns3:hr>
            <ns3:cad>97</ns3:cad>
          </ns3:TrackPointExtension>
        </extensions>
      </trkpt>
      <trkpt lat="29.14946361444890499114990234375" lon="120.32866244204342365264892578125">
        <ele>143</ele>
        <time>2016-04-28T11:29:00.000Z</time>
        <extensions>
          <ns3:TrackPointExtension>
            <ns3:hr>160</ns3:hr>
            <ns3:cad>97</ns3:cad>
          </ns3:TrackPointExtension>
        </extensions>
      </trkpt>
      <trkpt lat="29.14946361444890499114990234375" lon="120.32866244204342365264892578125">
        <ele>143</ele>
        <time>2016-04-28T11:29:01.000Z</time>
        <extensions>
          <ns3:TrackPointExtension>
            <ns3:hr>160</ns3:hr>
            <ns3:cad>97</ns3:cad>
          </ns3:TrackPointExtension>
        </extensions>
      </trkpt>
      <trkpt lat="29.14945255033671855926513671875" lon="120.32863679341971874237060546875">
        <ele>143</ele>
        <time>2016-04-28T11:29:02.000Z</time>
        <extensions>
          <ns3:TrackPointExtension>
            <ns3:hr>161</ns3:hr>
            <ns3:cad>97</ns3:cad>
          </ns3:TrackPointExtension>
        </extensions>
      </trkpt>
      <trkpt lat="29.14942455478012561798095703125" lon="120.3285840712487697601318359375">
        <ele>143.1999969482421875</ele>
        <time>2016-04-28T11:29:03.000Z</time>
        <extensions>
          <ns3:TrackPointExtension>
            <ns3:hr>161</ns3:hr>
            <ns3:cad>98</ns3:cad>
          </ns3:TrackPointExtension>
        </extensions>
      </trkpt>
      <trkpt lat="29.14942455478012561798095703125" lon="120.3285840712487697601318359375">
        <ele>143.1999969482421875</ele>
        <time>2016-04-28T11:29:04.000Z</time>
        <extensions>
          <ns3:TrackPointExtension>
            <ns3:hr>161</ns3:hr>
            <ns3:cad>98</ns3:cad>
          </ns3:TrackPointExtension>
        </extensions>
      </trkpt>
      <trkpt lat="29.14940913207828998565673828125" lon="120.32856185920536518096923828125">
        <ele>143.1999969482421875</ele>
        <time>2016-04-28T11:29:05.000Z</time>
        <extensions>
          <ns3:TrackPointExtension>
            <ns3:hr>160</ns3:hr>
            <ns3:cad>98</ns3:cad>
          </ns3:TrackPointExtension>
        </extensions>
      </trkpt>
      <trkpt lat="29.149390272796154022216796875" lon="120.3285394795238971710205078125">
        <ele>143.1999969482421875</ele>
        <time>2016-04-28T11:29:06.000Z</time>
        <extensions>
          <ns3:TrackPointExtension>
            <ns3:hr>160</ns3:hr>
            <ns3:cad>96</ns3:cad>
          </ns3:TrackPointExtension>
        </extensions>
      </trkpt>
      <trkpt lat="29.1493471898138523101806640625" lon="120.32850218005478382110595703125">
        <ele>143</ele>
        <time>2016-04-28T11:29:07.000Z</time>
        <extensions>
          <ns3:TrackPointExtension>
            <ns3:hr>160</ns3:hr>
            <ns3:cad>96</ns3:cad>
          </ns3:TrackPointExtension>
        </extensions>
      </trkpt>
      <trkpt lat="29.1493471898138523101806640625" lon="120.32850218005478382110595703125">
        <ele>143</ele>
        <time>2016-04-28T11:29:08.000Z</time>
        <extensions>
          <ns3:TrackPointExtension>
            <ns3:hr>160</ns3:hr>
            <ns3:cad>96</ns3:cad>
          </ns3:TrackPointExtension>
        </extensions>
      </trkpt>
      <trkpt lat="29.14932497777044773101806640625" lon="120.32848491333425045013427734375">
        <ele>142.8000030517578125</ele>
        <time>2016-04-28T11:29:09.000Z</time>
        <extensions>
          <ns3:TrackPointExtension>
            <ns3:hr>160</ns3:hr>
            <ns3:cad>98</ns3:cad>
          </ns3:TrackPointExtension>
        </extensions>
      </trkpt>
      <trkpt lat="29.149279631674289703369140625" lon="120.32845742069184780120849609375">
        <ele>142.600006103515625</ele>
        <time>2016-04-28T11:29:10.000Z</time>
        <extensions>
          <ns3:TrackPointExtension>
            <ns3:hr>160</ns3:hr>
            <ns3:cad>98</ns3:cad>
          </ns3:TrackPointExtension>
        </extensions>
      </trkpt>
      <trkpt lat="29.14925540797412395477294921875" lon="120.32844610512256622314453125">
        <ele>142.399993896484375</ele>
        <time>2016-04-28T11:29:11.000Z</time>
        <extensions>
          <ns3:TrackPointExtension>
            <ns3:hr>160</ns3:hr>
            <ns3:cad>98</ns3:cad>
          </ns3:TrackPointExtension>
        </extensions>
      </trkpt>
      <trkpt lat="29.14925540797412395477294921875" lon="120.32844610512256622314453125">
        <ele>142.399993896484375</ele>
        <time>2016-04-28T11:29:12.000Z</time>
        <extensions>
          <ns3:TrackPointExtension>
            <ns3:hr>160</ns3:hr>
            <ns3:cad>98</ns3:cad>
          </ns3:TrackPointExtension>
        </extensions>
      </trkpt>
      <trkpt lat="29.14920595474541187286376953125" lon="120.32843001186847686767578125">
        <ele>142.1999969482421875</ele>
        <time>2016-04-28T11:29:13.000Z</time>
        <extensions>
          <ns3:TrackPointExtension>
            <ns3:hr>160</ns3:hr>
            <ns3:cad>97</ns3:cad>
          </ns3:TrackPointExtension>
        </extensions>
      </trkpt>
      <trkpt lat="29.14920595474541187286376953125" lon="120.32843001186847686767578125">
        <ele>142.1999969482421875</ele>
        <time>2016-04-28T11:29:14.000Z</time>
        <extensions>
          <ns3:TrackPointExtension>
            <ns3:hr>160</ns3:hr>
            <ns3:cad>97</ns3:cad>
          </ns3:TrackPointExtension>
        </extensions>
      </trkpt>
      <trkpt lat="29.149180389940738677978515625" lon="120.3284241445362567901611328125">
        <ele>142</ele>
        <time>2016-04-28T11:29:15.000Z</time>
        <extensions>
          <ns3:TrackPointExtension>
            <ns3:hr>160</ns3:hr>
            <ns3:cad>96</ns3:cad>
          </ns3:TrackPointExtension>
        </extensions>
      </trkpt>
      <trkpt lat="29.14913286454975605010986328125" lon="120.32841517589986324310302734375">
        <ele>141.8000030517578125</ele>
        <time>2016-04-28T11:29:16.000Z</time>
        <extensions>
          <ns3:TrackPointExtension>
            <ns3:hr>160</ns3:hr>
            <ns3:cad>96</ns3:cad>
          </ns3:TrackPointExtension>
        </extensions>
      </trkpt>
      <trkpt lat="29.14913286454975605010986328125" lon="120.32841517589986324310302734375">
        <ele>141.8000030517578125</ele>
        <time>2016-04-28T11:29:17.000Z</time>
        <extensions>
          <ns3:TrackPointExtension>
            <ns3:hr>160</ns3:hr>
            <ns3:cad>98</ns3:cad>
          </ns3:TrackPointExtension>
        </extensions>
      </trkpt>
      <trkpt lat="29.1491111554205417633056640625" lon="120.3284077160060405731201171875">
        <ele>141.600006103515625</ele>
        <time>2016-04-28T11:29:18.000Z</time>
        <extensions>
          <ns3:TrackPointExtension>
            <ns3:hr>160</ns3:hr>
            <ns3:cad>98</ns3:cad>
          </ns3:TrackPointExtension>
        </extensions>
      </trkpt>
      <trkpt lat="29.14906346239149570465087890625" lon="120.3283904492855072021484375">
        <ele>141.399993896484375</ele>
        <time>2016-04-28T11:29:19.000Z</time>
        <extensions>
          <ns3:TrackPointExtension>
            <ns3:hr>159</ns3:hr>
            <ns3:cad>98</ns3:cad>
          </ns3:TrackPointExtension>
        </extensions>
      </trkpt>
      <trkpt lat="29.14906346239149570465087890625" lon="120.3283904492855072021484375">
        <ele>141.399993896484375</ele>
        <time>2016-04-28T11:29:20.000Z</time>
        <extensions>
          <ns3:TrackPointExtension>
            <ns3:hr>159</ns3:hr>
            <ns3:cad>97</ns3:cad>
          </ns3:TrackPointExtension>
        </extensions>
      </trkpt>
      <trkpt lat="29.149040244519710540771484375" lon="120.3283808939158916473388671875">
        <ele>141.1999969482421875</ele>
        <time>2016-04-28T11:29:21.000Z</time>
        <extensions>
          <ns3:TrackPointExtension>
            <ns3:hr>159</ns3:hr>
            <ns3:cad>97</ns3:cad>
          </ns3:TrackPointExtension>
        </extensions>
      </trkpt>
      <trkpt lat="29.14899489842355251312255859375" lon="120.32836488448083400726318359375">
        <ele>141</ele>
        <time>2016-04-28T11:29:22.000Z</time>
        <extensions>
          <ns3:TrackPointExtension>
            <ns3:hr>159</ns3:hr>
            <ns3:cad>97</ns3:cad>
          </ns3:TrackPointExtension>
        </extensions>
      </trkpt>
      <trkpt lat="29.14899489842355251312255859375" lon="120.32836488448083400726318359375">
        <ele>141</ele>
        <time>2016-04-28T11:29:23.000Z</time>
        <extensions>
          <ns3:TrackPointExtension>
            <ns3:hr>159</ns3:hr>
            <ns3:cad>97</ns3:cad>
          </ns3:TrackPointExtension>
        </extensions>
      </trkpt>
      <trkpt lat="29.14897092618048191070556640625" lon="120.32835759222507476806640625">
        <ele>141</ele>
        <time>2016-04-28T11:29:24.000Z</time>
        <extensions>
          <ns3:TrackPointExtension>
            <ns3:hr>158</ns3:hr>
            <ns3:cad>97</ns3:cad>
          </ns3:TrackPointExtension>
        </extensions>
      </trkpt>
      <trkpt lat="29.14894728921353816986083984375" lon="120.32835130579769611358642578125">
        <ele>141</ele>
        <time>2016-04-28T11:29:25.000Z</time>
        <extensions>
          <ns3:TrackPointExtension>
            <ns3:hr>159</ns3:hr>
            <ns3:cad>97</ns3:cad>
          </ns3:TrackPointExtension>
        </extensions>
      </trkpt>
      <trkpt lat="29.14889934472739696502685546875" lon="120.32833688892424106597900390625">
        <ele>141</ele>
        <time>2016-04-28T11:29:26.000Z</time>
        <extensions>
          <ns3:TrackPointExtension>
            <ns3:hr>159</ns3:hr>
            <ns3:cad>97</ns3:cad>
          </ns3:TrackPointExtension>
        </extensions>
      </trkpt>
      <trkpt lat="29.14889934472739696502685546875" lon="120.32833688892424106597900390625">
        <ele>141</ele>
        <time>2016-04-28T11:29:27.000Z</time>
        <extensions>
          <ns3:TrackPointExtension>
            <ns3:hr>159</ns3:hr>
            <ns3:cad>97</ns3:cad>
          </ns3:TrackPointExtension>
        </extensions>
      </trkpt>
      <trkpt lat="29.1488761268556118011474609375" lon="120.32832968048751354217529296875">
        <ele>141</ele>
        <time>2016-04-28T11:29:28.000Z</time>
        <extensions>
          <ns3:TrackPointExtension>
            <ns3:hr>159</ns3:hr>
            <ns3:cad>97</ns3:cad>
          </ns3:TrackPointExtension>
        </extensions>
      </trkpt>
      <trkpt lat="29.14883027784526348114013671875" lon="120.32831333577632904052734375">
        <ele>141.1999969482421875</ele>
        <time>2016-04-28T11:29:29.000Z</time>
        <extensions>
          <ns3:TrackPointExtension>
            <ns3:hr>159</ns3:hr>
            <ns3:cad>97</ns3:cad>
          </ns3:TrackPointExtension>
        </extensions>
      </trkpt>
      <trkpt lat="29.14883027784526348114013671875" lon="120.32831333577632904052734375">
        <ele>141.1999969482421875</ele>
        <time>2016-04-28T11:29:30.000Z</time>
        <extensions>
          <ns3:TrackPointExtension>
            <ns3:hr>159</ns3:hr>
            <ns3:cad>97</ns3:cad>
          </ns3:TrackPointExtension>
        </extensions>
      </trkpt>
      <trkpt lat="29.1488087363541126251220703125" lon="120.32830302603542804718017578125">
        <ele>141.1999969482421875</ele>
        <time>2016-04-28T11:29:31.000Z</time>
        <extensions>
          <ns3:TrackPointExtension>
            <ns3:hr>159</ns3:hr>
            <ns3:cad>96</ns3:cad>
          </ns3:TrackPointExtension>
        </extensions>
      </trkpt>
      <trkpt lat="29.14878786541521549224853515625" lon="120.32829330302774906158447265625">
        <ele>141.1999969482421875</ele>
        <time>2016-04-28T11:29:32.000Z</time>
        <extensions>
          <ns3:TrackPointExtension>
            <ns3:hr>159</ns3:hr>
            <ns3:cad>96</ns3:cad>
          </ns3:TrackPointExtension>
        </extensions>
      </trkpt>
      <trkpt lat="29.14874612353742122650146484375" lon="120.3282786346971988677978515625">
        <ele>141.399993896484375</ele>
        <time>2016-04-28T11:29:33.000Z</time>
        <extensions>
          <ns3:TrackPointExtension>
            <ns3:hr>158</ns3:hr>
            <ns3:cad>95</ns3:cad>
          </ns3:TrackPointExtension>
        </extensions>
      </trkpt>
      <trkpt lat="29.14874612353742122650146484375" lon="120.3282786346971988677978515625">
        <ele>141.399993896484375</ele>
        <time>2016-04-28T11:29:34.000Z</time>
        <extensions>
          <ns3:TrackPointExtension>
            <ns3:hr>158</ns3:hr>
            <ns3:cad>95</ns3:cad>
          </ns3:TrackPointExtension>
        </extensions>
      </trkpt>
      <trkpt lat="29.1487229056656360626220703125" lon="120.32827310264110565185546875">
        <ele>141.600006103515625</ele>
        <time>2016-04-28T11:29:35.000Z</time>
        <extensions>
          <ns3:TrackPointExtension>
            <ns3:hr>159</ns3:hr>
            <ns3:cad>95</ns3:cad>
          </ns3:TrackPointExtension>
        </extensions>
      </trkpt>
      <trkpt lat="29.148674122989177703857421875" lon="120.32825566828250885009765625">
        <ele>141.8000030517578125</ele>
        <time>2016-04-28T11:29:36.000Z</time>
        <extensions>
          <ns3:TrackPointExtension>
            <ns3:hr>159</ns3:hr>
            <ns3:cad>96</ns3:cad>
          </ns3:TrackPointExtension>
        </extensions>
      </trkpt>
      <trkpt lat="29.148674122989177703857421875" lon="120.32825566828250885009765625">
        <ele>141.8000030517578125</ele>
        <time>2016-04-28T11:29:37.000Z</time>
        <extensions>
          <ns3:TrackPointExtension>
            <ns3:hr>159</ns3:hr>
            <ns3:cad>96</ns3:cad>
          </ns3:TrackPointExtension>
        </extensions>
      </trkpt>
      <trkpt lat="29.14865056984126567840576171875" lon="120.3282457776367664337158203125">
        <ele>141.8000030517578125</ele>
        <time>2016-04-28T11:29:38.000Z</time>
        <extensions>
          <ns3:TrackPointExtension>
            <ns3:hr>159</ns3:hr>
            <ns3:cad>97</ns3:cad>
          </ns3:TrackPointExtension>
        </extensions>
      </trkpt>
      <trkpt lat="29.14860069751739501953125" lon="120.32822675071656703948974609375">
        <ele>142</ele>
        <time>2016-04-28T11:29:39.000Z</time>
        <extensions>
          <ns3:TrackPointExtension>
            <ns3:hr>159</ns3:hr>
            <ns3:cad>96</ns3:cad>
          </ns3:TrackPointExtension>
        </extensions>
      </trkpt>
      <trkpt lat="29.14860069751739501953125" lon="120.32822675071656703948974609375">
        <ele>142</ele>
        <time>2016-04-28T11:29:40.000Z</time>
        <extensions>
          <ns3:TrackPointExtension>
            <ns3:hr>159</ns3:hr>
            <ns3:cad>96</ns3:cad>
          </ns3:TrackPointExtension>
        </extensions>
      </trkpt>
      <trkpt lat="29.14857831783592700958251953125" lon="120.32821677625179290771484375">
        <ele>142</ele>
        <time>2016-04-28T11:29:41.000Z</time>
        <extensions>
          <ns3:TrackPointExtension>
            <ns3:hr>159</ns3:hr>
            <ns3:cad>96</ns3:cad>
          </ns3:TrackPointExtension>
        </extensions>
      </trkpt>
      <trkpt lat="29.14855635724961757659912109375" lon="120.3282062150537967681884765625">
        <ele>142</ele>
        <time>2016-04-28T11:29:42.000Z</time>
        <extensions>
          <ns3:TrackPointExtension>
            <ns3:hr>159</ns3:hr>
            <ns3:cad>98</ns3:cad>
          </ns3:TrackPointExtension>
        </extensions>
      </trkpt>
      <trkpt lat="29.14853473193943500518798828125" lon="120.32819523476064205169677734375">
        <ele>142.1999969482421875</ele>
        <time>2016-04-28T11:29:43.000Z</time>
        <extensions>
          <ns3:TrackPointExtension>
            <ns3:hr>159</ns3:hr>
            <ns3:cad>98</ns3:cad>
          </ns3:TrackPointExtension>
        </extensions>
      </trkpt>
      <trkpt lat="29.14848997257649898529052734375" lon="120.32817629165947437286376953125">
        <ele>142.1999969482421875</ele>
        <time>2016-04-28T11:29:44.000Z</time>
        <extensions>
          <ns3:TrackPointExtension>
            <ns3:hr>159</ns3:hr>
            <ns3:cad>98</ns3:cad>
          </ns3:TrackPointExtension>
        </extensions>
      </trkpt>
      <trkpt lat="29.14848997257649898529052734375" lon="120.32817629165947437286376953125">
        <ele>142.1999969482421875</ele>
        <time>2016-04-28T11:29:45.000Z</time>
        <extensions>
          <ns3:TrackPointExtension>
            <ns3:hr>159</ns3:hr>
            <ns3:cad>98</ns3:cad>
          </ns3:TrackPointExtension>
        </extensions>
      </trkpt>
      <trkpt lat="29.14846868254244327545166015625" lon="120.328169167041778564453125">
        <ele>142.1999969482421875</ele>
        <time>2016-04-28T11:29:46.000Z</time>
        <extensions>
          <ns3:TrackPointExtension>
            <ns3:hr>159</ns3:hr>
            <ns3:cad>97</ns3:cad>
          </ns3:TrackPointExtension>
        </extensions>
      </trkpt>
      <trkpt lat="29.14842031896114349365234375" lon="120.32816313207149505615234375">
        <ele>142.1999969482421875</ele>
        <time>2016-04-28T11:29:47.000Z</time>
        <extensions>
          <ns3:TrackPointExtension>
            <ns3:hr>159</ns3:hr>
            <ns3:cad>96</ns3:cad>
          </ns3:TrackPointExtension>
        </extensions>
      </trkpt>
      <trkpt lat="29.14842031896114349365234375" lon="120.32816313207149505615234375">
        <ele>142.1999969482421875</ele>
        <time>2016-04-28T11:29:48.000Z</time>
        <extensions>
          <ns3:TrackPointExtension>
            <ns3:hr>159</ns3:hr>
            <ns3:cad>96</ns3:cad>
          </ns3:TrackPointExtension>
        </extensions>
      </trkpt>
      <trkpt lat="29.14839626289904117584228515625" lon="120.3281629644334316253662109375">
        <ele>142.1999969482421875</ele>
        <time>2016-04-28T11:29:49.000Z</time>
        <extensions>
          <ns3:TrackPointExtension>
            <ns3:hr>159</ns3:hr>
            <ns3:cad>96</ns3:cad>
          </ns3:TrackPointExtension>
        </extensions>
      </trkpt>
      <trkpt lat="29.14835049770772457122802734375" lon="120.328169167041778564453125">
        <ele>142.399993896484375</ele>
        <time>2016-04-28T11:29:50.000Z</time>
        <extensions>
          <ns3:TrackPointExtension>
            <ns3:hr>158</ns3:hr>
            <ns3:cad>96</ns3:cad>
          </ns3:TrackPointExtension>
        </extensions>
      </trkpt>
      <trkpt lat="29.14835049770772457122802734375" lon="120.328169167041778564453125">
        <ele>142.399993896484375</ele>
        <time>2016-04-28T11:29:51.000Z</time>
        <extensions>
          <ns3:TrackPointExtension>
            <ns3:hr>158</ns3:hr>
            <ns3:cad>98</ns3:cad>
          </ns3:TrackPointExtension>
        </extensions>
      </trkpt>
      <trkpt lat="29.14830364286899566650390625" lon="120.32818282954394817352294921875">
        <ele>142.600006103515625</ele>
        <time>2016-04-28T11:29:52.000Z</time>
        <extensions>
          <ns3:TrackPointExtension>
            <ns3:hr>158</ns3:hr>
            <ns3:cad>98</ns3:cad>
          </ns3:TrackPointExtension>
        </extensions>
      </trkpt>
      <trkpt lat="29.14830364286899566650390625" lon="120.32818282954394817352294921875">
        <ele>142.600006103515625</ele>
        <time>2016-04-28T11:29:53.000Z</time>
        <extensions>
          <ns3:TrackPointExtension>
            <ns3:hr>158</ns3:hr>
            <ns3:cad>98</ns3:cad>
          </ns3:TrackPointExtension>
        </extensions>
      </trkpt>
      <trkpt lat="29.1482826881110668182373046875" lon="120.32819255255162715911865234375">
        <ele>142.600006103515625</ele>
        <time>2016-04-28T11:29:54.000Z</time>
        <extensions>
          <ns3:TrackPointExtension>
            <ns3:hr>158</ns3:hr>
            <ns3:cad>97</ns3:cad>
          </ns3:TrackPointExtension>
        </extensions>
      </trkpt>
      <trkpt lat="29.1482427902519702911376953125" lon="120.32821652479469776153564453125">
        <ele>142.8000030517578125</ele>
        <time>2016-04-28T11:29:55.000Z</time>
        <extensions>
          <ns3:TrackPointExtension>
            <ns3:hr>158</ns3:hr>
            <ns3:cad>97</ns3:cad>
          </ns3:TrackPointExtension>
        </extensions>
      </trkpt>
      <trkpt lat="29.1482427902519702911376953125" lon="120.32821652479469776153564453125">
        <ele>142.8000030517578125</ele>
        <time>2016-04-28T11:29:56.000Z</time>
        <extensions>
          <ns3:TrackPointExtension>
            <ns3:hr>158</ns3:hr>
            <ns3:cad>97</ns3:cad>
          </ns3:TrackPointExtension>
        </extensions>
      </trkpt>
      <trkpt lat="29.14822342805564403533935546875" lon="120.3282313607633113861083984375">
        <ele>142.8000030517578125</ele>
        <time>2016-04-28T11:29:57.000Z</time>
        <extensions>
          <ns3:TrackPointExtension>
            <ns3:hr>157</ns3:hr>
            <ns3:cad>96</ns3:cad>
          </ns3:TrackPointExtension>
        </extensions>
      </trkpt>
      <trkpt lat="29.14818922989070415496826171875" lon="120.328265726566314697265625">
        <ele>143</ele>
        <time>2016-04-28T11:29:58.000Z</time>
        <extensions>
          <ns3:TrackPointExtension>
            <ns3:hr>158</ns3:hr>
            <ns3:cad>96</ns3:cad>
          </ns3:TrackPointExtension>
        </extensions>
      </trkpt>
      <trkpt lat="29.14818922989070415496826171875" lon="120.328265726566314697265625">
        <ele>143</ele>
        <time>2016-04-28T11:29:59.000Z</time>
        <extensions>
          <ns3:TrackPointExtension>
            <ns3:hr>158</ns3:hr>
            <ns3:cad>96</ns3:cad>
          </ns3:TrackPointExtension>
        </extensions>
      </trkpt>
      <trkpt lat="29.14816978387534618377685546875" lon="120.32828458584845066070556640625">
        <ele>143</ele>
        <time>2016-04-28T11:30:00.000Z</time>
        <extensions>
          <ns3:TrackPointExtension>
            <ns3:hr>157</ns3:hr>
            <ns3:cad>98</ns3:cad>
          </ns3:TrackPointExtension>
        </extensions>
      </trkpt>
      <trkpt lat="29.1481368429958820343017578125" lon="120.32832968048751354217529296875">
        <ele>143.1999969482421875</ele>
        <time>2016-04-28T11:30:01.000Z</time>
        <extensions>
          <ns3:TrackPointExtension>
            <ns3:hr>157</ns3:hr>
            <ns3:cad>98</ns3:cad>
          </ns3:TrackPointExtension>
        </extensions>
      </trkpt>
      <trkpt lat="29.1481368429958820343017578125" lon="120.32832968048751354217529296875">
        <ele>143.1999969482421875</ele>
        <time>2016-04-28T11:30:02.000Z</time>
        <extensions>
          <ns3:TrackPointExtension>
            <ns3:hr>157</ns3:hr>
            <ns3:cad>98</ns3:cad>
          </ns3:TrackPointExtension>
        </extensions>
      </trkpt>
      <trkpt lat="29.1481246054172515869140625" lon="120.32835147343575954437255859375">
        <ele>143.1999969482421875</ele>
        <time>2016-04-28T11:30:03.000Z</time>
        <extensions>
          <ns3:TrackPointExtension>
            <ns3:hr>158</ns3:hr>
            <ns3:cad>97</ns3:cad>
          </ns3:TrackPointExtension>
        </extensions>
      </trkpt>
      <trkpt lat="29.1481053270399570465087890625" lon="120.32840394414961338043212890625">
        <ele>143.1999969482421875</ele>
        <time>2016-04-28T11:30:04.000Z</time>
        <extensions>
          <ns3:TrackPointExtension>
            <ns3:hr>158</ns3:hr>
            <ns3:cad>97</ns3:cad>
          </ns3:TrackPointExtension>
        </extensions>
      </trkpt>
      <trkpt lat="29.1481053270399570465087890625" lon="120.32840394414961338043212890625">
        <ele>143.1999969482421875</ele>
        <time>2016-04-28T11:30:05.000Z</time>
        <extensions>
          <ns3:TrackPointExtension>
            <ns3:hr>158</ns3:hr>
            <ns3:cad>97</ns3:cad>
          </ns3:TrackPointExtension>
        </extensions>
      </trkpt>
      <trkpt lat="29.14809635840356349945068359375" lon="120.328430347144603729248046875">
        <ele>143.1999969482421875</ele>
        <time>2016-04-28T11:30:06.000Z</time>
        <extensions>
          <ns3:TrackPointExtension>
            <ns3:hr>158</ns3:hr>
            <ns3:cad>95</ns3:cad>
          </ns3:TrackPointExtension>
        </extensions>
      </trkpt>
      <trkpt lat="29.14808194153010845184326171875" lon="120.32848491333425045013427734375">
        <ele>143.399993896484375</ele>
        <time>2016-04-28T11:30:07.000Z</time>
        <extensions>
          <ns3:TrackPointExtension>
            <ns3:hr>158</ns3:hr>
            <ns3:cad>95</ns3:cad>
          </ns3:TrackPointExtension>
        </extensions>
      </trkpt>
      <trkpt lat="29.14808194153010845184326171875" lon="120.32848491333425045013427734375">
        <ele>143.399993896484375</ele>
        <time>2016-04-28T11:30:08.000Z</time>
        <extensions>
          <ns3:TrackPointExtension>
            <ns3:hr>158</ns3:hr>
            <ns3:cad>95</ns3:cad>
          </ns3:TrackPointExtension>
        </extensions>
      </trkpt>
      <trkpt lat="29.14807624183595180511474609375" lon="120.32851039431989192962646484375">
        <ele>143.399993896484375</ele>
        <time>2016-04-28T11:30:09.000Z</time>
        <extensions>
          <ns3:TrackPointExtension>
            <ns3:hr>158</ns3:hr>
            <ns3:cad>97</ns3:cad>
          </ns3:TrackPointExtension>
        </extensions>
      </trkpt>
      <trkpt lat="29.148066602647304534912109375" lon="120.3285636194050312042236328125">
        <ele>143.8000030517578125</ele>
        <time>2016-04-28T11:30:10.000Z</time>
        <extensions>
          <ns3:TrackPointExtension>
            <ns3:hr>157</ns3:hr>
            <ns3:cad>97</ns3:cad>
          </ns3:TrackPointExtension>
        </extensions>
      </trkpt>
      <trkpt lat="29.148066602647304534912109375" lon="120.3285636194050312042236328125">
        <ele>143.8000030517578125</ele>
        <time>2016-04-28T11:30:11.000Z</time>
        <extensions>
          <ns3:TrackPointExtension>
            <ns3:hr>157</ns3:hr>
            <ns3:cad>97</ns3:cad>
          </ns3:TrackPointExtension>
        </extensions>
      </trkpt>
      <trkpt lat="29.1480681113898754119873046875" lon="120.3285916149616241455078125">
        <ele>144</ele>
        <time>2016-04-28T11:30:12.000Z</time>
        <extensions>
          <ns3:TrackPointExtension>
            <ns3:hr>157</ns3:hr>
            <ns3:cad>97</ns3:cad>
          </ns3:TrackPointExtension>
        </extensions>
      </trkpt>
      <trkpt lat="29.14807473309338092803955078125" lon="120.3286447562277317047119140625">
        <ele>144.399993896484375</ele>
        <time>2016-04-28T11:30:13.000Z</time>
        <extensions>
          <ns3:TrackPointExtension>
            <ns3:hr>157</ns3:hr>
            <ns3:cad>97</ns3:cad>
          </ns3:TrackPointExtension>
        </extensions>
      </trkpt>
      <trkpt lat="29.14807473309338092803955078125" lon="120.3286447562277317047119140625">
        <ele>144.399993896484375</ele>
        <time>2016-04-28T11:30:14.000Z</time>
        <extensions>
          <ns3:TrackPointExtension>
            <ns3:hr>156</ns3:hr>
            <ns3:cad>97</ns3:cad>
          </ns3:TrackPointExtension>
        </extensions>
      </trkpt>
      <trkpt lat="29.14807959459722042083740234375" lon="120.3286715783178806304931640625">
        <ele>144.600006103515625</ele>
        <time>2016-04-28T11:30:15.000Z</time>
        <extensions>
          <ns3:TrackPointExtension>
            <ns3:hr>157</ns3:hr>
            <ns3:cad>97</ns3:cad>
          </ns3:TrackPointExtension>
        </extensions>
      </trkpt>
      <trkpt lat="29.14809568785130977630615234375" lon="120.32872262410819530487060546875">
        <ele>144.8000030517578125</ele>
        <time>2016-04-28T11:30:16.000Z</time>
        <extensions>
          <ns3:TrackPointExtension>
            <ns3:hr>156</ns3:hr>
            <ns3:cad>97</ns3:cad>
          </ns3:TrackPointExtension>
        </extensions>
      </trkpt>
      <trkpt lat="29.14809568785130977630615234375" lon="120.32872262410819530487060546875">
        <ele>144.8000030517578125</ele>
        <time>2016-04-28T11:30:17.000Z</time>
        <extensions>
          <ns3:TrackPointExtension>
            <ns3:hr>156</ns3:hr>
            <ns3:cad>97</ns3:cad>
          </ns3:TrackPointExtension>
        </extensions>
      </trkpt>
      <trkpt lat="29.14810641668736934661865234375" lon="120.3287456743419170379638671875">
        <ele>144.8000030517578125</ele>
        <time>2016-04-28T11:30:18.000Z</time>
        <extensions>
          <ns3:TrackPointExtension>
            <ns3:hr>156</ns3:hr>
            <ns3:cad>97</ns3:cad>
          </ns3:TrackPointExtension>
        </extensions>
      </trkpt>
      <trkpt lat="29.14813089184463024139404296875" lon="120.328795127570629119873046875">
        <ele>145</ele>
        <time>2016-04-28T11:30:19.000Z</time>
        <extensions>
          <ns3:TrackPointExtension>
            <ns3:hr>156</ns3:hr>
            <ns3:cad>95</ns3:cad>
          </ns3:TrackPointExtension>
        </extensions>
      </trkpt>
      <trkpt lat="29.14813089184463024139404296875" lon="120.328795127570629119873046875">
        <ele>145</ele>
        <time>2016-04-28T11:30:20.000Z</time>
        <extensions>
          <ns3:TrackPointExtension>
            <ns3:hr>156</ns3:hr>
            <ns3:cad>95</ns3:cad>
          </ns3:TrackPointExtension>
        </extensions>
      </trkpt>
      <trkpt lat="29.14814363233745098114013671875" lon="120.32881616614758968353271484375">
        <ele>145</ele>
        <time>2016-04-28T11:30:21.000Z</time>
        <extensions>
          <ns3:TrackPointExtension>
            <ns3:hr>155</ns3:hr>
            <ns3:cad>97</ns3:cad>
          </ns3:TrackPointExtension>
        </extensions>
      </trkpt>
      <trkpt lat="29.1481753997504711151123046875" lon="120.32885455526411533355712890625">
        <ele>145</ele>
        <time>2016-04-28T11:30:22.000Z</time>
        <extensions>
          <ns3:TrackPointExtension>
            <ns3:hr>155</ns3:hr>
            <ns3:cad>98</ns3:cad>
          </ns3:TrackPointExtension>
        </extensions>
      </trkpt>
      <trkpt lat="29.1481753997504711151123046875" lon="120.32885455526411533355712890625">
        <ele>145</ele>
        <time>2016-04-28T11:30:23.000Z</time>
        <extensions>
          <ns3:TrackPointExtension>
            <ns3:hr>155</ns3:hr>
            <ns3:cad>98</ns3:cad>
          </ns3:TrackPointExtension>
        </extensions>
      </trkpt>
      <trkpt lat="29.14819291792809963226318359375" lon="120.32887148670852184295654296875">
        <ele>145</ele>
        <time>2016-04-28T11:30:24.000Z</time>
        <extensions>
          <ns3:TrackPointExtension>
            <ns3:hr>155</ns3:hr>
            <ns3:cad>98</ns3:cad>
          </ns3:TrackPointExtension>
        </extensions>
      </trkpt>
      <trkpt lat="29.1482119448482990264892578125" lon="120.328888334333896636962890625">
        <ele>144.8000030517578125</ele>
        <time>2016-04-28T11:30:25.000Z</time>
        <extensions>
          <ns3:TrackPointExtension>
            <ns3:hr>154</ns3:hr>
            <ns3:cad>98</ns3:cad>
          </ns3:TrackPointExtension>
        </extensions>
      </trkpt>
      <trkpt lat="29.14823256433010101318359375" lon="120.32890199683606624603271484375">
        <ele>144.8000030517578125</ele>
        <time>2016-04-28T11:30:26.000Z</time>
        <extensions>
          <ns3:TrackPointExtension>
            <ns3:hr>154</ns3:hr>
            <ns3:cad>98</ns3:cad>
          </ns3:TrackPointExtension>
        </extensions>
      </trkpt>
      <trkpt lat="29.14825444109737873077392578125" lon="120.328915156424045562744140625">
        <ele>144.600006103515625</ele>
        <time>2016-04-28T11:30:27.000Z</time>
        <extensions>
          <ns3:TrackPointExtension>
            <ns3:hr>154</ns3:hr>
            <ns3:cad>97</ns3:cad>
          </ns3:TrackPointExtension>
        </extensions>
      </trkpt>
      <trkpt lat="29.14830305613577365875244140625" lon="120.3289381228387355804443359375">
        <ele>144.600006103515625</ele>
        <time>2016-04-28T11:30:28.000Z</time>
        <extensions>
          <ns3:TrackPointExtension>
            <ns3:hr>153</ns3:hr>
            <ns3:cad>96</ns3:cad>
          </ns3:TrackPointExtension>
        </extensions>
      </trkpt>
      <trkpt lat="29.14830305613577365875244140625" lon="120.3289381228387355804443359375">
        <ele>144.600006103515625</ele>
        <time>2016-04-28T11:30:29.000Z</time>
        <extensions>
          <ns3:TrackPointExtension>
            <ns3:hr>154</ns3:hr>
            <ns3:cad>96</ns3:cad>
          </ns3:TrackPointExtension>
        </extensions>
      </trkpt>
      <trkpt lat="29.14833021350204944610595703125" lon="120.32894943840801715850830078125">
        <ele>144.399993896484375</ele>
        <time>2016-04-28T11:30:30.000Z</time>
        <extensions>
          <ns3:TrackPointExtension>
            <ns3:hr>154</ns3:hr>
            <ns3:cad>96</ns3:cad>
          </ns3:TrackPointExtension>
        </extensions>
      </trkpt>
      <trkpt lat="29.14838184602558612823486328125" lon="120.3289679624140262603759765625">
        <ele>144.1999969482421875</ele>
        <time>2016-04-28T11:30:31.000Z</time>
        <extensions>
          <ns3:TrackPointExtension>
            <ns3:hr>154</ns3:hr>
            <ns3:cad>97</ns3:cad>
          </ns3:TrackPointExtension>
        </extensions>
      </trkpt>
      <trkpt lat="29.14838184602558612823486328125" lon="120.3289679624140262603759765625">
        <ele>144.1999969482421875</ele>
        <time>2016-04-28T11:30:32.000Z</time>
        <extensions>
          <ns3:TrackPointExtension>
            <ns3:hr>155</ns3:hr>
            <ns3:cad>98</ns3:cad>
          </ns3:TrackPointExtension>
        </extensions>
      </trkpt>
      <trkpt lat="29.148406572639942169189453125" lon="120.328978188335895538330078125">
        <ele>144</ele>
        <time>2016-04-28T11:30:33.000Z</time>
        <extensions>
          <ns3:TrackPointExtension>
            <ns3:hr>156</ns3:hr>
            <ns3:cad>98</ns3:cad>
          </ns3:TrackPointExtension>
        </extensions>
      </trkpt>
      <trkpt lat="29.14845795370638370513916015625" lon="120.32900107093155384063720703125">
        <ele>143.600006103515625</ele>
        <time>2016-04-28T11:30:34.000Z</time>
        <extensions>
          <ns3:TrackPointExtension>
            <ns3:hr>156</ns3:hr>
            <ns3:cad>97</ns3:cad>
          </ns3:TrackPointExtension>
        </extensions>
      </trkpt>
      <trkpt lat="29.14845795370638370513916015625" lon="120.32900107093155384063720703125">
        <ele>143.600006103515625</ele>
        <time>2016-04-28T11:30:35.000Z</time>
        <extensions>
          <ns3:TrackPointExtension>
            <ns3:hr>155</ns3:hr>
            <ns3:cad>97</ns3:cad>
          </ns3:TrackPointExtension>
        </extensions>
      </trkpt>
      <trkpt lat="29.14848494343459606170654296875" lon="120.32901062630116939544677734375">
        <ele>143.1999969482421875</ele>
        <time>2016-04-28T11:30:36.000Z</time>
        <extensions>
          <ns3:TrackPointExtension>
            <ns3:hr>156</ns3:hr>
            <ns3:cad>97</ns3:cad>
          </ns3:TrackPointExtension>
        </extensions>
      </trkpt>
      <trkpt lat="29.14853163063526153564453125" lon="120.3290303237736225128173828125">
        <ele>142.399993896484375</ele>
        <time>2016-04-28T11:30:37.000Z</time>
        <extensions>
          <ns3:TrackPointExtension>
            <ns3:hr>156</ns3:hr>
            <ns3:cad>97</ns3:cad>
          </ns3:TrackPointExtension>
        </extensions>
      </trkpt>
      <trkpt lat="29.14853163063526153564453125" lon="120.3290303237736225128173828125">
        <ele>142.399993896484375</ele>
        <time>2016-04-28T11:30:38.000Z</time>
        <extensions>
          <ns3:TrackPointExtension>
            <ns3:hr>155</ns3:hr>
            <ns3:cad>97</ns3:cad>
          </ns3:TrackPointExtension>
        </extensions>
      </trkpt>
      <trkpt lat="29.14855501614511013031005859375" lon="120.329037867486476898193359375">
        <ele>142</ele>
        <time>2016-04-28T11:30:39.000Z</time>
        <extensions>
          <ns3:TrackPointExtension>
            <ns3:hr>156</ns3:hr>
            <ns3:cad>97</ns3:cad>
          </ns3:TrackPointExtension>
        </extensions>
      </trkpt>
      <trkpt lat="29.1486062295734882354736328125" lon="120.3290534578263759613037109375">
        <ele>141.1999969482421875</ele>
        <time>2016-04-28T11:30:40.000Z</time>
        <extensions>
          <ns3:TrackPointExtension>
            <ns3:hr>156</ns3:hr>
            <ns3:cad>96</ns3:cad>
          </ns3:TrackPointExtension>
        </extensions>
      </trkpt>
      <trkpt lat="29.1486062295734882354736328125" lon="120.3290534578263759613037109375">
        <ele>141.1999969482421875</ele>
        <time>2016-04-28T11:30:41.000Z</time>
        <extensions>
          <ns3:TrackPointExtension>
            <ns3:hr>157</ns3:hr>
            <ns3:cad>96</ns3:cad>
          </ns3:TrackPointExtension>
        </extensions>
      </trkpt>
      <trkpt lat="29.1486310400068759918212890625" lon="120.32906058244407176971435546875">
        <ele>140.600006103515625</ele>
        <time>2016-04-28T11:30:42.000Z</time>
        <extensions>
          <ns3:TrackPointExtension>
            <ns3:hr>156</ns3:hr>
            <ns3:cad>96</ns3:cad>
          </ns3:TrackPointExtension>
        </extensions>
      </trkpt>
      <trkpt lat="29.14868275634944438934326171875" lon="120.3290796093642711639404296875">
        <ele>139.8000030517578125</ele>
        <time>2016-04-28T11:30:43.000Z</time>
        <extensions>
          <ns3:TrackPointExtension>
            <ns3:hr>157</ns3:hr>
            <ns3:cad>96</ns3:cad>
          </ns3:TrackPointExtension>
        </extensions>
      </trkpt>
      <trkpt lat="29.14868275634944438934326171875" lon="120.3290796093642711639404296875">
        <ele>139.8000030517578125</ele>
        <time>2016-04-28T11:30:44.000Z</time>
        <extensions>
          <ns3:TrackPointExtension>
            <ns3:hr>157</ns3:hr>
            <ns3:cad>96</ns3:cad>
          </ns3:TrackPointExtension>
        </extensions>
      </trkpt>
      <trkpt lat="29.14870924316346645355224609375" lon="120.32908849418163299560546875">
        <ele>139.399993896484375</ele>
        <time>2016-04-28T11:30:45.000Z</time>
        <extensions>
          <ns3:TrackPointExtension>
            <ns3:hr>157</ns3:hr>
            <ns3:cad>96</ns3:cad>
          </ns3:TrackPointExtension>
        </extensions>
      </trkpt>
      <trkpt lat="29.148763306438922882080078125" lon="120.329103581607341766357421875">
        <ele>138.8000030517578125</ele>
        <time>2016-04-28T11:30:46.000Z</time>
        <extensions>
          <ns3:TrackPointExtension>
            <ns3:hr>157</ns3:hr>
            <ns3:cad>96</ns3:cad>
          </ns3:TrackPointExtension>
        </extensions>
      </trkpt>
      <trkpt lat="29.148763306438922882080078125" lon="120.329103581607341766357421875">
        <ele>138.8000030517578125</ele>
        <time>2016-04-28T11:30:47.000Z</time>
        <extensions>
          <ns3:TrackPointExtension>
            <ns3:hr>157</ns3:hr>
            <ns3:cad>96</ns3:cad>
          </ns3:TrackPointExtension>
        </extensions>
      </trkpt>
      <trkpt lat="29.148791134357452392578125" lon="120.3291146457195281982421875">
        <ele>138.8000030517578125</ele>
        <time>2016-04-28T11:30:48.000Z</time>
        <extensions>
          <ns3:TrackPointExtension>
            <ns3:hr>157</ns3:hr>
            <ns3:cad>97</ns3:cad>
          </ns3:TrackPointExtension>
        </extensions>
      </trkpt>
      <trkpt lat="29.148845113813877105712890625" lon="120.32913199625909328460693359375">
        <ele>138.399993896484375</ele>
        <time>2016-04-28T11:30:49.000Z</time>
        <extensions>
          <ns3:TrackPointExtension>
            <ns3:hr>158</ns3:hr>
            <ns3:cad>97</ns3:cad>
          </ns3:TrackPointExtension>
        </extensions>
      </trkpt>
      <trkpt lat="29.148845113813877105712890625" lon="120.32913199625909328460693359375">
        <ele>138.399993896484375</ele>
        <time>2016-04-28T11:30:50.000Z</time>
        <extensions>
          <ns3:TrackPointExtension>
            <ns3:hr>158</ns3:hr>
            <ns3:cad>97</ns3:cad>
          </ns3:TrackPointExtension>
        </extensions>
      </trkpt>
      <trkpt lat="29.148872606456279754638671875" lon="120.32914004288613796234130859375">
        <ele>138.1999969482421875</ele>
        <time>2016-04-28T11:30:51.000Z</time>
        <extensions>
          <ns3:TrackPointExtension>
            <ns3:hr>158</ns3:hr>
            <ns3:cad>97</ns3:cad>
          </ns3:TrackPointExtension>
        </extensions>
      </trkpt>
      <trkpt lat="29.14892189204692840576171875" lon="120.3291577287018299102783203125">
        <ele>138</ele>
        <time>2016-04-28T11:30:52.000Z</time>
        <extensions>
          <ns3:TrackPointExtension>
            <ns3:hr>158</ns3:hr>
            <ns3:cad>97</ns3:cad>
          </ns3:TrackPointExtension>
        </extensions>
      </trkpt>
      <trkpt lat="29.14892189204692840576171875" lon="120.3291577287018299102783203125">
        <ele>138</ele>
        <time>2016-04-28T11:30:53.000Z</time>
        <extensions>
          <ns3:TrackPointExtension>
            <ns3:hr>158</ns3:hr>
            <ns3:cad>97</ns3:cad>
          </ns3:TrackPointExtension>
        </extensions>
      </trkpt>
      <trkpt lat="29.14894779212772846221923828125" lon="120.3291681222617626190185546875">
        <ele>137.8000030517578125</ele>
        <time>2016-04-28T11:30:54.000Z</time>
        <extensions>
          <ns3:TrackPointExtension>
            <ns3:hr>159</ns3:hr>
            <ns3:cad>97</ns3:cad>
          </ns3:TrackPointExtension>
        </extensions>
      </trkpt>
      <trkpt lat="29.1489726863801479339599609375" lon="120.32917566597461700439453125">
        <ele>137.600006103515625</ele>
        <time>2016-04-28T11:30:55.000Z</time>
        <extensions>
          <ns3:TrackPointExtension>
            <ns3:hr>158</ns3:hr>
            <ns3:cad>97</ns3:cad>
          </ns3:TrackPointExtension>
        </extensions>
      </trkpt>
      <trkpt lat="29.1489974968135356903076171875" lon="120.3291852213442325592041015625">
        <ele>137.399993896484375</ele>
        <time>2016-04-28T11:30:56.000Z</time>
        <extensions>
          <ns3:TrackPointExtension>
            <ns3:hr>159</ns3:hr>
            <ns3:cad>97</ns3:cad>
          </ns3:TrackPointExtension>
        </extensions>
      </trkpt>
      <trkpt lat="29.1490472853183746337890625" lon="120.3292004764080047607421875">
        <ele>137.8000030517578125</ele>
        <time>2016-04-28T11:30:57.000Z</time>
        <extensions>
          <ns3:TrackPointExtension>
            <ns3:hr>159</ns3:hr>
            <ns3:cad>97</ns3:cad>
          </ns3:TrackPointExtension>
        </extensions>
      </trkpt>
      <trkpt lat="29.1490472853183746337890625" lon="120.3292004764080047607421875">
        <ele>137.8000030517578125</ele>
        <time>2016-04-28T11:30:58.000Z</time>
        <extensions>
          <ns3:TrackPointExtension>
            <ns3:hr>159</ns3:hr>
            <ns3:cad>97</ns3:cad>
          </ns3:TrackPointExtension>
        </extensions>
      </trkpt>
      <trkpt lat="29.149096570909023284912109375" lon="120.32921363599598407745361328125">
        <ele>138.1999969482421875</ele>
        <time>2016-04-28T11:30:59.000Z</time>
        <extensions>
          <ns3:TrackPointExtension>
            <ns3:hr>159</ns3:hr>
            <ns3:cad>98</ns3:cad>
          </ns3:TrackPointExtension>
        </extensions>
      </trkpt>
      <trkpt lat="29.149096570909023284912109375" lon="120.32921363599598407745361328125">
        <ele>138.1999969482421875</ele>
        <time>2016-04-28T11:31:00.000Z</time>
        <extensions>
          <ns3:TrackPointExtension>
            <ns3:hr>159</ns3:hr>
            <ns3:cad>98</ns3:cad>
          </ns3:TrackPointExtension>
        </extensions>
      </trkpt>
      <trkpt lat="29.14914728142321109771728515625" lon="120.32921858131885528564453125">
        <ele>138.600006103515625</ele>
        <time>2016-04-28T11:31:01.000Z</time>
        <extensions>
          <ns3:TrackPointExtension>
            <ns3:hr>159</ns3:hr>
            <ns3:cad>98</ns3:cad>
          </ns3:TrackPointExtension>
        </extensions>
      </trkpt>
      <trkpt lat="29.14914728142321109771728515625" lon="120.32921858131885528564453125">
        <ele>138.600006103515625</ele>
        <time>2016-04-28T11:31:02.000Z</time>
        <extensions>
          <ns3:TrackPointExtension>
            <ns3:hr>159</ns3:hr>
            <ns3:cad>98</ns3:cad>
          </ns3:TrackPointExtension>
        </extensions>
      </trkpt>
      <trkpt lat="29.1492023505270481109619140625" lon="120.32921682111918926239013671875">
        <ele>139.1999969482421875</ele>
        <time>2016-04-28T11:31:03.000Z</time>
        <extensions>
          <ns3:TrackPointExtension>
            <ns3:hr>159</ns3:hr>
            <ns3:cad>97</ns3:cad>
          </ns3:TrackPointExtension>
        </extensions>
      </trkpt>
      <trkpt lat="29.1492023505270481109619140625" lon="120.32921682111918926239013671875">
        <ele>139.1999969482421875</ele>
        <time>2016-04-28T11:31:04.000Z</time>
        <extensions>
          <ns3:TrackPointExtension>
            <ns3:hr>160</ns3:hr>
            <ns3:cad>97</ns3:cad>
          </ns3:TrackPointExtension>
        </extensions>
      </trkpt>
      <trkpt lat="29.14925046265125274658203125" lon="120.32920558936893939971923828125">
        <ele>139.600006103515625</ele>
        <time>2016-04-28T11:31:05.000Z</time>
        <extensions>
          <ns3:TrackPointExtension>
            <ns3:hr>160</ns3:hr>
            <ns3:cad>98</ns3:cad>
          </ns3:TrackPointExtension>
        </extensions>
      </trkpt>
      <trkpt lat="29.14925046265125274658203125" lon="120.32920558936893939971923828125">
        <ele>139.600006103515625</ele>
        <time>2016-04-28T11:31:06.000Z</time>
        <extensions>
          <ns3:TrackPointExtension>
            <ns3:hr>160</ns3:hr>
            <ns3:cad>98</ns3:cad>
          </ns3:TrackPointExtension>
        </extensions>
      </trkpt>
      <trkpt lat="29.1492932103574275970458984375" lon="120.32918714918196201324462890625">
        <ele>140</ele>
        <time>2016-04-28T11:31:07.000Z</time>
        <extensions>
          <ns3:TrackPointExtension>
            <ns3:hr>160</ns3:hr>
            <ns3:cad>97</ns3:cad>
          </ns3:TrackPointExtension>
        </extensions>
      </trkpt>
      <trkpt lat="29.1492932103574275970458984375" lon="120.32918714918196201324462890625">
        <ele>140</ele>
        <time>2016-04-28T11:31:08.000Z</time>
        <extensions>
          <ns3:TrackPointExtension>
            <ns3:hr>160</ns3:hr>
            <ns3:cad>97</ns3:cad>
          </ns3:TrackPointExtension>
        </extensions>
      </trkpt>
      <trkpt lat="29.14933570660650730133056640625" lon="120.32916049472987651824951171875">
        <ele>140.1999969482421875</ele>
        <time>2016-04-28T11:31:09.000Z</time>
        <extensions>
          <ns3:TrackPointExtension>
            <ns3:hr>160</ns3:hr>
            <ns3:cad>97</ns3:cad>
          </ns3:TrackPointExtension>
        </extensions>
      </trkpt>
      <trkpt lat="29.14933570660650730133056640625" lon="120.32916049472987651824951171875">
        <ele>140.1999969482421875</ele>
        <time>2016-04-28T11:31:10.000Z</time>
        <extensions>
          <ns3:TrackPointExtension>
            <ns3:hr>160</ns3:hr>
            <ns3:cad>97</ns3:cad>
          </ns3:TrackPointExtension>
        </extensions>
      </trkpt>
      <trkpt lat="29.14937292225658893585205078125" lon="120.32912763766944408416748046875">
        <ele>140.399993896484375</ele>
        <time>2016-04-28T11:31:11.000Z</time>
        <extensions>
          <ns3:TrackPointExtension>
            <ns3:hr>161</ns3:hr>
            <ns3:cad>97</ns3:cad>
          </ns3:TrackPointExtension>
        </extensions>
      </trkpt>
      <trkpt lat="29.14937292225658893585205078125" lon="120.32912763766944408416748046875">
        <ele>140.399993896484375</ele>
        <time>2016-04-28T11:31:12.000Z</time>
        <extensions>
          <ns3:TrackPointExtension>
            <ns3:hr>161</ns3:hr>
            <ns3:cad>97</ns3:cad>
          </ns3:TrackPointExtension>
        </extensions>
      </trkpt>
      <trkpt lat="29.14940259419381618499755859375" lon="120.3290936909615993499755859375">
        <ele>140.8000030517578125</ele>
        <time>2016-04-28T11:31:13.000Z</time>
        <extensions>
          <ns3:TrackPointExtension>
            <ns3:hr>161</ns3:hr>
            <ns3:cad>97</ns3:cad>
          </ns3:TrackPointExtension>
        </extensions>
      </trkpt>
      <trkpt lat="29.14940259419381618499755859375" lon="120.3290936909615993499755859375">
        <ele>140.8000030517578125</ele>
        <time>2016-04-28T11:31:14.000Z</time>
        <extensions>
          <ns3:TrackPointExtension>
            <ns3:hr>161</ns3:hr>
            <ns3:cad>97</ns3:cad>
          </ns3:TrackPointExtension>
        </extensions>
      </trkpt>
      <trkpt lat="29.14942991919815540313720703125" lon="120.329054631292819976806640625">
        <ele>141.1999969482421875</ele>
        <time>2016-04-28T11:31:15.000Z</time>
        <extensions>
          <ns3:TrackPointExtension>
            <ns3:hr>161</ns3:hr>
            <ns3:cad>97</ns3:cad>
          </ns3:TrackPointExtension>
        </extensions>
      </trkpt>
      <trkpt lat="29.14942991919815540313720703125" lon="120.329054631292819976806640625">
        <ele>141.1999969482421875</ele>
        <time>2016-04-28T11:31:16.000Z</time>
        <extensions>
          <ns3:TrackPointExtension>
            <ns3:hr>161</ns3:hr>
            <ns3:cad>97</ns3:cad>
          </ns3:TrackPointExtension>
        </extensions>
      </trkpt>
      <trkpt lat="29.1494544781744480133056640625" lon="120.32900844700634479522705078125">
        <ele>141.399993896484375</ele>
        <time>2016-04-28T11:31:17.000Z</time>
        <extensions>
          <ns3:TrackPointExtension>
            <ns3:hr>161</ns3:hr>
            <ns3:cad>97</ns3:cad>
          </ns3:TrackPointExtension>
        </extensions>
      </trkpt>
      <trkpt lat="29.1494544781744480133056640625" lon="120.32900844700634479522705078125">
        <ele>141.399993896484375</ele>
        <time>2016-04-28T11:31:18.000Z</time>
        <extensions>
          <ns3:TrackPointExtension>
            <ns3:hr>161</ns3:hr>
            <ns3:cad>97</ns3:cad>
          </ns3:TrackPointExtension>
        </extensions>
      </trkpt>
      <trkpt lat="29.1494752652943134307861328125" lon="120.32895798794925212860107421875">
        <ele>141.8000030517578125</ele>
        <time>2016-04-28T11:31:19.000Z</time>
        <extensions>
          <ns3:TrackPointExtension>
            <ns3:hr>161</ns3:hr>
            <ns3:cad>97</ns3:cad>
          </ns3:TrackPointExtension>
        </extensions>
      </trkpt>
      <trkpt lat="29.1494752652943134307861328125" lon="120.32895798794925212860107421875">
        <ele>141.8000030517578125</ele>
        <time>2016-04-28T11:31:20.000Z</time>
        <extensions>
          <ns3:TrackPointExtension>
            <ns3:hr>160</ns3:hr>
            <ns3:cad>97</ns3:cad>
          </ns3:TrackPointExtension>
        </extensions>
      </trkpt>
      <trkpt lat="29.14948959834873676300048828125" lon="120.3289069421589374542236328125">
        <ele>142</ele>
        <time>2016-04-28T11:31:21.000Z</time>
        <extensions>
          <ns3:TrackPointExtension>
            <ns3:hr>160</ns3:hr>
            <ns3:cad>99</ns3:cad>
          </ns3:TrackPointExtension>
        </extensions>
      </trkpt>
      <trkpt lat="29.14948959834873676300048828125" lon="120.3289069421589374542236328125">
        <ele>142</ele>
        <time>2016-04-28T11:31:22.000Z</time>
        <extensions>
          <ns3:TrackPointExtension>
            <ns3:hr>159</ns3:hr>
            <ns3:cad>99</ns3:cad>
          </ns3:TrackPointExtension>
        </extensions>
      </trkpt>
      <trkpt lat="29.1494987346231937408447265625" lon="120.32885505817830562591552734375">
        <ele>142.399993896484375</ele>
        <time>2016-04-28T11:31:23.000Z</time>
        <extensions>
          <ns3:TrackPointExtension>
            <ns3:hr>160</ns3:hr>
            <ns3:cad>97</ns3:cad>
          </ns3:TrackPointExtension>
        </extensions>
      </trkpt>
      <trkpt lat="29.1494987346231937408447265625" lon="120.32885505817830562591552734375">
        <ele>142.399993896484375</ele>
        <time>2016-04-28T11:31:24.000Z</time>
        <extensions>
          <ns3:TrackPointExtension>
            <ns3:hr>159</ns3:hr>
            <ns3:cad>97</ns3:cad>
          </ns3:TrackPointExtension>
        </extensions>
      </trkpt>
      <trkpt lat="29.149502925574779510498046875" lon="120.32882639206945896148681640625">
        <ele>142.399993896484375</ele>
        <time>2016-04-28T11:31:25.000Z</time>
        <extensions>
          <ns3:TrackPointExtension>
            <ns3:hr>159</ns3:hr>
            <ns3:cad>97</ns3:cad>
          </ns3:TrackPointExtension>
        </extensions>
      </trkpt>
      <trkpt lat="29.1495044343173503875732421875" lon="120.328798480331897735595703125">
        <ele>142.600006103515625</ele>
        <time>2016-04-28T11:31:26.000Z</time>
        <extensions>
          <ns3:TrackPointExtension>
            <ns3:hr>159</ns3:hr>
            <ns3:cad>96</ns3:cad>
          </ns3:TrackPointExtension>
        </extensions>
      </trkpt>
      <trkpt lat="29.1494947113096714019775390625" lon="120.32874274067580699920654296875">
        <ele>142.600006103515625</ele>
        <time>2016-04-28T11:31:27.000Z</time>
        <extensions>
          <ns3:TrackPointExtension>
            <ns3:hr>159</ns3:hr>
            <ns3:cad>96</ns3:cad>
          </ns3:TrackPointExtension>
        </extensions>
      </trkpt>
      <trkpt lat="29.1494947113096714019775390625" lon="120.32874274067580699920654296875">
        <ele>142.600006103515625</ele>
        <time>2016-04-28T11:31:28.000Z</time>
        <extensions>
          <ns3:TrackPointExtension>
            <ns3:hr>158</ns3:hr>
            <ns3:cad>96</ns3:cad>
          </ns3:TrackPointExtension>
        </extensions>
      </trkpt>
      <trkpt lat="29.1494802944362163543701171875" lon="120.3286903537809848785400390625">
        <ele>142.8000030517578125</ele>
        <time>2016-04-28T11:31:29.000Z</time>
        <extensions>
          <ns3:TrackPointExtension>
            <ns3:hr>158</ns3:hr>
            <ns3:cad>96</ns3:cad>
          </ns3:TrackPointExtension>
        </extensions>
      </trkpt>
      <trkpt lat="29.1494802944362163543701171875" lon="120.3286903537809848785400390625">
        <ele>142.8000030517578125</ele>
        <time>2016-04-28T11:31:30.000Z</time>
        <extensions>
          <ns3:TrackPointExtension>
            <ns3:hr>159</ns3:hr>
            <ns3:cad>97</ns3:cad>
          </ns3:TrackPointExtension>
        </extensions>
      </trkpt>
      <trkpt lat="29.1494581662118434906005859375" lon="120.3286363743245601654052734375">
        <ele>143.1999969482421875</ele>
        <time>2016-04-28T11:31:31.000Z</time>
        <extensions>
          <ns3:TrackPointExtension>
            <ns3:hr>158</ns3:hr>
            <ns3:cad>97</ns3:cad>
          </ns3:TrackPointExtension>
        </extensions>
      </trkpt>
      <trkpt lat="29.1494581662118434906005859375" lon="120.3286363743245601654052734375">
        <ele>143.1999969482421875</ele>
        <time>2016-04-28T11:31:32.000Z</time>
        <extensions>
          <ns3:TrackPointExtension>
            <ns3:hr>158</ns3:hr>
            <ns3:cad>97</ns3:cad>
          </ns3:TrackPointExtension>
        </extensions>
      </trkpt>
      <trkpt lat="29.1494263149797916412353515625" lon="120.328585244715213775634765625">
        <ele>143.1999969482421875</ele>
        <time>2016-04-28T11:31:33.000Z</time>
        <extensions>
          <ns3:TrackPointExtension>
            <ns3:hr>158</ns3:hr>
            <ns3:cad>97</ns3:cad>
          </ns3:TrackPointExtension>
        </extensions>
      </trkpt>
      <trkpt lat="29.1494263149797916412353515625" lon="120.328585244715213775634765625">
        <ele>143.1999969482421875</ele>
        <time>2016-04-28T11:31:34.000Z</time>
        <extensions>
          <ns3:TrackPointExtension>
            <ns3:hr>158</ns3:hr>
            <ns3:cad>97</ns3:cad>
          </ns3:TrackPointExtension>
        </extensions>
      </trkpt>
      <trkpt lat="29.14938784204423427581787109375" lon="120.32854241319000720977783203125">
        <ele>143.1999969482421875</ele>
        <time>2016-04-28T11:31:35.000Z</time>
        <extensions>
          <ns3:TrackPointExtension>
            <ns3:hr>158</ns3:hr>
            <ns3:cad>97</ns3:cad>
          </ns3:TrackPointExtension>
        </extensions>
      </trkpt>
      <trkpt lat="29.14938784204423427581787109375" lon="120.32854241319000720977783203125">
        <ele>143.1999969482421875</ele>
        <time>2016-04-28T11:31:36.000Z</time>
        <extensions>
          <ns3:TrackPointExtension>
            <ns3:hr>158</ns3:hr>
            <ns3:cad>97</ns3:cad>
          </ns3:TrackPointExtension>
        </extensions>
      </trkpt>
      <trkpt lat="29.14934425614774227142333984375" lon="120.328509472310543060302734375">
        <ele>142.8000030517578125</ele>
        <time>2016-04-28T11:31:37.000Z</time>
        <extensions>
          <ns3:TrackPointExtension>
            <ns3:hr>159</ns3:hr>
            <ns3:cad>97</ns3:cad>
          </ns3:TrackPointExtension>
        </extensions>
      </trkpt>
      <trkpt lat="29.14934425614774227142333984375" lon="120.328509472310543060302734375">
        <ele>142.8000030517578125</ele>
        <time>2016-04-28T11:31:38.000Z</time>
        <extensions>
          <ns3:TrackPointExtension>
            <ns3:hr>159</ns3:hr>
            <ns3:cad>97</ns3:cad>
          </ns3:TrackPointExtension>
        </extensions>
      </trkpt>
      <trkpt lat="29.1492979042232036590576171875" lon="120.32848156057298183441162109375">
        <ele>142.600006103515625</ele>
        <time>2016-04-28T11:31:39.000Z</time>
        <extensions>
          <ns3:TrackPointExtension>
            <ns3:hr>158</ns3:hr>
            <ns3:cad>97</ns3:cad>
          </ns3:TrackPointExtension>
        </extensions>
      </trkpt>
      <trkpt lat="29.1492744348943233489990234375" lon="120.328467898070812225341796875">
        <ele>142.399993896484375</ele>
        <time>2016-04-28T11:31:40.000Z</time>
        <extensions>
          <ns3:TrackPointExtension>
            <ns3:hr>159</ns3:hr>
            <ns3:cad>98</ns3:cad>
          </ns3:TrackPointExtension>
        </extensions>
      </trkpt>
      <trkpt lat="29.1492744348943233489990234375" lon="120.328467898070812225341796875">
        <ele>142.399993896484375</ele>
        <time>2016-04-28T11:31:41.000Z</time>
        <extensions>
          <ns3:TrackPointExtension>
            <ns3:hr>158</ns3:hr>
            <ns3:cad>98</ns3:cad>
          </ns3:TrackPointExtension>
        </extensions>
      </trkpt>
      <trkpt lat="29.149227999150753021240234375" lon="120.3284429199993610382080078125">
        <ele>142.1999969482421875</ele>
        <time>2016-04-28T11:31:42.000Z</time>
        <extensions>
          <ns3:TrackPointExtension>
            <ns3:hr>159</ns3:hr>
            <ns3:cad>96</ns3:cad>
          </ns3:TrackPointExtension>
        </extensions>
      </trkpt>
      <trkpt lat="29.149227999150753021240234375" lon="120.3284429199993610382080078125">
        <ele>142.1999969482421875</ele>
        <time>2016-04-28T11:31:43.000Z</time>
        <extensions>
          <ns3:TrackPointExtension>
            <ns3:hr>160</ns3:hr>
            <ns3:cad>96</ns3:cad>
          </ns3:TrackPointExtension>
        </extensions>
      </trkpt>
      <trkpt lat="29.14918005466461181640625" lon="120.32841886393725872039794921875">
        <ele>142.1999969482421875</ele>
        <time>2016-04-28T11:31:44.000Z</time>
        <extensions>
          <ns3:TrackPointExtension>
            <ns3:hr>160</ns3:hr>
            <ns3:cad>96</ns3:cad>
          </ns3:TrackPointExtension>
        </extensions>
      </trkpt>
      <trkpt lat="29.14918005466461181640625" lon="120.32841886393725872039794921875">
        <ele>142.1999969482421875</ele>
        <time>2016-04-28T11:31:45.000Z</time>
        <extensions>
          <ns3:TrackPointExtension>
            <ns3:hr>159</ns3:hr>
            <ns3:cad>96</ns3:cad>
          </ns3:TrackPointExtension>
        </extensions>
      </trkpt>
      <trkpt lat="29.14912800304591655731201171875" lon="120.32840042375028133392333984375">
        <ele>141.8000030517578125</ele>
        <time>2016-04-28T11:31:46.000Z</time>
        <extensions>
          <ns3:TrackPointExtension>
            <ns3:hr>160</ns3:hr>
            <ns3:cad>96</ns3:cad>
          </ns3:TrackPointExtension>
        </extensions>
      </trkpt>
      <trkpt lat="29.14912800304591655731201171875" lon="120.32840042375028133392333984375">
        <ele>141.8000030517578125</ele>
        <time>2016-04-28T11:31:47.000Z</time>
        <extensions>
          <ns3:TrackPointExtension>
            <ns3:hr>160</ns3:hr>
            <ns3:cad>96</ns3:cad>
          </ns3:TrackPointExtension>
        </extensions>
      </trkpt>
      <trkpt lat="29.14907838217914104461669921875" lon="120.32838349230587482452392578125">
        <ele>141.600006103515625</ele>
        <time>2016-04-28T11:31:48.000Z</time>
        <extensions>
          <ns3:TrackPointExtension>
            <ns3:hr>160</ns3:hr>
            <ns3:cad>97</ns3:cad>
          </ns3:TrackPointExtension>
        </extensions>
      </trkpt>
      <trkpt lat="29.14907838217914104461669921875" lon="120.32838349230587482452392578125">
        <ele>141.600006103515625</ele>
        <time>2016-04-28T11:31:49.000Z</time>
        <extensions>
          <ns3:TrackPointExtension>
            <ns3:hr>160</ns3:hr>
            <ns3:cad>97</ns3:cad>
          </ns3:TrackPointExtension>
        </extensions>
      </trkpt>
      <trkpt lat="29.14902859367430210113525390625" lon="120.328366644680500030517578125">
        <ele>141.1999969482421875</ele>
        <time>2016-04-28T11:31:50.000Z</time>
        <extensions>
          <ns3:TrackPointExtension>
            <ns3:hr>160</ns3:hr>
            <ns3:cad>96</ns3:cad>
          </ns3:TrackPointExtension>
        </extensions>
      </trkpt>
      <trkpt lat="29.14902859367430210113525390625" lon="120.328366644680500030517578125">
        <ele>141.1999969482421875</ele>
        <time>2016-04-28T11:31:51.000Z</time>
        <extensions>
          <ns3:TrackPointExtension>
            <ns3:hr>159</ns3:hr>
            <ns3:cad>96</ns3:cad>
          </ns3:TrackPointExtension>
        </extensions>
      </trkpt>
      <trkpt lat="29.14897880516946315765380859375" lon="120.32835097052156925201416015625">
        <ele>141.1999969482421875</ele>
        <time>2016-04-28T11:31:52.000Z</time>
        <extensions>
          <ns3:TrackPointExtension>
            <ns3:hr>159</ns3:hr>
            <ns3:cad>97</ns3:cad>
          </ns3:TrackPointExtension>
        </extensions>
      </trkpt>
      <trkpt lat="29.14897880516946315765380859375" lon="120.32835097052156925201416015625">
        <ele>141.1999969482421875</ele>
        <time>2016-04-28T11:31:53.000Z</time>
        <extensions>
          <ns3:TrackPointExtension>
            <ns3:hr>159</ns3:hr>
            <ns3:cad>97</ns3:cad>
          </ns3:TrackPointExtension>
        </extensions>
      </trkpt>
      <trkpt lat="29.14892767556011676788330078125" lon="120.32833353616297245025634765625">
        <ele>141.1999969482421875</ele>
        <time>2016-04-28T11:31:54.000Z</time>
        <extensions>
          <ns3:TrackPointExtension>
            <ns3:hr>159</ns3:hr>
            <ns3:cad>97</ns3:cad>
          </ns3:TrackPointExtension>
        </extensions>
      </trkpt>
      <trkpt lat="29.14892767556011676788330078125" lon="120.32833353616297245025634765625">
        <ele>141.1999969482421875</ele>
        <time>2016-04-28T11:31:55.000Z</time>
        <extensions>
          <ns3:TrackPointExtension>
            <ns3:hr>160</ns3:hr>
            <ns3:cad>97</ns3:cad>
          </ns3:TrackPointExtension>
        </extensions>
      </trkpt>
      <trkpt lat="29.148877970874309539794921875" lon="120.32831710763275623321533203125">
        <ele>141.1999969482421875</ele>
        <time>2016-04-28T11:31:56.000Z</time>
        <extensions>
          <ns3:TrackPointExtension>
            <ns3:hr>160</ns3:hr>
            <ns3:cad>99</ns3:cad>
          </ns3:TrackPointExtension>
        </extensions>
      </trkpt>
      <trkpt lat="29.148877970874309539794921875" lon="120.32831710763275623321533203125">
        <ele>141.1999969482421875</ele>
        <time>2016-04-28T11:31:57.000Z</time>
        <extensions>
          <ns3:TrackPointExtension>
            <ns3:hr>159</ns3:hr>
            <ns3:cad>99</ns3:cad>
          </ns3:TrackPointExtension>
        </extensions>
      </trkpt>
      <trkpt lat="29.14882508106529712677001953125" lon="120.32830419950187206268310546875">
        <ele>141.1999969482421875</ele>
        <time>2016-04-28T11:31:58.000Z</time>
        <extensions>
          <ns3:TrackPointExtension>
            <ns3:hr>159</ns3:hr>
            <ns3:cad>96</ns3:cad>
          </ns3:TrackPointExtension>
        </extensions>
      </trkpt>
      <trkpt lat="29.14882508106529712677001953125" lon="120.32830419950187206268310546875">
        <ele>141.1999969482421875</ele>
        <time>2016-04-28T11:31:59.000Z</time>
        <extensions>
          <ns3:TrackPointExtension>
            <ns3:hr>159</ns3:hr>
            <ns3:cad>96</ns3:cad>
          </ns3:TrackPointExtension>
        </extensions>
      </trkpt>
      <trkpt lat="29.148775041103363037109375" lon="120.3282885253429412841796875">
        <ele>141.399993896484375</ele>
        <time>2016-04-28T11:32:00.000Z</time>
        <extensions>
          <ns3:TrackPointExtension>
            <ns3:hr>159</ns3:hr>
            <ns3:cad>96</ns3:cad>
          </ns3:TrackPointExtension>
        </extensions>
      </trkpt>
      <trkpt lat="29.14874964393675327301025390625" lon="120.32827888615429401397705078125">
        <ele>141.399993896484375</ele>
        <time>2016-04-28T11:32:01.000Z</time>
        <extensions>
          <ns3:TrackPointExtension>
            <ns3:hr>159</ns3:hr>
            <ns3:cad>96</ns3:cad>
          </ns3:TrackPointExtension>
        </extensions>
      </trkpt>
      <trkpt lat="29.14874964393675327301025390625" lon="120.32827888615429401397705078125">
        <ele>141.399993896484375</ele>
        <time>2016-04-28T11:32:02.000Z</time>
        <extensions>
          <ns3:TrackPointExtension>
            <ns3:hr>159</ns3:hr>
            <ns3:cad>97</ns3:cad>
          </ns3:TrackPointExtension>
        </extensions>
      </trkpt>
      <trkpt lat="29.1487034596502780914306640625" lon="120.32826178707182407379150390625">
        <ele>141.600006103515625</ele>
        <time>2016-04-28T11:32:03.000Z</time>
        <extensions>
          <ns3:TrackPointExtension>
            <ns3:hr>158</ns3:hr>
            <ns3:cad>97</ns3:cad>
          </ns3:TrackPointExtension>
        </extensions>
      </trkpt>
      <trkpt lat="29.1487034596502780914306640625" lon="120.32826178707182407379150390625">
        <ele>141.600006103515625</ele>
        <time>2016-04-28T11:32:04.000Z</time>
        <extensions>
          <ns3:TrackPointExtension>
            <ns3:hr>157</ns3:hr>
            <ns3:cad>97</ns3:cad>
          </ns3:TrackPointExtension>
        </extensions>
      </trkpt>
      <trkpt lat="29.1486551798880100250244140625" lon="120.328242592513561248779296875">
        <ele>141.8000030517578125</ele>
        <time>2016-04-28T11:32:05.000Z</time>
        <extensions>
          <ns3:TrackPointExtension>
            <ns3:hr>157</ns3:hr>
            <ns3:cad>98</ns3:cad>
          </ns3:TrackPointExtension>
        </extensions>
      </trkpt>
      <trkpt lat="29.1486551798880100250244140625" lon="120.328242592513561248779296875">
        <ele>141.8000030517578125</ele>
        <time>2016-04-28T11:32:06.000Z</time>
        <extensions>
          <ns3:TrackPointExtension>
            <ns3:hr>158</ns3:hr>
            <ns3:cad>98</ns3:cad>
          </ns3:TrackPointExtension>
        </extensions>
      </trkpt>
      <trkpt lat="29.14860832504928112030029296875" lon="120.32822214066982269287109375">
        <ele>142</ele>
        <time>2016-04-28T11:32:07.000Z</time>
        <extensions>
          <ns3:TrackPointExtension>
            <ns3:hr>158</ns3:hr>
            <ns3:cad>98</ns3:cad>
          </ns3:TrackPointExtension>
        </extensions>
      </trkpt>
      <trkpt lat="29.14860832504928112030029296875" lon="120.32822214066982269287109375">
        <ele>142</ele>
        <time>2016-04-28T11:32:08.000Z</time>
        <extensions>
          <ns3:TrackPointExtension>
            <ns3:hr>158</ns3:hr>
            <ns3:cad>98</ns3:cad>
          </ns3:TrackPointExtension>
        </extensions>
      </trkpt>
      <trkpt lat="29.1485623084008693695068359375" lon="120.32820261083543300628662109375">
        <ele>142</ele>
        <time>2016-04-28T11:32:09.000Z</time>
        <extensions>
          <ns3:TrackPointExtension>
            <ns3:hr>159</ns3:hr>
            <ns3:cad>96</ns3:cad>
          </ns3:TrackPointExtension>
        </extensions>
      </trkpt>
      <trkpt lat="29.1485623084008693695068359375" lon="120.32820261083543300628662109375">
        <ele>142</ele>
        <time>2016-04-28T11:32:10.000Z</time>
        <extensions>
          <ns3:TrackPointExtension>
            <ns3:hr>158</ns3:hr>
            <ns3:cad>96</ns3:cad>
          </ns3:TrackPointExtension>
        </extensions>
      </trkpt>
      <trkpt lat="29.1485163755714893341064453125" lon="120.32818257808685302734375">
        <ele>142.1999969482421875</ele>
        <time>2016-04-28T11:32:11.000Z</time>
        <extensions>
          <ns3:TrackPointExtension>
            <ns3:hr>156</ns3:hr>
            <ns3:cad>97</ns3:cad>
          </ns3:TrackPointExtension>
        </extensions>
      </trkpt>
      <trkpt lat="29.1485163755714893341064453125" lon="120.32818257808685302734375">
        <ele>142.1999969482421875</ele>
        <time>2016-04-28T11:32:12.000Z</time>
        <extensions>
          <ns3:TrackPointExtension>
            <ns3:hr>157</ns3:hr>
            <ns3:cad>97</ns3:cad>
          </ns3:TrackPointExtension>
        </extensions>
      </trkpt>
      <trkpt lat="29.14846801199018955230712890625" lon="120.328170172870159149169921875">
        <ele>142.1999969482421875</ele>
        <time>2016-04-28T11:32:13.000Z</time>
        <extensions>
          <ns3:TrackPointExtension>
            <ns3:hr>157</ns3:hr>
            <ns3:cad>98</ns3:cad>
          </ns3:TrackPointExtension>
        </extensions>
      </trkpt>
      <trkpt lat="29.14846801199018955230712890625" lon="120.328170172870159149169921875">
        <ele>142.1999969482421875</ele>
        <time>2016-04-28T11:32:14.000Z</time>
        <extensions>
          <ns3:TrackPointExtension>
            <ns3:hr>157</ns3:hr>
            <ns3:cad>98</ns3:cad>
          </ns3:TrackPointExtension>
        </extensions>
      </trkpt>
      <trkpt lat="29.1484141163527965545654296875" lon="120.32816573046147823333740234375">
        <ele>142.1999969482421875</ele>
        <time>2016-04-28T11:32:15.000Z</time>
        <extensions>
          <ns3:TrackPointExtension>
            <ns3:hr>158</ns3:hr>
            <ns3:cad>98</ns3:cad>
          </ns3:TrackPointExtension>
        </extensions>
      </trkpt>
      <trkpt lat="29.1484141163527965545654296875" lon="120.32816573046147823333740234375">
        <ele>142.1999969482421875</ele>
        <time>2016-04-28T11:32:16.000Z</time>
        <extensions>
          <ns3:TrackPointExtension>
            <ns3:hr>158</ns3:hr>
            <ns3:cad>96</ns3:cad>
          </ns3:TrackPointExtension>
        </extensions>
      </trkpt>
      <trkpt lat="29.148360975086688995361328125" lon="120.328166149556636810302734375">
        <ele>142.399993896484375</ele>
        <time>2016-04-28T11:32:17.000Z</time>
        <extensions>
          <ns3:TrackPointExtension>
            <ns3:hr>159</ns3:hr>
            <ns3:cad>96</ns3:cad>
          </ns3:TrackPointExtension>
        </extensions>
      </trkpt>
      <trkpt lat="29.148360975086688995361328125" lon="120.328166149556636810302734375">
        <ele>142.399993896484375</ele>
        <time>2016-04-28T11:32:18.000Z</time>
        <extensions>
          <ns3:TrackPointExtension>
            <ns3:hr>158</ns3:hr>
            <ns3:cad>96</ns3:cad>
          </ns3:TrackPointExtension>
        </extensions>
      </trkpt>
      <trkpt lat="29.14830976165831089019775390625" lon="120.3281785547733306884765625">
        <ele>142.399993896484375</ele>
        <time>2016-04-28T11:32:19.000Z</time>
        <extensions>
          <ns3:TrackPointExtension>
            <ns3:hr>157</ns3:hr>
            <ns3:cad>96</ns3:cad>
          </ns3:TrackPointExtension>
        </extensions>
      </trkpt>
      <trkpt lat="29.14830976165831089019775390625" lon="120.3281785547733306884765625">
        <ele>142.399993896484375</ele>
        <time>2016-04-28T11:32:20.000Z</time>
        <extensions>
          <ns3:TrackPointExtension>
            <ns3:hr>158</ns3:hr>
            <ns3:cad>97</ns3:cad>
          </ns3:TrackPointExtension>
        </extensions>
      </trkpt>
      <trkpt lat="29.14826299063861370086669921875" lon="120.32820059917867183685302734375">
        <ele>142.600006103515625</ele>
        <time>2016-04-28T11:32:21.000Z</time>
        <extensions>
          <ns3:TrackPointExtension>
            <ns3:hr>158</ns3:hr>
            <ns3:cad>97</ns3:cad>
          </ns3:TrackPointExtension>
        </extensions>
      </trkpt>
      <trkpt lat="29.14826299063861370086669921875" lon="120.32820059917867183685302734375">
        <ele>142.600006103515625</ele>
        <time>2016-04-28T11:32:22.000Z</time>
        <extensions>
          <ns3:TrackPointExtension>
            <ns3:hr>159</ns3:hr>
            <ns3:cad>97</ns3:cad>
          </ns3:TrackPointExtension>
        </extensions>
      </trkpt>
      <trkpt lat="29.1482163034379482269287109375" lon="120.328229181468486785888671875">
        <ele>142.8000030517578125</ele>
        <time>2016-04-28T11:32:23.000Z</time>
        <extensions>
          <ns3:TrackPointExtension>
            <ns3:hr>159</ns3:hr>
            <ns3:cad>97</ns3:cad>
          </ns3:TrackPointExtension>
        </extensions>
      </trkpt>
      <trkpt lat="29.1482163034379482269287109375" lon="120.328229181468486785888671875">
        <ele>142.8000030517578125</ele>
        <time>2016-04-28T11:32:24.000Z</time>
        <extensions>
          <ns3:TrackPointExtension>
            <ns3:hr>160</ns3:hr>
            <ns3:cad>97</ns3:cad>
          </ns3:TrackPointExtension>
        </extensions>
      </trkpt>
      <trkpt lat="29.148195683956146240234375" lon="120.32824737019836902618408203125">
        <ele>143</ele>
        <time>2016-04-28T11:32:25.000Z</time>
        <extensions>
          <ns3:TrackPointExtension>
            <ns3:hr>160</ns3:hr>
            <ns3:cad>97</ns3:cad>
          </ns3:TrackPointExtension>
        </extensions>
      </trkpt>
      <trkpt lat="29.148173220455646514892578125" lon="120.3282689116895198822021484375">
        <ele>143</ele>
        <time>2016-04-28T11:32:26.000Z</time>
        <extensions>
          <ns3:TrackPointExtension>
            <ns3:hr>159</ns3:hr>
            <ns3:cad>97</ns3:cad>
          </ns3:TrackPointExtension>
        </extensions>
      </trkpt>
      <trkpt lat="29.14815452881157398223876953125" lon="120.3282917104661464691162109375">
        <ele>143</ele>
        <time>2016-04-28T11:32:27.000Z</time>
        <extensions>
          <ns3:TrackPointExtension>
            <ns3:hr>159</ns3:hr>
            <ns3:cad>97</ns3:cad>
          </ns3:TrackPointExtension>
        </extensions>
      </trkpt>
      <trkpt lat="29.1481380164623260498046875" lon="120.3283153474330902099609375">
        <ele>143.1999969482421875</ele>
        <time>2016-04-28T11:32:28.000Z</time>
        <extensions>
          <ns3:TrackPointExtension>
            <ns3:hr>160</ns3:hr>
            <ns3:cad>98</ns3:cad>
          </ns3:TrackPointExtension>
        </extensions>
      </trkpt>
      <trkpt lat="29.14810725487768650054931640625" lon="120.3283688239753246307373046875">
        <ele>143.1999969482421875</ele>
        <time>2016-04-28T11:32:29.000Z</time>
        <extensions>
          <ns3:TrackPointExtension>
            <ns3:hr>160</ns3:hr>
            <ns3:cad>98</ns3:cad>
          </ns3:TrackPointExtension>
        </extensions>
      </trkpt>
      <trkpt lat="29.14810725487768650054931640625" lon="120.3283688239753246307373046875">
        <ele>143.1999969482421875</ele>
        <time>2016-04-28T11:32:30.000Z</time>
        <extensions>
          <ns3:TrackPointExtension>
            <ns3:hr>160</ns3:hr>
            <ns3:cad>98</ns3:cad>
          </ns3:TrackPointExtension>
        </extensions>
      </trkpt>
      <trkpt lat="29.14808345027267932891845703125" lon="120.32842640765011310577392578125">
        <ele>143.399993896484375</ele>
        <time>2016-04-28T11:32:31.000Z</time>
        <extensions>
          <ns3:TrackPointExtension>
            <ns3:hr>160</ns3:hr>
            <ns3:cad>97</ns3:cad>
          </ns3:TrackPointExtension>
        </extensions>
      </trkpt>
      <trkpt lat="29.14808345027267932891845703125" lon="120.32842640765011310577392578125">
        <ele>143.399993896484375</ele>
        <time>2016-04-28T11:32:32.000Z</time>
        <extensions>
          <ns3:TrackPointExtension>
            <ns3:hr>161</ns3:hr>
            <ns3:cad>97</ns3:cad>
          </ns3:TrackPointExtension>
        </extensions>
      </trkpt>
      <trkpt lat="29.148068614304065704345703125" lon="120.3284878470003604888916015625">
        <ele>143.399993896484375</ele>
        <time>2016-04-28T11:32:33.000Z</time>
        <extensions>
          <ns3:TrackPointExtension>
            <ns3:hr>160</ns3:hr>
            <ns3:cad>98</ns3:cad>
          </ns3:TrackPointExtension>
        </extensions>
      </trkpt>
      <trkpt lat="29.148068614304065704345703125" lon="120.3284878470003604888916015625">
        <ele>143.399993896484375</ele>
        <time>2016-04-28T11:32:34.000Z</time>
        <extensions>
          <ns3:TrackPointExtension>
            <ns3:hr>160</ns3:hr>
            <ns3:cad>98</ns3:cad>
          </ns3:TrackPointExtension>
        </extensions>
      </trkpt>
      <trkpt lat="29.14806266315281391143798828125" lon="120.32854945398867130279541015625">
        <ele>143.8000030517578125</ele>
        <time>2016-04-28T11:32:35.000Z</time>
        <extensions>
          <ns3:TrackPointExtension>
            <ns3:hr>160</ns3:hr>
            <ns3:cad>99</ns3:cad>
          </ns3:TrackPointExtension>
        </extensions>
      </trkpt>
      <trkpt lat="29.14806266315281391143798828125" lon="120.32854945398867130279541015625">
        <ele>143.8000030517578125</ele>
        <time>2016-04-28T11:32:36.000Z</time>
        <extensions>
          <ns3:TrackPointExtension>
            <ns3:hr>162</ns3:hr>
            <ns3:cad>99</ns3:cad>
          </ns3:TrackPointExtension>
        </extensions>
      </trkpt>
      <trkpt lat="29.148065261542797088623046875" lon="120.328614078462123870849609375">
        <ele>144.1999969482421875</ele>
        <time>2016-04-28T11:32:37.000Z</time>
        <extensions>
          <ns3:TrackPointExtension>
            <ns3:hr>162</ns3:hr>
            <ns3:cad>97</ns3:cad>
          </ns3:TrackPointExtension>
        </extensions>
      </trkpt>
      <trkpt lat="29.148065261542797088623046875" lon="120.328614078462123870849609375">
        <ele>144.1999969482421875</ele>
        <time>2016-04-28T11:32:38.000Z</time>
        <extensions>
          <ns3:TrackPointExtension>
            <ns3:hr>162</ns3:hr>
            <ns3:cad>97</ns3:cad>
          </ns3:TrackPointExtension>
        </extensions>
      </trkpt>
      <trkpt lat="29.1480731405317783355712890625" lon="120.3286729194223880767822265625">
        <ele>144.600006103515625</ele>
        <time>2016-04-28T11:32:39.000Z</time>
        <extensions>
          <ns3:TrackPointExtension>
            <ns3:hr>162</ns3:hr>
            <ns3:cad>97</ns3:cad>
          </ns3:TrackPointExtension>
        </extensions>
      </trkpt>
      <trkpt lat="29.1480731405317783355712890625" lon="120.3286729194223880767822265625">
        <ele>144.600006103515625</ele>
        <time>2016-04-28T11:32:40.000Z</time>
        <extensions>
          <ns3:TrackPointExtension>
            <ns3:hr>162</ns3:hr>
            <ns3:cad>97</ns3:cad>
          </ns3:TrackPointExtension>
        </extensions>
      </trkpt>
      <trkpt lat="29.14808613248169422149658203125" lon="120.3287312574684619903564453125">
        <ele>144.8000030517578125</ele>
        <time>2016-04-28T11:32:41.000Z</time>
        <extensions>
          <ns3:TrackPointExtension>
            <ns3:hr>162</ns3:hr>
            <ns3:cad>98</ns3:cad>
          </ns3:TrackPointExtension>
        </extensions>
      </trkpt>
      <trkpt lat="29.14808613248169422149658203125" lon="120.3287312574684619903564453125">
        <ele>144.8000030517578125</ele>
        <time>2016-04-28T11:32:42.000Z</time>
        <extensions>
          <ns3:TrackPointExtension>
            <ns3:hr>164</ns3:hr>
            <ns3:cad>98</ns3:cad>
          </ns3:TrackPointExtension>
        </extensions>
      </trkpt>
      <trkpt lat="29.1481125354766845703125" lon="120.32878263853490352630615234375">
        <ele>145</ele>
        <time>2016-04-28T11:32:43.000Z</time>
        <extensions>
          <ns3:TrackPointExtension>
            <ns3:hr>163</ns3:hr>
            <ns3:cad>98</ns3:cad>
          </ns3:TrackPointExtension>
        </extensions>
      </trkpt>
      <trkpt lat="29.14812988601624965667724609375" lon="120.3288060240447521209716796875">
        <ele>145</ele>
        <time>2016-04-28T11:32:44.000Z</time>
        <extensions>
          <ns3:TrackPointExtension>
            <ns3:hr>163</ns3:hr>
            <ns3:cad>98</ns3:cad>
          </ns3:TrackPointExtension>
        </extensions>
      </trkpt>
      <trkpt lat="29.14812988601624965667724609375" lon="120.3288060240447521209716796875">
        <ele>145</ele>
        <time>2016-04-28T11:32:45.000Z</time>
        <extensions>
          <ns3:TrackPointExtension>
            <ns3:hr>162</ns3:hr>
            <ns3:cad>98</ns3:cad>
          </ns3:TrackPointExtension>
        </extensions>
      </trkpt>
      <trkpt lat="29.14816743694245815277099609375" lon="120.32884776592254638671875">
        <ele>145</ele>
        <time>2016-04-28T11:32:46.000Z</time>
        <extensions>
          <ns3:TrackPointExtension>
            <ns3:hr>162</ns3:hr>
            <ns3:cad>98</ns3:cad>
          </ns3:TrackPointExtension>
        </extensions>
      </trkpt>
      <trkpt lat="29.14816743694245815277099609375" lon="120.32884776592254638671875">
        <ele>145</ele>
        <time>2016-04-28T11:32:47.000Z</time>
        <extensions>
          <ns3:TrackPointExtension>
            <ns3:hr>162</ns3:hr>
            <ns3:cad>98</ns3:cad>
          </ns3:TrackPointExtension>
        </extensions>
      </trkpt>
      <trkpt lat="29.1482119448482990264892578125" lon="120.328885652124881744384765625">
        <ele>144.8000030517578125</ele>
        <time>2016-04-28T11:32:48.000Z</time>
        <extensions>
          <ns3:TrackPointExtension>
            <ns3:hr>163</ns3:hr>
            <ns3:cad>98</ns3:cad>
          </ns3:TrackPointExtension>
        </extensions>
      </trkpt>
      <trkpt lat="29.1482119448482990264892578125" lon="120.328885652124881744384765625">
        <ele>144.8000030517578125</ele>
        <time>2016-04-28T11:32:49.000Z</time>
        <extensions>
          <ns3:TrackPointExtension>
            <ns3:hr>163</ns3:hr>
            <ns3:cad>98</ns3:cad>
          </ns3:TrackPointExtension>
        </extensions>
      </trkpt>
      <trkpt lat="29.14825930260121822357177734375" lon="120.3289210237562656402587890625">
        <ele>144.600006103515625</ele>
        <time>2016-04-28T11:32:50.000Z</time>
        <extensions>
          <ns3:TrackPointExtension>
            <ns3:hr>164</ns3:hr>
            <ns3:cad>98</ns3:cad>
          </ns3:TrackPointExtension>
        </extensions>
      </trkpt>
      <trkpt lat="29.14825930260121822357177734375" lon="120.3289210237562656402587890625">
        <ele>144.600006103515625</ele>
        <time>2016-04-28T11:32:51.000Z</time>
        <extensions>
          <ns3:TrackPointExtension>
            <ns3:hr>165</ns3:hr>
            <ns3:cad>98</ns3:cad>
          </ns3:TrackPointExtension>
        </extensions>
      </trkpt>
      <trkpt lat="29.14830959402024745941162109375" lon="120.32894893549382686614990234375">
        <ele>144.399993896484375</ele>
        <time>2016-04-28T11:32:52.000Z</time>
        <extensions>
          <ns3:TrackPointExtension>
            <ns3:hr>165</ns3:hr>
            <ns3:cad>99</ns3:cad>
          </ns3:TrackPointExtension>
        </extensions>
      </trkpt>
      <trkpt lat="29.14830959402024745941162109375" lon="120.32894893549382686614990234375">
        <ele>144.399993896484375</ele>
        <time>2016-04-28T11:32:53.000Z</time>
        <extensions>
          <ns3:TrackPointExtension>
            <ns3:hr>165</ns3:hr>
            <ns3:cad>99</ns3:cad>
          </ns3:TrackPointExtension>
        </extensions>
      </trkpt>
      <trkpt lat="29.14836072362959384918212890625" lon="120.32897743396461009979248046875">
        <ele>144.399993896484375</ele>
        <time>2016-04-28T11:32:54.000Z</time>
        <extensions>
          <ns3:TrackPointExtension>
            <ns3:hr>164</ns3:hr>
            <ns3:cad>98</ns3:cad>
          </ns3:TrackPointExtension>
        </extensions>
      </trkpt>
      <trkpt lat="29.14836072362959384918212890625" lon="120.32897743396461009979248046875">
        <ele>144.399993896484375</ele>
        <time>2016-04-28T11:32:55.000Z</time>
        <extensions>
          <ns3:TrackPointExtension>
            <ns3:hr>165</ns3:hr>
            <ns3:cad>98</ns3:cad>
          </ns3:TrackPointExtension>
        </extensions>
      </trkpt>
      <trkpt lat="29.14841570891439914703369140625" lon="120.32899470068514347076416015625">
        <ele>144</ele>
        <time>2016-04-28T11:32:56.000Z</time>
        <extensions>
          <ns3:TrackPointExtension>
            <ns3:hr>165</ns3:hr>
            <ns3:cad>98</ns3:cad>
          </ns3:TrackPointExtension>
        </extensions>
      </trkpt>
      <trkpt lat="29.14841570891439914703369140625" lon="120.32899470068514347076416015625">
        <ele>144</ele>
        <time>2016-04-28T11:32:57.000Z</time>
        <extensions>
          <ns3:TrackPointExtension>
            <ns3:hr>165</ns3:hr>
            <ns3:cad>98</ns3:cad>
          </ns3:TrackPointExtension>
        </extensions>
      </trkpt>
      <trkpt lat="29.1484744660556316375732421875" lon="120.32900978811085224151611328125">
        <ele>143.399993896484375</ele>
        <time>2016-04-28T11:32:58.000Z</time>
        <extensions>
          <ns3:TrackPointExtension>
            <ns3:hr>165</ns3:hr>
            <ns3:cad>98</ns3:cad>
          </ns3:TrackPointExtension>
        </extensions>
      </trkpt>
      <trkpt lat="29.1484744660556316375732421875" lon="120.32900978811085224151611328125">
        <ele>143.399993896484375</ele>
        <time>2016-04-28T11:32:59.000Z</time>
        <extensions>
          <ns3:TrackPointExtension>
            <ns3:hr>165</ns3:hr>
            <ns3:cad>98</ns3:cad>
          </ns3:TrackPointExtension>
        </extensions>
      </trkpt>
      <trkpt lat="29.14853087626397609710693359375" lon="120.32903174869716167449951171875">
        <ele>142.399993896484375</ele>
        <time>2016-04-28T11:33:00.000Z</time>
        <extensions>
          <ns3:TrackPointExtension>
            <ns3:hr>164</ns3:hr>
            <ns3:cad>98</ns3:cad>
          </ns3:TrackPointExtension>
        </extensions>
      </trkpt>
      <trkpt lat="29.14853087626397609710693359375" lon="120.32903174869716167449951171875">
        <ele>142.399993896484375</ele>
        <time>2016-04-28T11:33:01.000Z</time>
        <extensions>
          <ns3:TrackPointExtension>
            <ns3:hr>163</ns3:hr>
            <ns3:cad>98</ns3:cad>
          </ns3:TrackPointExtension>
        </extensions>
      </trkpt>
      <trkpt lat="29.148588292300701141357421875" lon="120.32904691994190216064453125">
        <ele>141.399993896484375</ele>
        <time>2016-04-28T11:33:02.000Z</time>
        <extensions>
          <ns3:TrackPointExtension>
            <ns3:hr>163</ns3:hr>
            <ns3:cad>98</ns3:cad>
          </ns3:TrackPointExtension>
        </extensions>
      </trkpt>
      <trkpt lat="29.148588292300701141357421875" lon="120.32904691994190216064453125">
        <ele>141.399993896484375</ele>
        <time>2016-04-28T11:33:03.000Z</time>
        <extensions>
          <ns3:TrackPointExtension>
            <ns3:hr>164</ns3:hr>
            <ns3:cad>98</ns3:cad>
          </ns3:TrackPointExtension>
        </extensions>
      </trkpt>
      <trkpt lat="29.14864738471806049346923828125" lon="120.329059995710849761962890625">
        <ele>140.399993896484375</ele>
        <time>2016-04-28T11:33:04.000Z</time>
        <extensions>
          <ns3:TrackPointExtension>
            <ns3:hr>164</ns3:hr>
            <ns3:cad>99</ns3:cad>
          </ns3:TrackPointExtension>
        </extensions>
      </trkpt>
      <trkpt lat="29.1486776433885097503662109375" lon="120.32906644977629184722900390625">
        <ele>139.8000030517578125</ele>
        <time>2016-04-28T11:33:05.000Z</time>
        <extensions>
          <ns3:TrackPointExtension>
            <ns3:hr>163</ns3:hr>
            <ns3:cad>99</ns3:cad>
          </ns3:TrackPointExtension>
        </extensions>
      </trkpt>
      <trkpt lat="29.1486776433885097503662109375" lon="120.32906644977629184722900390625">
        <ele>139.8000030517578125</ele>
        <time>2016-04-28T11:33:06.000Z</time>
        <extensions>
          <ns3:TrackPointExtension>
            <ns3:hr>163</ns3:hr>
            <ns3:cad>99</ns3:cad>
          </ns3:TrackPointExtension>
        </extensions>
      </trkpt>
      <trkpt lat="29.14873413741588592529296875" lon="120.32908271066844463348388671875">
        <ele>139</ele>
        <time>2016-04-28T11:33:07.000Z</time>
        <extensions>
          <ns3:TrackPointExtension>
            <ns3:hr>164</ns3:hr>
            <ns3:cad>98</ns3:cad>
          </ns3:TrackPointExtension>
        </extensions>
      </trkpt>
      <trkpt lat="29.14873413741588592529296875" lon="120.32908271066844463348388671875">
        <ele>139</ele>
        <time>2016-04-28T11:33:08.000Z</time>
        <extensions>
          <ns3:TrackPointExtension>
            <ns3:hr>163</ns3:hr>
            <ns3:cad>98</ns3:cad>
          </ns3:TrackPointExtension>
        </extensions>
      </trkpt>
      <trkpt lat="29.14878535084426403045654296875" lon="120.3291012346744537353515625">
        <ele>138.8000030517578125</ele>
        <time>2016-04-28T11:33:09.000Z</time>
        <extensions>
          <ns3:TrackPointExtension>
            <ns3:hr>161</ns3:hr>
            <ns3:cad>98</ns3:cad>
          </ns3:TrackPointExtension>
        </extensions>
      </trkpt>
      <trkpt lat="29.14878535084426403045654296875" lon="120.3291012346744537353515625">
        <ele>138.8000030517578125</ele>
        <time>2016-04-28T11:33:10.000Z</time>
        <extensions>
          <ns3:TrackPointExtension>
            <ns3:hr>163</ns3:hr>
            <ns3:cad>98</ns3:cad>
          </ns3:TrackPointExtension>
        </extensions>
      </trkpt>
      <trkpt lat="29.1488372348248958587646484375" lon="120.32911757938563823699951171875">
        <ele>138.399993896484375</ele>
        <time>2016-04-28T11:33:11.000Z</time>
        <extensions>
          <ns3:TrackPointExtension>
            <ns3:hr>163</ns3:hr>
            <ns3:cad>98</ns3:cad>
          </ns3:TrackPointExtension>
        </extensions>
      </trkpt>
      <trkpt lat="29.1488372348248958587646484375" lon="120.32911757938563823699951171875">
        <ele>138.399993896484375</ele>
        <time>2016-04-28T11:33:12.000Z</time>
        <extensions>
          <ns3:TrackPointExtension>
            <ns3:hr>164</ns3:hr>
            <ns3:cad>98</ns3:cad>
          </ns3:TrackPointExtension>
        </extensions>
      </trkpt>
      <trkpt lat="29.14888878352940082550048828125" lon="120.3291406296193599700927734375">
        <ele>138.1999969482421875</ele>
        <time>2016-04-28T11:33:13.000Z</time>
        <extensions>
          <ns3:TrackPointExtension>
            <ns3:hr>164</ns3:hr>
            <ns3:cad>97</ns3:cad>
          </ns3:TrackPointExtension>
        </extensions>
      </trkpt>
      <trkpt lat="29.14888878352940082550048828125" lon="120.3291406296193599700927734375">
        <ele>138.1999969482421875</ele>
        <time>2016-04-28T11:33:14.000Z</time>
        <extensions>
          <ns3:TrackPointExtension>
            <ns3:hr>163</ns3:hr>
            <ns3:cad>97</ns3:cad>
          </ns3:TrackPointExtension>
        </extensions>
      </trkpt>
      <trkpt lat="29.1489391587674617767333984375" lon="120.329158566892147064208984375">
        <ele>137.8000030517578125</ele>
        <time>2016-04-28T11:33:15.000Z</time>
        <extensions>
          <ns3:TrackPointExtension>
            <ns3:hr>163</ns3:hr>
            <ns3:cad>97</ns3:cad>
          </ns3:TrackPointExtension>
        </extensions>
      </trkpt>
      <trkpt lat="29.1489391587674617767333984375" lon="120.329158566892147064208984375">
        <ele>137.8000030517578125</ele>
        <time>2016-04-28T11:33:16.000Z</time>
        <extensions>
          <ns3:TrackPointExtension>
            <ns3:hr>163</ns3:hr>
            <ns3:cad>97</ns3:cad>
          </ns3:TrackPointExtension>
        </extensions>
      </trkpt>
      <trkpt lat="29.14896941743791103363037109375" lon="120.32916820608079433441162109375">
        <ele>137.600006103515625</ele>
        <time>2016-04-28T11:33:17.000Z</time>
        <extensions>
          <ns3:TrackPointExtension>
            <ns3:hr>162</ns3:hr>
            <ns3:cad>97</ns3:cad>
          </ns3:TrackPointExtension>
        </extensions>
      </trkpt>
      <trkpt lat="29.1490303538739681243896484375" lon="120.329188741743564605712890625">
        <ele>137.600006103515625</ele>
        <time>2016-04-28T11:33:18.000Z</time>
        <extensions>
          <ns3:TrackPointExtension>
            <ns3:hr>163</ns3:hr>
            <ns3:cad>97</ns3:cad>
          </ns3:TrackPointExtension>
        </extensions>
      </trkpt>
      <trkpt lat="29.1490303538739681243896484375" lon="120.329188741743564605712890625">
        <ele>137.600006103515625</ele>
        <time>2016-04-28T11:33:19.000Z</time>
        <extensions>
          <ns3:TrackPointExtension>
            <ns3:hr>163</ns3:hr>
            <ns3:cad>97</ns3:cad>
          </ns3:TrackPointExtension>
        </extensions>
      </trkpt>
      <trkpt lat="29.14906228892505168914794921875" lon="120.3291982971131801605224609375">
        <ele>138</ele>
        <time>2016-04-28T11:33:20.000Z</time>
        <extensions>
          <ns3:TrackPointExtension>
            <ns3:hr>163</ns3:hr>
            <ns3:cad>97</ns3:cad>
          </ns3:TrackPointExtension>
        </extensions>
      </trkpt>
      <trkpt lat="29.14909112267196178436279296875" lon="120.3292083553969860076904296875">
        <ele>138.1999969482421875</ele>
        <time>2016-04-28T11:33:21.000Z</time>
        <extensions>
          <ns3:TrackPointExtension>
            <ns3:hr>163</ns3:hr>
            <ns3:cad>97</ns3:cad>
          </ns3:TrackPointExtension>
        </extensions>
      </trkpt>
      <trkpt lat="29.14912012405693531036376953125" lon="120.32921749167144298553466796875">
        <ele>138.399993896484375</ele>
        <time>2016-04-28T11:33:22.000Z</time>
        <extensions>
          <ns3:TrackPointExtension>
            <ns3:hr>163</ns3:hr>
            <ns3:cad>97</ns3:cad>
          </ns3:TrackPointExtension>
        </extensions>
      </trkpt>
      <trkpt lat="29.149150550365447998046875" lon="120.32922302372753620147705078125">
        <ele>138.600006103515625</ele>
        <time>2016-04-28T11:33:23.000Z</time>
        <extensions>
          <ns3:TrackPointExtension>
            <ns3:hr>163</ns3:hr>
            <ns3:cad>98</ns3:cad>
          </ns3:TrackPointExtension>
        </extensions>
      </trkpt>
      <trkpt lat="29.14917913265526294708251953125" lon="120.32922738231718540191650390625">
        <ele>139</ele>
        <time>2016-04-28T11:33:24.000Z</time>
        <extensions>
          <ns3:TrackPointExtension>
            <ns3:hr>163</ns3:hr>
            <ns3:cad>99</ns3:cad>
          </ns3:TrackPointExtension>
        </extensions>
      </trkpt>
      <trkpt lat="29.149208553135395050048828125" lon="120.32923056744039058685302734375">
        <ele>139.1999969482421875</ele>
        <time>2016-04-28T11:33:25.000Z</time>
        <extensions>
          <ns3:TrackPointExtension>
            <ns3:hr>163</ns3:hr>
            <ns3:cad>99</ns3:cad>
          </ns3:TrackPointExtension>
        </extensions>
      </trkpt>
      <trkpt lat="29.14923696778714656829833984375" lon="120.32923123799264430999755859375">
        <ele>139.600006103515625</ele>
        <time>2016-04-28T11:33:26.000Z</time>
        <extensions>
          <ns3:TrackPointExtension>
            <ns3:hr>163</ns3:hr>
            <ns3:cad>99</ns3:cad>
          </ns3:TrackPointExtension>
        </extensions>
      </trkpt>
      <trkpt lat="29.14926253259181976318359375" lon="120.32922956161201000213623046875">
        <ele>139.8000030517578125</ele>
        <time>2016-04-28T11:33:27.000Z</time>
        <extensions>
          <ns3:TrackPointExtension>
            <ns3:hr>163</ns3:hr>
            <ns3:cad>99</ns3:cad>
          </ns3:TrackPointExtension>
        </extensions>
      </trkpt>
      <trkpt lat="29.1492881812155246734619140625" lon="120.32922520302236080169677734375">
        <ele>140</ele>
        <time>2016-04-28T11:33:28.000Z</time>
        <extensions>
          <ns3:TrackPointExtension>
            <ns3:hr>163</ns3:hr>
            <ns3:cad>99</ns3:cad>
          </ns3:TrackPointExtension>
        </extensions>
      </trkpt>
      <trkpt lat="29.14931575767695903778076171875" lon="120.32921648584306240081787109375">
        <ele>140.1999969482421875</ele>
        <time>2016-04-28T11:33:29.000Z</time>
        <extensions>
          <ns3:TrackPointExtension>
            <ns3:hr>163</ns3:hr>
            <ns3:cad>99</ns3:cad>
          </ns3:TrackPointExtension>
        </extensions>
      </trkpt>
      <trkpt lat="29.14934224449098110198974609375" lon="120.329202823340892791748046875">
        <ele>140.1999969482421875</ele>
        <time>2016-04-28T11:33:30.000Z</time>
        <extensions>
          <ns3:TrackPointExtension>
            <ns3:hr>164</ns3:hr>
            <ns3:cad>99</ns3:cad>
          </ns3:TrackPointExtension>
        </extensions>
      </trkpt>
      <trkpt lat="29.14936386980116367340087890625" lon="120.3291857242584228515625">
        <ele>140.399993896484375</ele>
        <time>2016-04-28T11:33:31.000Z</time>
        <extensions>
          <ns3:TrackPointExtension>
            <ns3:hr>164</ns3:hr>
            <ns3:cad>99</ns3:cad>
          </ns3:TrackPointExtension>
        </extensions>
      </trkpt>
      <trkpt lat="29.1493833996355533599853515625" lon="120.32916619442403316497802734375">
        <ele>140.399993896484375</ele>
        <time>2016-04-28T11:33:32.000Z</time>
        <extensions>
          <ns3:TrackPointExtension>
            <ns3:hr>164</ns3:hr>
            <ns3:cad>99</ns3:cad>
          </ns3:TrackPointExtension>
        </extensions>
      </trkpt>
      <trkpt lat="29.14940158836543560028076171875" lon="120.3291443176567554473876953125">
        <ele>140.600006103515625</ele>
        <time>2016-04-28T11:33:33.000Z</time>
        <extensions>
          <ns3:TrackPointExtension>
            <ns3:hr>164</ns3:hr>
            <ns3:cad>99</ns3:cad>
          </ns3:TrackPointExtension>
        </extensions>
      </trkpt>
      <trkpt lat="29.14942036382853984832763671875" lon="120.3291200101375579833984375">
        <ele>140.8000030517578125</ele>
        <time>2016-04-28T11:33:34.000Z</time>
        <extensions>
          <ns3:TrackPointExtension>
            <ns3:hr>164</ns3:hr>
            <ns3:cad>98</ns3:cad>
          </ns3:TrackPointExtension>
        </extensions>
      </trkpt>
      <trkpt lat="29.14943746291100978851318359375" lon="120.329094864428043365478515625">
        <ele>141</ele>
        <time>2016-04-28T11:33:35.000Z</time>
        <extensions>
          <ns3:TrackPointExtension>
            <ns3:hr>164</ns3:hr>
            <ns3:cad>99</ns3:cad>
          </ns3:TrackPointExtension>
        </extensions>
      </trkpt>
      <trkpt lat="29.1494521312415599822998046875" lon="120.3290688805282115936279296875">
        <ele>141.1999969482421875</ele>
        <time>2016-04-28T11:33:36.000Z</time>
        <extensions>
          <ns3:TrackPointExtension>
            <ns3:hr>164</ns3:hr>
            <ns3:cad>99</ns3:cad>
          </ns3:TrackPointExtension>
        </extensions>
      </trkpt>
      <trkpt lat="29.14946814067661762237548828125" lon="120.3290410526096820831298828125">
        <ele>141.399993896484375</ele>
        <time>2016-04-28T11:33:37.000Z</time>
        <extensions>
          <ns3:TrackPointExtension>
            <ns3:hr>164</ns3:hr>
            <ns3:cad>100</ns3:cad>
          </ns3:TrackPointExtension>
        </extensions>
      </trkpt>
      <trkpt lat="29.1494823060929775238037109375" lon="120.3290152363479137420654296875">
        <ele>141.600006103515625</ele>
        <time>2016-04-28T11:33:38.000Z</time>
        <extensions>
          <ns3:TrackPointExtension>
            <ns3:hr>163</ns3:hr>
            <ns3:cad>100</ns3:cad>
          </ns3:TrackPointExtension>
        </extensions>
      </trkpt>
      <trkpt lat="29.1494943760335445404052734375" lon="120.32898833043873310089111328125">
        <ele>141.8000030517578125</ele>
        <time>2016-04-28T11:33:39.000Z</time>
        <extensions>
          <ns3:TrackPointExtension>
            <ns3:hr>164</ns3:hr>
            <ns3:cad>99</ns3:cad>
          </ns3:TrackPointExtension>
        </extensions>
      </trkpt>
      <trkpt lat="29.14950585924088954925537109375" lon="120.3289572335779666900634765625">
        <ele>142</ele>
        <time>2016-04-28T11:33:40.000Z</time>
        <extensions>
          <ns3:TrackPointExtension>
            <ns3:hr>164</ns3:hr>
            <ns3:cad>99</ns3:cad>
          </ns3:TrackPointExtension>
        </extensions>
      </trkpt>
      <trkpt lat="29.14951440878212451934814453125" lon="120.32892647199332714080810546875">
        <ele>142.1999969482421875</ele>
        <time>2016-04-28T11:33:41.000Z</time>
        <extensions>
          <ns3:TrackPointExtension>
            <ns3:hr>164</ns3:hr>
            <ns3:cad>99</ns3:cad>
          </ns3:TrackPointExtension>
        </extensions>
      </trkpt>
      <trkpt lat="29.14951994083821773529052734375" lon="120.32889512367546558380126953125">
        <ele>142.399993896484375</ele>
        <time>2016-04-28T11:33:42.000Z</time>
        <extensions>
          <ns3:TrackPointExtension>
            <ns3:hr>164</ns3:hr>
            <ns3:cad>99</ns3:cad>
          </ns3:TrackPointExtension>
        </extensions>
      </trkpt>
      <trkpt lat="29.149525053799152374267578125" lon="120.32886318862438201904296875">
        <ele>142.399993896484375</ele>
        <time>2016-04-28T11:33:43.000Z</time>
        <extensions>
          <ns3:TrackPointExtension>
            <ns3:hr>164</ns3:hr>
            <ns3:cad>99</ns3:cad>
          </ns3:TrackPointExtension>
        </extensions>
      </trkpt>
      <trkpt lat="29.14952647872269153594970703125" lon="120.32883259467780590057373046875">
        <ele>142.600006103515625</ele>
        <time>2016-04-28T11:33:44.000Z</time>
        <extensions>
          <ns3:TrackPointExtension>
            <ns3:hr>164</ns3:hr>
            <ns3:cad>99</ns3:cad>
          </ns3:TrackPointExtension>
        </extensions>
      </trkpt>
      <trkpt lat="29.14952329359948635101318359375" lon="120.328801162540912628173828125">
        <ele>142.600006103515625</ele>
        <time>2016-04-28T11:33:45.000Z</time>
        <extensions>
          <ns3:TrackPointExtension>
            <ns3:hr>165</ns3:hr>
            <ns3:cad>99</ns3:cad>
          </ns3:TrackPointExtension>
        </extensions>
      </trkpt>
      <trkpt lat="29.14951893500983715057373046875" lon="120.32876889221370220184326171875">
        <ele>142.8000030517578125</ele>
        <time>2016-04-28T11:33:46.000Z</time>
        <extensions>
          <ns3:TrackPointExtension>
            <ns3:hr>165</ns3:hr>
            <ns3:cad>99</ns3:cad>
          </ns3:TrackPointExtension>
        </extensions>
      </trkpt>
      <trkpt lat="29.1495121456682682037353515625" lon="120.3287382982671260833740234375">
        <ele>142.8000030517578125</ele>
        <time>2016-04-28T11:33:47.000Z</time>
        <extensions>
          <ns3:TrackPointExtension>
            <ns3:hr>165</ns3:hr>
            <ns3:cad>99</ns3:cad>
          </ns3:TrackPointExtension>
        </extensions>
      </trkpt>
      <trkpt lat="29.14950351230800151824951171875" lon="120.32870636321604251861572265625">
        <ele>143</ele>
        <time>2016-04-28T11:33:48.000Z</time>
        <extensions>
          <ns3:TrackPointExtension>
            <ns3:hr>165</ns3:hr>
            <ns3:cad>99</ns3:cad>
          </ns3:TrackPointExtension>
        </extensions>
      </trkpt>
      <trkpt lat="29.1494906879961490631103515625" lon="120.3286752663552761077880859375">
        <ele>143.1999969482421875</ele>
        <time>2016-04-28T11:33:49.000Z</time>
        <extensions>
          <ns3:TrackPointExtension>
            <ns3:hr>165</ns3:hr>
            <ns3:cad>99</ns3:cad>
          </ns3:TrackPointExtension>
        </extensions>
      </trkpt>
      <trkpt lat="29.14947601966559886932373046875" lon="120.32864852808415889739990234375">
        <ele>143.1999969482421875</ele>
        <time>2016-04-28T11:33:50.000Z</time>
        <extensions>
          <ns3:TrackPointExtension>
            <ns3:hr>165</ns3:hr>
            <ns3:cad>98</ns3:cad>
          </ns3:TrackPointExtension>
        </extensions>
      </trkpt>
      <trkpt lat="29.1494615189731121063232421875" lon="120.32861986197531223297119140625">
        <ele>143.399993896484375</ele>
        <time>2016-04-28T11:33:51.000Z</time>
        <extensions>
          <ns3:TrackPointExtension>
            <ns3:hr>165</ns3:hr>
            <ns3:cad>100</ns3:cad>
          </ns3:TrackPointExtension>
        </extensions>
      </trkpt>
      <trkpt lat="29.14944316260516643524169921875" lon="120.3285914473235607147216796875">
        <ele>143.399993896484375</ele>
        <time>2016-04-28T11:33:52.000Z</time>
        <extensions>
          <ns3:TrackPointExtension>
            <ns3:hr>165</ns3:hr>
            <ns3:cad>100</ns3:cad>
          </ns3:TrackPointExtension>
        </extensions>
      </trkpt>
      <trkpt lat="29.14942220784723758697509765625" lon="120.3285676427185535430908203125">
        <ele>143.399993896484375</ele>
        <time>2016-04-28T11:33:53.000Z</time>
        <extensions>
          <ns3:TrackPointExtension>
            <ns3:hr>166</ns3:hr>
            <ns3:cad>99</ns3:cad>
          </ns3:TrackPointExtension>
        </extensions>
      </trkpt>
      <trkpt lat="29.14940041489899158477783203125" lon="120.3285433351993560791015625">
        <ele>143.399993896484375</ele>
        <time>2016-04-28T11:33:54.000Z</time>
        <extensions>
          <ns3:TrackPointExtension>
            <ns3:hr>166</ns3:hr>
            <ns3:cad>99</ns3:cad>
          </ns3:TrackPointExtension>
        </extensions>
      </trkpt>
      <trkpt lat="29.1493771970272064208984375" lon="120.32852120697498321533203125">
        <ele>143.1999969482421875</ele>
        <time>2016-04-28T11:33:55.000Z</time>
        <extensions>
          <ns3:TrackPointExtension>
            <ns3:hr>167</ns3:hr>
            <ns3:cad>100</ns3:cad>
          </ns3:TrackPointExtension>
        </extensions>
      </trkpt>
      <trkpt lat="29.1493535600602626800537109375" lon="120.32850335352122783660888671875">
        <ele>143</ele>
        <time>2016-04-28T11:33:56.000Z</time>
        <extensions>
          <ns3:TrackPointExtension>
            <ns3:hr>167</ns3:hr>
            <ns3:cad>100</ns3:cad>
          </ns3:TrackPointExtension>
        </extensions>
      </trkpt>
      <trkpt lat="29.14932799525558948516845703125" lon="120.328485332429409027099609375">
        <ele>143</ele>
        <time>2016-04-28T11:33:57.000Z</time>
        <extensions>
          <ns3:TrackPointExtension>
            <ns3:hr>166</ns3:hr>
            <ns3:cad>100</ns3:cad>
          </ns3:TrackPointExtension>
        </extensions>
      </trkpt>
      <trkpt lat="29.1493009217083454132080078125" lon="120.32847032882273197174072265625">
        <ele>142.600006103515625</ele>
        <time>2016-04-28T11:33:58.000Z</time>
        <extensions>
          <ns3:TrackPointExtension>
            <ns3:hr>166</ns3:hr>
            <ns3:cad>99</ns3:cad>
          </ns3:TrackPointExtension>
        </extensions>
      </trkpt>
      <trkpt lat="29.1492730937898159027099609375" lon="120.32845683395862579345703125">
        <ele>142.399993896484375</ele>
        <time>2016-04-28T11:33:59.000Z</time>
        <extensions>
          <ns3:TrackPointExtension>
            <ns3:hr>166</ns3:hr>
            <ns3:cad>99</ns3:cad>
          </ns3:TrackPointExtension>
        </extensions>
      </trkpt>
      <trkpt lat="29.14924367330968379974365234375" lon="120.32844216562807559967041015625">
        <ele>142.399993896484375</ele>
        <time>2016-04-28T11:34:00.000Z</time>
        <extensions>
          <ns3:TrackPointExtension>
            <ns3:hr>165</ns3:hr>
            <ns3:cad>98</ns3:cad>
          </ns3:TrackPointExtension>
        </extensions>
      </trkpt>
      <trkpt lat="29.149215929210186004638671875" lon="120.32843059860169887542724609375">
        <ele>142.399993896484375</ele>
        <time>2016-04-28T11:34:01.000Z</time>
        <extensions>
          <ns3:TrackPointExtension>
            <ns3:hr>165</ns3:hr>
            <ns3:cad>98</ns3:cad>
          </ns3:TrackPointExtension>
        </extensions>
      </trkpt>
      <trkpt lat="29.14918734692037105560302734375" lon="120.3284204564988613128662109375">
        <ele>142.1999969482421875</ele>
        <time>2016-04-28T11:34:02.000Z</time>
        <extensions>
          <ns3:TrackPointExtension>
            <ns3:hr>166</ns3:hr>
            <ns3:cad>99</ns3:cad>
          </ns3:TrackPointExtension>
        </extensions>
      </trkpt>
      <trkpt lat="29.14915767498314380645751953125" lon="120.32840746454894542694091796875">
        <ele>142</ele>
        <time>2016-04-28T11:34:03.000Z</time>
        <extensions>
          <ns3:TrackPointExtension>
            <ns3:hr>166</ns3:hr>
            <ns3:cad>99</ns3:cad>
          </ns3:TrackPointExtension>
        </extensions>
      </trkpt>
      <trkpt lat="29.14912850596010684967041015625" lon="120.32839422114193439483642578125">
        <ele>142</ele>
        <time>2016-04-28T11:34:04.000Z</time>
        <extensions>
          <ns3:TrackPointExtension>
            <ns3:hr>166</ns3:hr>
            <ns3:cad>98</ns3:cad>
          </ns3:TrackPointExtension>
        </extensions>
      </trkpt>
      <trkpt lat="29.14909900166094303131103515625" lon="120.32838173210620880126953125">
        <ele>141.8000030517578125</ele>
        <time>2016-04-28T11:34:05.000Z</time>
        <extensions>
          <ns3:TrackPointExtension>
            <ns3:hr>166</ns3:hr>
            <ns3:cad>98</ns3:cad>
          </ns3:TrackPointExtension>
        </extensions>
      </trkpt>
      <trkpt lat="29.1490668989717960357666015625" lon="120.3283694945275783538818359375">
        <ele>141.600006103515625</ele>
        <time>2016-04-28T11:34:06.000Z</time>
        <extensions>
          <ns3:TrackPointExtension>
            <ns3:hr>167</ns3:hr>
            <ns3:cad>100</ns3:cad>
          </ns3:TrackPointExtension>
        </extensions>
      </trkpt>
      <trkpt lat="29.1490373946726322174072265625" lon="120.32835868187248706817626953125">
        <ele>141.399993896484375</ele>
        <time>2016-04-28T11:34:07.000Z</time>
        <extensions>
          <ns3:TrackPointExtension>
            <ns3:hr>168</ns3:hr>
            <ns3:cad>100</ns3:cad>
          </ns3:TrackPointExtension>
        </extensions>
      </trkpt>
      <trkpt lat="29.14900797419250011444091796875" lon="120.3283500485122203826904296875">
        <ele>141.1999969482421875</ele>
        <time>2016-04-28T11:34:08.000Z</time>
        <extensions>
          <ns3:TrackPointExtension>
            <ns3:hr>168</ns3:hr>
            <ns3:cad>100</ns3:cad>
          </ns3:TrackPointExtension>
        </extensions>
      </trkpt>
      <trkpt lat="29.14897562004625797271728515625" lon="120.32834124751389026641845703125">
        <ele>141.1999969482421875</ele>
        <time>2016-04-28T11:34:09.000Z</time>
        <extensions>
          <ns3:TrackPointExtension>
            <ns3:hr>168</ns3:hr>
            <ns3:cad>99</ns3:cad>
          </ns3:TrackPointExtension>
        </extensions>
      </trkpt>
      <trkpt lat="29.14891443215310573577880859375" lon="120.32832146622240543365478515625">
        <ele>141.399993896484375</ele>
        <time>2016-04-28T11:34:10.000Z</time>
        <extensions>
          <ns3:TrackPointExtension>
            <ns3:hr>166</ns3:hr>
            <ns3:cad>99</ns3:cad>
          </ns3:TrackPointExtension>
        </extensions>
      </trkpt>
      <trkpt lat="29.14891443215310573577880859375" lon="120.32832146622240543365478515625">
        <ele>141.399993896484375</ele>
        <time>2016-04-28T11:34:11.000Z</time>
        <extensions>
          <ns3:TrackPointExtension>
            <ns3:hr>166</ns3:hr>
            <ns3:cad>99</ns3:cad>
          </ns3:TrackPointExtension>
        </extensions>
      </trkpt>
      <trkpt lat="29.14885215461254119873046875" lon="120.32829883508384227752685546875">
        <ele>141.399993896484375</ele>
        <time>2016-04-28T11:34:12.000Z</time>
        <extensions>
          <ns3:TrackPointExtension>
            <ns3:hr>167</ns3:hr>
            <ns3:cad>99</ns3:cad>
          </ns3:TrackPointExtension>
        </extensions>
      </trkpt>
      <trkpt lat="29.14885215461254119873046875" lon="120.32829883508384227752685546875">
        <ele>141.399993896484375</ele>
        <time>2016-04-28T11:34:13.000Z</time>
        <extensions>
          <ns3:TrackPointExtension>
            <ns3:hr>167</ns3:hr>
            <ns3:cad>99</ns3:cad>
          </ns3:TrackPointExtension>
        </extensions>
      </trkpt>
      <trkpt lat="29.1487892903387546539306640625" lon="120.328278131783008575439453125">
        <ele>141.600006103515625</ele>
        <time>2016-04-28T11:34:14.000Z</time>
        <extensions>
          <ns3:TrackPointExtension>
            <ns3:hr>167</ns3:hr>
            <ns3:cad>99</ns3:cad>
          </ns3:TrackPointExtension>
        </extensions>
      </trkpt>
      <trkpt lat="29.1487892903387546539306640625" lon="120.328278131783008575439453125">
        <ele>141.600006103515625</ele>
        <time>2016-04-28T11:34:15.000Z</time>
        <extensions>
          <ns3:TrackPointExtension>
            <ns3:hr>167</ns3:hr>
            <ns3:cad>99</ns3:cad>
          </ns3:TrackPointExtension>
        </extensions>
      </trkpt>
      <trkpt lat="29.14873011410236358642578125" lon="120.3282591886818408966064453125">
        <ele>141.600006103515625</ele>
        <time>2016-04-28T11:34:16.000Z</time>
        <extensions>
          <ns3:TrackPointExtension>
            <ns3:hr>167</ns3:hr>
            <ns3:cad>99</ns3:cad>
          </ns3:TrackPointExtension>
        </extensions>
      </trkpt>
      <trkpt lat="29.14873011410236358642578125" lon="120.3282591886818408966064453125">
        <ele>141.600006103515625</ele>
        <time>2016-04-28T11:34:17.000Z</time>
        <extensions>
          <ns3:TrackPointExtension>
            <ns3:hr>167</ns3:hr>
            <ns3:cad>99</ns3:cad>
          </ns3:TrackPointExtension>
        </extensions>
      </trkpt>
      <trkpt lat="29.1486695967614650726318359375" lon="120.3282384015619754791259765625">
        <ele>141.8000030517578125</ele>
        <time>2016-04-28T11:34:18.000Z</time>
        <extensions>
          <ns3:TrackPointExtension>
            <ns3:hr>167</ns3:hr>
            <ns3:cad>99</ns3:cad>
          </ns3:TrackPointExtension>
        </extensions>
      </trkpt>
      <trkpt lat="29.1486695967614650726318359375" lon="120.3282384015619754791259765625">
        <ele>141.8000030517578125</ele>
        <time>2016-04-28T11:34:19.000Z</time>
        <extensions>
          <ns3:TrackPointExtension>
            <ns3:hr>167</ns3:hr>
            <ns3:cad>99</ns3:cad>
          </ns3:TrackPointExtension>
        </extensions>
      </trkpt>
      <trkpt lat="29.1486162878572940826416015625" lon="120.32821736298501491546630859375">
        <ele>142</ele>
        <time>2016-04-28T11:34:20.000Z</time>
        <extensions>
          <ns3:TrackPointExtension>
            <ns3:hr>167</ns3:hr>
            <ns3:cad>99</ns3:cad>
          </ns3:TrackPointExtension>
        </extensions>
      </trkpt>
      <trkpt lat="29.1486162878572940826416015625" lon="120.32821736298501491546630859375">
        <ele>142</ele>
        <time>2016-04-28T11:34:21.000Z</time>
        <extensions>
          <ns3:TrackPointExtension>
            <ns3:hr>168</ns3:hr>
            <ns3:cad>99</ns3:cad>
          </ns3:TrackPointExtension>
        </extensions>
      </trkpt>
      <trkpt lat="29.1485626436769962310791015625" lon="120.32819875515997409820556640625">
        <ele>142.1999969482421875</ele>
        <time>2016-04-28T11:34:22.000Z</time>
        <extensions>
          <ns3:TrackPointExtension>
            <ns3:hr>168</ns3:hr>
            <ns3:cad>98</ns3:cad>
          </ns3:TrackPointExtension>
        </extensions>
      </trkpt>
      <trkpt lat="29.1485626436769962310791015625" lon="120.32819875515997409820556640625">
        <ele>142.1999969482421875</ele>
        <time>2016-04-28T11:34:23.000Z</time>
        <extensions>
          <ns3:TrackPointExtension>
            <ns3:hr>168</ns3:hr>
            <ns3:cad>98</ns3:cad>
          </ns3:TrackPointExtension>
        </extensions>
      </trkpt>
      <trkpt lat="29.14849868975579738616943359375" lon="120.328180901706218719482421875">
        <ele>142.1999969482421875</ele>
        <time>2016-04-28T11:34:24.000Z</time>
        <extensions>
          <ns3:TrackPointExtension>
            <ns3:hr>168</ns3:hr>
            <ns3:cad>98</ns3:cad>
          </ns3:TrackPointExtension>
        </extensions>
      </trkpt>
      <trkpt lat="29.14846918545663356781005859375" lon="120.32817520201206207275390625">
        <ele>142.1999969482421875</ele>
        <time>2016-04-28T11:34:25.000Z</time>
        <extensions>
          <ns3:TrackPointExtension>
            <ns3:hr>169</ns3:hr>
            <ns3:cad>98</ns3:cad>
          </ns3:TrackPointExtension>
        </extensions>
      </trkpt>
      <trkpt lat="29.14846918545663356781005859375" lon="120.32817520201206207275390625">
        <ele>142.1999969482421875</ele>
        <time>2016-04-28T11:34:26.000Z</time>
        <extensions>
          <ns3:TrackPointExtension>
            <ns3:hr>170</ns3:hr>
            <ns3:cad>98</ns3:cad>
          </ns3:TrackPointExtension>
        </extensions>
      </trkpt>
      <trkpt lat="29.14843532256782054901123046875" lon="120.32817059196531772613525390625">
        <ele>142.1999969482421875</ele>
        <time>2016-04-28T11:34:27.000Z</time>
        <extensions>
          <ns3:TrackPointExtension>
            <ns3:hr>170</ns3:hr>
            <ns3:cad>98</ns3:cad>
          </ns3:TrackPointExtension>
        </extensions>
      </trkpt>
      <trkpt lat="29.148404560983180999755859375" lon="120.32816723920404911041259765625">
        <ele>142.1999969482421875</ele>
        <time>2016-04-28T11:34:28.000Z</time>
        <extensions>
          <ns3:TrackPointExtension>
            <ns3:hr>170</ns3:hr>
            <ns3:cad>98</ns3:cad>
          </ns3:TrackPointExtension>
        </extensions>
      </trkpt>
      <trkpt lat="29.1483755595982074737548828125" lon="120.3281689994037151336669921875">
        <ele>142.1999969482421875</ele>
        <time>2016-04-28T11:34:29.000Z</time>
        <extensions>
          <ns3:TrackPointExtension>
            <ns3:hr>170</ns3:hr>
            <ns3:cad>101</ns3:cad>
          </ns3:TrackPointExtension>
        </extensions>
      </trkpt>
      <trkpt lat="29.148346222937107086181640625" lon="120.328172184526920318603515625">
        <ele>142.399993896484375</ele>
        <time>2016-04-28T11:34:30.000Z</time>
        <extensions>
          <ns3:TrackPointExtension>
            <ns3:hr>170</ns3:hr>
            <ns3:cad>101</ns3:cad>
          </ns3:TrackPointExtension>
        </extensions>
      </trkpt>
      <trkpt lat="29.14831780828535556793212890625" lon="120.32817922532558441162109375">
        <ele>142.399993896484375</ele>
        <time>2016-04-28T11:34:31.000Z</time>
        <extensions>
          <ns3:TrackPointExtension>
            <ns3:hr>170</ns3:hr>
            <ns3:cad>101</ns3:cad>
          </ns3:TrackPointExtension>
        </extensions>
      </trkpt>
      <trkpt lat="29.1482909023761749267578125" lon="120.32818634994328022003173828125">
        <ele>142.600006103515625</ele>
        <time>2016-04-28T11:34:32.000Z</time>
        <extensions>
          <ns3:TrackPointExtension>
            <ns3:hr>169</ns3:hr>
            <ns3:cad>99</ns3:cad>
          </ns3:TrackPointExtension>
        </extensions>
      </trkpt>
      <trkpt lat="29.1482608951628208160400390625" lon="120.328196324408054351806640625">
        <ele>142.600006103515625</ele>
        <time>2016-04-28T11:34:33.000Z</time>
        <extensions>
          <ns3:TrackPointExtension>
            <ns3:hr>170</ns3:hr>
            <ns3:cad>99</ns3:cad>
          </ns3:TrackPointExtension>
        </extensions>
      </trkpt>
      <trkpt lat="29.14823331870138645172119140625" lon="120.32821082510054111480712890625">
        <ele>142.8000030517578125</ele>
        <time>2016-04-28T11:34:34.000Z</time>
        <extensions>
          <ns3:TrackPointExtension>
            <ns3:hr>170</ns3:hr>
            <ns3:cad>99</ns3:cad>
          </ns3:TrackPointExtension>
        </extensions>
      </trkpt>
      <trkpt lat="29.1482082568109035491943359375" lon="120.3282286785542964935302734375">
        <ele>142.8000030517578125</ele>
        <time>2016-04-28T11:34:35.000Z</time>
        <extensions>
          <ns3:TrackPointExtension>
            <ns3:hr>169</ns3:hr>
            <ns3:cad>100</ns3:cad>
          </ns3:TrackPointExtension>
        </extensions>
      </trkpt>
      <trkpt lat="29.14818218909204006195068359375" lon="120.32824871130287647247314453125">
        <ele>143</ele>
        <time>2016-04-28T11:34:36.000Z</time>
        <extensions>
          <ns3:TrackPointExtension>
            <ns3:hr>170</ns3:hr>
            <ns3:cad>100</ns3:cad>
          </ns3:TrackPointExtension>
        </extensions>
      </trkpt>
      <trkpt lat="29.1481603123247623443603515625" lon="120.32826983369886875152587890625">
        <ele>143</ele>
        <time>2016-04-28T11:34:37.000Z</time>
        <extensions>
          <ns3:TrackPointExtension>
            <ns3:hr>170</ns3:hr>
            <ns3:cad>100</ns3:cad>
          </ns3:TrackPointExtension>
        </extensions>
      </trkpt>
      <trkpt lat="29.1481415368616580963134765625" lon="120.32829363830387592315673828125">
        <ele>143.1999969482421875</ele>
        <time>2016-04-28T11:34:38.000Z</time>
        <extensions>
          <ns3:TrackPointExtension>
            <ns3:hr>170</ns3:hr>
            <ns3:cad>99</ns3:cad>
          </ns3:TrackPointExtension>
        </extensions>
      </trkpt>
      <trkpt lat="29.14812167175114154815673828125" lon="120.3283192031085491180419921875">
        <ele>143.1999969482421875</ele>
        <time>2016-04-28T11:34:39.000Z</time>
        <extensions>
          <ns3:TrackPointExtension>
            <ns3:hr>170</ns3:hr>
            <ns3:cad>99</ns3:cad>
          </ns3:TrackPointExtension>
        </extensions>
      </trkpt>
      <trkpt lat="29.14810490794479846954345703125" lon="120.3283483721315860748291015625">
        <ele>143.1999969482421875</ele>
        <time>2016-04-28T11:34:40.000Z</time>
        <extensions>
          <ns3:TrackPointExtension>
            <ns3:hr>170</ns3:hr>
            <ns3:cad>99</ns3:cad>
          </ns3:TrackPointExtension>
        </extensions>
      </trkpt>
      <trkpt lat="29.14809149689972400665283203125" lon="120.3283788822591304779052734375">
        <ele>143.1999969482421875</ele>
        <time>2016-04-28T11:34:41.000Z</time>
        <extensions>
          <ns3:TrackPointExtension>
            <ns3:hr>170</ns3:hr>
            <ns3:cad>99</ns3:cad>
          </ns3:TrackPointExtension>
        </extensions>
      </trkpt>
      <trkpt lat="29.14807708002626895904541015625" lon="120.3284093923866748809814453125">
        <ele>143.399993896484375</ele>
        <time>2016-04-28T11:34:42.000Z</time>
        <extensions>
          <ns3:TrackPointExtension>
            <ns3:hr>170</ns3:hr>
            <ns3:cad>99</ns3:cad>
          </ns3:TrackPointExtension>
        </extensions>
      </trkpt>
      <trkpt lat="29.14806752465665340423583984375" lon="120.32844082452356815338134765625">
        <ele>143.399993896484375</ele>
        <time>2016-04-28T11:34:43.000Z</time>
        <extensions>
          <ns3:TrackPointExtension>
            <ns3:hr>169</ns3:hr>
            <ns3:cad>99</ns3:cad>
          </ns3:TrackPointExtension>
        </extensions>
      </trkpt>
      <trkpt lat="29.14806014858186244964599609375" lon="120.32847292721271514892578125">
        <ele>143.399993896484375</ele>
        <time>2016-04-28T11:34:44.000Z</time>
        <extensions>
          <ns3:TrackPointExtension>
            <ns3:hr>170</ns3:hr>
            <ns3:cad>99</ns3:cad>
          </ns3:TrackPointExtension>
        </extensions>
      </trkpt>
      <trkpt lat="29.148055873811244964599609375" lon="120.32850603573024272918701171875">
        <ele>143.399993896484375</ele>
        <time>2016-04-28T11:34:45.000Z</time>
        <extensions>
          <ns3:TrackPointExtension>
            <ns3:hr>170</ns3:hr>
            <ns3:cad>100</ns3:cad>
          </ns3:TrackPointExtension>
        </extensions>
      </trkpt>
      <trkpt lat="29.14805511943995952606201171875" lon="120.3285404853522777557373046875">
        <ele>143.600006103515625</ele>
        <time>2016-04-28T11:34:46.000Z</time>
        <extensions>
          <ns3:TrackPointExtension>
            <ns3:hr>170</ns3:hr>
            <ns3:cad>100</ns3:cad>
          </ns3:TrackPointExtension>
        </extensions>
      </trkpt>
      <trkpt lat="29.148056544363498687744140625" lon="120.32857459969818592071533203125">
        <ele>144</ele>
        <time>2016-04-28T11:34:47.000Z</time>
        <extensions>
          <ns3:TrackPointExtension>
            <ns3:hr>170</ns3:hr>
            <ns3:cad>100</ns3:cad>
          </ns3:TrackPointExtension>
        </extensions>
      </trkpt>
      <trkpt lat="29.14805880747735500335693359375" lon="120.32860963605344295501708984375">
        <ele>144.1999969482421875</ele>
        <time>2016-04-28T11:34:48.000Z</time>
        <extensions>
          <ns3:TrackPointExtension>
            <ns3:hr>170</ns3:hr>
            <ns3:cad>100</ns3:cad>
          </ns3:TrackPointExtension>
        </extensions>
      </trkpt>
      <trkpt lat="29.148074649274349212646484375" lon="120.32867836765944957733154296875">
        <ele>144.600006103515625</ele>
        <time>2016-04-28T11:34:49.000Z</time>
        <extensions>
          <ns3:TrackPointExtension>
            <ns3:hr>170</ns3:hr>
            <ns3:cad>100</ns3:cad>
          </ns3:TrackPointExtension>
        </extensions>
      </trkpt>
      <trkpt lat="29.148074649274349212646484375" lon="120.32867836765944957733154296875">
        <ele>144.600006103515625</ele>
        <time>2016-04-28T11:34:50.000Z</time>
        <extensions>
          <ns3:TrackPointExtension>
            <ns3:hr>170</ns3:hr>
            <ns3:cad>100</ns3:cad>
          </ns3:TrackPointExtension>
        </extensions>
      </trkpt>
      <trkpt lat="29.148097448050975799560546875" lon="120.32874240539968013763427734375">
        <ele>144.8000030517578125</ele>
        <time>2016-04-28T11:34:51.000Z</time>
        <extensions>
          <ns3:TrackPointExtension>
            <ns3:hr>171</ns3:hr>
            <ns3:cad>100</ns3:cad>
          </ns3:TrackPointExtension>
        </extensions>
      </trkpt>
      <trkpt lat="29.148097448050975799560546875" lon="120.32874240539968013763427734375">
        <ele>144.8000030517578125</ele>
        <time>2016-04-28T11:34:52.000Z</time>
        <extensions>
          <ns3:TrackPointExtension>
            <ns3:hr>171</ns3:hr>
            <ns3:cad>100</ns3:cad>
          </ns3:TrackPointExtension>
        </extensions>
      </trkpt>
      <trkpt lat="29.14811027236282825469970703125" lon="120.3287721611559391021728515625">
        <ele>145</ele>
        <time>2016-04-28T11:34:53.000Z</time>
        <extensions>
          <ns3:TrackPointExtension>
            <ns3:hr>171</ns3:hr>
            <ns3:cad>100</ns3:cad>
          </ns3:TrackPointExtension>
        </extensions>
      </trkpt>
      <trkpt lat="29.14814497344195842742919921875" lon="120.32882756553590297698974609375">
        <ele>145</ele>
        <time>2016-04-28T11:34:54.000Z</time>
        <extensions>
          <ns3:TrackPointExtension>
            <ns3:hr>172</ns3:hr>
            <ns3:cad>101</ns3:cad>
          </ns3:TrackPointExtension>
        </extensions>
      </trkpt>
      <trkpt lat="29.14814497344195842742919921875" lon="120.32882756553590297698974609375">
        <ele>145</ele>
        <time>2016-04-28T11:34:55.000Z</time>
        <extensions>
          <ns3:TrackPointExtension>
            <ns3:hr>173</ns3:hr>
            <ns3:cad>101</ns3:cad>
          </ns3:TrackPointExtension>
        </extensions>
      </trkpt>
      <trkpt lat="29.1481888107955455780029296875" lon="120.32887299545109272003173828125">
        <ele>145</ele>
        <time>2016-04-28T11:34:56.000Z</time>
        <extensions>
          <ns3:TrackPointExtension>
            <ns3:hr>173</ns3:hr>
            <ns3:cad>101</ns3:cad>
          </ns3:TrackPointExtension>
        </extensions>
      </trkpt>
      <trkpt lat="29.1481888107955455780029296875" lon="120.32887299545109272003173828125">
        <ele>145</ele>
        <time>2016-04-28T11:34:57.000Z</time>
        <extensions>
          <ns3:TrackPointExtension>
            <ns3:hr>173</ns3:hr>
            <ns3:cad>100</ns3:cad>
          </ns3:TrackPointExtension>
        </extensions>
      </trkpt>
      <trkpt lat="29.14821605198085308074951171875" lon="120.328895039856433868408203125">
        <ele>144.8000030517578125</ele>
        <time>2016-04-28T11:34:58.000Z</time>
        <extensions>
          <ns3:TrackPointExtension>
            <ns3:hr>172</ns3:hr>
            <ns3:cad>100</ns3:cad>
          </ns3:TrackPointExtension>
        </extensions>
      </trkpt>
      <trkpt lat="29.1482696123421192169189453125" lon="120.3289295732975006103515625">
        <ele>144.600006103515625</ele>
        <time>2016-04-28T11:34:59.000Z</time>
        <extensions>
          <ns3:TrackPointExtension>
            <ns3:hr>171</ns3:hr>
            <ns3:cad>100</ns3:cad>
          </ns3:TrackPointExtension>
        </extensions>
      </trkpt>
      <trkpt lat="29.1482696123421192169189453125" lon="120.3289295732975006103515625">
        <ele>144.600006103515625</ele>
        <time>2016-04-28T11:35:00.000Z</time>
        <extensions>
          <ns3:TrackPointExtension>
            <ns3:hr>172</ns3:hr>
            <ns3:cad>100</ns3:cad>
          </ns3:TrackPointExtension>
        </extensions>
      </trkpt>
      <trkpt lat="29.1483339853584766387939453125" lon="120.32895438373088836669921875">
        <ele>144.399993896484375</ele>
        <time>2016-04-28T11:35:01.000Z</time>
        <extensions>
          <ns3:TrackPointExtension>
            <ns3:hr>172</ns3:hr>
            <ns3:cad>100</ns3:cad>
          </ns3:TrackPointExtension>
        </extensions>
      </trkpt>
      <trkpt lat="29.1483339853584766387939453125" lon="120.32895438373088836669921875">
        <ele>144.399993896484375</ele>
        <time>2016-04-28T11:35:02.000Z</time>
        <extensions>
          <ns3:TrackPointExtension>
            <ns3:hr>172</ns3:hr>
            <ns3:cad>100</ns3:cad>
          </ns3:TrackPointExtension>
        </extensions>
      </trkpt>
      <trkpt lat="29.14839726872742176055908203125" lon="120.32897709868848323822021484375">
        <ele>144</ele>
        <time>2016-04-28T11:35:03.000Z</time>
        <extensions>
          <ns3:TrackPointExtension>
            <ns3:hr>172</ns3:hr>
            <ns3:cad>100</ns3:cad>
          </ns3:TrackPointExtension>
        </extensions>
      </trkpt>
      <trkpt lat="29.14839726872742176055908203125" lon="120.32897709868848323822021484375">
        <ele>144</ele>
        <time>2016-04-28T11:35:04.000Z</time>
        <extensions>
          <ns3:TrackPointExtension>
            <ns3:hr>171</ns3:hr>
            <ns3:cad>100</ns3:cad>
          </ns3:TrackPointExtension>
        </extensions>
      </trkpt>
      <trkpt lat="29.14846315048635005950927734375" lon="120.3289981372654438018798828125">
        <ele>143.399993896484375</ele>
        <time>2016-04-28T11:35:05.000Z</time>
        <extensions>
          <ns3:TrackPointExtension>
            <ns3:hr>171</ns3:hr>
            <ns3:cad>100</ns3:cad>
          </ns3:TrackPointExtension>
        </extensions>
      </trkpt>
      <trkpt lat="29.14846315048635005950927734375" lon="120.3289981372654438018798828125">
        <ele>143.399993896484375</ele>
        <time>2016-04-28T11:35:06.000Z</time>
        <extensions>
          <ns3:TrackPointExtension>
            <ns3:hr>171</ns3:hr>
            <ns3:cad>100</ns3:cad>
          </ns3:TrackPointExtension>
        </extensions>
      </trkpt>
      <trkpt lat="29.14849718101322650909423828125" lon="120.329009033739566802978515625">
        <ele>143</ele>
        <time>2016-04-28T11:35:07.000Z</time>
        <extensions>
          <ns3:TrackPointExtension>
            <ns3:hr>173</ns3:hr>
            <ns3:cad>100</ns3:cad>
          </ns3:TrackPointExtension>
        </extensions>
      </trkpt>
      <trkpt lat="29.1485586203634738922119140625" lon="120.32902755774557590484619140625">
        <ele>141.8000030517578125</ele>
        <time>2016-04-28T11:35:08.000Z</time>
        <extensions>
          <ns3:TrackPointExtension>
            <ns3:hr>173</ns3:hr>
            <ns3:cad>100</ns3:cad>
          </ns3:TrackPointExtension>
        </extensions>
      </trkpt>
      <trkpt lat="29.1485586203634738922119140625" lon="120.32902755774557590484619140625">
        <ele>141.8000030517578125</ele>
        <time>2016-04-28T11:35:09.000Z</time>
        <extensions>
          <ns3:TrackPointExtension>
            <ns3:hr>173</ns3:hr>
            <ns3:cad>100</ns3:cad>
          </ns3:TrackPointExtension>
        </extensions>
      </trkpt>
      <trkpt lat="29.1486229933798313140869140625" lon="120.329048931598663330078125">
        <ele>140.8000030517578125</ele>
        <time>2016-04-28T11:35:10.000Z</time>
        <extensions>
          <ns3:TrackPointExtension>
            <ns3:hr>172</ns3:hr>
            <ns3:cad>100</ns3:cad>
          </ns3:TrackPointExtension>
        </extensions>
      </trkpt>
      <trkpt lat="29.1486229933798313140869140625" lon="120.329048931598663330078125">
        <ele>140.8000030517578125</ele>
        <time>2016-04-28T11:35:11.000Z</time>
        <extensions>
          <ns3:TrackPointExtension>
            <ns3:hr>172</ns3:hr>
            <ns3:cad>100</ns3:cad>
          </ns3:TrackPointExtension>
        </extensions>
      </trkpt>
      <trkpt lat="29.14865409024059772491455078125" lon="120.329059660434722900390625">
        <ele>140.1999969482421875</ele>
        <time>2016-04-28T11:35:12.000Z</time>
        <extensions>
          <ns3:TrackPointExtension>
            <ns3:hr>172</ns3:hr>
            <ns3:cad>100</ns3:cad>
          </ns3:TrackPointExtension>
        </extensions>
      </trkpt>
      <trkpt lat="29.14871393702924251556396484375" lon="120.329085476696491241455078125">
        <ele>139.1999969482421875</ele>
        <time>2016-04-28T11:35:13.000Z</time>
        <extensions>
          <ns3:TrackPointExtension>
            <ns3:hr>172</ns3:hr>
            <ns3:cad>99</ns3:cad>
          </ns3:TrackPointExtension>
        </extensions>
      </trkpt>
      <trkpt lat="29.14871393702924251556396484375" lon="120.329085476696491241455078125">
        <ele>139.1999969482421875</ele>
        <time>2016-04-28T11:35:14.000Z</time>
        <extensions>
          <ns3:TrackPointExtension>
            <ns3:hr>171</ns3:hr>
            <ns3:cad>99</ns3:cad>
          </ns3:TrackPointExtension>
        </extensions>
      </trkpt>
      <trkpt lat="29.14877277798950672149658203125" lon="120.32910852693021297454833984375">
        <ele>138.8000030517578125</ele>
        <time>2016-04-28T11:35:15.000Z</time>
        <extensions>
          <ns3:TrackPointExtension>
            <ns3:hr>172</ns3:hr>
            <ns3:cad>100</ns3:cad>
          </ns3:TrackPointExtension>
        </extensions>
      </trkpt>
      <trkpt lat="29.14877277798950672149658203125" lon="120.32910852693021297454833984375">
        <ele>138.8000030517578125</ele>
        <time>2016-04-28T11:35:16.000Z</time>
        <extensions>
          <ns3:TrackPointExtension>
            <ns3:hr>173</ns3:hr>
            <ns3:cad>100</ns3:cad>
          </ns3:TrackPointExtension>
        </extensions>
      </trkpt>
      <trkpt lat="29.1488006897270679473876953125" lon="120.329118669033050537109375">
        <ele>138.600006103515625</ele>
        <time>2016-04-28T11:35:17.000Z</time>
        <extensions>
          <ns3:TrackPointExtension>
            <ns3:hr>173</ns3:hr>
            <ns3:cad>101</ns3:cad>
          </ns3:TrackPointExtension>
        </extensions>
      </trkpt>
      <trkpt lat="29.148829691112041473388671875" lon="120.32912830822169780731201171875">
        <ele>138.399993896484375</ele>
        <time>2016-04-28T11:35:18.000Z</time>
        <extensions>
          <ns3:TrackPointExtension>
            <ns3:hr>173</ns3:hr>
            <ns3:cad>101</ns3:cad>
          </ns3:TrackPointExtension>
        </extensions>
      </trkpt>
      <trkpt lat="29.1488593630492687225341796875" lon="120.32913953997194766998291015625">
        <ele>138.399993896484375</ele>
        <time>2016-04-28T11:35:19.000Z</time>
        <extensions>
          <ns3:TrackPointExtension>
            <ns3:hr>173</ns3:hr>
            <ns3:cad>101</ns3:cad>
          </ns3:TrackPointExtension>
        </extensions>
      </trkpt>
      <trkpt lat="29.1488898731768131256103515625" lon="120.3291486762464046478271484375">
        <ele>138.1999969482421875</ele>
        <time>2016-04-28T11:35:20.000Z</time>
        <extensions>
          <ns3:TrackPointExtension>
            <ns3:hr>173</ns3:hr>
            <ns3:cad>100</ns3:cad>
          </ns3:TrackPointExtension>
        </extensions>
      </trkpt>
      <trkpt lat="29.14891929365694522857666015625" lon="120.32915890216827392578125">
        <ele>138</ele>
        <time>2016-04-28T11:35:21.000Z</time>
        <extensions>
          <ns3:TrackPointExtension>
            <ns3:hr>172</ns3:hr>
            <ns3:cad>100</ns3:cad>
          </ns3:TrackPointExtension>
        </extensions>
      </trkpt>
      <trkpt lat="29.14897947572171688079833984375" lon="120.32918111421167850494384765625">
        <ele>137.600006103515625</ele>
        <time>2016-04-28T11:35:22.000Z</time>
        <extensions>
          <ns3:TrackPointExtension>
            <ns3:hr>171</ns3:hr>
            <ns3:cad>100</ns3:cad>
          </ns3:TrackPointExtension>
        </extensions>
      </trkpt>
      <trkpt lat="29.14897947572171688079833984375" lon="120.32918111421167850494384765625">
        <ele>137.600006103515625</ele>
        <time>2016-04-28T11:35:23.000Z</time>
        <extensions>
          <ns3:TrackPointExtension>
            <ns3:hr>171</ns3:hr>
            <ns3:cad>100</ns3:cad>
          </ns3:TrackPointExtension>
        </extensions>
      </trkpt>
      <trkpt lat="29.14904083125293254852294921875" lon="120.32920408062636852264404296875">
        <ele>137.8000030517578125</ele>
        <time>2016-04-28T11:35:24.000Z</time>
        <extensions>
          <ns3:TrackPointExtension>
            <ns3:hr>171</ns3:hr>
            <ns3:cad>100</ns3:cad>
          </ns3:TrackPointExtension>
        </extensions>
      </trkpt>
      <trkpt lat="29.14904083125293254852294921875" lon="120.32920408062636852264404296875">
        <ele>137.8000030517578125</ele>
        <time>2016-04-28T11:35:25.000Z</time>
        <extensions>
          <ns3:TrackPointExtension>
            <ns3:hr>172</ns3:hr>
            <ns3:cad>100</ns3:cad>
          </ns3:TrackPointExtension>
        </extensions>
      </trkpt>
      <trkpt lat="29.14909891784191131591796875" lon="120.32922034151852130889892578125">
        <ele>138.1999969482421875</ele>
        <time>2016-04-28T11:35:26.000Z</time>
        <extensions>
          <ns3:TrackPointExtension>
            <ns3:hr>173</ns3:hr>
            <ns3:cad>100</ns3:cad>
          </ns3:TrackPointExtension>
        </extensions>
      </trkpt>
      <trkpt lat="29.14909891784191131591796875" lon="120.32922034151852130889892578125">
        <ele>138.1999969482421875</ele>
        <time>2016-04-28T11:35:27.000Z</time>
        <extensions>
          <ns3:TrackPointExtension>
            <ns3:hr>173</ns3:hr>
            <ns3:cad>100</ns3:cad>
          </ns3:TrackPointExtension>
        </extensions>
      </trkpt>
      <trkpt lat="29.1491285897791385650634765625" lon="120.32922604121267795562744140625">
        <ele>138.600006103515625</ele>
        <time>2016-04-28T11:35:28.000Z</time>
        <extensions>
          <ns3:TrackPointExtension>
            <ns3:hr>173</ns3:hr>
            <ns3:cad>100</ns3:cad>
          </ns3:TrackPointExtension>
        </extensions>
      </trkpt>
      <trkpt lat="29.14918919093906879425048828125" lon="120.3292286396026611328125">
        <ele>139</ele>
        <time>2016-04-28T11:35:29.000Z</time>
        <extensions>
          <ns3:TrackPointExtension>
            <ns3:hr>172</ns3:hr>
            <ns3:cad>100</ns3:cad>
          </ns3:TrackPointExtension>
        </extensions>
      </trkpt>
      <trkpt lat="29.14918919093906879425048828125" lon="120.3292286396026611328125">
        <ele>139</ele>
        <time>2016-04-28T11:35:30.000Z</time>
        <extensions>
          <ns3:TrackPointExtension>
            <ns3:hr>171</ns3:hr>
            <ns3:cad>100</ns3:cad>
          </ns3:TrackPointExtension>
        </extensions>
      </trkpt>
      <trkpt lat="29.14924719370901584625244140625" lon="120.3292219340801239013671875">
        <ele>139.600006103515625</ele>
        <time>2016-04-28T11:35:31.000Z</time>
        <extensions>
          <ns3:TrackPointExtension>
            <ns3:hr>171</ns3:hr>
            <ns3:cad>100</ns3:cad>
          </ns3:TrackPointExtension>
        </extensions>
      </trkpt>
      <trkpt lat="29.14924719370901584625244140625" lon="120.3292219340801239013671875">
        <ele>139.600006103515625</ele>
        <time>2016-04-28T11:35:32.000Z</time>
        <extensions>
          <ns3:TrackPointExtension>
            <ns3:hr>172</ns3:hr>
            <ns3:cad>100</ns3:cad>
          </ns3:TrackPointExtension>
        </extensions>
      </trkpt>
      <trkpt lat="29.1492740996181964874267578125" lon="120.32921430654823780059814453125">
        <ele>140</ele>
        <time>2016-04-28T11:35:33.000Z</time>
        <extensions>
          <ns3:TrackPointExtension>
            <ns3:hr>172</ns3:hr>
            <ns3:cad>100</ns3:cad>
          </ns3:TrackPointExtension>
        </extensions>
      </trkpt>
      <trkpt lat="29.14932732470333576202392578125" lon="120.32919251359999179840087890625">
        <ele>140.1999969482421875</ele>
        <time>2016-04-28T11:35:34.000Z</time>
        <extensions>
          <ns3:TrackPointExtension>
            <ns3:hr>173</ns3:hr>
            <ns3:cad>100</ns3:cad>
          </ns3:TrackPointExtension>
        </extensions>
      </trkpt>
      <trkpt lat="29.14932732470333576202392578125" lon="120.32919251359999179840087890625">
        <ele>140.1999969482421875</ele>
        <time>2016-04-28T11:35:35.000Z</time>
        <extensions>
          <ns3:TrackPointExtension>
            <ns3:hr>173</ns3:hr>
            <ns3:cad>100</ns3:cad>
          </ns3:TrackPointExtension>
        </extensions>
      </trkpt>
      <trkpt lat="29.1493746824562549591064453125" lon="120.3291583992540836334228515625">
        <ele>140.399993896484375</ele>
        <time>2016-04-28T11:35:36.000Z</time>
        <extensions>
          <ns3:TrackPointExtension>
            <ns3:hr>173</ns3:hr>
            <ns3:cad>100</ns3:cad>
          </ns3:TrackPointExtension>
        </extensions>
      </trkpt>
      <trkpt lat="29.1493746824562549591064453125" lon="120.3291583992540836334228515625">
        <ele>140.399993896484375</ele>
        <time>2016-04-28T11:35:37.000Z</time>
        <extensions>
          <ns3:TrackPointExtension>
            <ns3:hr>173</ns3:hr>
            <ns3:cad>100</ns3:cad>
          </ns3:TrackPointExtension>
        </extensions>
      </trkpt>
      <trkpt lat="29.14942204020917415618896484375" lon="120.3291171602904796600341796875">
        <ele>140.8000030517578125</ele>
        <time>2016-04-28T11:35:38.000Z</time>
        <extensions>
          <ns3:TrackPointExtension>
            <ns3:hr>172</ns3:hr>
            <ns3:cad>100</ns3:cad>
          </ns3:TrackPointExtension>
        </extensions>
      </trkpt>
      <trkpt lat="29.14942204020917415618896484375" lon="120.3291171602904796600341796875">
        <ele>140.8000030517578125</ele>
        <time>2016-04-28T11:35:39.000Z</time>
        <extensions>
          <ns3:TrackPointExtension>
            <ns3:hr>173</ns3:hr>
            <ns3:cad>100</ns3:cad>
          </ns3:TrackPointExtension>
        </extensions>
      </trkpt>
      <trkpt lat="29.14944450370967388153076171875" lon="120.3290943615138530731201171875">
        <ele>141</ele>
        <time>2016-04-28T11:35:40.000Z</time>
        <extensions>
          <ns3:TrackPointExtension>
            <ns3:hr>172</ns3:hr>
            <ns3:cad>100</ns3:cad>
          </ns3:TrackPointExtension>
        </extensions>
      </trkpt>
      <trkpt lat="29.1494856588542461395263671875" lon="120.32904381863772869110107421875">
        <ele>141.600006103515625</ele>
        <time>2016-04-28T11:35:41.000Z</time>
        <extensions>
          <ns3:TrackPointExtension>
            <ns3:hr>172</ns3:hr>
            <ns3:cad>100</ns3:cad>
          </ns3:TrackPointExtension>
        </extensions>
      </trkpt>
      <trkpt lat="29.1494856588542461395263671875" lon="120.32904381863772869110107421875">
        <ele>141.600006103515625</ele>
        <time>2016-04-28T11:35:42.000Z</time>
        <extensions>
          <ns3:TrackPointExtension>
            <ns3:hr>173</ns3:hr>
            <ns3:cad>100</ns3:cad>
          </ns3:TrackPointExtension>
        </extensions>
      </trkpt>
      <trkpt lat="29.1495131514966487884521484375" lon="120.3289860673248767852783203125">
        <ele>142</ele>
        <time>2016-04-28T11:35:43.000Z</time>
        <extensions>
          <ns3:TrackPointExtension>
            <ns3:hr>173</ns3:hr>
            <ns3:cad>100</ns3:cad>
          </ns3:TrackPointExtension>
        </extensions>
      </trkpt>
      <trkpt lat="29.1495131514966487884521484375" lon="120.3289860673248767852783203125">
        <ele>142</ele>
        <time>2016-04-28T11:35:44.000Z</time>
        <extensions>
          <ns3:TrackPointExtension>
            <ns3:hr>174</ns3:hr>
            <ns3:cad>100</ns3:cad>
          </ns3:TrackPointExtension>
        </extensions>
      </trkpt>
      <trkpt lat="29.1495220363140106201171875" lon="120.3289555571973323822021484375">
        <ele>142.1999969482421875</ele>
        <time>2016-04-28T11:35:45.000Z</time>
        <extensions>
          <ns3:TrackPointExtension>
            <ns3:hr>173</ns3:hr>
            <ns3:cad>100</ns3:cad>
          </ns3:TrackPointExtension>
        </extensions>
      </trkpt>
      <trkpt lat="29.14953771047294139862060546875" lon="120.32889277674257755279541015625">
        <ele>142.399993896484375</ele>
        <time>2016-04-28T11:35:46.000Z</time>
        <extensions>
          <ns3:TrackPointExtension>
            <ns3:hr>173</ns3:hr>
            <ns3:cad>100</ns3:cad>
          </ns3:TrackPointExtension>
        </extensions>
      </trkpt>
      <trkpt lat="29.14953771047294139862060546875" lon="120.32889277674257755279541015625">
        <ele>142.399993896484375</ele>
        <time>2016-04-28T11:35:47.000Z</time>
        <extensions>
          <ns3:TrackPointExtension>
            <ns3:hr>172</ns3:hr>
            <ns3:cad>99</ns3:cad>
          </ns3:TrackPointExtension>
        </extensions>
      </trkpt>
      <trkpt lat="29.14954760111868381500244140625" lon="120.32882940955460071563720703125">
        <ele>142.8000030517578125</ele>
        <time>2016-04-28T11:35:48.000Z</time>
        <extensions>
          <ns3:TrackPointExtension>
            <ns3:hr>172</ns3:hr>
            <ns3:cad>99</ns3:cad>
          </ns3:TrackPointExtension>
        </extensions>
      </trkpt>
      <trkpt lat="29.14954760111868381500244140625" lon="120.32882940955460071563720703125">
        <ele>142.8000030517578125</ele>
        <time>2016-04-28T11:35:49.000Z</time>
        <extensions>
          <ns3:TrackPointExtension>
            <ns3:hr>172</ns3:hr>
            <ns3:cad>99</ns3:cad>
          </ns3:TrackPointExtension>
        </extensions>
      </trkpt>
      <trkpt lat="29.1495453380048274993896484375" lon="120.32879604957997798919677734375">
        <ele>142.8000030517578125</ele>
        <time>2016-04-28T11:35:50.000Z</time>
        <extensions>
          <ns3:TrackPointExtension>
            <ns3:hr>172</ns3:hr>
            <ns3:cad>99</ns3:cad>
          </ns3:TrackPointExtension>
        </extensions>
      </trkpt>
      <trkpt lat="29.14952379651367664337158203125" lon="120.32873184420168399810791015625">
        <ele>143</ele>
        <time>2016-04-28T11:35:51.000Z</time>
        <extensions>
          <ns3:TrackPointExtension>
            <ns3:hr>172</ns3:hr>
            <ns3:cad>98</ns3:cad>
          </ns3:TrackPointExtension>
        </extensions>
      </trkpt>
      <trkpt lat="29.14952379651367664337158203125" lon="120.32873184420168399810791015625">
        <ele>143</ele>
        <time>2016-04-28T11:35:52.000Z</time>
        <extensions>
          <ns3:TrackPointExtension>
            <ns3:hr>172</ns3:hr>
            <ns3:cad>98</ns3:cad>
          </ns3:TrackPointExtension>
        </extensions>
      </trkpt>
      <trkpt lat="29.1494950465857982635498046875" lon="120.32866730354726314544677734375">
        <ele>143.399993896484375</ele>
        <time>2016-04-28T11:35:53.000Z</time>
        <extensions>
          <ns3:TrackPointExtension>
            <ns3:hr>172</ns3:hr>
            <ns3:cad>100</ns3:cad>
          </ns3:TrackPointExtension>
        </extensions>
      </trkpt>
      <trkpt lat="29.1494950465857982635498046875" lon="120.32866730354726314544677734375">
        <ele>143.399993896484375</ele>
        <time>2016-04-28T11:35:54.000Z</time>
        <extensions>
          <ns3:TrackPointExtension>
            <ns3:hr>172</ns3:hr>
            <ns3:cad>100</ns3:cad>
          </ns3:TrackPointExtension>
        </extensions>
      </trkpt>
      <trkpt lat="29.1494655422866344451904296875" lon="120.32860276289284229278564453125">
        <ele>143.600006103515625</ele>
        <time>2016-04-28T11:35:55.000Z</time>
        <extensions>
          <ns3:TrackPointExtension>
            <ns3:hr>172</ns3:hr>
            <ns3:cad>100</ns3:cad>
          </ns3:TrackPointExtension>
        </extensions>
      </trkpt>
      <trkpt lat="29.1494655422866344451904296875" lon="120.32860276289284229278564453125">
        <ele>143.600006103515625</ele>
        <time>2016-04-28T11:35:56.000Z</time>
        <extensions>
          <ns3:TrackPointExtension>
            <ns3:hr>173</ns3:hr>
            <ns3:cad>100</ns3:cad>
          </ns3:TrackPointExtension>
        </extensions>
      </trkpt>
      <trkpt lat="29.14944752119481563568115234375" lon="120.328574515879154205322265625">
        <ele>143.600006103515625</ele>
        <time>2016-04-28T11:35:57.000Z</time>
        <extensions>
          <ns3:TrackPointExtension>
            <ns3:hr>173</ns3:hr>
            <ns3:cad>99</ns3:cad>
          </ns3:TrackPointExtension>
        </extensions>
      </trkpt>
      <trkpt lat="29.149402678012847900390625" lon="120.3285205364227294921875">
        <ele>143.600006103515625</ele>
        <time>2016-04-28T11:35:58.000Z</time>
        <extensions>
          <ns3:TrackPointExtension>
            <ns3:hr>174</ns3:hr>
            <ns3:cad>100</ns3:cad>
          </ns3:TrackPointExtension>
        </extensions>
      </trkpt>
      <trkpt lat="29.149402678012847900390625" lon="120.3285205364227294921875">
        <ele>143.600006103515625</ele>
        <time>2016-04-28T11:35:59.000Z</time>
        <extensions>
          <ns3:TrackPointExtension>
            <ns3:hr>175</ns3:hr>
            <ns3:cad>100</ns3:cad>
          </ns3:TrackPointExtension>
        </extensions>
      </trkpt>
      <trkpt lat="29.14934836328029632568359375" lon="120.32848256640136241912841796875">
        <ele>143.1999969482421875</ele>
        <time>2016-04-28T11:36:00.000Z</time>
        <extensions>
          <ns3:TrackPointExtension>
            <ns3:hr>174</ns3:hr>
            <ns3:cad>100</ns3:cad>
          </ns3:TrackPointExtension>
        </extensions>
      </trkpt>
      <trkpt lat="29.14934836328029632568359375" lon="120.32848256640136241912841796875">
        <ele>143.1999969482421875</ele>
        <time>2016-04-28T11:36:01.000Z</time>
        <extensions>
          <ns3:TrackPointExtension>
            <ns3:hr>173</ns3:hr>
            <ns3:cad>100</ns3:cad>
          </ns3:TrackPointExtension>
        </extensions>
      </trkpt>
      <trkpt lat="29.1493173502385616302490234375" lon="120.32846848480403423309326171875">
        <ele>143</ele>
        <time>2016-04-28T11:36:02.000Z</time>
        <extensions>
          <ns3:TrackPointExtension>
            <ns3:hr>173</ns3:hr>
            <ns3:cad>100</ns3:cad>
          </ns3:TrackPointExtension>
        </extensions>
      </trkpt>
      <trkpt lat="29.14925557561218738555908203125" lon="120.32844610512256622314453125">
        <ele>142.399993896484375</ele>
        <time>2016-04-28T11:36:03.000Z</time>
        <extensions>
          <ns3:TrackPointExtension>
            <ns3:hr>172</ns3:hr>
            <ns3:cad>100</ns3:cad>
          </ns3:TrackPointExtension>
        </extensions>
      </trkpt>
      <trkpt lat="29.14925557561218738555908203125" lon="120.32844610512256622314453125">
        <ele>142.399993896484375</ele>
        <time>2016-04-28T11:36:04.000Z</time>
        <extensions>
          <ns3:TrackPointExtension>
            <ns3:hr>174</ns3:hr>
            <ns3:cad>100</ns3:cad>
          </ns3:TrackPointExtension>
        </extensions>
      </trkpt>
      <trkpt lat="29.1491862572729587554931640625" lon="120.32842506654560565948486328125">
        <ele>142.1999969482421875</ele>
        <time>2016-04-28T11:36:05.000Z</time>
        <extensions>
          <ns3:TrackPointExtension>
            <ns3:hr>174</ns3:hr>
            <ns3:cad>99</ns3:cad>
          </ns3:TrackPointExtension>
        </extensions>
      </trkpt>
      <trkpt lat="29.1491862572729587554931640625" lon="120.32842506654560565948486328125">
        <ele>142.1999969482421875</ele>
        <time>2016-04-28T11:36:06.000Z</time>
        <extensions>
          <ns3:TrackPointExtension>
            <ns3:hr>174</ns3:hr>
            <ns3:cad>99</ns3:cad>
          </ns3:TrackPointExtension>
        </extensions>
      </trkpt>
      <trkpt lat="29.149156250059604644775390625" lon="120.3284134157001972198486328125">
        <ele>142</ele>
        <time>2016-04-28T11:36:07.000Z</time>
        <extensions>
          <ns3:TrackPointExtension>
            <ns3:hr>173</ns3:hr>
            <ns3:cad>100</ns3:cad>
          </ns3:TrackPointExtension>
        </extensions>
      </trkpt>
      <trkpt lat="29.14912439882755279541015625" lon="120.328403525054454803466796875">
        <ele>141.8000030517578125</ele>
        <time>2016-04-28T11:36:08.000Z</time>
        <extensions>
          <ns3:TrackPointExtension>
            <ns3:hr>173</ns3:hr>
            <ns3:cad>100</ns3:cad>
          </ns3:TrackPointExtension>
        </extensions>
      </trkpt>
      <trkpt lat="29.1490960679948329925537109375" lon="120.328398160636425018310546875">
        <ele>141.600006103515625</ele>
        <time>2016-04-28T11:36:09.000Z</time>
        <extensions>
          <ns3:TrackPointExtension>
            <ns3:hr>172</ns3:hr>
            <ns3:cad>100</ns3:cad>
          </ns3:TrackPointExtension>
        </extensions>
      </trkpt>
      <trkpt lat="29.14904016070067882537841796875" lon="120.3283825702965259552001953125">
        <ele>141.1999969482421875</ele>
        <time>2016-04-28T11:36:10.000Z</time>
        <extensions>
          <ns3:TrackPointExtension>
            <ns3:hr>172</ns3:hr>
            <ns3:cad>100</ns3:cad>
          </ns3:TrackPointExtension>
        </extensions>
      </trkpt>
      <trkpt lat="29.14904016070067882537841796875" lon="120.3283825702965259552001953125">
        <ele>141.1999969482421875</ele>
        <time>2016-04-28T11:36:11.000Z</time>
        <extensions>
          <ns3:TrackPointExtension>
            <ns3:hr>174</ns3:hr>
            <ns3:cad>100</ns3:cad>
          </ns3:TrackPointExtension>
        </extensions>
      </trkpt>
      <trkpt lat="29.1489829123020172119140625" lon="120.32836354337632656097412109375">
        <ele>141</ele>
        <time>2016-04-28T11:36:12.000Z</time>
        <extensions>
          <ns3:TrackPointExtension>
            <ns3:hr>173</ns3:hr>
            <ns3:cad>100</ns3:cad>
          </ns3:TrackPointExtension>
        </extensions>
      </trkpt>
      <trkpt lat="29.1489829123020172119140625" lon="120.32836354337632656097412109375">
        <ele>141</ele>
        <time>2016-04-28T11:36:13.000Z</time>
        <extensions>
          <ns3:TrackPointExtension>
            <ns3:hr>173</ns3:hr>
            <ns3:cad>99</ns3:cad>
          </ns3:TrackPointExtension>
        </extensions>
      </trkpt>
      <trkpt lat="29.1489512287080287933349609375" lon="120.328352563083171844482421875">
        <ele>141</ele>
        <time>2016-04-28T11:36:14.000Z</time>
        <extensions>
          <ns3:TrackPointExtension>
            <ns3:hr>173</ns3:hr>
            <ns3:cad>99</ns3:cad>
          </ns3:TrackPointExtension>
        </extensions>
      </trkpt>
      <trkpt lat="29.148893058300018310546875" lon="120.328331105411052703857421875">
        <ele>141.1999969482421875</ele>
        <time>2016-04-28T11:36:15.000Z</time>
        <extensions>
          <ns3:TrackPointExtension>
            <ns3:hr>172</ns3:hr>
            <ns3:cad>99</ns3:cad>
          </ns3:TrackPointExtension>
        </extensions>
      </trkpt>
      <trkpt lat="29.148893058300018310546875" lon="120.328331105411052703857421875">
        <ele>141.1999969482421875</ele>
        <time>2016-04-28T11:36:16.000Z</time>
        <extensions>
          <ns3:TrackPointExtension>
            <ns3:hr>173</ns3:hr>
            <ns3:cad>100</ns3:cad>
          </ns3:TrackPointExtension>
        </extensions>
      </trkpt>
      <trkpt lat="29.148831702768802642822265625" lon="120.3283099830150604248046875">
        <ele>141.1999969482421875</ele>
        <time>2016-04-28T11:36:17.000Z</time>
        <extensions>
          <ns3:TrackPointExtension>
            <ns3:hr>174</ns3:hr>
            <ns3:cad>100</ns3:cad>
          </ns3:TrackPointExtension>
        </extensions>
      </trkpt>
      <trkpt lat="29.148831702768802642822265625" lon="120.3283099830150604248046875">
        <ele>141.1999969482421875</ele>
        <time>2016-04-28T11:36:18.000Z</time>
        <extensions>
          <ns3:TrackPointExtension>
            <ns3:hr>175</ns3:hr>
            <ns3:cad>100</ns3:cad>
          </ns3:TrackPointExtension>
        </extensions>
      </trkpt>
      <trkpt lat="29.1487738676369190216064453125" lon="120.32828693278133869171142578125">
        <ele>141.399993896484375</ele>
        <time>2016-04-28T11:36:19.000Z</time>
        <extensions>
          <ns3:TrackPointExtension>
            <ns3:hr>175</ns3:hr>
            <ns3:cad>100</ns3:cad>
          </ns3:TrackPointExtension>
        </extensions>
      </trkpt>
      <trkpt lat="29.1487738676369190216064453125" lon="120.32828693278133869171142578125">
        <ele>141.399993896484375</ele>
        <time>2016-04-28T11:36:20.000Z</time>
        <extensions>
          <ns3:TrackPointExtension>
            <ns3:hr>174</ns3:hr>
            <ns3:cad>100</ns3:cad>
          </ns3:TrackPointExtension>
        </extensions>
      </trkpt>
      <trkpt lat="29.14871670305728912353515625" lon="120.3282658942043781280517578125">
        <ele>141.600006103515625</ele>
        <time>2016-04-28T11:36:21.000Z</time>
        <extensions>
          <ns3:TrackPointExtension>
            <ns3:hr>174</ns3:hr>
            <ns3:cad>100</ns3:cad>
          </ns3:TrackPointExtension>
        </extensions>
      </trkpt>
      <trkpt lat="29.14871670305728912353515625" lon="120.3282658942043781280517578125">
        <ele>141.600006103515625</ele>
        <time>2016-04-28T11:36:22.000Z</time>
        <extensions>
          <ns3:TrackPointExtension>
            <ns3:hr>174</ns3:hr>
            <ns3:cad>100</ns3:cad>
          </ns3:TrackPointExtension>
        </extensions>
      </trkpt>
      <trkpt lat="29.14868661202490329742431640625" lon="120.32825223170220851898193359375">
        <ele>141.8000030517578125</ele>
        <time>2016-04-28T11:36:23.000Z</time>
        <extensions>
          <ns3:TrackPointExtension>
            <ns3:hr>174</ns3:hr>
            <ns3:cad>99</ns3:cad>
          </ns3:TrackPointExtension>
        </extensions>
      </trkpt>
      <trkpt lat="29.1486256755888462066650390625" lon="120.3282327018678188323974609375">
        <ele>142</ele>
        <time>2016-04-28T11:36:24.000Z</time>
        <extensions>
          <ns3:TrackPointExtension>
            <ns3:hr>174</ns3:hr>
            <ns3:cad>100</ns3:cad>
          </ns3:TrackPointExtension>
        </extensions>
      </trkpt>
      <trkpt lat="29.1486256755888462066650390625" lon="120.3282327018678188323974609375">
        <ele>142</ele>
        <time>2016-04-28T11:36:25.000Z</time>
        <extensions>
          <ns3:TrackPointExtension>
            <ns3:hr>175</ns3:hr>
            <ns3:cad>100</ns3:cad>
          </ns3:TrackPointExtension>
        </extensions>
      </trkpt>
      <trkpt lat="29.1485629789531230926513671875" lon="120.32821870408952236175537109375">
        <ele>142</ele>
        <time>2016-04-28T11:36:26.000Z</time>
        <extensions>
          <ns3:TrackPointExtension>
            <ns3:hr>174</ns3:hr>
            <ns3:cad>101</ns3:cad>
          </ns3:TrackPointExtension>
        </extensions>
      </trkpt>
      <trkpt lat="29.1485629789531230926513671875" lon="120.32821870408952236175537109375">
        <ele>142</ele>
        <time>2016-04-28T11:36:27.000Z</time>
        <extensions>
          <ns3:TrackPointExtension>
            <ns3:hr>173</ns3:hr>
            <ns3:cad>101</ns3:cad>
          </ns3:TrackPointExtension>
        </extensions>
      </trkpt>
      <trkpt lat="29.1485324688255786895751953125" lon="120.328214429318904876708984375">
        <ele>142</ele>
        <time>2016-04-28T11:36:28.000Z</time>
        <extensions>
          <ns3:TrackPointExtension>
            <ns3:hr>173</ns3:hr>
            <ns3:cad>101</ns3:cad>
          </ns3:TrackPointExtension>
        </extensions>
      </trkpt>
      <trkpt lat="29.1485019586980342864990234375" lon="120.32820814289152622222900390625">
        <ele>142</ele>
        <time>2016-04-28T11:36:29.000Z</time>
        <extensions>
          <ns3:TrackPointExtension>
            <ns3:hr>173</ns3:hr>
            <ns3:cad>101</ns3:cad>
          </ns3:TrackPointExtension>
        </extensions>
      </trkpt>
      <trkpt lat="29.1484731249511241912841796875" lon="120.3282035328447818756103515625">
        <ele>142</ele>
        <time>2016-04-28T11:36:30.000Z</time>
        <extensions>
          <ns3:TrackPointExtension>
            <ns3:hr>173</ns3:hr>
            <ns3:cad>101</ns3:cad>
          </ns3:TrackPointExtension>
        </extensions>
      </trkpt>
      <trkpt lat="29.14841034449636936187744140625" lon="120.32820395193994045257568359375">
        <ele>142.1999969482421875</ele>
        <time>2016-04-28T11:36:31.000Z</time>
        <extensions>
          <ns3:TrackPointExtension>
            <ns3:hr>173</ns3:hr>
            <ns3:cad>100</ns3:cad>
          </ns3:TrackPointExtension>
        </extensions>
      </trkpt>
      <trkpt lat="29.14841034449636936187744140625" lon="120.32820395193994045257568359375">
        <ele>142.1999969482421875</ele>
        <time>2016-04-28T11:36:32.000Z</time>
        <extensions>
          <ns3:TrackPointExtension>
            <ns3:hr>174</ns3:hr>
            <ns3:cad>100</ns3:cad>
          </ns3:TrackPointExtension>
        </extensions>
      </trkpt>
      <trkpt lat="29.14835217408835887908935546875" lon="120.32821116037666797637939453125">
        <ele>142.399993896484375</ele>
        <time>2016-04-28T11:36:33.000Z</time>
        <extensions>
          <ns3:TrackPointExtension>
            <ns3:hr>174</ns3:hr>
            <ns3:cad>100</ns3:cad>
          </ns3:TrackPointExtension>
        </extensions>
      </trkpt>
      <trkpt lat="29.14835217408835887908935546875" lon="120.32821116037666797637939453125">
        <ele>142.399993896484375</ele>
        <time>2016-04-28T11:36:34.000Z</time>
        <extensions>
          <ns3:TrackPointExtension>
            <ns3:hr>173</ns3:hr>
            <ns3:cad>100</ns3:cad>
          </ns3:TrackPointExtension>
        </extensions>
      </trkpt>
      <trkpt lat="29.14829433895647525787353515625" lon="120.3282276727259159088134765625">
        <ele>142.600006103515625</ele>
        <time>2016-04-28T11:36:35.000Z</time>
        <extensions>
          <ns3:TrackPointExtension>
            <ns3:hr>174</ns3:hr>
            <ns3:cad>99</ns3:cad>
          </ns3:TrackPointExtension>
        </extensions>
      </trkpt>
      <trkpt lat="29.14829433895647525787353515625" lon="120.3282276727259159088134765625">
        <ele>142.600006103515625</ele>
        <time>2016-04-28T11:36:36.000Z</time>
        <extensions>
          <ns3:TrackPointExtension>
            <ns3:hr>174</ns3:hr>
            <ns3:cad>99</ns3:cad>
          </ns3:TrackPointExtension>
        </extensions>
      </trkpt>
      <trkpt lat="29.1482686065137386322021484375" lon="120.32824217341840267181396484375">
        <ele>142.600006103515625</ele>
        <time>2016-04-28T11:36:37.000Z</time>
        <extensions>
          <ns3:TrackPointExtension>
            <ns3:hr>173</ns3:hr>
            <ns3:cad>99</ns3:cad>
          </ns3:TrackPointExtension>
        </extensions>
      </trkpt>
      <trkpt lat="29.14821856655180454254150390625" lon="120.32827586866915225982666015625">
        <ele>143</ele>
        <time>2016-04-28T11:36:38.000Z</time>
        <extensions>
          <ns3:TrackPointExtension>
            <ns3:hr>174</ns3:hr>
            <ns3:cad>99</ns3:cad>
          </ns3:TrackPointExtension>
        </extensions>
      </trkpt>
      <trkpt lat="29.14821856655180454254150390625" lon="120.32827586866915225982666015625">
        <ele>143</ele>
        <time>2016-04-28T11:36:39.000Z</time>
        <extensions>
          <ns3:TrackPointExtension>
            <ns3:hr>174</ns3:hr>
            <ns3:cad>99</ns3:cad>
          </ns3:TrackPointExtension>
        </extensions>
      </trkpt>
      <trkpt lat="29.148197360336780548095703125" lon="120.32829799689352512359619140625">
        <ele>143</ele>
        <time>2016-04-28T11:36:40.000Z</time>
        <extensions>
          <ns3:TrackPointExtension>
            <ns3:hr>173</ns3:hr>
            <ns3:cad>99</ns3:cad>
          </ns3:TrackPointExtension>
        </extensions>
      </trkpt>
      <trkpt lat="29.1481536068022251129150390625" lon="120.32834124751389026641845703125">
        <ele>143</ele>
        <time>2016-04-28T11:36:41.000Z</time>
        <extensions>
          <ns3:TrackPointExtension>
            <ns3:hr>173</ns3:hr>
            <ns3:cad>99</ns3:cad>
          </ns3:TrackPointExtension>
        </extensions>
      </trkpt>
      <trkpt lat="29.1481536068022251129150390625" lon="120.32834124751389026641845703125">
        <ele>143</ele>
        <time>2016-04-28T11:36:42.000Z</time>
        <extensions>
          <ns3:TrackPointExtension>
            <ns3:hr>173</ns3:hr>
            <ns3:cad>99</ns3:cad>
          </ns3:TrackPointExtension>
        </extensions>
      </trkpt>
      <trkpt lat="29.14813927374780178070068359375" lon="120.32836656086146831512451171875">
        <ele>143.1999969482421875</ele>
        <time>2016-04-28T11:36:43.000Z</time>
        <extensions>
          <ns3:TrackPointExtension>
            <ns3:hr>174</ns3:hr>
            <ns3:cad>99</ns3:cad>
          </ns3:TrackPointExtension>
        </extensions>
      </trkpt>
      <trkpt lat="29.1481237672269344329833984375" lon="120.3283936344087123870849609375">
        <ele>143.1999969482421875</ele>
        <time>2016-04-28T11:36:44.000Z</time>
        <extensions>
          <ns3:TrackPointExtension>
            <ns3:hr>174</ns3:hr>
            <ns3:cad>99</ns3:cad>
          </ns3:TrackPointExtension>
        </extensions>
      </trkpt>
      <trkpt lat="29.14811228401958942413330078125" lon="120.32842439599335193634033203125">
        <ele>143.1999969482421875</ele>
        <time>2016-04-28T11:36:45.000Z</time>
        <extensions>
          <ns3:TrackPointExtension>
            <ns3:hr>174</ns3:hr>
            <ns3:cad>99</ns3:cad>
          </ns3:TrackPointExtension>
        </extensions>
      </trkpt>
      <trkpt lat="29.1481046564877033233642578125" lon="120.3284573368728160858154296875">
        <ele>143.1999969482421875</ele>
        <time>2016-04-28T11:36:46.000Z</time>
        <extensions>
          <ns3:TrackPointExtension>
            <ns3:hr>174</ns3:hr>
            <ns3:cad>99</ns3:cad>
          </ns3:TrackPointExtension>
        </extensions>
      </trkpt>
      <trkpt lat="29.14809736423194408416748046875" lon="120.3284891881048679351806640625">
        <ele>143.1999969482421875</ele>
        <time>2016-04-28T11:36:47.000Z</time>
        <extensions>
          <ns3:TrackPointExtension>
            <ns3:hr>174</ns3:hr>
            <ns3:cad>100</ns3:cad>
          </ns3:TrackPointExtension>
        </extensions>
      </trkpt>
      <trkpt lat="29.14809501729905605316162109375" lon="120.3285213746130466461181640625">
        <ele>143.399993896484375</ele>
        <time>2016-04-28T11:36:48.000Z</time>
        <extensions>
          <ns3:TrackPointExtension>
            <ns3:hr>174</ns3:hr>
            <ns3:cad>100</ns3:cad>
          </ns3:TrackPointExtension>
        </extensions>
      </trkpt>
      <trkpt lat="29.14809484966099262237548828125" lon="120.328555069863796234130859375">
        <ele>143.600006103515625</ele>
        <time>2016-04-28T11:36:49.000Z</time>
        <extensions>
          <ns3:TrackPointExtension>
            <ns3:hr>174</ns3:hr>
            <ns3:cad>100</ns3:cad>
          </ns3:TrackPointExtension>
        </extensions>
      </trkpt>
      <trkpt lat="29.14809552021324634552001953125" lon="120.32858960330486297607421875">
        <ele>143.8000030517578125</ele>
        <time>2016-04-28T11:36:50.000Z</time>
        <extensions>
          <ns3:TrackPointExtension>
            <ns3:hr>174</ns3:hr>
            <ns3:cad>100</ns3:cad>
          </ns3:TrackPointExtension>
        </extensions>
      </trkpt>
      <trkpt lat="29.148100130259990692138671875" lon="120.32862170599400997161865234375">
        <ele>144</ele>
        <time>2016-04-28T11:36:51.000Z</time>
        <extensions>
          <ns3:TrackPointExtension>
            <ns3:hr>173</ns3:hr>
            <ns3:cad>100</ns3:cad>
          </ns3:TrackPointExtension>
        </extensions>
      </trkpt>
      <trkpt lat="29.14810708723962306976318359375" lon="120.32865372486412525177001953125">
        <ele>144.1999969482421875</ele>
        <time>2016-04-28T11:36:52.000Z</time>
        <extensions>
          <ns3:TrackPointExtension>
            <ns3:hr>173</ns3:hr>
            <ns3:cad>100</ns3:cad>
          </ns3:TrackPointExtension>
        </extensions>
      </trkpt>
      <trkpt lat="29.14811429567635059356689453125" lon="120.32868658192455768585205078125">
        <ele>144.600006103515625</ele>
        <time>2016-04-28T11:36:53.000Z</time>
        <extensions>
          <ns3:TrackPointExtension>
            <ns3:hr>173</ns3:hr>
            <ns3:cad>100</ns3:cad>
          </ns3:TrackPointExtension>
        </extensions>
      </trkpt>
      <trkpt lat="29.14812267757952213287353515625" lon="120.32871700823307037353515625">
        <ele>144.600006103515625</ele>
        <time>2016-04-28T11:36:54.000Z</time>
        <extensions>
          <ns3:TrackPointExtension>
            <ns3:hr>173</ns3:hr>
            <ns3:cad>99</ns3:cad>
          </ns3:TrackPointExtension>
        </extensions>
      </trkpt>
      <trkpt lat="29.14813491515815258026123046875" lon="120.3287473507225513458251953125">
        <ele>144.8000030517578125</ele>
        <time>2016-04-28T11:36:55.000Z</time>
        <extensions>
          <ns3:TrackPointExtension>
            <ns3:hr>174</ns3:hr>
            <ns3:cad>99</ns3:cad>
          </ns3:TrackPointExtension>
        </extensions>
      </trkpt>
      <trkpt lat="29.14815008640289306640625" lon="120.328778363764286041259765625">
        <ele>145</ele>
        <time>2016-04-28T11:36:56.000Z</time>
        <extensions>
          <ns3:TrackPointExtension>
            <ns3:hr>173</ns3:hr>
            <ns3:cad>99</ns3:cad>
          </ns3:TrackPointExtension>
        </extensions>
      </trkpt>
      <trkpt lat="29.14818554185330867767333984375" lon="120.3288308344781398773193359375">
        <ele>145</ele>
        <time>2016-04-28T11:36:57.000Z</time>
        <extensions>
          <ns3:TrackPointExtension>
            <ns3:hr>174</ns3:hr>
            <ns3:cad>99</ns3:cad>
          </ns3:TrackPointExtension>
        </extensions>
      </trkpt>
      <trkpt lat="29.14818554185330867767333984375" lon="120.3288308344781398773193359375">
        <ele>145</ele>
        <time>2016-04-28T11:36:58.000Z</time>
        <extensions>
          <ns3:TrackPointExtension>
            <ns3:hr>174</ns3:hr>
            <ns3:cad>99</ns3:cad>
          </ns3:TrackPointExtension>
        </extensions>
      </trkpt>
      <trkpt lat="29.14820750243961811065673828125" lon="120.328855812549591064453125">
        <ele>144.8000030517578125</ele>
        <time>2016-04-28T11:36:59.000Z</time>
        <extensions>
          <ns3:TrackPointExtension>
            <ns3:hr>174</ns3:hr>
            <ns3:cad>99</ns3:cad>
          </ns3:TrackPointExtension>
        </extensions>
      </trkpt>
      <trkpt lat="29.1482572071254253387451171875" lon="120.32889495603740215301513671875">
        <ele>144.600006103515625</ele>
        <time>2016-04-28T11:37:00.000Z</time>
        <extensions>
          <ns3:TrackPointExtension>
            <ns3:hr>175</ns3:hr>
            <ns3:cad>99</ns3:cad>
          </ns3:TrackPointExtension>
        </extensions>
      </trkpt>
      <trkpt lat="29.1482572071254253387451171875" lon="120.32889495603740215301513671875">
        <ele>144.600006103515625</ele>
        <time>2016-04-28T11:37:01.000Z</time>
        <extensions>
          <ns3:TrackPointExtension>
            <ns3:hr>174</ns3:hr>
            <ns3:cad>99</ns3:cad>
          </ns3:TrackPointExtension>
        </extensions>
      </trkpt>
      <trkpt lat="29.1483142040669918060302734375" lon="120.3289295732975006103515625">
        <ele>144.399993896484375</ele>
        <time>2016-04-28T11:37:02.000Z</time>
        <extensions>
          <ns3:TrackPointExtension>
            <ns3:hr>174</ns3:hr>
            <ns3:cad>100</ns3:cad>
          </ns3:TrackPointExtension>
        </extensions>
      </trkpt>
      <trkpt lat="29.1483142040669918060302734375" lon="120.3289295732975006103515625">
        <ele>144.399993896484375</ele>
        <time>2016-04-28T11:37:03.000Z</time>
        <extensions>
          <ns3:TrackPointExtension>
            <ns3:hr>174</ns3:hr>
            <ns3:cad>100</ns3:cad>
          </ns3:TrackPointExtension>
        </extensions>
      </trkpt>
      <trkpt lat="29.148342870175838470458984375" lon="120.328942649066448211669921875">
        <ele>144.399993896484375</ele>
        <time>2016-04-28T11:37:04.000Z</time>
        <extensions>
          <ns3:TrackPointExtension>
            <ns3:hr>174</ns3:hr>
            <ns3:cad>100</ns3:cad>
          </ns3:TrackPointExtension>
        </extensions>
      </trkpt>
      <trkpt lat="29.148373045027256011962890625" lon="120.328955389559268951416015625">
        <ele>144.1999969482421875</ele>
        <time>2016-04-28T11:37:05.000Z</time>
        <extensions>
          <ns3:TrackPointExtension>
            <ns3:hr>174</ns3:hr>
            <ns3:cad>100</ns3:cad>
          </ns3:TrackPointExtension>
        </extensions>
      </trkpt>
      <trkpt lat="29.1484040580689907073974609375" lon="120.32896519638597965240478515625">
        <ele>144</ele>
        <time>2016-04-28T11:37:06.000Z</time>
        <extensions>
          <ns3:TrackPointExtension>
            <ns3:hr>174</ns3:hr>
            <ns3:cad>100</ns3:cad>
          </ns3:TrackPointExtension>
        </extensions>
      </trkpt>
      <trkpt lat="29.14846650324761867523193359375" lon="120.32898724079132080078125">
        <ele>143.399993896484375</ele>
        <time>2016-04-28T11:37:07.000Z</time>
        <extensions>
          <ns3:TrackPointExtension>
            <ns3:hr>174</ns3:hr>
            <ns3:cad>99</ns3:cad>
          </ns3:TrackPointExtension>
        </extensions>
      </trkpt>
      <trkpt lat="29.14846650324761867523193359375" lon="120.32898724079132080078125">
        <ele>143.399993896484375</ele>
        <time>2016-04-28T11:37:08.000Z</time>
        <extensions>
          <ns3:TrackPointExtension>
            <ns3:hr>174</ns3:hr>
            <ns3:cad>99</ns3:cad>
          </ns3:TrackPointExtension>
        </extensions>
      </trkpt>
      <trkpt lat="29.148499108850955963134765625" lon="120.3289961256086826324462890625">
        <ele>142.8000030517578125</ele>
        <time>2016-04-28T11:37:09.000Z</time>
        <extensions>
          <ns3:TrackPointExtension>
            <ns3:hr>175</ns3:hr>
            <ns3:cad>99</ns3:cad>
          </ns3:TrackPointExtension>
        </extensions>
      </trkpt>
      <trkpt lat="29.148560464382171630859375" lon="120.32901381142437458038330078125">
        <ele>141.8000030517578125</ele>
        <time>2016-04-28T11:37:10.000Z</time>
        <extensions>
          <ns3:TrackPointExtension>
            <ns3:hr>175</ns3:hr>
            <ns3:cad>100</ns3:cad>
          </ns3:TrackPointExtension>
        </extensions>
      </trkpt>
      <trkpt lat="29.148560464382171630859375" lon="120.32901381142437458038330078125">
        <ele>141.8000030517578125</ele>
        <time>2016-04-28T11:37:11.000Z</time>
        <extensions>
          <ns3:TrackPointExtension>
            <ns3:hr>174</ns3:hr>
            <ns3:cad>100</ns3:cad>
          </ns3:TrackPointExtension>
        </extensions>
      </trkpt>
      <trkpt lat="29.1486208140850067138671875" lon="120.32903141342103481292724609375">
        <ele>140.8000030517578125</ele>
        <time>2016-04-28T11:37:12.000Z</time>
        <extensions>
          <ns3:TrackPointExtension>
            <ns3:hr>173</ns3:hr>
            <ns3:cad>99</ns3:cad>
          </ns3:TrackPointExtension>
        </extensions>
      </trkpt>
      <trkpt lat="29.1486208140850067138671875" lon="120.32903141342103481292724609375">
        <ele>140.8000030517578125</ele>
        <time>2016-04-28T11:37:13.000Z</time>
        <extensions>
          <ns3:TrackPointExtension>
            <ns3:hr>173</ns3:hr>
            <ns3:cad>99</ns3:cad>
          </ns3:TrackPointExtension>
        </extensions>
      </trkpt>
      <trkpt lat="29.1486528329551219940185546875" lon="120.3290407173335552215576171875">
        <ele>140.1999969482421875</ele>
        <time>2016-04-28T11:37:14.000Z</time>
        <extensions>
          <ns3:TrackPointExtension>
            <ns3:hr>174</ns3:hr>
            <ns3:cad>99</ns3:cad>
          </ns3:TrackPointExtension>
        </extensions>
      </trkpt>
      <trkpt lat="29.1487120091915130615234375" lon="120.3290598280727863311767578125">
        <ele>139.1999969482421875</ele>
        <time>2016-04-28T11:37:15.000Z</time>
        <extensions>
          <ns3:TrackPointExtension>
            <ns3:hr>174</ns3:hr>
            <ns3:cad>99</ns3:cad>
          </ns3:TrackPointExtension>
        </extensions>
      </trkpt>
      <trkpt lat="29.14874344132840633392333984375" lon="120.32907105982303619384765625">
        <ele>139</ele>
        <time>2016-04-28T11:37:16.000Z</time>
        <extensions>
          <ns3:TrackPointExtension>
            <ns3:hr>174</ns3:hr>
            <ns3:cad>99</ns3:cad>
          </ns3:TrackPointExtension>
        </extensions>
      </trkpt>
      <trkpt lat="29.14874344132840633392333984375" lon="120.32907105982303619384765625">
        <ele>139</ele>
        <time>2016-04-28T11:37:17.000Z</time>
        <extensions>
          <ns3:TrackPointExtension>
            <ns3:hr>174</ns3:hr>
            <ns3:cad>99</ns3:cad>
          </ns3:TrackPointExtension>
        </extensions>
      </trkpt>
      <trkpt lat="29.1488050483167171478271484375" lon="120.3290923498570919036865234375">
        <ele>138.600006103515625</ele>
        <time>2016-04-28T11:37:18.000Z</time>
        <extensions>
          <ns3:TrackPointExtension>
            <ns3:hr>174</ns3:hr>
            <ns3:cad>100</ns3:cad>
          </ns3:TrackPointExtension>
        </extensions>
      </trkpt>
      <trkpt lat="29.1488050483167171478271484375" lon="120.3290923498570919036865234375">
        <ele>138.600006103515625</ele>
        <time>2016-04-28T11:37:19.000Z</time>
        <extensions>
          <ns3:TrackPointExtension>
            <ns3:hr>173</ns3:hr>
            <ns3:cad>100</ns3:cad>
          </ns3:TrackPointExtension>
        </extensions>
      </trkpt>
      <trkpt lat="29.14886648766696453094482421875" lon="120.32911137677729129791259765625">
        <ele>138.1999969482421875</ele>
        <time>2016-04-28T11:37:20.000Z</time>
        <extensions>
          <ns3:TrackPointExtension>
            <ns3:hr>173</ns3:hr>
            <ns3:cad>100</ns3:cad>
          </ns3:TrackPointExtension>
        </extensions>
      </trkpt>
      <trkpt lat="29.14886648766696453094482421875" lon="120.32911137677729129791259765625">
        <ele>138.1999969482421875</ele>
        <time>2016-04-28T11:37:21.000Z</time>
        <extensions>
          <ns3:TrackPointExtension>
            <ns3:hr>173</ns3:hr>
            <ns3:cad>100</ns3:cad>
          </ns3:TrackPointExtension>
        </extensions>
      </trkpt>
      <trkpt lat="29.1488943994045257568359375" lon="120.32912311144173145294189453125">
        <ele>138</ele>
        <time>2016-04-28T11:37:22.000Z</time>
        <extensions>
          <ns3:TrackPointExtension>
            <ns3:hr>173</ns3:hr>
            <ns3:cad>99</ns3:cad>
          </ns3:TrackPointExtension>
        </extensions>
      </trkpt>
      <trkpt lat="29.14892457425594329833984375" lon="120.32913551665842533111572265625">
        <ele>137.8000030517578125</ele>
        <time>2016-04-28T11:37:23.000Z</time>
        <extensions>
          <ns3:TrackPointExtension>
            <ns3:hr>173</ns3:hr>
            <ns3:cad>99</ns3:cad>
          </ns3:TrackPointExtension>
        </extensions>
      </trkpt>
      <trkpt lat="29.14895474910736083984375" lon="120.32914607785642147064208984375">
        <ele>137.600006103515625</ele>
        <time>2016-04-28T11:37:24.000Z</time>
        <extensions>
          <ns3:TrackPointExtension>
            <ns3:hr>174</ns3:hr>
            <ns3:cad>99</ns3:cad>
          </ns3:TrackPointExtension>
        </extensions>
      </trkpt>
      <trkpt lat="29.14898500777781009674072265625" lon="120.329157896339893341064453125">
        <ele>137.399993896484375</ele>
        <time>2016-04-28T11:37:25.000Z</time>
        <extensions>
          <ns3:TrackPointExtension>
            <ns3:hr>175</ns3:hr>
            <ns3:cad>99</ns3:cad>
          </ns3:TrackPointExtension>
        </extensions>
      </trkpt>
      <trkpt lat="29.1490204632282257080078125" lon="120.32917038537561893463134765625">
        <ele>137.600006103515625</ele>
        <time>2016-04-28T11:37:26.000Z</time>
        <extensions>
          <ns3:TrackPointExtension>
            <ns3:hr>175</ns3:hr>
            <ns3:cad>98</ns3:cad>
          </ns3:TrackPointExtension>
        </extensions>
      </trkpt>
      <trkpt lat="29.14908173494040966033935546875" lon="120.32919050194323062896728515625">
        <ele>138</ele>
        <time>2016-04-28T11:37:27.000Z</time>
        <extensions>
          <ns3:TrackPointExtension>
            <ns3:hr>175</ns3:hr>
            <ns3:cad>98</ns3:cad>
          </ns3:TrackPointExtension>
        </extensions>
      </trkpt>
      <trkpt lat="29.14908173494040966033935546875" lon="120.32919050194323062896728515625">
        <ele>138</ele>
        <time>2016-04-28T11:37:28.000Z</time>
        <extensions>
          <ns3:TrackPointExtension>
            <ns3:hr>175</ns3:hr>
            <ns3:cad>99</ns3:cad>
          </ns3:TrackPointExtension>
        </extensions>
      </trkpt>
      <trkpt lat="29.14914376102387905120849609375" lon="120.32920508645474910736083984375">
        <ele>138.600006103515625</ele>
        <time>2016-04-28T11:37:29.000Z</time>
        <extensions>
          <ns3:TrackPointExtension>
            <ns3:hr>174</ns3:hr>
            <ns3:cad>99</ns3:cad>
          </ns3:TrackPointExtension>
        </extensions>
      </trkpt>
      <trkpt lat="29.14914376102387905120849609375" lon="120.32920508645474910736083984375">
        <ele>138.600006103515625</ele>
        <time>2016-04-28T11:37:30.000Z</time>
        <extensions>
          <ns3:TrackPointExtension>
            <ns3:hr>175</ns3:hr>
            <ns3:cad>99</ns3:cad>
          </ns3:TrackPointExtension>
        </extensions>
      </trkpt>
      <trkpt lat="29.14917242713272571563720703125" lon="120.3292093612253665924072265625">
        <ele>138.8000030517578125</ele>
        <time>2016-04-28T11:37:31.000Z</time>
        <extensions>
          <ns3:TrackPointExtension>
            <ns3:hr>175</ns3:hr>
            <ns3:cad>99</ns3:cad>
          </ns3:TrackPointExtension>
        </extensions>
      </trkpt>
      <trkpt lat="29.14923361502587795257568359375" lon="120.32920525409281253814697265625">
        <ele>139.600006103515625</ele>
        <time>2016-04-28T11:37:32.000Z</time>
        <extensions>
          <ns3:TrackPointExtension>
            <ns3:hr>175</ns3:hr>
            <ns3:cad>99</ns3:cad>
          </ns3:TrackPointExtension>
        </extensions>
      </trkpt>
      <trkpt lat="29.14923361502587795257568359375" lon="120.32920525409281253814697265625">
        <ele>139.600006103515625</ele>
        <time>2016-04-28T11:37:33.000Z</time>
        <extensions>
          <ns3:TrackPointExtension>
            <ns3:hr>175</ns3:hr>
            <ns3:cad>99</ns3:cad>
          </ns3:TrackPointExtension>
        </extensions>
      </trkpt>
      <trkpt lat="29.1492945514619350433349609375" lon="120.3291899152100086212158203125">
        <ele>140</ele>
        <time>2016-04-28T11:37:34.000Z</time>
        <extensions>
          <ns3:TrackPointExtension>
            <ns3:hr>174</ns3:hr>
            <ns3:cad>99</ns3:cad>
          </ns3:TrackPointExtension>
        </extensions>
      </trkpt>
      <trkpt lat="29.1492945514619350433349609375" lon="120.3291899152100086212158203125">
        <ele>140</ele>
        <time>2016-04-28T11:37:35.000Z</time>
        <extensions>
          <ns3:TrackPointExtension>
            <ns3:hr>174</ns3:hr>
            <ns3:cad>99</ns3:cad>
          </ns3:TrackPointExtension>
        </extensions>
      </trkpt>
      <trkpt lat="29.1493227146565914154052734375" lon="120.32917742617428302764892578125">
        <ele>140.1999969482421875</ele>
        <time>2016-04-28T11:37:36.000Z</time>
        <extensions>
          <ns3:TrackPointExtension>
            <ns3:hr>175</ns3:hr>
            <ns3:cad>99</ns3:cad>
          </ns3:TrackPointExtension>
        </extensions>
      </trkpt>
      <trkpt lat="29.1493720002472400665283203125" lon="120.329148508608341217041015625">
        <ele>140.399993896484375</ele>
        <time>2016-04-28T11:37:37.000Z</time>
        <extensions>
          <ns3:TrackPointExtension>
            <ns3:hr>175</ns3:hr>
            <ns3:cad>99</ns3:cad>
          </ns3:TrackPointExtension>
        </extensions>
      </trkpt>
      <trkpt lat="29.1493720002472400665283203125" lon="120.329148508608341217041015625">
        <ele>140.399993896484375</ele>
        <time>2016-04-28T11:37:38.000Z</time>
        <extensions>
          <ns3:TrackPointExtension>
            <ns3:hr>174</ns3:hr>
            <ns3:cad>99</ns3:cad>
          </ns3:TrackPointExtension>
        </extensions>
      </trkpt>
      <trkpt lat="29.14941541850566864013671875" lon="120.32911020331084728240966796875">
        <ele>140.8000030517578125</ele>
        <time>2016-04-28T11:37:39.000Z</time>
        <extensions>
          <ns3:TrackPointExtension>
            <ns3:hr>174</ns3:hr>
            <ns3:cad>100</ns3:cad>
          </ns3:TrackPointExtension>
        </extensions>
      </trkpt>
      <trkpt lat="29.14941541850566864013671875" lon="120.32911020331084728240966796875">
        <ele>140.8000030517578125</ele>
        <time>2016-04-28T11:37:40.000Z</time>
        <extensions>
          <ns3:TrackPointExtension>
            <ns3:hr>174</ns3:hr>
            <ns3:cad>100</ns3:cad>
          </ns3:TrackPointExtension>
        </extensions>
      </trkpt>
      <trkpt lat="29.14943285286426544189453125" lon="120.329087488353252410888671875">
        <ele>141</ele>
        <time>2016-04-28T11:37:41.000Z</time>
        <extensions>
          <ns3:TrackPointExtension>
            <ns3:hr>174</ns3:hr>
            <ns3:cad>100</ns3:cad>
          </ns3:TrackPointExtension>
        </extensions>
      </trkpt>
      <trkpt lat="29.14946411736309528350830078125" lon="120.32903753221035003662109375">
        <ele>141.399993896484375</ele>
        <time>2016-04-28T11:37:42.000Z</time>
        <extensions>
          <ns3:TrackPointExtension>
            <ns3:hr>175</ns3:hr>
            <ns3:cad>99</ns3:cad>
          </ns3:TrackPointExtension>
        </extensions>
      </trkpt>
      <trkpt lat="29.14946411736309528350830078125" lon="120.32903753221035003662109375">
        <ele>141.399993896484375</ele>
        <time>2016-04-28T11:37:43.000Z</time>
        <extensions>
          <ns3:TrackPointExtension>
            <ns3:hr>176</ns3:hr>
            <ns3:cad>99</ns3:cad>
          </ns3:TrackPointExtension>
        </extensions>
      </trkpt>
      <trkpt lat="29.14949722588062286376953125" lon="120.32898279838263988494873046875">
        <ele>141.8000030517578125</ele>
        <time>2016-04-28T11:37:44.000Z</time>
        <extensions>
          <ns3:TrackPointExtension>
            <ns3:hr>176</ns3:hr>
            <ns3:cad>100</ns3:cad>
          </ns3:TrackPointExtension>
        </extensions>
      </trkpt>
      <trkpt lat="29.14949722588062286376953125" lon="120.32898279838263988494873046875">
        <ele>141.8000030517578125</ele>
        <time>2016-04-28T11:37:45.000Z</time>
        <extensions>
          <ns3:TrackPointExtension>
            <ns3:hr>176</ns3:hr>
            <ns3:cad>100</ns3:cad>
          </ns3:TrackPointExtension>
        </extensions>
      </trkpt>
      <trkpt lat="29.1495198570191860198974609375" lon="120.328925214707851409912109375">
        <ele>142.1999969482421875</ele>
        <time>2016-04-28T11:37:46.000Z</time>
        <extensions>
          <ns3:TrackPointExtension>
            <ns3:hr>175</ns3:hr>
            <ns3:cad>100</ns3:cad>
          </ns3:TrackPointExtension>
        </extensions>
      </trkpt>
      <trkpt lat="29.1495198570191860198974609375" lon="120.328925214707851409912109375">
        <ele>142.1999969482421875</ele>
        <time>2016-04-28T11:37:47.000Z</time>
        <extensions>
          <ns3:TrackPointExtension>
            <ns3:hr>174</ns3:hr>
            <ns3:cad>100</ns3:cad>
          </ns3:TrackPointExtension>
        </extensions>
      </trkpt>
      <trkpt lat="29.1495300829410552978515625" lon="120.32889663241803646087646484375">
        <ele>142.399993896484375</ele>
        <time>2016-04-28T11:37:48.000Z</time>
        <extensions>
          <ns3:TrackPointExtension>
            <ns3:hr>174</ns3:hr>
            <ns3:cad>99</ns3:cad>
          </ns3:TrackPointExtension>
        </extensions>
      </trkpt>
      <trkpt lat="29.149533770978450775146484375" lon="120.32886679284274578094482421875">
        <ele>142.600006103515625</ele>
        <time>2016-04-28T11:37:49.000Z</time>
        <extensions>
          <ns3:TrackPointExtension>
            <ns3:hr>173</ns3:hr>
            <ns3:cad>99</ns3:cad>
          </ns3:TrackPointExtension>
        </extensions>
      </trkpt>
      <trkpt lat="29.14953335188329219818115234375" lon="120.32883645035326480865478515625">
        <ele>142.600006103515625</ele>
        <time>2016-04-28T11:37:50.000Z</time>
        <extensions>
          <ns3:TrackPointExtension>
            <ns3:hr>173</ns3:hr>
            <ns3:cad>98</ns3:cad>
          </ns3:TrackPointExtension>
        </extensions>
      </trkpt>
      <trkpt lat="29.14951801300048828125" lon="120.328766964375972747802734375">
        <ele>142.8000030517578125</ele>
        <time>2016-04-28T11:37:51.000Z</time>
        <extensions>
          <ns3:TrackPointExtension>
            <ns3:hr>174</ns3:hr>
            <ns3:cad>98</ns3:cad>
          </ns3:TrackPointExtension>
        </extensions>
      </trkpt>
      <trkpt lat="29.14951801300048828125" lon="120.328766964375972747802734375">
        <ele>142.8000030517578125</ele>
        <time>2016-04-28T11:37:52.000Z</time>
        <extensions>
          <ns3:TrackPointExtension>
            <ns3:hr>174</ns3:hr>
            <ns3:cad>98</ns3:cad>
          </ns3:TrackPointExtension>
        </extensions>
      </trkpt>
      <trkpt lat="29.14950652979314327239990234375" lon="120.3287319280207157135009765625">
        <ele>142.8000030517578125</ele>
        <time>2016-04-28T11:37:53.000Z</time>
        <extensions>
          <ns3:TrackPointExtension>
            <ns3:hr>174</ns3:hr>
            <ns3:cad>98</ns3:cad>
          </ns3:TrackPointExtension>
        </extensions>
      </trkpt>
      <trkpt lat="29.14948138408362865447998046875" lon="120.32866126857697963714599609375">
        <ele>143.1999969482421875</ele>
        <time>2016-04-28T11:37:54.000Z</time>
        <extensions>
          <ns3:TrackPointExtension>
            <ns3:hr>174</ns3:hr>
            <ns3:cad>98</ns3:cad>
          </ns3:TrackPointExtension>
        </extensions>
      </trkpt>
      <trkpt lat="29.14948138408362865447998046875" lon="120.32866126857697963714599609375">
        <ele>143.1999969482421875</ele>
        <time>2016-04-28T11:37:55.000Z</time>
        <extensions>
          <ns3:TrackPointExtension>
            <ns3:hr>174</ns3:hr>
            <ns3:cad>98</ns3:cad>
          </ns3:TrackPointExtension>
        </extensions>
      </trkpt>
      <trkpt lat="29.14945154450833797454833984375" lon="120.328599996864795684814453125">
        <ele>143.399993896484375</ele>
        <time>2016-04-28T11:37:56.000Z</time>
        <extensions>
          <ns3:TrackPointExtension>
            <ns3:hr>174</ns3:hr>
            <ns3:cad>98</ns3:cad>
          </ns3:TrackPointExtension>
        </extensions>
      </trkpt>
      <trkpt lat="29.14945154450833797454833984375" lon="120.328599996864795684814453125">
        <ele>143.399993896484375</ele>
        <time>2016-04-28T11:37:57.000Z</time>
        <extensions>
          <ns3:TrackPointExtension>
            <ns3:hr>174</ns3:hr>
            <ns3:cad>98</ns3:cad>
          </ns3:TrackPointExtension>
        </extensions>
      </trkpt>
      <trkpt lat="29.14943293668329715728759765625" lon="120.32856906764209270477294921875">
        <ele>143.600006103515625</ele>
        <time>2016-04-28T11:37:58.000Z</time>
        <extensions>
          <ns3:TrackPointExtension>
            <ns3:hr>174</ns3:hr>
            <ns3:cad>98</ns3:cad>
          </ns3:TrackPointExtension>
        </extensions>
      </trkpt>
      <trkpt lat="29.1493884287774562835693359375" lon="120.3285190276801586151123046875">
        <ele>143.399993896484375</ele>
        <time>2016-04-28T11:37:59.000Z</time>
        <extensions>
          <ns3:TrackPointExtension>
            <ns3:hr>174</ns3:hr>
            <ns3:cad>98</ns3:cad>
          </ns3:TrackPointExtension>
        </extensions>
      </trkpt>
      <trkpt lat="29.1493884287774562835693359375" lon="120.3285190276801586151123046875">
        <ele>143.399993896484375</ele>
        <time>2016-04-28T11:38:00.000Z</time>
        <extensions>
          <ns3:TrackPointExtension>
            <ns3:hr>174</ns3:hr>
            <ns3:cad>98</ns3:cad>
          </ns3:TrackPointExtension>
        </extensions>
      </trkpt>
      <trkpt lat="29.1493391431868076324462890625" lon="120.328481979668140411376953125">
        <ele>143</ele>
        <time>2016-04-28T11:38:01.000Z</time>
        <extensions>
          <ns3:TrackPointExtension>
            <ns3:hr>174</ns3:hr>
            <ns3:cad>98</ns3:cad>
          </ns3:TrackPointExtension>
        </extensions>
      </trkpt>
      <trkpt lat="29.1493391431868076324462890625" lon="120.328481979668140411376953125">
        <ele>143</ele>
        <time>2016-04-28T11:38:02.000Z</time>
        <extensions>
          <ns3:TrackPointExtension>
            <ns3:hr>174</ns3:hr>
            <ns3:cad>98</ns3:cad>
          </ns3:TrackPointExtension>
        </extensions>
      </trkpt>
      <trkpt lat="29.14928290061652660369873046875" lon="120.32845138572156429290771484375">
        <ele>142.600006103515625</ele>
        <time>2016-04-28T11:38:03.000Z</time>
        <extensions>
          <ns3:TrackPointExtension>
            <ns3:hr>174</ns3:hr>
            <ns3:cad>97</ns3:cad>
          </ns3:TrackPointExtension>
        </extensions>
      </trkpt>
      <trkpt lat="29.14928290061652660369873046875" lon="120.32845138572156429290771484375">
        <ele>142.600006103515625</ele>
        <time>2016-04-28T11:38:04.000Z</time>
        <extensions>
          <ns3:TrackPointExtension>
            <ns3:hr>174</ns3:hr>
            <ns3:cad>97</ns3:cad>
          </ns3:TrackPointExtension>
        </extensions>
      </trkpt>
      <trkpt lat="29.1492251493036746978759765625" lon="120.328414924442768096923828125">
        <ele>142.600006103515625</ele>
        <time>2016-04-28T11:38:05.000Z</time>
        <extensions>
          <ns3:TrackPointExtension>
            <ns3:hr>174</ns3:hr>
            <ns3:cad>97</ns3:cad>
          </ns3:TrackPointExtension>
        </extensions>
      </trkpt>
      <trkpt lat="29.1492251493036746978759765625" lon="120.328414924442768096923828125">
        <ele>142.600006103515625</ele>
        <time>2016-04-28T11:38:06.000Z</time>
        <extensions>
          <ns3:TrackPointExtension>
            <ns3:hr>174</ns3:hr>
            <ns3:cad>97</ns3:cad>
          </ns3:TrackPointExtension>
        </extensions>
      </trkpt>
      <trkpt lat="29.14919388480484485626220703125" lon="120.328401513397693634033203125">
        <ele>142.600006103515625</ele>
        <time>2016-04-28T11:38:07.000Z</time>
        <extensions>
          <ns3:TrackPointExtension>
            <ns3:hr>174</ns3:hr>
            <ns3:cad>98</ns3:cad>
          </ns3:TrackPointExtension>
        </extensions>
      </trkpt>
      <trkpt lat="29.14912984706461429595947265625" lon="120.3283832408487796783447265625">
        <ele>142.1999969482421875</ele>
        <time>2016-04-28T11:38:08.000Z</time>
        <extensions>
          <ns3:TrackPointExtension>
            <ns3:hr>174</ns3:hr>
            <ns3:cad>98</ns3:cad>
          </ns3:TrackPointExtension>
        </extensions>
      </trkpt>
      <trkpt lat="29.14912984706461429595947265625" lon="120.3283832408487796783447265625">
        <ele>142.1999969482421875</ele>
        <time>2016-04-28T11:38:09.000Z</time>
        <extensions>
          <ns3:TrackPointExtension>
            <ns3:hr>174</ns3:hr>
            <ns3:cad>98</ns3:cad>
          </ns3:TrackPointExtension>
        </extensions>
      </trkpt>
      <trkpt lat="29.14906295947730541229248046875" lon="120.3283684886991977691650390625">
        <ele>141.600006103515625</ele>
        <time>2016-04-28T11:38:10.000Z</time>
        <extensions>
          <ns3:TrackPointExtension>
            <ns3:hr>175</ns3:hr>
            <ns3:cad>99</ns3:cad>
          </ns3:TrackPointExtension>
        </extensions>
      </trkpt>
      <trkpt lat="29.14906295947730541229248046875" lon="120.3283684886991977691650390625">
        <ele>141.600006103515625</ele>
        <time>2016-04-28T11:38:11.000Z</time>
        <extensions>
          <ns3:TrackPointExtension>
            <ns3:hr>175</ns3:hr>
            <ns3:cad>99</ns3:cad>
          </ns3:TrackPointExtension>
        </extensions>
      </trkpt>
      <trkpt lat="29.14902859367430210113525390625" lon="120.3283570893108844757080078125">
        <ele>141.399993896484375</ele>
        <time>2016-04-28T11:38:12.000Z</time>
        <extensions>
          <ns3:TrackPointExtension>
            <ns3:hr>175</ns3:hr>
            <ns3:cad>100</ns3:cad>
          </ns3:TrackPointExtension>
        </extensions>
      </trkpt>
      <trkpt lat="29.14899590425193309783935546875" lon="120.3283460251986980438232421875">
        <ele>141.1999969482421875</ele>
        <time>2016-04-28T11:38:13.000Z</time>
        <extensions>
          <ns3:TrackPointExtension>
            <ns3:hr>175</ns3:hr>
            <ns3:cad>99</ns3:cad>
          </ns3:TrackPointExtension>
        </extensions>
      </trkpt>
      <trkpt lat="29.1489663161337375640869140625" lon="120.32833638601005077362060546875">
        <ele>141.399993896484375</ele>
        <time>2016-04-28T11:38:14.000Z</time>
        <extensions>
          <ns3:TrackPointExtension>
            <ns3:hr>174</ns3:hr>
            <ns3:cad>99</ns3:cad>
          </ns3:TrackPointExtension>
        </extensions>
      </trkpt>
      <trkpt lat="29.14893588982522487640380859375" lon="120.32832817174494266510009765625">
        <ele>141.399993896484375</ele>
        <time>2016-04-28T11:38:15.000Z</time>
        <extensions>
          <ns3:TrackPointExtension>
            <ns3:hr>174</ns3:hr>
            <ns3:cad>99</ns3:cad>
          </ns3:TrackPointExtension>
        </extensions>
      </trkpt>
      <trkpt lat="29.1489056311547756195068359375" lon="120.32832004129886627197265625">
        <ele>141.399993896484375</ele>
        <time>2016-04-28T11:38:16.000Z</time>
        <extensions>
          <ns3:TrackPointExtension>
            <ns3:hr>174</ns3:hr>
            <ns3:cad>99</ns3:cad>
          </ns3:TrackPointExtension>
        </extensions>
      </trkpt>
      <trkpt lat="29.14887688122689723968505859375" lon="120.328310988843441009521484375">
        <ele>141.399993896484375</ele>
        <time>2016-04-28T11:38:17.000Z</time>
        <extensions>
          <ns3:TrackPointExtension>
            <ns3:hr>174</ns3:hr>
            <ns3:cad>99</ns3:cad>
          </ns3:TrackPointExtension>
        </extensions>
      </trkpt>
      <trkpt lat="29.1488482989370822906494140625" lon="120.32830034382641315460205078125">
        <ele>141.399993896484375</ele>
        <time>2016-04-28T11:38:18.000Z</time>
        <extensions>
          <ns3:TrackPointExtension>
            <ns3:hr>174</ns3:hr>
            <ns3:cad>99</ns3:cad>
          </ns3:TrackPointExtension>
        </extensions>
      </trkpt>
      <trkpt lat="29.148817956447601318359375" lon="120.328289531171321868896484375">
        <ele>141.399993896484375</ele>
        <time>2016-04-28T11:38:19.000Z</time>
        <extensions>
          <ns3:TrackPointExtension>
            <ns3:hr>175</ns3:hr>
            <ns3:cad>98</ns3:cad>
          </ns3:TrackPointExtension>
        </extensions>
      </trkpt>
      <trkpt lat="29.1487876139581203460693359375" lon="120.32827704213559627532958984375">
        <ele>141.600006103515625</ele>
        <time>2016-04-28T11:38:20.000Z</time>
        <extensions>
          <ns3:TrackPointExtension>
            <ns3:hr>174</ns3:hr>
            <ns3:cad>98</ns3:cad>
          </ns3:TrackPointExtension>
        </extensions>
      </trkpt>
      <trkpt lat="29.1487286053597927093505859375" lon="120.32825491391122341156005859375">
        <ele>141.8000030517578125</ele>
        <time>2016-04-28T11:38:21.000Z</time>
        <extensions>
          <ns3:TrackPointExtension>
            <ns3:hr>174</ns3:hr>
            <ns3:cad>98</ns3:cad>
          </ns3:TrackPointExtension>
        </extensions>
      </trkpt>
      <trkpt lat="29.1487286053597927093505859375" lon="120.32825491391122341156005859375">
        <ele>141.8000030517578125</ele>
        <time>2016-04-28T11:38:22.000Z</time>
        <extensions>
          <ns3:TrackPointExtension>
            <ns3:hr>174</ns3:hr>
            <ns3:cad>98</ns3:cad>
          </ns3:TrackPointExtension>
        </extensions>
      </trkpt>
      <trkpt lat="29.14867001585662364959716796875" lon="120.3282370604574680328369140625">
        <ele>142</ele>
        <time>2016-04-28T11:38:23.000Z</time>
        <extensions>
          <ns3:TrackPointExtension>
            <ns3:hr>175</ns3:hr>
            <ns3:cad>98</ns3:cad>
          </ns3:TrackPointExtension>
        </extensions>
      </trkpt>
      <trkpt lat="29.14867001585662364959716796875" lon="120.3282370604574680328369140625">
        <ele>142</ele>
        <time>2016-04-28T11:38:24.000Z</time>
        <extensions>
          <ns3:TrackPointExtension>
            <ns3:hr>175</ns3:hr>
            <ns3:cad>98</ns3:cad>
          </ns3:TrackPointExtension>
        </extensions>
      </trkpt>
      <trkpt lat="29.1486431099474430084228515625" lon="120.3282266668975353240966796875">
        <ele>142</ele>
        <time>2016-04-28T11:38:25.000Z</time>
        <extensions>
          <ns3:TrackPointExtension>
            <ns3:hr>175</ns3:hr>
            <ns3:cad>98</ns3:cad>
          </ns3:TrackPointExtension>
        </extensions>
      </trkpt>
      <trkpt lat="29.14861368946731090545654296875" lon="120.32821501605212688446044921875">
        <ele>142</ele>
        <time>2016-04-28T11:38:26.000Z</time>
        <extensions>
          <ns3:TrackPointExtension>
            <ns3:hr>174</ns3:hr>
            <ns3:cad>98</ns3:cad>
          </ns3:TrackPointExtension>
        </extensions>
      </trkpt>
      <trkpt lat="29.14855602197349071502685546875" lon="120.32819506712257862091064453125">
        <ele>142.1999969482421875</ele>
        <time>2016-04-28T11:38:27.000Z</time>
        <extensions>
          <ns3:TrackPointExtension>
            <ns3:hr>173</ns3:hr>
            <ns3:cad>99</ns3:cad>
          </ns3:TrackPointExtension>
        </extensions>
      </trkpt>
      <trkpt lat="29.14855602197349071502685546875" lon="120.32819506712257862091064453125">
        <ele>142.1999969482421875</ele>
        <time>2016-04-28T11:38:28.000Z</time>
        <extensions>
          <ns3:TrackPointExtension>
            <ns3:hr>172</ns3:hr>
            <ns3:cad>99</ns3:cad>
          </ns3:TrackPointExtension>
        </extensions>
      </trkpt>
      <trkpt lat="29.148495085537433624267578125" lon="120.32818199135363101959228515625">
        <ele>142.1999969482421875</ele>
        <time>2016-04-28T11:38:29.000Z</time>
        <extensions>
          <ns3:TrackPointExtension>
            <ns3:hr>173</ns3:hr>
            <ns3:cad>97</ns3:cad>
          </ns3:TrackPointExtension>
        </extensions>
      </trkpt>
      <trkpt lat="29.148495085537433624267578125" lon="120.32818199135363101959228515625">
        <ele>142.1999969482421875</ele>
        <time>2016-04-28T11:38:30.000Z</time>
        <extensions>
          <ns3:TrackPointExtension>
            <ns3:hr>173</ns3:hr>
            <ns3:cad>97</ns3:cad>
          </ns3:TrackPointExtension>
        </extensions>
      </trkpt>
      <trkpt lat="29.14843649603426456451416015625" lon="120.32817528583109378814697265625">
        <ele>142.1999969482421875</ele>
        <time>2016-04-28T11:38:31.000Z</time>
        <extensions>
          <ns3:TrackPointExtension>
            <ns3:hr>173</ns3:hr>
            <ns3:cad>98</ns3:cad>
          </ns3:TrackPointExtension>
        </extensions>
      </trkpt>
      <trkpt lat="29.14843649603426456451416015625" lon="120.32817528583109378814697265625">
        <ele>142.1999969482421875</ele>
        <time>2016-04-28T11:38:32.000Z</time>
        <extensions>
          <ns3:TrackPointExtension>
            <ns3:hr>173</ns3:hr>
            <ns3:cad>98</ns3:cad>
          </ns3:TrackPointExtension>
        </extensions>
      </trkpt>
      <trkpt lat="29.1483752243220806121826171875" lon="120.3281834162771701812744140625">
        <ele>142.1999969482421875</ele>
        <time>2016-04-28T11:38:33.000Z</time>
        <extensions>
          <ns3:TrackPointExtension>
            <ns3:hr>173</ns3:hr>
            <ns3:cad>98</ns3:cad>
          </ns3:TrackPointExtension>
        </extensions>
      </trkpt>
      <trkpt lat="29.1483752243220806121826171875" lon="120.3281834162771701812744140625">
        <ele>142.1999969482421875</ele>
        <time>2016-04-28T11:38:34.000Z</time>
        <extensions>
          <ns3:TrackPointExtension>
            <ns3:hr>173</ns3:hr>
            <ns3:cad>98</ns3:cad>
          </ns3:TrackPointExtension>
        </extensions>
      </trkpt>
      <trkpt lat="29.14831328205764293670654296875" lon="120.328196324408054351806640625">
        <ele>142.399993896484375</ele>
        <time>2016-04-28T11:38:35.000Z</time>
        <extensions>
          <ns3:TrackPointExtension>
            <ns3:hr>172</ns3:hr>
            <ns3:cad>99</ns3:cad>
          </ns3:TrackPointExtension>
        </extensions>
      </trkpt>
      <trkpt lat="29.14831328205764293670654296875" lon="120.328196324408054351806640625">
        <ele>142.399993896484375</ele>
        <time>2016-04-28T11:38:36.000Z</time>
        <extensions>
          <ns3:TrackPointExtension>
            <ns3:hr>172</ns3:hr>
            <ns3:cad>99</ns3:cad>
          </ns3:TrackPointExtension>
        </extensions>
      </trkpt>
      <trkpt lat="29.1482860408723354339599609375" lon="120.32820797525346279144287109375">
        <ele>142.600006103515625</ele>
        <time>2016-04-28T11:38:37.000Z</time>
        <extensions>
          <ns3:TrackPointExtension>
            <ns3:hr>171</ns3:hr>
            <ns3:cad>99</ns3:cad>
          </ns3:TrackPointExtension>
        </extensions>
      </trkpt>
      <trkpt lat="29.14823264814913272857666015625" lon="120.3282384015619754791259765625">
        <ele>142.8000030517578125</ele>
        <time>2016-04-28T11:38:38.000Z</time>
        <extensions>
          <ns3:TrackPointExtension>
            <ns3:hr>172</ns3:hr>
            <ns3:cad>99</ns3:cad>
          </ns3:TrackPointExtension>
        </extensions>
      </trkpt>
      <trkpt lat="29.14823264814913272857666015625" lon="120.3282384015619754791259765625">
        <ele>142.8000030517578125</ele>
        <time>2016-04-28T11:38:39.000Z</time>
        <extensions>
          <ns3:TrackPointExtension>
            <ns3:hr>172</ns3:hr>
            <ns3:cad>99</ns3:cad>
          </ns3:TrackPointExtension>
        </extensions>
      </trkpt>
      <trkpt lat="29.14818688295781612396240234375" lon="120.32827922143042087554931640625">
        <ele>143</ele>
        <time>2016-04-28T11:38:40.000Z</time>
        <extensions>
          <ns3:TrackPointExtension>
            <ns3:hr>172</ns3:hr>
            <ns3:cad>99</ns3:cad>
          </ns3:TrackPointExtension>
        </extensions>
      </trkpt>
      <trkpt lat="29.14818688295781612396240234375" lon="120.32827922143042087554931640625">
        <ele>143</ele>
        <time>2016-04-28T11:38:41.000Z</time>
        <extensions>
          <ns3:TrackPointExtension>
            <ns3:hr>172</ns3:hr>
            <ns3:cad>99</ns3:cad>
          </ns3:TrackPointExtension>
        </extensions>
      </trkpt>
      <trkpt lat="29.14814673364162445068359375" lon="120.32832683064043521881103515625">
        <ele>143</ele>
        <time>2016-04-28T11:38:42.000Z</time>
        <extensions>
          <ns3:TrackPointExtension>
            <ns3:hr>172</ns3:hr>
            <ns3:cad>99</ns3:cad>
          </ns3:TrackPointExtension>
        </extensions>
      </trkpt>
      <trkpt lat="29.14814673364162445068359375" lon="120.32832683064043521881103515625">
        <ele>143</ele>
        <time>2016-04-28T11:38:43.000Z</time>
        <extensions>
          <ns3:TrackPointExtension>
            <ns3:hr>172</ns3:hr>
            <ns3:cad>99</ns3:cad>
          </ns3:TrackPointExtension>
        </extensions>
      </trkpt>
      <trkpt lat="29.1481137089431285858154296875" lon="120.3283797204494476318359375">
        <ele>143.1999969482421875</ele>
        <time>2016-04-28T11:38:44.000Z</time>
        <extensions>
          <ns3:TrackPointExtension>
            <ns3:hr>172</ns3:hr>
            <ns3:cad>99</ns3:cad>
          </ns3:TrackPointExtension>
        </extensions>
      </trkpt>
      <trkpt lat="29.1481137089431285858154296875" lon="120.3283797204494476318359375">
        <ele>143.1999969482421875</ele>
        <time>2016-04-28T11:38:45.000Z</time>
        <extensions>
          <ns3:TrackPointExtension>
            <ns3:hr>172</ns3:hr>
            <ns3:cad>99</ns3:cad>
          </ns3:TrackPointExtension>
        </extensions>
      </trkpt>
      <trkpt lat="29.1480875574052333831787109375" lon="120.3284360468387603759765625">
        <ele>143.1999969482421875</ele>
        <time>2016-04-28T11:38:46.000Z</time>
        <extensions>
          <ns3:TrackPointExtension>
            <ns3:hr>172</ns3:hr>
            <ns3:cad>98</ns3:cad>
          </ns3:TrackPointExtension>
        </extensions>
      </trkpt>
      <trkpt lat="29.1480875574052333831787109375" lon="120.3284360468387603759765625">
        <ele>143.1999969482421875</ele>
        <time>2016-04-28T11:38:47.000Z</time>
        <extensions>
          <ns3:TrackPointExtension>
            <ns3:hr>172</ns3:hr>
            <ns3:cad>98</ns3:cad>
          </ns3:TrackPointExtension>
        </extensions>
      </trkpt>
      <trkpt lat="29.14806903339922428131103515625" lon="120.32849949784576892852783203125">
        <ele>143.399993896484375</ele>
        <time>2016-04-28T11:38:48.000Z</time>
        <extensions>
          <ns3:TrackPointExtension>
            <ns3:hr>173</ns3:hr>
            <ns3:cad>98</ns3:cad>
          </ns3:TrackPointExtension>
        </extensions>
      </trkpt>
      <trkpt lat="29.14806903339922428131103515625" lon="120.32849949784576892852783203125">
        <ele>143.399993896484375</ele>
        <time>2016-04-28T11:38:49.000Z</time>
        <extensions>
          <ns3:TrackPointExtension>
            <ns3:hr>173</ns3:hr>
            <ns3:cad>98</ns3:cad>
          </ns3:TrackPointExtension>
        </extensions>
      </trkpt>
      <trkpt lat="29.14806014858186244964599609375" lon="120.3285616077482700347900390625">
        <ele>143.8000030517578125</ele>
        <time>2016-04-28T11:38:50.000Z</time>
        <extensions>
          <ns3:TrackPointExtension>
            <ns3:hr>174</ns3:hr>
            <ns3:cad>98</ns3:cad>
          </ns3:TrackPointExtension>
        </extensions>
      </trkpt>
      <trkpt lat="29.14806014858186244964599609375" lon="120.3285616077482700347900390625">
        <ele>143.8000030517578125</ele>
        <time>2016-04-28T11:38:51.000Z</time>
        <extensions>
          <ns3:TrackPointExtension>
            <ns3:hr>174</ns3:hr>
            <ns3:cad>98</ns3:cad>
          </ns3:TrackPointExtension>
        </extensions>
      </trkpt>
      <trkpt lat="29.1480617411434650421142578125" lon="120.328628160059452056884765625">
        <ele>144.1999969482421875</ele>
        <time>2016-04-28T11:38:52.000Z</time>
        <extensions>
          <ns3:TrackPointExtension>
            <ns3:hr>173</ns3:hr>
            <ns3:cad>97</ns3:cad>
          </ns3:TrackPointExtension>
        </extensions>
      </trkpt>
      <trkpt lat="29.1480617411434650421142578125" lon="120.328628160059452056884765625">
        <ele>144.1999969482421875</ele>
        <time>2016-04-28T11:38:53.000Z</time>
        <extensions>
          <ns3:TrackPointExtension>
            <ns3:hr>173</ns3:hr>
            <ns3:cad>97</ns3:cad>
          </ns3:TrackPointExtension>
        </extensions>
      </trkpt>
      <trkpt lat="29.14807657711207866668701171875" lon="120.328693874180316925048828125">
        <ele>144.600006103515625</ele>
        <time>2016-04-28T11:38:54.000Z</time>
        <extensions>
          <ns3:TrackPointExtension>
            <ns3:hr>173</ns3:hr>
            <ns3:cad>98</ns3:cad>
          </ns3:TrackPointExtension>
        </extensions>
      </trkpt>
      <trkpt lat="29.14807657711207866668701171875" lon="120.328693874180316925048828125">
        <ele>144.600006103515625</ele>
        <time>2016-04-28T11:38:55.000Z</time>
        <extensions>
          <ns3:TrackPointExtension>
            <ns3:hr>173</ns3:hr>
            <ns3:cad>98</ns3:cad>
          </ns3:TrackPointExtension>
        </extensions>
      </trkpt>
      <trkpt lat="29.14809786714613437652587890625" lon="120.3287527151405811309814453125">
        <ele>144.8000030517578125</ele>
        <time>2016-04-28T11:38:56.000Z</time>
        <extensions>
          <ns3:TrackPointExtension>
            <ns3:hr>173</ns3:hr>
            <ns3:cad>99</ns3:cad>
          </ns3:TrackPointExtension>
        </extensions>
      </trkpt>
      <trkpt lat="29.14809786714613437652587890625" lon="120.3287527151405811309814453125">
        <ele>144.8000030517578125</ele>
        <time>2016-04-28T11:38:57.000Z</time>
        <extensions>
          <ns3:TrackPointExtension>
            <ns3:hr>173</ns3:hr>
            <ns3:cad>99</ns3:cad>
          </ns3:TrackPointExtension>
        </extensions>
      </trkpt>
      <trkpt lat="29.14811178110539913177490234375" lon="120.328779704868793487548828125">
        <ele>145</ele>
        <time>2016-04-28T11:38:58.000Z</time>
        <extensions>
          <ns3:TrackPointExtension>
            <ns3:hr>173</ns3:hr>
            <ns3:cad>99</ns3:cad>
          </ns3:TrackPointExtension>
        </extensions>
      </trkpt>
      <trkpt lat="29.1481479071080684661865234375" lon="120.328829996287822723388671875">
        <ele>145</ele>
        <time>2016-04-28T11:38:59.000Z</time>
        <extensions>
          <ns3:TrackPointExtension>
            <ns3:hr>174</ns3:hr>
            <ns3:cad>98</ns3:cad>
          </ns3:TrackPointExtension>
        </extensions>
      </trkpt>
      <trkpt lat="29.1481479071080684661865234375" lon="120.328829996287822723388671875">
        <ele>145</ele>
        <time>2016-04-28T11:39:00.000Z</time>
        <extensions>
          <ns3:TrackPointExtension>
            <ns3:hr>174</ns3:hr>
            <ns3:cad>98</ns3:cad>
          </ns3:TrackPointExtension>
        </extensions>
      </trkpt>
      <trkpt lat="29.14818889461457729339599609375" lon="120.32887768931686878204345703125">
        <ele>145</ele>
        <time>2016-04-28T11:39:01.000Z</time>
        <extensions>
          <ns3:TrackPointExtension>
            <ns3:hr>174</ns3:hr>
            <ns3:cad>98</ns3:cad>
          </ns3:TrackPointExtension>
        </extensions>
      </trkpt>
      <trkpt lat="29.14818889461457729339599609375" lon="120.32887768931686878204345703125">
        <ele>145</ele>
        <time>2016-04-28T11:39:02.000Z</time>
        <extensions>
          <ns3:TrackPointExtension>
            <ns3:hr>174</ns3:hr>
            <ns3:cad>98</ns3:cad>
          </ns3:TrackPointExtension>
        </extensions>
      </trkpt>
      <trkpt lat="29.14823952130973339080810546875" lon="120.32891809009015560150146484375">
        <ele>144.8000030517578125</ele>
        <time>2016-04-28T11:39:03.000Z</time>
        <extensions>
          <ns3:TrackPointExtension>
            <ns3:hr>174</ns3:hr>
            <ns3:cad>97</ns3:cad>
          </ns3:TrackPointExtension>
        </extensions>
      </trkpt>
      <trkpt lat="29.14823952130973339080810546875" lon="120.32891809009015560150146484375">
        <ele>144.8000030517578125</ele>
        <time>2016-04-28T11:39:04.000Z</time>
        <extensions>
          <ns3:TrackPointExtension>
            <ns3:hr>173</ns3:hr>
            <ns3:cad>97</ns3:cad>
          </ns3:TrackPointExtension>
        </extensions>
      </trkpt>
      <trkpt lat="29.1482924111187458038330078125" lon="120.3289522044360637664794921875">
        <ele>144.600006103515625</ele>
        <time>2016-04-28T11:39:05.000Z</time>
        <extensions>
          <ns3:TrackPointExtension>
            <ns3:hr>173</ns3:hr>
            <ns3:cad>97</ns3:cad>
          </ns3:TrackPointExtension>
        </extensions>
      </trkpt>
      <trkpt lat="29.1482924111187458038330078125" lon="120.3289522044360637664794921875">
        <ele>144.600006103515625</ele>
        <time>2016-04-28T11:39:06.000Z</time>
        <extensions>
          <ns3:TrackPointExtension>
            <ns3:hr>174</ns3:hr>
            <ns3:cad>97</ns3:cad>
          </ns3:TrackPointExtension>
        </extensions>
      </trkpt>
      <trkpt lat="29.1483443789184093475341796875" lon="120.3289832174777984619140625">
        <ele>144.399993896484375</ele>
        <time>2016-04-28T11:39:07.000Z</time>
        <extensions>
          <ns3:TrackPointExtension>
            <ns3:hr>174</ns3:hr>
            <ns3:cad>97</ns3:cad>
          </ns3:TrackPointExtension>
        </extensions>
      </trkpt>
      <trkpt lat="29.1483443789184093475341796875" lon="120.3289832174777984619140625">
        <ele>144.399993896484375</ele>
        <time>2016-04-28T11:39:08.000Z</time>
        <extensions>
          <ns3:TrackPointExtension>
            <ns3:hr>173</ns3:hr>
            <ns3:cad>98</ns3:cad>
          </ns3:TrackPointExtension>
        </extensions>
      </trkpt>
      <trkpt lat="29.1483976878225803375244140625" lon="120.32901029102504253387451171875">
        <ele>144.1999969482421875</ele>
        <time>2016-04-28T11:39:09.000Z</time>
        <extensions>
          <ns3:TrackPointExtension>
            <ns3:hr>173</ns3:hr>
            <ns3:cad>98</ns3:cad>
          </ns3:TrackPointExtension>
        </extensions>
      </trkpt>
      <trkpt lat="29.1483976878225803375244140625" lon="120.32901029102504253387451171875">
        <ele>144.1999969482421875</ele>
        <time>2016-04-28T11:39:10.000Z</time>
        <extensions>
          <ns3:TrackPointExtension>
            <ns3:hr>174</ns3:hr>
            <ns3:cad>98</ns3:cad>
          </ns3:TrackPointExtension>
        </extensions>
      </trkpt>
      <trkpt lat="29.14845426566898822784423828125" lon="120.32903459854423999786376953125">
        <ele>143.8000030517578125</ele>
        <time>2016-04-28T11:39:11.000Z</time>
        <extensions>
          <ns3:TrackPointExtension>
            <ns3:hr>174</ns3:hr>
            <ns3:cad>97</ns3:cad>
          </ns3:TrackPointExtension>
        </extensions>
      </trkpt>
      <trkpt lat="29.14845426566898822784423828125" lon="120.32903459854423999786376953125">
        <ele>143.8000030517578125</ele>
        <time>2016-04-28T11:39:12.000Z</time>
        <extensions>
          <ns3:TrackPointExtension>
            <ns3:hr>174</ns3:hr>
            <ns3:cad>97</ns3:cad>
          </ns3:TrackPointExtension>
        </extensions>
      </trkpt>
      <trkpt lat="29.14851017296314239501953125" lon="120.3290524519979953765869140625">
        <ele>142.8000030517578125</ele>
        <time>2016-04-28T11:39:13.000Z</time>
        <extensions>
          <ns3:TrackPointExtension>
            <ns3:hr>174</ns3:hr>
            <ns3:cad>97</ns3:cad>
          </ns3:TrackPointExtension>
        </extensions>
      </trkpt>
      <trkpt lat="29.14851017296314239501953125" lon="120.3290524519979953765869140625">
        <ele>142.8000030517578125</ele>
        <time>2016-04-28T11:39:14.000Z</time>
        <extensions>
          <ns3:TrackPointExtension>
            <ns3:hr>174</ns3:hr>
            <ns3:cad>97</ns3:cad>
          </ns3:TrackPointExtension>
        </extensions>
      </trkpt>
      <trkpt lat="29.14856842719018459320068359375" lon="120.329063348472118377685546875">
        <ele>141.8000030517578125</ele>
        <time>2016-04-28T11:39:15.000Z</time>
        <extensions>
          <ns3:TrackPointExtension>
            <ns3:hr>174</ns3:hr>
            <ns3:cad>98</ns3:cad>
          </ns3:TrackPointExtension>
        </extensions>
      </trkpt>
      <trkpt lat="29.14856842719018459320068359375" lon="120.329063348472118377685546875">
        <ele>141.8000030517578125</ele>
        <time>2016-04-28T11:39:16.000Z</time>
        <extensions>
          <ns3:TrackPointExtension>
            <ns3:hr>174</ns3:hr>
            <ns3:cad>98</ns3:cad>
          </ns3:TrackPointExtension>
        </extensions>
      </trkpt>
      <trkpt lat="29.14863045327365398406982421875" lon="120.32907533459365367889404296875">
        <ele>140.8000030517578125</ele>
        <time>2016-04-28T11:39:17.000Z</time>
        <extensions>
          <ns3:TrackPointExtension>
            <ns3:hr>174</ns3:hr>
            <ns3:cad>97</ns3:cad>
          </ns3:TrackPointExtension>
        </extensions>
      </trkpt>
      <trkpt lat="29.14863045327365398406982421875" lon="120.32907533459365367889404296875">
        <ele>140.8000030517578125</ele>
        <time>2016-04-28T11:39:18.000Z</time>
        <extensions>
          <ns3:TrackPointExtension>
            <ns3:hr>173</ns3:hr>
            <ns3:cad>97</ns3:cad>
          </ns3:TrackPointExtension>
        </extensions>
      </trkpt>
      <trkpt lat="29.1486957482993602752685546875" lon="120.32909209839999675750732421875">
        <ele>139.600006103515625</ele>
        <time>2016-04-28T11:39:19.000Z</time>
        <extensions>
          <ns3:TrackPointExtension>
            <ns3:hr>174</ns3:hr>
            <ns3:cad>97</ns3:cad>
          </ns3:TrackPointExtension>
        </extensions>
      </trkpt>
      <trkpt lat="29.1486957482993602752685546875" lon="120.32909209839999675750732421875">
        <ele>139.600006103515625</ele>
        <time>2016-04-28T11:39:20.000Z</time>
        <extensions>
          <ns3:TrackPointExtension>
            <ns3:hr>173</ns3:hr>
            <ns3:cad>97</ns3:cad>
          </ns3:TrackPointExtension>
        </extensions>
      </trkpt>
      <trkpt lat="29.14875601418316364288330078125" lon="120.32910986803472042083740234375">
        <ele>139</ele>
        <time>2016-04-28T11:39:21.000Z</time>
        <extensions>
          <ns3:TrackPointExtension>
            <ns3:hr>173</ns3:hr>
            <ns3:cad>98</ns3:cad>
          </ns3:TrackPointExtension>
        </extensions>
      </trkpt>
      <trkpt lat="29.14875601418316364288330078125" lon="120.32910986803472042083740234375">
        <ele>139</ele>
        <time>2016-04-28T11:39:22.000Z</time>
        <extensions>
          <ns3:TrackPointExtension>
            <ns3:hr>173</ns3:hr>
            <ns3:cad>98</ns3:cad>
          </ns3:TrackPointExtension>
        </extensions>
      </trkpt>
      <trkpt lat="29.1488184593617916107177734375" lon="120.3291262127459049224853515625">
        <ele>138.600006103515625</ele>
        <time>2016-04-28T11:39:23.000Z</time>
        <extensions>
          <ns3:TrackPointExtension>
            <ns3:hr>176</ns3:hr>
            <ns3:cad>98</ns3:cad>
          </ns3:TrackPointExtension>
        </extensions>
      </trkpt>
      <trkpt lat="29.1488184593617916107177734375" lon="120.3291262127459049224853515625">
        <ele>138.600006103515625</ele>
        <time>2016-04-28T11:39:24.000Z</time>
        <extensions>
          <ns3:TrackPointExtension>
            <ns3:hr>176</ns3:hr>
            <ns3:cad>98</ns3:cad>
          </ns3:TrackPointExtension>
        </extensions>
      </trkpt>
      <trkpt lat="29.148851148784160614013671875" lon="120.32913685776293277740478515625">
        <ele>138.399993896484375</ele>
        <time>2016-04-28T11:39:25.000Z</time>
        <extensions>
          <ns3:TrackPointExtension>
            <ns3:hr>176</ns3:hr>
            <ns3:cad>98</ns3:cad>
          </ns3:TrackPointExtension>
        </extensions>
      </trkpt>
      <trkpt lat="29.14888157509267330169677734375" lon="120.32914591021835803985595703125">
        <ele>138.1999969482421875</ele>
        <time>2016-04-28T11:39:26.000Z</time>
        <extensions>
          <ns3:TrackPointExtension>
            <ns3:hr>176</ns3:hr>
            <ns3:cad>98</ns3:cad>
          </ns3:TrackPointExtension>
        </extensions>
      </trkpt>
      <trkpt lat="29.14893756620585918426513671875" lon="120.32917021773755550384521484375">
        <ele>137.8000030517578125</ele>
        <time>2016-04-28T11:39:27.000Z</time>
        <extensions>
          <ns3:TrackPointExtension>
            <ns3:hr>175</ns3:hr>
            <ns3:cad>98</ns3:cad>
          </ns3:TrackPointExtension>
        </extensions>
      </trkpt>
      <trkpt lat="29.14893756620585918426513671875" lon="120.32917021773755550384521484375">
        <ele>137.8000030517578125</ele>
        <time>2016-04-28T11:39:28.000Z</time>
        <extensions>
          <ns3:TrackPointExtension>
            <ns3:hr>175</ns3:hr>
            <ns3:cad>98</ns3:cad>
          </ns3:TrackPointExtension>
        </extensions>
      </trkpt>
      <trkpt lat="29.14899967610836029052734375" lon="120.32918907701969146728515625">
        <ele>137.399993896484375</ele>
        <time>2016-04-28T11:39:29.000Z</time>
        <extensions>
          <ns3:TrackPointExtension>
            <ns3:hr>174</ns3:hr>
            <ns3:cad>99</ns3:cad>
          </ns3:TrackPointExtension>
        </extensions>
      </trkpt>
      <trkpt lat="29.14899967610836029052734375" lon="120.32918907701969146728515625">
        <ele>137.399993896484375</ele>
        <time>2016-04-28T11:39:30.000Z</time>
        <extensions>
          <ns3:TrackPointExtension>
            <ns3:hr>174</ns3:hr>
            <ns3:cad>99</ns3:cad>
          </ns3:TrackPointExtension>
        </extensions>
      </trkpt>
      <trkpt lat="29.14906497113406658172607421875" lon="120.3292056731879711151123046875">
        <ele>138</ele>
        <time>2016-04-28T11:39:31.000Z</time>
        <extensions>
          <ns3:TrackPointExtension>
            <ns3:hr>174</ns3:hr>
            <ns3:cad>98</ns3:cad>
          </ns3:TrackPointExtension>
        </extensions>
      </trkpt>
      <trkpt lat="29.14906497113406658172607421875" lon="120.3292056731879711151123046875">
        <ele>138</ele>
        <time>2016-04-28T11:39:32.000Z</time>
        <extensions>
          <ns3:TrackPointExtension>
            <ns3:hr>173</ns3:hr>
            <ns3:cad>98</ns3:cad>
          </ns3:TrackPointExtension>
        </extensions>
      </trkpt>
      <trkpt lat="29.149125404655933380126953125" lon="120.32922000624239444732666015625">
        <ele>138.399993896484375</ele>
        <time>2016-04-28T11:39:33.000Z</time>
        <extensions>
          <ns3:TrackPointExtension>
            <ns3:hr>173</ns3:hr>
            <ns3:cad>98</ns3:cad>
          </ns3:TrackPointExtension>
        </extensions>
      </trkpt>
      <trkpt lat="29.149125404655933380126953125" lon="120.32922000624239444732666015625">
        <ele>138.399993896484375</ele>
        <time>2016-04-28T11:39:34.000Z</time>
        <extensions>
          <ns3:TrackPointExtension>
            <ns3:hr>173</ns3:hr>
            <ns3:cad>100</ns3:cad>
          </ns3:TrackPointExtension>
        </extensions>
      </trkpt>
      <trkpt lat="29.149185754358768463134765625" lon="120.32922402955591678619384765625">
        <ele>139</ele>
        <time>2016-04-28T11:39:35.000Z</time>
        <extensions>
          <ns3:TrackPointExtension>
            <ns3:hr>173</ns3:hr>
            <ns3:cad>100</ns3:cad>
          </ns3:TrackPointExtension>
        </extensions>
      </trkpt>
      <trkpt lat="29.149185754358768463134765625" lon="120.32922402955591678619384765625">
        <ele>139</ele>
        <time>2016-04-28T11:39:36.000Z</time>
        <extensions>
          <ns3:TrackPointExtension>
            <ns3:hr>172</ns3:hr>
            <ns3:cad>99</ns3:cad>
          </ns3:TrackPointExtension>
        </extensions>
      </trkpt>
      <trkpt lat="29.14924350567162036895751953125" lon="120.32921246252954006195068359375">
        <ele>139.600006103515625</ele>
        <time>2016-04-28T11:39:37.000Z</time>
        <extensions>
          <ns3:TrackPointExtension>
            <ns3:hr>172</ns3:hr>
            <ns3:cad>99</ns3:cad>
          </ns3:TrackPointExtension>
        </extensions>
      </trkpt>
      <trkpt lat="29.14924350567162036895751953125" lon="120.32921246252954006195068359375">
        <ele>139.600006103515625</ele>
        <time>2016-04-28T11:39:38.000Z</time>
        <extensions>
          <ns3:TrackPointExtension>
            <ns3:hr>172</ns3:hr>
            <ns3:cad>99</ns3:cad>
          </ns3:TrackPointExtension>
        </extensions>
      </trkpt>
      <trkpt lat="29.14929731748998165130615234375" lon="120.32919301651418209075927734375">
        <ele>140</ele>
        <time>2016-04-28T11:39:39.000Z</time>
        <extensions>
          <ns3:TrackPointExtension>
            <ns3:hr>173</ns3:hr>
            <ns3:cad>100</ns3:cad>
          </ns3:TrackPointExtension>
        </extensions>
      </trkpt>
      <trkpt lat="29.14932229556143283843994140625" lon="120.32917927019298076629638671875">
        <ele>140.1999969482421875</ele>
        <time>2016-04-28T11:39:40.000Z</time>
        <extensions>
          <ns3:TrackPointExtension>
            <ns3:hr>173</ns3:hr>
            <ns3:cad>100</ns3:cad>
          </ns3:TrackPointExtension>
        </extensions>
      </trkpt>
      <trkpt lat="29.14932229556143283843994140625" lon="120.32917927019298076629638671875">
        <ele>140.1999969482421875</ele>
        <time>2016-04-28T11:39:41.000Z</time>
        <extensions>
          <ns3:TrackPointExtension>
            <ns3:hr>173</ns3:hr>
            <ns3:cad>99</ns3:cad>
          </ns3:TrackPointExtension>
        </extensions>
      </trkpt>
      <trkpt lat="29.1493461839854717254638671875" lon="120.32916435040533542633056640625">
        <ele>140.1999969482421875</ele>
        <time>2016-04-28T11:39:42.000Z</time>
        <extensions>
          <ns3:TrackPointExtension>
            <ns3:hr>174</ns3:hr>
            <ns3:cad>99</ns3:cad>
          </ns3:TrackPointExtension>
        </extensions>
      </trkpt>
      <trkpt lat="29.14938993752002716064453125" lon="120.329128392040729522705078125">
        <ele>140.600006103515625</ele>
        <time>2016-04-28T11:39:43.000Z</time>
        <extensions>
          <ns3:TrackPointExtension>
            <ns3:hr>173</ns3:hr>
            <ns3:cad>98</ns3:cad>
          </ns3:TrackPointExtension>
        </extensions>
      </trkpt>
      <trkpt lat="29.14938993752002716064453125" lon="120.329128392040729522705078125">
        <ele>140.600006103515625</ele>
        <time>2016-04-28T11:39:44.000Z</time>
        <extensions>
          <ns3:TrackPointExtension>
            <ns3:hr>174</ns3:hr>
            <ns3:cad>98</ns3:cad>
          </ns3:TrackPointExtension>
        </extensions>
      </trkpt>
      <trkpt lat="29.1494276560842990875244140625" lon="120.3290822915732860565185546875">
        <ele>141</ele>
        <time>2016-04-28T11:39:45.000Z</time>
        <extensions>
          <ns3:TrackPointExtension>
            <ns3:hr>173</ns3:hr>
            <ns3:cad>98</ns3:cad>
          </ns3:TrackPointExtension>
        </extensions>
      </trkpt>
      <trkpt lat="29.1494276560842990875244140625" lon="120.3290822915732860565185546875">
        <ele>141</ele>
        <time>2016-04-28T11:39:46.000Z</time>
        <extensions>
          <ns3:TrackPointExtension>
            <ns3:hr>172</ns3:hr>
            <ns3:cad>98</ns3:cad>
          </ns3:TrackPointExtension>
        </extensions>
      </trkpt>
      <trkpt lat="29.14946143515408039093017578125" lon="120.3290273062884807586669921875">
        <ele>141.399993896484375</ele>
        <time>2016-04-28T11:39:47.000Z</time>
        <extensions>
          <ns3:TrackPointExtension>
            <ns3:hr>172</ns3:hr>
            <ns3:cad>98</ns3:cad>
          </ns3:TrackPointExtension>
        </extensions>
      </trkpt>
      <trkpt lat="29.14946143515408039093017578125" lon="120.3290273062884807586669921875">
        <ele>141.399993896484375</ele>
        <time>2016-04-28T11:39:48.000Z</time>
        <extensions>
          <ns3:TrackPointExtension>
            <ns3:hr>172</ns3:hr>
            <ns3:cad>98</ns3:cad>
          </ns3:TrackPointExtension>
        </extensions>
      </trkpt>
      <trkpt lat="29.14948507212102413177490234375" lon="120.3289703093469142913818359375">
        <ele>141.8000030517578125</ele>
        <time>2016-04-28T11:39:49.000Z</time>
        <extensions>
          <ns3:TrackPointExtension>
            <ns3:hr>172</ns3:hr>
            <ns3:cad>98</ns3:cad>
          </ns3:TrackPointExtension>
        </extensions>
      </trkpt>
      <trkpt lat="29.14948507212102413177490234375" lon="120.3289703093469142913818359375">
        <ele>141.8000030517578125</ele>
        <time>2016-04-28T11:39:50.000Z</time>
        <extensions>
          <ns3:TrackPointExtension>
            <ns3:hr>173</ns3:hr>
            <ns3:cad>98</ns3:cad>
          </ns3:TrackPointExtension>
        </extensions>
      </trkpt>
      <trkpt lat="29.14950435049831867218017578125" lon="120.32890970818698406219482421875">
        <ele>142.1999969482421875</ele>
        <time>2016-04-28T11:39:51.000Z</time>
        <extensions>
          <ns3:TrackPointExtension>
            <ns3:hr>174</ns3:hr>
            <ns3:cad>98</ns3:cad>
          </ns3:TrackPointExtension>
        </extensions>
      </trkpt>
      <trkpt lat="29.14950435049831867218017578125" lon="120.32890970818698406219482421875">
        <ele>142.1999969482421875</ele>
        <time>2016-04-28T11:39:52.000Z</time>
        <extensions>
          <ns3:TrackPointExtension>
            <ns3:hr>172</ns3:hr>
            <ns3:cad>98</ns3:cad>
          </ns3:TrackPointExtension>
        </extensions>
      </trkpt>
      <trkpt lat="29.14951424114406108856201171875" lon="120.32884441316127777099609375">
        <ele>142.399993896484375</ele>
        <time>2016-04-28T11:39:53.000Z</time>
        <extensions>
          <ns3:TrackPointExtension>
            <ns3:hr>172</ns3:hr>
            <ns3:cad>98</ns3:cad>
          </ns3:TrackPointExtension>
        </extensions>
      </trkpt>
      <trkpt lat="29.14951424114406108856201171875" lon="120.32884441316127777099609375">
        <ele>142.399993896484375</ele>
        <time>2016-04-28T11:39:54.000Z</time>
        <extensions>
          <ns3:TrackPointExtension>
            <ns3:hr>172</ns3:hr>
            <ns3:cad>98</ns3:cad>
          </ns3:TrackPointExtension>
        </extensions>
      </trkpt>
      <trkpt lat="29.1495158337056636810302734375" lon="120.32880979590117931365966796875">
        <ele>142.600006103515625</ele>
        <time>2016-04-28T11:39:55.000Z</time>
        <extensions>
          <ns3:TrackPointExtension>
            <ns3:hr>172</ns3:hr>
            <ns3:cad>98</ns3:cad>
          </ns3:TrackPointExtension>
        </extensions>
      </trkpt>
      <trkpt lat="29.1495154984295368194580078125" lon="120.32877475954592227935791015625">
        <ele>142.8000030517578125</ele>
        <time>2016-04-28T11:39:56.000Z</time>
        <extensions>
          <ns3:TrackPointExtension>
            <ns3:hr>173</ns3:hr>
            <ns3:cad>98</ns3:cad>
          </ns3:TrackPointExtension>
        </extensions>
      </trkpt>
      <trkpt lat="29.149506278336048126220703125" lon="120.32870602793991565704345703125">
        <ele>143</ele>
        <time>2016-04-28T11:39:57.000Z</time>
        <extensions>
          <ns3:TrackPointExtension>
            <ns3:hr>172</ns3:hr>
            <ns3:cad>98</ns3:cad>
          </ns3:TrackPointExtension>
        </extensions>
      </trkpt>
      <trkpt lat="29.149506278336048126220703125" lon="120.32870602793991565704345703125">
        <ele>143</ele>
        <time>2016-04-28T11:39:58.000Z</time>
        <extensions>
          <ns3:TrackPointExtension>
            <ns3:hr>172</ns3:hr>
            <ns3:cad>98</ns3:cad>
          </ns3:TrackPointExtension>
        </extensions>
      </trkpt>
      <trkpt lat="29.14948808960616588592529296875" lon="120.32864048145711421966552734375">
        <ele>143.600006103515625</ele>
        <time>2016-04-28T11:39:59.000Z</time>
        <extensions>
          <ns3:TrackPointExtension>
            <ns3:hr>172</ns3:hr>
            <ns3:cad>98</ns3:cad>
          </ns3:TrackPointExtension>
        </extensions>
      </trkpt>
      <trkpt lat="29.14948808960616588592529296875" lon="120.32864048145711421966552734375">
        <ele>143.600006103515625</ele>
        <time>2016-04-28T11:40:00.000Z</time>
        <extensions>
          <ns3:TrackPointExtension>
            <ns3:hr>172</ns3:hr>
            <ns3:cad>98</ns3:cad>
          </ns3:TrackPointExtension>
        </extensions>
      </trkpt>
      <trkpt lat="29.1494571603834629058837890625" lon="120.3285810537636280059814453125">
        <ele>143.8000030517578125</ele>
        <time>2016-04-28T11:40:01.000Z</time>
        <extensions>
          <ns3:TrackPointExtension>
            <ns3:hr>172</ns3:hr>
            <ns3:cad>98</ns3:cad>
          </ns3:TrackPointExtension>
        </extensions>
      </trkpt>
      <trkpt lat="29.1494571603834629058837890625" lon="120.3285810537636280059814453125">
        <ele>143.8000030517578125</ele>
        <time>2016-04-28T11:40:02.000Z</time>
        <extensions>
          <ns3:TrackPointExtension>
            <ns3:hr>172</ns3:hr>
            <ns3:cad>98</ns3:cad>
          </ns3:TrackPointExtension>
        </extensions>
      </trkpt>
      <trkpt lat="29.1494125686585903167724609375" lon="120.328528583049774169921875">
        <ele>143.600006103515625</ele>
        <time>2016-04-28T11:40:03.000Z</time>
        <extensions>
          <ns3:TrackPointExtension>
            <ns3:hr>173</ns3:hr>
            <ns3:cad>98</ns3:cad>
          </ns3:TrackPointExtension>
        </extensions>
      </trkpt>
      <trkpt lat="29.1494125686585903167724609375" lon="120.328528583049774169921875">
        <ele>143.600006103515625</ele>
        <time>2016-04-28T11:40:04.000Z</time>
        <extensions>
          <ns3:TrackPointExtension>
            <ns3:hr>173</ns3:hr>
            <ns3:cad>98</ns3:cad>
          </ns3:TrackPointExtension>
        </extensions>
      </trkpt>
      <trkpt lat="29.14936303161084651947021484375" lon="120.3284794650971889495849609375">
        <ele>143.399993896484375</ele>
        <time>2016-04-28T11:40:05.000Z</time>
        <extensions>
          <ns3:TrackPointExtension>
            <ns3:hr>173</ns3:hr>
            <ns3:cad>98</ns3:cad>
          </ns3:TrackPointExtension>
        </extensions>
      </trkpt>
      <trkpt lat="29.14936303161084651947021484375" lon="120.3284794650971889495849609375">
        <ele>143.399993896484375</ele>
        <time>2016-04-28T11:40:06.000Z</time>
        <extensions>
          <ns3:TrackPointExtension>
            <ns3:hr>172</ns3:hr>
            <ns3:cad>98</ns3:cad>
          </ns3:TrackPointExtension>
        </extensions>
      </trkpt>
      <trkpt lat="29.1493047773838043212890625" lon="120.32844283618032932281494140625">
        <ele>143</ele>
        <time>2016-04-28T11:40:07.000Z</time>
        <extensions>
          <ns3:TrackPointExtension>
            <ns3:hr>171</ns3:hr>
            <ns3:cad>98</ns3:cad>
          </ns3:TrackPointExtension>
        </extensions>
      </trkpt>
      <trkpt lat="29.1493047773838043212890625" lon="120.32844283618032932281494140625">
        <ele>143</ele>
        <time>2016-04-28T11:40:08.000Z</time>
        <extensions>
          <ns3:TrackPointExtension>
            <ns3:hr>172</ns3:hr>
            <ns3:cad>98</ns3:cad>
          </ns3:TrackPointExtension>
        </extensions>
      </trkpt>
      <trkpt lat="29.1492412425577640533447265625" lon="120.3284147568047046661376953125">
        <ele>142.600006103515625</ele>
        <time>2016-04-28T11:40:09.000Z</time>
        <extensions>
          <ns3:TrackPointExtension>
            <ns3:hr>172</ns3:hr>
            <ns3:cad>98</ns3:cad>
          </ns3:TrackPointExtension>
        </extensions>
      </trkpt>
      <trkpt lat="29.1492412425577640533447265625" lon="120.3284147568047046661376953125">
        <ele>142.600006103515625</ele>
        <time>2016-04-28T11:40:10.000Z</time>
        <extensions>
          <ns3:TrackPointExtension>
            <ns3:hr>173</ns3:hr>
            <ns3:cad>98</ns3:cad>
          </ns3:TrackPointExtension>
        </extensions>
      </trkpt>
      <trkpt lat="29.1491775400936603546142578125" lon="120.3283931314945220947265625">
        <ele>142.399993896484375</ele>
        <time>2016-04-28T11:40:11.000Z</time>
        <extensions>
          <ns3:TrackPointExtension>
            <ns3:hr>172</ns3:hr>
            <ns3:cad>97</ns3:cad>
          </ns3:TrackPointExtension>
        </extensions>
      </trkpt>
      <trkpt lat="29.1491775400936603546142578125" lon="120.3283931314945220947265625">
        <ele>142.399993896484375</ele>
        <time>2016-04-28T11:40:12.000Z</time>
        <extensions>
          <ns3:TrackPointExtension>
            <ns3:hr>172</ns3:hr>
            <ns3:cad>97</ns3:cad>
          </ns3:TrackPointExtension>
        </extensions>
      </trkpt>
      <trkpt lat="29.14911006577312946319580078125" lon="120.32837226055562496185302734375">
        <ele>142</ele>
        <time>2016-04-28T11:40:13.000Z</time>
        <extensions>
          <ns3:TrackPointExtension>
            <ns3:hr>171</ns3:hr>
            <ns3:cad>98</ns3:cad>
          </ns3:TrackPointExtension>
        </extensions>
      </trkpt>
      <trkpt lat="29.14911006577312946319580078125" lon="120.32837226055562496185302734375">
        <ele>142</ele>
        <time>2016-04-28T11:40:14.000Z</time>
        <extensions>
          <ns3:TrackPointExtension>
            <ns3:hr>172</ns3:hr>
            <ns3:cad>98</ns3:cad>
          </ns3:TrackPointExtension>
        </extensions>
      </trkpt>
      <trkpt lat="29.14905139245092868804931640625" lon="120.32835298217833042144775390625">
        <ele>141.8000030517578125</ele>
        <time>2016-04-28T11:40:15.000Z</time>
        <extensions>
          <ns3:TrackPointExtension>
            <ns3:hr>172</ns3:hr>
            <ns3:cad>97</ns3:cad>
          </ns3:TrackPointExtension>
        </extensions>
      </trkpt>
      <trkpt lat="29.14905139245092868804931640625" lon="120.32835298217833042144775390625">
        <ele>141.8000030517578125</ele>
        <time>2016-04-28T11:40:16.000Z</time>
        <extensions>
          <ns3:TrackPointExtension>
            <ns3:hr>172</ns3:hr>
            <ns3:cad>97</ns3:cad>
          </ns3:TrackPointExtension>
        </extensions>
      </trkpt>
      <trkpt lat="29.14899355731904506683349609375" lon="120.32833345234394073486328125">
        <ele>141.399993896484375</ele>
        <time>2016-04-28T11:40:17.000Z</time>
        <extensions>
          <ns3:TrackPointExtension>
            <ns3:hr>173</ns3:hr>
            <ns3:cad>96</ns3:cad>
          </ns3:TrackPointExtension>
        </extensions>
      </trkpt>
      <trkpt lat="29.14899355731904506683349609375" lon="120.32833345234394073486328125">
        <ele>141.399993896484375</ele>
        <time>2016-04-28T11:40:18.000Z</time>
        <extensions>
          <ns3:TrackPointExtension>
            <ns3:hr>173</ns3:hr>
            <ns3:cad>96</ns3:cad>
          </ns3:TrackPointExtension>
        </extensions>
      </trkpt>
      <trkpt lat="29.148932956159114837646484375" lon="120.32831777818500995635986328125">
        <ele>141.399993896484375</ele>
        <time>2016-04-28T11:40:19.000Z</time>
        <extensions>
          <ns3:TrackPointExtension>
            <ns3:hr>173</ns3:hr>
            <ns3:cad>97</ns3:cad>
          </ns3:TrackPointExtension>
        </extensions>
      </trkpt>
      <trkpt lat="29.148932956159114837646484375" lon="120.32831777818500995635986328125">
        <ele>141.399993896484375</ele>
        <time>2016-04-28T11:40:20.000Z</time>
        <extensions>
          <ns3:TrackPointExtension>
            <ns3:hr>174</ns3:hr>
            <ns3:cad>97</ns3:cad>
          </ns3:TrackPointExtension>
        </extensions>
      </trkpt>
      <trkpt lat="29.14887235499918460845947265625" lon="120.32829816453158855438232421875">
        <ele>141.600006103515625</ele>
        <time>2016-04-28T11:40:21.000Z</time>
        <extensions>
          <ns3:TrackPointExtension>
            <ns3:hr>174</ns3:hr>
            <ns3:cad>98</ns3:cad>
          </ns3:TrackPointExtension>
        </extensions>
      </trkpt>
      <trkpt lat="29.14884167723357677459716796875" lon="120.3282896988093852996826171875">
        <ele>141.600006103515625</ele>
        <time>2016-04-28T11:40:22.000Z</time>
        <extensions>
          <ns3:TrackPointExtension>
            <ns3:hr>173</ns3:hr>
            <ns3:cad>97</ns3:cad>
          </ns3:TrackPointExtension>
        </extensions>
      </trkpt>
      <trkpt lat="29.14884167723357677459716796875" lon="120.3282896988093852996826171875">
        <ele>141.600006103515625</ele>
        <time>2016-04-28T11:40:23.000Z</time>
        <extensions>
          <ns3:TrackPointExtension>
            <ns3:hr>173</ns3:hr>
            <ns3:cad>97</ns3:cad>
          </ns3:TrackPointExtension>
        </extensions>
      </trkpt>
      <trkpt lat="29.14877797476947307586669921875" lon="120.32827050425112247467041015625">
        <ele>141.600006103515625</ele>
        <time>2016-04-28T11:40:24.000Z</time>
        <extensions>
          <ns3:TrackPointExtension>
            <ns3:hr>172</ns3:hr>
            <ns3:cad>98</ns3:cad>
          </ns3:TrackPointExtension>
        </extensions>
      </trkpt>
      <trkpt lat="29.14877797476947307586669921875" lon="120.32827050425112247467041015625">
        <ele>141.600006103515625</ele>
        <time>2016-04-28T11:40:25.000Z</time>
        <extensions>
          <ns3:TrackPointExtension>
            <ns3:hr>172</ns3:hr>
            <ns3:cad>98</ns3:cad>
          </ns3:TrackPointExtension>
        </extensions>
      </trkpt>
      <trkpt lat="29.14871779270470142364501953125" lon="120.32824971713125705718994140625">
        <ele>141.8000030517578125</ele>
        <time>2016-04-28T11:40:26.000Z</time>
        <extensions>
          <ns3:TrackPointExtension>
            <ns3:hr>172</ns3:hr>
            <ns3:cad>99</ns3:cad>
          </ns3:TrackPointExtension>
        </extensions>
      </trkpt>
      <trkpt lat="29.14871779270470142364501953125" lon="120.32824971713125705718994140625">
        <ele>141.8000030517578125</ele>
        <time>2016-04-28T11:40:27.000Z</time>
        <extensions>
          <ns3:TrackPointExtension>
            <ns3:hr>172</ns3:hr>
            <ns3:cad>99</ns3:cad>
          </ns3:TrackPointExtension>
        </extensions>
      </trkpt>
      <trkpt lat="29.14865878410637378692626953125" lon="120.3282236494123935699462890625">
        <ele>142</ele>
        <time>2016-04-28T11:40:28.000Z</time>
        <extensions>
          <ns3:TrackPointExtension>
            <ns3:hr>171</ns3:hr>
            <ns3:cad>99</ns3:cad>
          </ns3:TrackPointExtension>
        </extensions>
      </trkpt>
      <trkpt lat="29.14865878410637378692626953125" lon="120.3282236494123935699462890625">
        <ele>142</ele>
        <time>2016-04-28T11:40:29.000Z</time>
        <extensions>
          <ns3:TrackPointExtension>
            <ns3:hr>172</ns3:hr>
            <ns3:cad>97</ns3:cad>
          </ns3:TrackPointExtension>
        </extensions>
      </trkpt>
      <trkpt lat="29.14860078133642673492431640625" lon="120.32819439657032489776611328125">
        <ele>142.1999969482421875</ele>
        <time>2016-04-28T11:40:30.000Z</time>
        <extensions>
          <ns3:TrackPointExtension>
            <ns3:hr>173</ns3:hr>
            <ns3:cad>97</ns3:cad>
          </ns3:TrackPointExtension>
        </extensions>
      </trkpt>
      <trkpt lat="29.14860078133642673492431640625" lon="120.32819439657032489776611328125">
        <ele>142.1999969482421875</ele>
        <time>2016-04-28T11:40:31.000Z</time>
        <extensions>
          <ns3:TrackPointExtension>
            <ns3:hr>172</ns3:hr>
            <ns3:cad>98</ns3:cad>
          </ns3:TrackPointExtension>
        </extensions>
      </trkpt>
      <trkpt lat="29.14854160510003566741943359375" lon="120.32817654311656951904296875">
        <ele>142.1999969482421875</ele>
        <time>2016-04-28T11:40:32.000Z</time>
        <extensions>
          <ns3:TrackPointExtension>
            <ns3:hr>173</ns3:hr>
            <ns3:cad>98</ns3:cad>
          </ns3:TrackPointExtension>
        </extensions>
      </trkpt>
      <trkpt lat="29.14854160510003566741943359375" lon="120.32817654311656951904296875">
        <ele>142.1999969482421875</ele>
        <time>2016-04-28T11:40:33.000Z</time>
        <extensions>
          <ns3:TrackPointExtension>
            <ns3:hr>173</ns3:hr>
            <ns3:cad>98</ns3:cad>
          </ns3:TrackPointExtension>
        </extensions>
      </trkpt>
      <trkpt lat="29.148479998111724853515625" lon="120.32816849648952484130859375">
        <ele>142.1999969482421875</ele>
        <time>2016-04-28T11:40:34.000Z</time>
        <extensions>
          <ns3:TrackPointExtension>
            <ns3:hr>172</ns3:hr>
            <ns3:cad>98</ns3:cad>
          </ns3:TrackPointExtension>
        </extensions>
      </trkpt>
      <trkpt lat="29.148479998111724853515625" lon="120.32816849648952484130859375">
        <ele>142.1999969482421875</ele>
        <time>2016-04-28T11:40:35.000Z</time>
        <extensions>
          <ns3:TrackPointExtension>
            <ns3:hr>172</ns3:hr>
            <ns3:cad>98</ns3:cad>
          </ns3:TrackPointExtension>
        </extensions>
      </trkpt>
      <trkpt lat="29.14842207916080951690673828125" lon="120.32817243598401546478271484375">
        <ele>142.1999969482421875</ele>
        <time>2016-04-28T11:40:36.000Z</time>
        <extensions>
          <ns3:TrackPointExtension>
            <ns3:hr>173</ns3:hr>
            <ns3:cad>98</ns3:cad>
          </ns3:TrackPointExtension>
        </extensions>
      </trkpt>
      <trkpt lat="29.14842207916080951690673828125" lon="120.32817243598401546478271484375">
        <ele>142.1999969482421875</ele>
        <time>2016-04-28T11:40:37.000Z</time>
        <extensions>
          <ns3:TrackPointExtension>
            <ns3:hr>172</ns3:hr>
            <ns3:cad>98</ns3:cad>
          </ns3:TrackPointExtension>
        </extensions>
      </trkpt>
      <trkpt lat="29.14836189709603786468505859375" lon="120.32818014733493328094482421875">
        <ele>142.399993896484375</ele>
        <time>2016-04-28T11:40:38.000Z</time>
        <extensions>
          <ns3:TrackPointExtension>
            <ns3:hr>172</ns3:hr>
            <ns3:cad>99</ns3:cad>
          </ns3:TrackPointExtension>
        </extensions>
      </trkpt>
      <trkpt lat="29.14836189709603786468505859375" lon="120.32818014733493328094482421875">
        <ele>142.399993896484375</ele>
        <time>2016-04-28T11:40:39.000Z</time>
        <extensions>
          <ns3:TrackPointExtension>
            <ns3:hr>173</ns3:hr>
            <ns3:cad>99</ns3:cad>
          </ns3:TrackPointExtension>
        </extensions>
      </trkpt>
      <trkpt lat="29.14830540306866168975830078125" lon="120.3281951509416103363037109375">
        <ele>142.600006103515625</ele>
        <time>2016-04-28T11:40:40.000Z</time>
        <extensions>
          <ns3:TrackPointExtension>
            <ns3:hr>173</ns3:hr>
            <ns3:cad>97</ns3:cad>
          </ns3:TrackPointExtension>
        </extensions>
      </trkpt>
      <trkpt lat="29.14830540306866168975830078125" lon="120.3281951509416103363037109375">
        <ele>142.600006103515625</ele>
        <time>2016-04-28T11:40:41.000Z</time>
        <extensions>
          <ns3:TrackPointExtension>
            <ns3:hr>174</ns3:hr>
            <ns3:cad>97</ns3:cad>
          </ns3:TrackPointExtension>
        </extensions>
      </trkpt>
      <trkpt lat="29.14825142361223697662353515625" lon="120.32821769826114177703857421875">
        <ele>142.8000030517578125</ele>
        <time>2016-04-28T11:40:42.000Z</time>
        <extensions>
          <ns3:TrackPointExtension>
            <ns3:hr>174</ns3:hr>
            <ns3:cad>97</ns3:cad>
          </ns3:TrackPointExtension>
        </extensions>
      </trkpt>
      <trkpt lat="29.14825142361223697662353515625" lon="120.32821769826114177703857421875">
        <ele>142.8000030517578125</ele>
        <time>2016-04-28T11:40:43.000Z</time>
        <extensions>
          <ns3:TrackPointExtension>
            <ns3:hr>173</ns3:hr>
            <ns3:cad>97</ns3:cad>
          </ns3:TrackPointExtension>
        </extensions>
      </trkpt>
      <trkpt lat="29.14820549078285694122314453125" lon="120.3282487951219081878662109375">
        <ele>143</ele>
        <time>2016-04-28T11:40:44.000Z</time>
        <extensions>
          <ns3:TrackPointExtension>
            <ns3:hr>173</ns3:hr>
            <ns3:cad>98</ns3:cad>
          </ns3:TrackPointExtension>
        </extensions>
      </trkpt>
      <trkpt lat="29.14820549078285694122314453125" lon="120.3282487951219081878662109375">
        <ele>143</ele>
        <time>2016-04-28T11:40:45.000Z</time>
        <extensions>
          <ns3:TrackPointExtension>
            <ns3:hr>173</ns3:hr>
            <ns3:cad>98</ns3:cad>
          </ns3:TrackPointExtension>
        </extensions>
      </trkpt>
      <trkpt lat="29.14816425181925296783447265625" lon="120.328292213380336761474609375">
        <ele>143</ele>
        <time>2016-04-28T11:40:46.000Z</time>
        <extensions>
          <ns3:TrackPointExtension>
            <ns3:hr>173</ns3:hr>
            <ns3:cad>98</ns3:cad>
          </ns3:TrackPointExtension>
        </extensions>
      </trkpt>
      <trkpt lat="29.14816425181925296783447265625" lon="120.328292213380336761474609375">
        <ele>143</ele>
        <time>2016-04-28T11:40:47.000Z</time>
        <extensions>
          <ns3:TrackPointExtension>
            <ns3:hr>173</ns3:hr>
            <ns3:cad>98</ns3:cad>
          </ns3:TrackPointExtension>
        </extensions>
      </trkpt>
      <trkpt lat="29.148125946521759033203125" lon="120.32833655364811420440673828125">
        <ele>143.1999969482421875</ele>
        <time>2016-04-28T11:40:48.000Z</time>
        <extensions>
          <ns3:TrackPointExtension>
            <ns3:hr>172</ns3:hr>
            <ns3:cad>98</ns3:cad>
          </ns3:TrackPointExtension>
        </extensions>
      </trkpt>
      <trkpt lat="29.148125946521759033203125" lon="120.32833655364811420440673828125">
        <ele>143.1999969482421875</ele>
        <time>2016-04-28T11:40:49.000Z</time>
        <extensions>
          <ns3:TrackPointExtension>
            <ns3:hr>172</ns3:hr>
            <ns3:cad>98</ns3:cad>
          </ns3:TrackPointExtension>
        </extensions>
      </trkpt>
      <trkpt lat="29.148099459707736968994140625" lon="120.3283875994384288787841796875">
        <ele>143.1999969482421875</ele>
        <time>2016-04-28T11:40:50.000Z</time>
        <extensions>
          <ns3:TrackPointExtension>
            <ns3:hr>172</ns3:hr>
            <ns3:cad>99</ns3:cad>
          </ns3:TrackPointExtension>
        </extensions>
      </trkpt>
      <trkpt lat="29.148099459707736968994140625" lon="120.3283875994384288787841796875">
        <ele>143.1999969482421875</ele>
        <time>2016-04-28T11:40:51.000Z</time>
        <extensions>
          <ns3:TrackPointExtension>
            <ns3:hr>172</ns3:hr>
            <ns3:cad>99</ns3:cad>
          </ns3:TrackPointExtension>
        </extensions>
      </trkpt>
      <trkpt lat="29.14808361791074275970458984375" lon="120.32845289446413516998291015625">
        <ele>143.399993896484375</ele>
        <time>2016-04-28T11:40:52.000Z</time>
        <extensions>
          <ns3:TrackPointExtension>
            <ns3:hr>172</ns3:hr>
            <ns3:cad>98</ns3:cad>
          </ns3:TrackPointExtension>
        </extensions>
      </trkpt>
      <trkpt lat="29.14808361791074275970458984375" lon="120.32845289446413516998291015625">
        <ele>143.399993896484375</ele>
        <time>2016-04-28T11:40:53.000Z</time>
        <extensions>
          <ns3:TrackPointExtension>
            <ns3:hr>172</ns3:hr>
            <ns3:cad>98</ns3:cad>
          </ns3:TrackPointExtension>
        </extensions>
      </trkpt>
      <trkpt lat="29.14807297289371490478515625" lon="120.32852388918399810791015625">
        <ele>143.399993896484375</ele>
        <time>2016-04-28T11:40:54.000Z</time>
        <extensions>
          <ns3:TrackPointExtension>
            <ns3:hr>173</ns3:hr>
            <ns3:cad>98</ns3:cad>
          </ns3:TrackPointExtension>
        </extensions>
      </trkpt>
      <trkpt lat="29.14807297289371490478515625" lon="120.32852388918399810791015625">
        <ele>143.399993896484375</ele>
        <time>2016-04-28T11:40:55.000Z</time>
        <extensions>
          <ns3:TrackPointExtension>
            <ns3:hr>173</ns3:hr>
            <ns3:cad>98</ns3:cad>
          </ns3:TrackPointExtension>
        </extensions>
      </trkpt>
      <trkpt lat="29.14807037450373172760009765625" lon="120.32859119586646556854248046875">
        <ele>144</ele>
        <time>2016-04-28T11:40:56.000Z</time>
        <extensions>
          <ns3:TrackPointExtension>
            <ns3:hr>173</ns3:hr>
            <ns3:cad>99</ns3:cad>
          </ns3:TrackPointExtension>
        </extensions>
      </trkpt>
      <trkpt lat="29.14807037450373172760009765625" lon="120.32859119586646556854248046875">
        <ele>144</ele>
        <time>2016-04-28T11:40:57.000Z</time>
        <extensions>
          <ns3:TrackPointExtension>
            <ns3:hr>172</ns3:hr>
            <ns3:cad>99</ns3:cad>
          </ns3:TrackPointExtension>
        </extensions>
      </trkpt>
      <trkpt lat="29.148077666759490966796875" lon="120.32865724526345729827880859375">
        <ele>144.399993896484375</ele>
        <time>2016-04-28T11:40:58.000Z</time>
        <extensions>
          <ns3:TrackPointExtension>
            <ns3:hr>172</ns3:hr>
            <ns3:cad>98</ns3:cad>
          </ns3:TrackPointExtension>
        </extensions>
      </trkpt>
      <trkpt lat="29.148077666759490966796875" lon="120.32865724526345729827880859375">
        <ele>144.399993896484375</ele>
        <time>2016-04-28T11:40:59.000Z</time>
        <extensions>
          <ns3:TrackPointExtension>
            <ns3:hr>173</ns3:hr>
            <ns3:cad>98</ns3:cad>
          </ns3:TrackPointExtension>
        </extensions>
      </trkpt>
      <trkpt lat="29.14809384383261203765869140625" lon="120.32871994189918041229248046875">
        <ele>144.8000030517578125</ele>
        <time>2016-04-28T11:41:00.000Z</time>
        <extensions>
          <ns3:TrackPointExtension>
            <ns3:hr>173</ns3:hr>
            <ns3:cad>99</ns3:cad>
          </ns3:TrackPointExtension>
        </extensions>
      </trkpt>
      <trkpt lat="29.14809384383261203765869140625" lon="120.32871994189918041229248046875">
        <ele>144.8000030517578125</ele>
        <time>2016-04-28T11:41:01.000Z</time>
        <extensions>
          <ns3:TrackPointExtension>
            <ns3:hr>174</ns3:hr>
            <ns3:cad>99</ns3:cad>
          </ns3:TrackPointExtension>
        </extensions>
      </trkpt>
      <trkpt lat="29.1481217555701732635498046875" lon="120.32877777703106403350830078125">
        <ele>145</ele>
        <time>2016-04-28T11:41:02.000Z</time>
        <extensions>
          <ns3:TrackPointExtension>
            <ns3:hr>174</ns3:hr>
            <ns3:cad>98</ns3:cad>
          </ns3:TrackPointExtension>
        </extensions>
      </trkpt>
      <trkpt lat="29.1481217555701732635498046875" lon="120.32877777703106403350830078125">
        <ele>145</ele>
        <time>2016-04-28T11:41:03.000Z</time>
        <extensions>
          <ns3:TrackPointExtension>
            <ns3:hr>174</ns3:hr>
            <ns3:cad>98</ns3:cad>
          </ns3:TrackPointExtension>
        </extensions>
      </trkpt>
      <trkpt lat="29.14815436117351055145263671875" lon="120.32883024774491786956787109375">
        <ele>145</ele>
        <time>2016-04-28T11:41:04.000Z</time>
        <extensions>
          <ns3:TrackPointExtension>
            <ns3:hr>173</ns3:hr>
            <ns3:cad>97</ns3:cad>
          </ns3:TrackPointExtension>
        </extensions>
      </trkpt>
      <trkpt lat="29.1481728851795196533203125" lon="120.32885690219700336456298828125">
        <ele>145</ele>
        <time>2016-04-28T11:41:05.000Z</time>
        <extensions>
          <ns3:TrackPointExtension>
            <ns3:hr>171</ns3:hr>
            <ns3:cad>97</ns3:cad>
          </ns3:TrackPointExtension>
        </extensions>
      </trkpt>
      <trkpt lat="29.1481728851795196533203125" lon="120.32885690219700336456298828125">
        <ele>145</ele>
        <time>2016-04-28T11:41:06.000Z</time>
        <extensions>
          <ns3:TrackPointExtension>
            <ns3:hr>171</ns3:hr>
            <ns3:cad>97</ns3:cad>
          </ns3:TrackPointExtension>
        </extensions>
      </trkpt>
      <trkpt lat="29.14821370504796504974365234375" lon="120.32889830879867076873779296875">
        <ele>144.8000030517578125</ele>
        <time>2016-04-28T11:41:07.000Z</time>
        <extensions>
          <ns3:TrackPointExtension>
            <ns3:hr>171</ns3:hr>
            <ns3:cad>98</ns3:cad>
          </ns3:TrackPointExtension>
        </extensions>
      </trkpt>
      <trkpt lat="29.14821370504796504974365234375" lon="120.32889830879867076873779296875">
        <ele>144.8000030517578125</ele>
        <time>2016-04-28T11:41:08.000Z</time>
        <extensions>
          <ns3:TrackPointExtension>
            <ns3:hr>171</ns3:hr>
            <ns3:cad>98</ns3:cad>
          </ns3:TrackPointExtension>
        </extensions>
      </trkpt>
      <trkpt lat="29.148262403905391693115234375" lon="120.32893435098230838775634765625">
        <ele>144.600006103515625</ele>
        <time>2016-04-28T11:41:09.000Z</time>
        <extensions>
          <ns3:TrackPointExtension>
            <ns3:hr>172</ns3:hr>
            <ns3:cad>97</ns3:cad>
          </ns3:TrackPointExtension>
        </extensions>
      </trkpt>
      <trkpt lat="29.148262403905391693115234375" lon="120.32893435098230838775634765625">
        <ele>144.600006103515625</ele>
        <time>2016-04-28T11:41:10.000Z</time>
        <extensions>
          <ns3:TrackPointExtension>
            <ns3:hr>172</ns3:hr>
            <ns3:cad>97</ns3:cad>
          </ns3:TrackPointExtension>
        </extensions>
      </trkpt>
      <trkpt lat="29.14831579662859439849853515625" lon="120.3289666213095188140869140625">
        <ele>144.399993896484375</ele>
        <time>2016-04-28T11:41:11.000Z</time>
        <extensions>
          <ns3:TrackPointExtension>
            <ns3:hr>173</ns3:hr>
            <ns3:cad>96</ns3:cad>
          </ns3:TrackPointExtension>
        </extensions>
      </trkpt>
      <trkpt lat="29.14831579662859439849853515625" lon="120.3289666213095188140869140625">
        <ele>144.399993896484375</ele>
        <time>2016-04-28T11:41:12.000Z</time>
        <extensions>
          <ns3:TrackPointExtension>
            <ns3:hr>173</ns3:hr>
            <ns3:cad>96</ns3:cad>
          </ns3:TrackPointExtension>
        </extensions>
      </trkpt>
      <trkpt lat="29.14836944080889225006103515625" lon="120.32899704761803150177001953125">
        <ele>144.1999969482421875</ele>
        <time>2016-04-28T11:41:13.000Z</time>
        <extensions>
          <ns3:TrackPointExtension>
            <ns3:hr>171</ns3:hr>
            <ns3:cad>98</ns3:cad>
          </ns3:TrackPointExtension>
        </extensions>
      </trkpt>
      <trkpt lat="29.14836944080889225006103515625" lon="120.32899704761803150177001953125">
        <ele>144.1999969482421875</ele>
        <time>2016-04-28T11:41:14.000Z</time>
        <extensions>
          <ns3:TrackPointExtension>
            <ns3:hr>171</ns3:hr>
            <ns3:cad>98</ns3:cad>
          </ns3:TrackPointExtension>
        </extensions>
      </trkpt>
      <trkpt lat="29.14842660538852214813232421875" lon="120.32902554608881473541259765625">
        <ele>144</ele>
        <time>2016-04-28T11:41:15.000Z</time>
        <extensions>
          <ns3:TrackPointExtension>
            <ns3:hr>171</ns3:hr>
            <ns3:cad>98</ns3:cad>
          </ns3:TrackPointExtension>
        </extensions>
      </trkpt>
      <trkpt lat="29.14842660538852214813232421875" lon="120.32902554608881473541259765625">
        <ele>144</ele>
        <time>2016-04-28T11:41:16.000Z</time>
        <extensions>
          <ns3:TrackPointExtension>
            <ns3:hr>171</ns3:hr>
            <ns3:cad>98</ns3:cad>
          </ns3:TrackPointExtension>
        </extensions>
      </trkpt>
      <trkpt lat="29.1484831832349300384521484375" lon="120.3290544636547565460205078125">
        <ele>143.399993896484375</ele>
        <time>2016-04-28T11:41:17.000Z</time>
        <extensions>
          <ns3:TrackPointExtension>
            <ns3:hr>171</ns3:hr>
            <ns3:cad>98</ns3:cad>
          </ns3:TrackPointExtension>
        </extensions>
      </trkpt>
      <trkpt lat="29.1484831832349300384521484375" lon="120.3290544636547565460205078125">
        <ele>143.399993896484375</ele>
        <time>2016-04-28T11:41:18.000Z</time>
        <extensions>
          <ns3:TrackPointExtension>
            <ns3:hr>171</ns3:hr>
            <ns3:cad>98</ns3:cad>
          </ns3:TrackPointExtension>
        </extensions>
      </trkpt>
      <trkpt lat="29.14853724651038646697998046875" lon="120.3290822915732860565185546875">
        <ele>142.399993896484375</ele>
        <time>2016-04-28T11:41:19.000Z</time>
        <extensions>
          <ns3:TrackPointExtension>
            <ns3:hr>172</ns3:hr>
            <ns3:cad>98</ns3:cad>
          </ns3:TrackPointExtension>
        </extensions>
      </trkpt>
      <trkpt lat="29.14853724651038646697998046875" lon="120.3290822915732860565185546875">
        <ele>142.399993896484375</ele>
        <time>2016-04-28T11:41:20.000Z</time>
        <extensions>
          <ns3:TrackPointExtension>
            <ns3:hr>172</ns3:hr>
            <ns3:cad>98</ns3:cad>
          </ns3:TrackPointExtension>
        </extensions>
      </trkpt>
      <trkpt lat="29.14858854375779628753662109375" lon="120.32910995185375213623046875">
        <ele>141.600006103515625</ele>
        <time>2016-04-28T11:41:21.000Z</time>
        <extensions>
          <ns3:TrackPointExtension>
            <ns3:hr>172</ns3:hr>
            <ns3:cad>97</ns3:cad>
          </ns3:TrackPointExtension>
        </extensions>
      </trkpt>
      <trkpt lat="29.14858854375779628753662109375" lon="120.32910995185375213623046875">
        <ele>141.600006103515625</ele>
        <time>2016-04-28T11:41:22.000Z</time>
        <extensions>
          <ns3:TrackPointExtension>
            <ns3:hr>171</ns3:hr>
            <ns3:cad>97</ns3:cad>
          </ns3:TrackPointExtension>
        </extensions>
      </trkpt>
      <trkpt lat="29.14862911216914653778076171875" lon="120.32914825715124607086181640625">
        <ele>141</ele>
        <time>2016-04-28T11:41:23.000Z</time>
        <extensions>
          <ns3:TrackPointExtension>
            <ns3:hr>171</ns3:hr>
            <ns3:cad>97</ns3:cad>
          </ns3:TrackPointExtension>
        </extensions>
      </trkpt>
      <trkpt lat="29.14862911216914653778076171875" lon="120.32914825715124607086181640625">
        <ele>141</ele>
        <time>2016-04-28T11:41:24.000Z</time>
        <extensions>
          <ns3:TrackPointExtension>
            <ns3:hr>172</ns3:hr>
            <ns3:cad>97</ns3:cad>
          </ns3:TrackPointExtension>
        </extensions>
      </trkpt>
      <trkpt lat="29.14863087236881256103515625" lon="120.329173989593982696533203125">
        <ele>141</ele>
        <time>2016-04-28T11:41:25.000Z</time>
        <extensions>
          <ns3:TrackPointExtension>
            <ns3:hr>173</ns3:hr>
            <ns3:cad>97</ns3:cad>
          </ns3:TrackPointExtension>
        </extensions>
      </trkpt>
      <trkpt lat="29.14862106554210186004638671875" lon="120.32919486053287982940673828125">
        <ele>141.399993896484375</ele>
        <time>2016-04-28T11:41:26.000Z</time>
        <extensions>
          <ns3:TrackPointExtension>
            <ns3:hr>173</ns3:hr>
            <ns3:cad>95</ns3:cad>
          </ns3:TrackPointExtension>
        </extensions>
      </trkpt>
      <trkpt lat="29.14857680909335613250732421875" lon="120.32920357771217823028564453125">
        <ele>142</ele>
        <time>2016-04-28T11:41:27.000Z</time>
        <extensions>
          <ns3:TrackPointExtension>
            <ns3:hr>173</ns3:hr>
            <ns3:cad>95</ns3:cad>
          </ns3:TrackPointExtension>
        </extensions>
      </trkpt>
      <trkpt lat="29.14857680909335613250732421875" lon="120.32920357771217823028564453125">
        <ele>142</ele>
        <time>2016-04-28T11:41:28.000Z</time>
        <extensions>
          <ns3:TrackPointExtension>
            <ns3:hr>172</ns3:hr>
            <ns3:cad>95</ns3:cad>
          </ns3:TrackPointExtension>
        </extensions>
      </trkpt>
      <trkpt lat="29.14852299727499485015869140625" lon="120.32918865792453289031982421875">
        <ele>142.8000030517578125</ele>
        <time>2016-04-28T11:41:29.000Z</time>
        <extensions>
          <ns3:TrackPointExtension>
            <ns3:hr>171</ns3:hr>
            <ns3:cad>95</ns3:cad>
          </ns3:TrackPointExtension>
        </extensions>
      </trkpt>
      <trkpt lat="29.14852299727499485015869140625" lon="120.32918865792453289031982421875">
        <ele>142.8000030517578125</ele>
        <time>2016-04-28T11:41:30.000Z</time>
        <extensions>
          <ns3:TrackPointExtension>
            <ns3:hr>170</ns3:hr>
            <ns3:cad>95</ns3:cad>
          </ns3:TrackPointExtension>
        </extensions>
      </trkpt>
      <trkpt lat="29.1484610550105571746826171875" lon="120.329168625175952911376953125">
        <ele>143.399993896484375</ele>
        <time>2016-04-28T11:41:31.000Z</time>
        <extensions>
          <ns3:TrackPointExtension>
            <ns3:hr>168</ns3:hr>
            <ns3:cad>95</ns3:cad>
          </ns3:TrackPointExtension>
        </extensions>
      </trkpt>
      <trkpt lat="29.1484610550105571746826171875" lon="120.329168625175952911376953125">
        <ele>143.399993896484375</ele>
        <time>2016-04-28T11:41:32.000Z</time>
        <extensions>
          <ns3:TrackPointExtension>
            <ns3:hr>169</ns3:hr>
            <ns3:cad>95</ns3:cad>
          </ns3:TrackPointExtension>
        </extensions>
      </trkpt>
      <trkpt lat="29.148399867117404937744140625" lon="120.32914691604673862457275390625">
        <ele>143.8000030517578125</ele>
        <time>2016-04-28T11:41:33.000Z</time>
        <extensions>
          <ns3:TrackPointExtension>
            <ns3:hr>169</ns3:hr>
            <ns3:cad>98</ns3:cad>
          </ns3:TrackPointExtension>
        </extensions>
      </trkpt>
      <trkpt lat="29.148399867117404937744140625" lon="120.32914691604673862457275390625">
        <ele>143.8000030517578125</ele>
        <time>2016-04-28T11:41:34.000Z</time>
        <extensions>
          <ns3:TrackPointExtension>
            <ns3:hr>169</ns3:hr>
            <ns3:cad>98</ns3:cad>
          </ns3:TrackPointExtension>
        </extensions>
      </trkpt>
      <trkpt lat="29.14833909831941127777099609375" lon="120.3291238658130168914794921875">
        <ele>144.1999969482421875</ele>
        <time>2016-04-28T11:41:35.000Z</time>
        <extensions>
          <ns3:TrackPointExtension>
            <ns3:hr>169</ns3:hr>
            <ns3:cad>97</ns3:cad>
          </ns3:TrackPointExtension>
        </extensions>
      </trkpt>
      <trkpt lat="29.14833909831941127777099609375" lon="120.3291238658130168914794921875">
        <ele>144.1999969482421875</ele>
        <time>2016-04-28T11:41:36.000Z</time>
        <extensions>
          <ns3:TrackPointExtension>
            <ns3:hr>169</ns3:hr>
            <ns3:cad>97</ns3:cad>
          </ns3:TrackPointExtension>
        </extensions>
      </trkpt>
      <trkpt lat="29.14827950298786163330078125" lon="120.3290998935699462890625">
        <ele>144.399993896484375</ele>
        <time>2016-04-28T11:41:37.000Z</time>
        <extensions>
          <ns3:TrackPointExtension>
            <ns3:hr>168</ns3:hr>
            <ns3:cad>97</ns3:cad>
          </ns3:TrackPointExtension>
        </extensions>
      </trkpt>
      <trkpt lat="29.14827950298786163330078125" lon="120.3290998935699462890625">
        <ele>144.399993896484375</ele>
        <time>2016-04-28T11:41:38.000Z</time>
        <extensions>
          <ns3:TrackPointExtension>
            <ns3:hr>168</ns3:hr>
            <ns3:cad>97</ns3:cad>
          </ns3:TrackPointExtension>
        </extensions>
      </trkpt>
      <trkpt lat="29.148222841322422027587890625" lon="120.3290739096701145172119140625">
        <ele>144.8000030517578125</ele>
        <time>2016-04-28T11:41:39.000Z</time>
        <extensions>
          <ns3:TrackPointExtension>
            <ns3:hr>168</ns3:hr>
            <ns3:cad>97</ns3:cad>
          </ns3:TrackPointExtension>
        </extensions>
      </trkpt>
      <trkpt lat="29.148222841322422027587890625" lon="120.3290739096701145172119140625">
        <ele>144.8000030517578125</ele>
        <time>2016-04-28T11:41:40.000Z</time>
        <extensions>
          <ns3:TrackPointExtension>
            <ns3:hr>168</ns3:hr>
            <ns3:cad>97</ns3:cad>
          </ns3:TrackPointExtension>
        </extensions>
      </trkpt>
      <trkpt lat="29.14816928096115589141845703125" lon="120.3290403820574283599853515625">
        <ele>145</ele>
        <time>2016-04-28T11:41:41.000Z</time>
        <extensions>
          <ns3:TrackPointExtension>
            <ns3:hr>169</ns3:hr>
            <ns3:cad>97</ns3:cad>
          </ns3:TrackPointExtension>
        </extensions>
      </trkpt>
      <trkpt lat="29.14816928096115589141845703125" lon="120.3290403820574283599853515625">
        <ele>145</ele>
        <time>2016-04-28T11:41:42.000Z</time>
        <extensions>
          <ns3:TrackPointExtension>
            <ns3:hr>168</ns3:hr>
            <ns3:cad>97</ns3:cad>
          </ns3:TrackPointExtension>
        </extensions>
      </trkpt>
      <trkpt lat="29.14812259376049041748046875" lon="120.32900241203606128692626953125">
        <ele>145</ele>
        <time>2016-04-28T11:41:43.000Z</time>
        <extensions>
          <ns3:TrackPointExtension>
            <ns3:hr>168</ns3:hr>
            <ns3:cad>97</ns3:cad>
          </ns3:TrackPointExtension>
        </extensions>
      </trkpt>
      <trkpt lat="29.14812259376049041748046875" lon="120.32900241203606128692626953125">
        <ele>145</ele>
        <time>2016-04-28T11:41:44.000Z</time>
        <extensions>
          <ns3:TrackPointExtension>
            <ns3:hr>168</ns3:hr>
            <ns3:cad>98</ns3:cad>
          </ns3:TrackPointExtension>
        </extensions>
      </trkpt>
      <trkpt lat="29.14807699620723724365234375" lon="120.32895346172153949737548828125">
        <ele>145</ele>
        <time>2016-04-28T11:41:45.000Z</time>
        <extensions>
          <ns3:TrackPointExtension>
            <ns3:hr>168</ns3:hr>
            <ns3:cad>98</ns3:cad>
          </ns3:TrackPointExtension>
        </extensions>
      </trkpt>
      <trkpt lat="29.14807699620723724365234375" lon="120.32895346172153949737548828125">
        <ele>145</ele>
        <time>2016-04-28T11:41:46.000Z</time>
        <extensions>
          <ns3:TrackPointExtension>
            <ns3:hr>168</ns3:hr>
            <ns3:cad>97</ns3:cad>
          </ns3:TrackPointExtension>
        </extensions>
      </trkpt>
      <trkpt lat="29.14803542196750640869140625" lon="120.328903757035732269287109375">
        <ele>145</ele>
        <time>2016-04-28T11:41:47.000Z</time>
        <extensions>
          <ns3:TrackPointExtension>
            <ns3:hr>169</ns3:hr>
            <ns3:cad>97</ns3:cad>
          </ns3:TrackPointExtension>
        </extensions>
      </trkpt>
      <trkpt lat="29.14801639504730701446533203125" lon="120.328878946602344512939453125">
        <ele>145</ele>
        <time>2016-04-28T11:41:48.000Z</time>
        <extensions>
          <ns3:TrackPointExtension>
            <ns3:hr>168</ns3:hr>
            <ns3:cad>97</ns3:cad>
          </ns3:TrackPointExtension>
        </extensions>
      </trkpt>
      <trkpt lat="29.14801639504730701446533203125" lon="120.328878946602344512939453125">
        <ele>145</ele>
        <time>2016-04-28T11:41:49.000Z</time>
        <extensions>
          <ns3:TrackPointExtension>
            <ns3:hr>169</ns3:hr>
            <ns3:cad>97</ns3:cad>
          </ns3:TrackPointExtension>
        </extensions>
      </trkpt>
      <trkpt lat="29.14799041114747524261474609375" lon="120.32882521860301494598388671875">
        <ele>145</ele>
        <time>2016-04-28T11:41:50.000Z</time>
        <extensions>
          <ns3:TrackPointExtension>
            <ns3:hr>169</ns3:hr>
            <ns3:cad>98</ns3:cad>
          </ns3:TrackPointExtension>
        </extensions>
      </trkpt>
      <trkpt lat="29.14799041114747524261474609375" lon="120.32882521860301494598388671875">
        <ele>145</ele>
        <time>2016-04-28T11:41:51.000Z</time>
        <extensions>
          <ns3:TrackPointExtension>
            <ns3:hr>169</ns3:hr>
            <ns3:cad>98</ns3:cad>
          </ns3:TrackPointExtension>
        </extensions>
      </trkpt>
      <trkpt lat="29.14797398261725902557373046875" lon="120.328764282166957855224609375">
        <ele>145</ele>
        <time>2016-04-28T11:41:52.000Z</time>
        <extensions>
          <ns3:TrackPointExtension>
            <ns3:hr>169</ns3:hr>
            <ns3:cad>98</ns3:cad>
          </ns3:TrackPointExtension>
        </extensions>
      </trkpt>
      <trkpt lat="29.14797398261725902557373046875" lon="120.328764282166957855224609375">
        <ele>145</ele>
        <time>2016-04-28T11:41:53.000Z</time>
        <extensions>
          <ns3:TrackPointExtension>
            <ns3:hr>168</ns3:hr>
            <ns3:cad>98</ns3:cad>
          </ns3:TrackPointExtension>
        </extensions>
      </trkpt>
      <trkpt lat="29.14795897901058197021484375" lon="120.32870418392121791839599609375">
        <ele>144.8000030517578125</ele>
        <time>2016-04-28T11:41:54.000Z</time>
        <extensions>
          <ns3:TrackPointExtension>
            <ns3:hr>168</ns3:hr>
            <ns3:cad>97</ns3:cad>
          </ns3:TrackPointExtension>
        </extensions>
      </trkpt>
      <trkpt lat="29.14795897901058197021484375" lon="120.32870418392121791839599609375">
        <ele>144.8000030517578125</ele>
        <time>2016-04-28T11:41:55.000Z</time>
        <extensions>
          <ns3:TrackPointExtension>
            <ns3:hr>168</ns3:hr>
            <ns3:cad>97</ns3:cad>
          </ns3:TrackPointExtension>
        </extensions>
      </trkpt>
      <trkpt lat="29.14794833399355411529541015625" lon="120.3286427445709705352783203125">
        <ele>144.399993896484375</ele>
        <time>2016-04-28T11:41:56.000Z</time>
        <extensions>
          <ns3:TrackPointExtension>
            <ns3:hr>169</ns3:hr>
            <ns3:cad>98</ns3:cad>
          </ns3:TrackPointExtension>
        </extensions>
      </trkpt>
      <trkpt lat="29.14794833399355411529541015625" lon="120.3286427445709705352783203125">
        <ele>144.399993896484375</ele>
        <time>2016-04-28T11:41:57.000Z</time>
        <extensions>
          <ns3:TrackPointExtension>
            <ns3:hr>170</ns3:hr>
            <ns3:cad>98</ns3:cad>
          </ns3:TrackPointExtension>
        </extensions>
      </trkpt>
      <trkpt lat="29.14794799871742725372314453125" lon="120.32858381979167461395263671875">
        <ele>144.1999969482421875</ele>
        <time>2016-04-28T11:41:58.000Z</time>
        <extensions>
          <ns3:TrackPointExtension>
            <ns3:hr>170</ns3:hr>
            <ns3:cad>98</ns3:cad>
          </ns3:TrackPointExtension>
        </extensions>
      </trkpt>
      <trkpt lat="29.14794799871742725372314453125" lon="120.32858381979167461395263671875">
        <ele>144.1999969482421875</ele>
        <time>2016-04-28T11:41:59.000Z</time>
        <extensions>
          <ns3:TrackPointExtension>
            <ns3:hr>171</ns3:hr>
            <ns3:cad>98</ns3:cad>
          </ns3:TrackPointExtension>
        </extensions>
      </trkpt>
      <trkpt lat="29.14795554243028163909912109375" lon="120.32852514646947383880615234375">
        <ele>144</ele>
        <time>2016-04-28T11:42:00.000Z</time>
        <extensions>
          <ns3:TrackPointExtension>
            <ns3:hr>171</ns3:hr>
            <ns3:cad>97</ns3:cad>
          </ns3:TrackPointExtension>
        </extensions>
      </trkpt>
      <trkpt lat="29.14795554243028163909912109375" lon="120.32852514646947383880615234375">
        <ele>144</ele>
        <time>2016-04-28T11:42:01.000Z</time>
        <extensions>
          <ns3:TrackPointExtension>
            <ns3:hr>171</ns3:hr>
            <ns3:cad>97</ns3:cad>
          </ns3:TrackPointExtension>
        </extensions>
      </trkpt>
      <trkpt lat="29.14796576835215091705322265625" lon="120.3284697420895099639892578125">
        <ele>143.8000030517578125</ele>
        <time>2016-04-28T11:42:02.000Z</time>
        <extensions>
          <ns3:TrackPointExtension>
            <ns3:hr>170</ns3:hr>
            <ns3:cad>97</ns3:cad>
          </ns3:TrackPointExtension>
        </extensions>
      </trkpt>
      <trkpt lat="29.14796576835215091705322265625" lon="120.3284697420895099639892578125">
        <ele>143.8000030517578125</ele>
        <time>2016-04-28T11:42:03.000Z</time>
        <extensions>
          <ns3:TrackPointExtension>
            <ns3:hr>171</ns3:hr>
            <ns3:cad>97</ns3:cad>
          </ns3:TrackPointExtension>
        </extensions>
      </trkpt>
      <trkpt lat="29.14798102341592311859130859375" lon="120.328410565853118896484375">
        <ele>143.600006103515625</ele>
        <time>2016-04-28T11:42:04.000Z</time>
        <extensions>
          <ns3:TrackPointExtension>
            <ns3:hr>171</ns3:hr>
            <ns3:cad>97</ns3:cad>
          </ns3:TrackPointExtension>
        </extensions>
      </trkpt>
      <trkpt lat="29.14798102341592311859130859375" lon="120.328410565853118896484375">
        <ele>143.600006103515625</ele>
        <time>2016-04-28T11:42:05.000Z</time>
        <extensions>
          <ns3:TrackPointExtension>
            <ns3:hr>171</ns3:hr>
            <ns3:cad>97</ns3:cad>
          </ns3:TrackPointExtension>
        </extensions>
      </trkpt>
      <trkpt lat="29.1480020619928836822509765625" lon="120.32835147343575954437255859375">
        <ele>143.600006103515625</ele>
        <time>2016-04-28T11:42:06.000Z</time>
        <extensions>
          <ns3:TrackPointExtension>
            <ns3:hr>171</ns3:hr>
            <ns3:cad>98</ns3:cad>
          </ns3:TrackPointExtension>
        </extensions>
      </trkpt>
      <trkpt lat="29.1480020619928836822509765625" lon="120.32835147343575954437255859375">
        <ele>143.600006103515625</ele>
        <time>2016-04-28T11:42:07.000Z</time>
        <extensions>
          <ns3:TrackPointExtension>
            <ns3:hr>172</ns3:hr>
            <ns3:cad>98</ns3:cad>
          </ns3:TrackPointExtension>
        </extensions>
      </trkpt>
      <trkpt lat="29.14802377112209796905517578125" lon="120.32829481177031993865966796875">
        <ele>143.600006103515625</ele>
        <time>2016-04-28T11:42:08.000Z</time>
        <extensions>
          <ns3:TrackPointExtension>
            <ns3:hr>172</ns3:hr>
            <ns3:cad>98</ns3:cad>
          </ns3:TrackPointExtension>
        </extensions>
      </trkpt>
      <trkpt lat="29.14803483523428440093994140625" lon="120.3282665647566318511962890625">
        <ele>143.399993896484375</ele>
        <time>2016-04-28T11:42:09.000Z</time>
        <extensions>
          <ns3:TrackPointExtension>
            <ns3:hr>171</ns3:hr>
            <ns3:cad>98</ns3:cad>
          </ns3:TrackPointExtension>
        </extensions>
      </trkpt>
      <trkpt lat="29.14803483523428440093994140625" lon="120.3282665647566318511962890625">
        <ele>143.399993896484375</ele>
        <time>2016-04-28T11:42:10.000Z</time>
        <extensions>
          <ns3:TrackPointExtension>
            <ns3:hr>171</ns3:hr>
            <ns3:cad>97</ns3:cad>
          </ns3:TrackPointExtension>
        </extensions>
      </trkpt>
      <trkpt lat="29.14805763401091098785400390625" lon="120.328209735453128814697265625">
        <ele>143.399993896484375</ele>
        <time>2016-04-28T11:42:11.000Z</time>
        <extensions>
          <ns3:TrackPointExtension>
            <ns3:hr>173</ns3:hr>
            <ns3:cad>97</ns3:cad>
          </ns3:TrackPointExtension>
        </extensions>
      </trkpt>
      <trkpt lat="29.14805763401091098785400390625" lon="120.328209735453128814697265625">
        <ele>143.399993896484375</ele>
        <time>2016-04-28T11:42:12.000Z</time>
        <extensions>
          <ns3:TrackPointExtension>
            <ns3:hr>171</ns3:hr>
            <ns3:cad>97</ns3:cad>
          </ns3:TrackPointExtension>
        </extensions>
      </trkpt>
      <trkpt lat="29.14807967841625213623046875" lon="120.32815114594995975494384765625">
        <ele>143</ele>
        <time>2016-04-28T11:42:13.000Z</time>
        <extensions>
          <ns3:TrackPointExtension>
            <ns3:hr>171</ns3:hr>
            <ns3:cad>97</ns3:cad>
          </ns3:TrackPointExtension>
        </extensions>
      </trkpt>
      <trkpt lat="29.14807967841625213623046875" lon="120.32815114594995975494384765625">
        <ele>143</ele>
        <time>2016-04-28T11:42:14.000Z</time>
        <extensions>
          <ns3:TrackPointExtension>
            <ns3:hr>172</ns3:hr>
            <ns3:cad>97</ns3:cad>
          </ns3:TrackPointExtension>
        </extensions>
      </trkpt>
      <trkpt lat="29.14810356684029102325439453125" lon="120.3280927240848541259765625">
        <ele>143</ele>
        <time>2016-04-28T11:42:15.000Z</time>
        <extensions>
          <ns3:TrackPointExtension>
            <ns3:hr>172</ns3:hr>
            <ns3:cad>97</ns3:cad>
          </ns3:TrackPointExtension>
        </extensions>
      </trkpt>
      <trkpt lat="29.14810356684029102325439453125" lon="120.3280927240848541259765625">
        <ele>143</ele>
        <time>2016-04-28T11:42:16.000Z</time>
        <extensions>
          <ns3:TrackPointExtension>
            <ns3:hr>172</ns3:hr>
            <ns3:cad>97</ns3:cad>
          </ns3:TrackPointExtension>
        </extensions>
      </trkpt>
      <trkpt lat="29.14812686853110790252685546875" lon="120.3280325420200824737548828125">
        <ele>143</ele>
        <time>2016-04-28T11:42:17.000Z</time>
        <extensions>
          <ns3:TrackPointExtension>
            <ns3:hr>172</ns3:hr>
            <ns3:cad>98</ns3:cad>
          </ns3:TrackPointExtension>
        </extensions>
      </trkpt>
      <trkpt lat="29.14812686853110790252685546875" lon="120.3280325420200824737548828125">
        <ele>143</ele>
        <time>2016-04-28T11:42:18.000Z</time>
        <extensions>
          <ns3:TrackPointExtension>
            <ns3:hr>173</ns3:hr>
            <ns3:cad>98</ns3:cad>
          </ns3:TrackPointExtension>
        </extensions>
      </trkpt>
      <trkpt lat="29.14815184660255908966064453125" lon="120.3279735334217548370361328125">
        <ele>143</ele>
        <time>2016-04-28T11:42:19.000Z</time>
        <extensions>
          <ns3:TrackPointExtension>
            <ns3:hr>172</ns3:hr>
            <ns3:cad>98</ns3:cad>
          </ns3:TrackPointExtension>
        </extensions>
      </trkpt>
      <trkpt lat="29.14815184660255908966064453125" lon="120.3279735334217548370361328125">
        <ele>143</ele>
        <time>2016-04-28T11:42:20.000Z</time>
        <extensions>
          <ns3:TrackPointExtension>
            <ns3:hr>171</ns3:hr>
            <ns3:cad>98</ns3:cad>
          </ns3:TrackPointExtension>
        </extensions>
      </trkpt>
      <trkpt lat="29.14816911332309246063232421875" lon="120.32791460864245891571044921875">
        <ele>143</ele>
        <time>2016-04-28T11:42:21.000Z</time>
        <extensions>
          <ns3:TrackPointExtension>
            <ns3:hr>170</ns3:hr>
            <ns3:cad>97</ns3:cad>
          </ns3:TrackPointExtension>
        </extensions>
      </trkpt>
      <trkpt lat="29.14816911332309246063232421875" lon="120.32791460864245891571044921875">
        <ele>143</ele>
        <time>2016-04-28T11:42:22.000Z</time>
        <extensions>
          <ns3:TrackPointExtension>
            <ns3:hr>170</ns3:hr>
            <ns3:cad>97</ns3:cad>
          </ns3:TrackPointExtension>
        </extensions>
      </trkpt>
      <trkpt lat="29.14818235673010349273681640625" lon="120.32785710878670215606689453125">
        <ele>143</ele>
        <time>2016-04-28T11:42:23.000Z</time>
        <extensions>
          <ns3:TrackPointExtension>
            <ns3:hr>170</ns3:hr>
            <ns3:cad>98</ns3:cad>
          </ns3:TrackPointExtension>
        </extensions>
      </trkpt>
      <trkpt lat="29.14818235673010349273681640625" lon="120.32785710878670215606689453125">
        <ele>143</ele>
        <time>2016-04-28T11:42:24.000Z</time>
        <extensions>
          <ns3:TrackPointExtension>
            <ns3:hr>170</ns3:hr>
            <ns3:cad>98</ns3:cad>
          </ns3:TrackPointExtension>
        </extensions>
      </trkpt>
      <trkpt lat="29.14819526486098766326904296875" lon="120.32779927365481853485107421875">
        <ele>143</ele>
        <time>2016-04-28T11:42:25.000Z</time>
        <extensions>
          <ns3:TrackPointExtension>
            <ns3:hr>170</ns3:hr>
            <ns3:cad>98</ns3:cad>
          </ns3:TrackPointExtension>
        </extensions>
      </trkpt>
      <trkpt lat="29.14819526486098766326904296875" lon="120.32779927365481853485107421875">
        <ele>143</ele>
        <time>2016-04-28T11:42:26.000Z</time>
        <extensions>
          <ns3:TrackPointExtension>
            <ns3:hr>170</ns3:hr>
            <ns3:cad>98</ns3:cad>
          </ns3:TrackPointExtension>
        </extensions>
      </trkpt>
      <trkpt lat="29.14821001701056957244873046875" lon="120.32773992978036403656005859375">
        <ele>143</ele>
        <time>2016-04-28T11:42:27.000Z</time>
        <extensions>
          <ns3:TrackPointExtension>
            <ns3:hr>170</ns3:hr>
            <ns3:cad>97</ns3:cad>
          </ns3:TrackPointExtension>
        </extensions>
      </trkpt>
      <trkpt lat="29.14821001701056957244873046875" lon="120.32773992978036403656005859375">
        <ele>143</ele>
        <time>2016-04-28T11:42:28.000Z</time>
        <extensions>
          <ns3:TrackPointExtension>
            <ns3:hr>170</ns3:hr>
            <ns3:cad>97</ns3:cad>
          </ns3:TrackPointExtension>
        </extensions>
      </trkpt>
      <trkpt lat="29.14822661317884922027587890625" lon="120.327681005001068115234375">
        <ele>143.1999969482421875</ele>
        <time>2016-04-28T11:42:29.000Z</time>
        <extensions>
          <ns3:TrackPointExtension>
            <ns3:hr>170</ns3:hr>
            <ns3:cad>97</ns3:cad>
          </ns3:TrackPointExtension>
        </extensions>
      </trkpt>
      <trkpt lat="29.1482399404048919677734375" lon="120.32765426672995090484619140625">
        <ele>143.1999969482421875</ele>
        <time>2016-04-28T11:42:30.000Z</time>
        <extensions>
          <ns3:TrackPointExtension>
            <ns3:hr>170</ns3:hr>
            <ns3:cad>97</ns3:cad>
          </ns3:TrackPointExtension>
        </extensions>
      </trkpt>
      <trkpt lat="29.1482399404048919677734375" lon="120.32765426672995090484619140625">
        <ele>143.1999969482421875</ele>
        <time>2016-04-28T11:42:31.000Z</time>
        <extensions>
          <ns3:TrackPointExtension>
            <ns3:hr>170</ns3:hr>
            <ns3:cad>97</ns3:cad>
          </ns3:TrackPointExtension>
        </extensions>
      </trkpt>
      <trkpt lat="29.14825804531574249267578125" lon="120.32760079018771648406982421875">
        <ele>143.399993896484375</ele>
        <time>2016-04-28T11:42:32.000Z</time>
        <extensions>
          <ns3:TrackPointExtension>
            <ns3:hr>169</ns3:hr>
            <ns3:cad>98</ns3:cad>
          </ns3:TrackPointExtension>
        </extensions>
      </trkpt>
      <trkpt lat="29.14825804531574249267578125" lon="120.32760079018771648406982421875">
        <ele>143.399993896484375</ele>
        <time>2016-04-28T11:42:33.000Z</time>
        <extensions>
          <ns3:TrackPointExtension>
            <ns3:hr>170</ns3:hr>
            <ns3:cad>98</ns3:cad>
          </ns3:TrackPointExtension>
        </extensions>
      </trkpt>
      <trkpt lat="29.148273803293704986572265625" lon="120.32754379324615001678466796875">
        <ele>143.399993896484375</ele>
        <time>2016-04-28T11:42:34.000Z</time>
        <extensions>
          <ns3:TrackPointExtension>
            <ns3:hr>170</ns3:hr>
            <ns3:cad>98</ns3:cad>
          </ns3:TrackPointExtension>
        </extensions>
      </trkpt>
      <trkpt lat="29.148273803293704986572265625" lon="120.32754379324615001678466796875">
        <ele>143.399993896484375</ele>
        <time>2016-04-28T11:42:35.000Z</time>
        <extensions>
          <ns3:TrackPointExtension>
            <ns3:hr>169</ns3:hr>
            <ns3:cad>98</ns3:cad>
          </ns3:TrackPointExtension>
        </extensions>
      </trkpt>
      <trkpt lat="29.14828914217650890350341796875" lon="120.3274867124855518341064453125">
        <ele>143.8000030517578125</ele>
        <time>2016-04-28T11:42:36.000Z</time>
        <extensions>
          <ns3:TrackPointExtension>
            <ns3:hr>169</ns3:hr>
            <ns3:cad>97</ns3:cad>
          </ns3:TrackPointExtension>
        </extensions>
      </trkpt>
      <trkpt lat="29.14828914217650890350341796875" lon="120.3274867124855518341064453125">
        <ele>143.8000030517578125</ele>
        <time>2016-04-28T11:42:37.000Z</time>
        <extensions>
          <ns3:TrackPointExtension>
            <ns3:hr>170</ns3:hr>
            <ns3:cad>97</ns3:cad>
          </ns3:TrackPointExtension>
        </extensions>
      </trkpt>
      <trkpt lat="29.14831043221056461334228515625" lon="120.32742577604949474334716796875">
        <ele>144.600006103515625</ele>
        <time>2016-04-28T11:42:38.000Z</time>
        <extensions>
          <ns3:TrackPointExtension>
            <ns3:hr>170</ns3:hr>
            <ns3:cad>98</ns3:cad>
          </ns3:TrackPointExtension>
        </extensions>
      </trkpt>
      <trkpt lat="29.14831043221056461334228515625" lon="120.32742577604949474334716796875">
        <ele>144.600006103515625</ele>
        <time>2016-04-28T11:42:39.000Z</time>
        <extensions>
          <ns3:TrackPointExtension>
            <ns3:hr>170</ns3:hr>
            <ns3:cad>98</ns3:cad>
          </ns3:TrackPointExtension>
        </extensions>
      </trkpt>
      <trkpt lat="29.14833088405430316925048828125" lon="120.32736509107053279876708984375">
        <ele>145.1999969482421875</ele>
        <time>2016-04-28T11:42:40.000Z</time>
        <extensions>
          <ns3:TrackPointExtension>
            <ns3:hr>170</ns3:hr>
            <ns3:cad>98</ns3:cad>
          </ns3:TrackPointExtension>
        </extensions>
      </trkpt>
      <trkpt lat="29.14833088405430316925048828125" lon="120.32736509107053279876708984375">
        <ele>145.1999969482421875</ele>
        <time>2016-04-28T11:42:41.000Z</time>
        <extensions>
          <ns3:TrackPointExtension>
            <ns3:hr>170</ns3:hr>
            <ns3:cad>98</ns3:cad>
          </ns3:TrackPointExtension>
        </extensions>
      </trkpt>
      <trkpt lat="29.14835393428802490234375" lon="120.3273043222725391387939453125">
        <ele>145.600006103515625</ele>
        <time>2016-04-28T11:42:42.000Z</time>
        <extensions>
          <ns3:TrackPointExtension>
            <ns3:hr>170</ns3:hr>
            <ns3:cad>98</ns3:cad>
          </ns3:TrackPointExtension>
        </extensions>
      </trkpt>
      <trkpt lat="29.14835393428802490234375" lon="120.3273043222725391387939453125">
        <ele>145.600006103515625</ele>
        <time>2016-04-28T11:42:43.000Z</time>
        <extensions>
          <ns3:TrackPointExtension>
            <ns3:hr>170</ns3:hr>
            <ns3:cad>98</ns3:cad>
          </ns3:TrackPointExtension>
        </extensions>
      </trkpt>
      <trkpt lat="29.14837765507400035858154296875" lon="120.32724355347454547882080078125">
        <ele>146.1999969482421875</ele>
        <time>2016-04-28T11:42:44.000Z</time>
        <extensions>
          <ns3:TrackPointExtension>
            <ns3:hr>170</ns3:hr>
            <ns3:cad>98</ns3:cad>
          </ns3:TrackPointExtension>
        </extensions>
      </trkpt>
      <trkpt lat="29.14837765507400035858154296875" lon="120.32724355347454547882080078125">
        <ele>146.1999969482421875</ele>
        <time>2016-04-28T11:42:45.000Z</time>
        <extensions>
          <ns3:TrackPointExtension>
            <ns3:hr>170</ns3:hr>
            <ns3:cad>98</ns3:cad>
          </ns3:TrackPointExtension>
        </extensions>
      </trkpt>
      <trkpt lat="29.14839542470872402191162109375" lon="120.32718303613364696502685546875">
        <ele>146.8000030517578125</ele>
        <time>2016-04-28T11:42:46.000Z</time>
        <extensions>
          <ns3:TrackPointExtension>
            <ns3:hr>170</ns3:hr>
            <ns3:cad>97</ns3:cad>
          </ns3:TrackPointExtension>
        </extensions>
      </trkpt>
      <trkpt lat="29.14839542470872402191162109375" lon="120.32718303613364696502685546875">
        <ele>146.8000030517578125</ele>
        <time>2016-04-28T11:42:47.000Z</time>
        <extensions>
          <ns3:TrackPointExtension>
            <ns3:hr>170</ns3:hr>
            <ns3:cad>97</ns3:cad>
          </ns3:TrackPointExtension>
        </extensions>
      </trkpt>
      <trkpt lat="29.1484131105244159698486328125" lon="120.32712603919208049774169921875">
        <ele>147.1999969482421875</ele>
        <time>2016-04-28T11:42:48.000Z</time>
        <extensions>
          <ns3:TrackPointExtension>
            <ns3:hr>170</ns3:hr>
            <ns3:cad>97</ns3:cad>
          </ns3:TrackPointExtension>
        </extensions>
      </trkpt>
      <trkpt lat="29.1484131105244159698486328125" lon="120.32712603919208049774169921875">
        <ele>147.1999969482421875</ele>
        <time>2016-04-28T11:42:49.000Z</time>
        <extensions>
          <ns3:TrackPointExtension>
            <ns3:hr>170</ns3:hr>
            <ns3:cad>97</ns3:cad>
          </ns3:TrackPointExtension>
        </extensions>
      </trkpt>
      <trkpt lat="29.14843582548201084136962890625" lon="120.32706677913665771484375">
        <ele>147.8000030517578125</ele>
        <time>2016-04-28T11:42:50.000Z</time>
        <extensions>
          <ns3:TrackPointExtension>
            <ns3:hr>170</ns3:hr>
            <ns3:cad>98</ns3:cad>
          </ns3:TrackPointExtension>
        </extensions>
      </trkpt>
      <trkpt lat="29.14843582548201084136962890625" lon="120.32706677913665771484375">
        <ele>147.8000030517578125</ele>
        <time>2016-04-28T11:42:51.000Z</time>
        <extensions>
          <ns3:TrackPointExtension>
            <ns3:hr>170</ns3:hr>
            <ns3:cad>98</ns3:cad>
          </ns3:TrackPointExtension>
        </extensions>
      </trkpt>
      <trkpt lat="29.14845786988735198974609375" lon="120.32701405696570873260498046875">
        <ele>148</ele>
        <time>2016-04-28T11:42:52.000Z</time>
        <extensions>
          <ns3:TrackPointExtension>
            <ns3:hr>170</ns3:hr>
            <ns3:cad>98</ns3:cad>
          </ns3:TrackPointExtension>
        </extensions>
      </trkpt>
      <trkpt lat="29.14845786988735198974609375" lon="120.32701405696570873260498046875">
        <ele>148</ele>
        <time>2016-04-28T11:42:53.000Z</time>
        <extensions>
          <ns3:TrackPointExtension>
            <ns3:hr>171</ns3:hr>
            <ns3:cad>98</ns3:cad>
          </ns3:TrackPointExtension>
        </extensions>
      </trkpt>
      <trkpt lat="29.14847387932240962982177734375" lon="120.326956473290920257568359375">
        <ele>148.1999969482421875</ele>
        <time>2016-04-28T11:42:54.000Z</time>
        <extensions>
          <ns3:TrackPointExtension>
            <ns3:hr>171</ns3:hr>
            <ns3:cad>98</ns3:cad>
          </ns3:TrackPointExtension>
        </extensions>
      </trkpt>
      <trkpt lat="29.14847387932240962982177734375" lon="120.326956473290920257568359375">
        <ele>148.1999969482421875</ele>
        <time>2016-04-28T11:42:55.000Z</time>
        <extensions>
          <ns3:TrackPointExtension>
            <ns3:hr>171</ns3:hr>
            <ns3:cad>97</ns3:cad>
          </ns3:TrackPointExtension>
        </extensions>
      </trkpt>
      <trkpt lat="29.148485362529754638671875" lon="120.3268929384648799896240234375">
        <ele>148.399993896484375</ele>
        <time>2016-04-28T11:42:56.000Z</time>
        <extensions>
          <ns3:TrackPointExtension>
            <ns3:hr>171</ns3:hr>
            <ns3:cad>97</ns3:cad>
          </ns3:TrackPointExtension>
        </extensions>
      </trkpt>
      <trkpt lat="29.148485362529754638671875" lon="120.3268929384648799896240234375">
        <ele>148.399993896484375</ele>
        <time>2016-04-28T11:42:57.000Z</time>
        <extensions>
          <ns3:TrackPointExtension>
            <ns3:hr>171</ns3:hr>
            <ns3:cad>98</ns3:cad>
          </ns3:TrackPointExtension>
        </extensions>
      </trkpt>
      <trkpt lat="29.1484965942800045013427734375" lon="120.32683133147656917572021484375">
        <ele>148.1999969482421875</ele>
        <time>2016-04-28T11:42:58.000Z</time>
        <extensions>
          <ns3:TrackPointExtension>
            <ns3:hr>171</ns3:hr>
            <ns3:cad>98</ns3:cad>
          </ns3:TrackPointExtension>
        </extensions>
      </trkpt>
      <trkpt lat="29.1484965942800045013427734375" lon="120.32683133147656917572021484375">
        <ele>148.1999969482421875</ele>
        <time>2016-04-28T11:42:59.000Z</time>
        <extensions>
          <ns3:TrackPointExtension>
            <ns3:hr>171</ns3:hr>
            <ns3:cad>98</ns3:cad>
          </ns3:TrackPointExtension>
        </extensions>
      </trkpt>
      <trkpt lat="29.148506820201873779296875" lon="120.32677014358341693878173828125">
        <ele>147.399993896484375</ele>
        <time>2016-04-28T11:43:00.000Z</time>
        <extensions>
          <ns3:TrackPointExtension>
            <ns3:hr>171</ns3:hr>
            <ns3:cad>98</ns3:cad>
          </ns3:TrackPointExtension>
        </extensions>
      </trkpt>
      <trkpt lat="29.148506820201873779296875" lon="120.32677014358341693878173828125">
        <ele>147.399993896484375</ele>
        <time>2016-04-28T11:43:01.000Z</time>
        <extensions>
          <ns3:TrackPointExtension>
            <ns3:hr>171</ns3:hr>
            <ns3:cad>98</ns3:cad>
          </ns3:TrackPointExtension>
        </extensions>
      </trkpt>
      <trkpt lat="29.1485215723514556884765625" lon="120.32671230845153331756591796875">
        <ele>146.600006103515625</ele>
        <time>2016-04-28T11:43:02.000Z</time>
        <extensions>
          <ns3:TrackPointExtension>
            <ns3:hr>171</ns3:hr>
            <ns3:cad>98</ns3:cad>
          </ns3:TrackPointExtension>
        </extensions>
      </trkpt>
      <trkpt lat="29.1485215723514556884765625" lon="120.32671230845153331756591796875">
        <ele>146.600006103515625</ele>
        <time>2016-04-28T11:43:03.000Z</time>
        <extensions>
          <ns3:TrackPointExtension>
            <ns3:hr>171</ns3:hr>
            <ns3:cad>98</ns3:cad>
          </ns3:TrackPointExtension>
        </extensions>
      </trkpt>
      <trkpt lat="29.14853791706264019012451171875" lon="120.3266522102057933807373046875">
        <ele>145.8000030517578125</ele>
        <time>2016-04-28T11:43:04.000Z</time>
        <extensions>
          <ns3:TrackPointExtension>
            <ns3:hr>170</ns3:hr>
            <ns3:cad>98</ns3:cad>
          </ns3:TrackPointExtension>
        </extensions>
      </trkpt>
      <trkpt lat="29.14853791706264019012451171875" lon="120.3266522102057933807373046875">
        <ele>145.8000030517578125</ele>
        <time>2016-04-28T11:43:05.000Z</time>
        <extensions>
          <ns3:TrackPointExtension>
            <ns3:hr>170</ns3:hr>
            <ns3:cad>98</ns3:cad>
          </ns3:TrackPointExtension>
        </extensions>
      </trkpt>
      <trkpt lat="29.148557446897029876708984375" lon="120.32659144140779972076416015625">
        <ele>145.399993896484375</ele>
        <time>2016-04-28T11:43:06.000Z</time>
        <extensions>
          <ns3:TrackPointExtension>
            <ns3:hr>169</ns3:hr>
            <ns3:cad>98</ns3:cad>
          </ns3:TrackPointExtension>
        </extensions>
      </trkpt>
      <trkpt lat="29.148557446897029876708984375" lon="120.32659144140779972076416015625">
        <ele>145.399993896484375</ele>
        <time>2016-04-28T11:43:07.000Z</time>
        <extensions>
          <ns3:TrackPointExtension>
            <ns3:hr>169</ns3:hr>
            <ns3:cad>98</ns3:cad>
          </ns3:TrackPointExtension>
        </extensions>
      </trkpt>
      <trkpt lat="29.148575551807880401611328125" lon="120.32653327099978923797607421875">
        <ele>145.1999969482421875</ele>
        <time>2016-04-28T11:43:08.000Z</time>
        <extensions>
          <ns3:TrackPointExtension>
            <ns3:hr>168</ns3:hr>
            <ns3:cad>98</ns3:cad>
          </ns3:TrackPointExtension>
        </extensions>
      </trkpt>
      <trkpt lat="29.148575551807880401611328125" lon="120.32653327099978923797607421875">
        <ele>145.1999969482421875</ele>
        <time>2016-04-28T11:43:09.000Z</time>
        <extensions>
          <ns3:TrackPointExtension>
            <ns3:hr>167</ns3:hr>
            <ns3:cad>98</ns3:cad>
          </ns3:TrackPointExtension>
        </extensions>
      </trkpt>
      <trkpt lat="29.1485938243567943572998046875" lon="120.3264741785824298858642578125">
        <ele>145.1999969482421875</ele>
        <time>2016-04-28T11:43:10.000Z</time>
        <extensions>
          <ns3:TrackPointExtension>
            <ns3:hr>168</ns3:hr>
            <ns3:cad>98</ns3:cad>
          </ns3:TrackPointExtension>
        </extensions>
      </trkpt>
      <trkpt lat="29.1485938243567943572998046875" lon="120.3264741785824298858642578125">
        <ele>145.1999969482421875</ele>
        <time>2016-04-28T11:43:11.000Z</time>
        <extensions>
          <ns3:TrackPointExtension>
            <ns3:hr>167</ns3:hr>
            <ns3:cad>98</ns3:cad>
          </ns3:TrackPointExtension>
        </extensions>
      </trkpt>
      <trkpt lat="29.1486136056482791900634765625" lon="120.3264128230512142181396484375">
        <ele>145</ele>
        <time>2016-04-28T11:43:12.000Z</time>
        <extensions>
          <ns3:TrackPointExtension>
            <ns3:hr>167</ns3:hr>
            <ns3:cad>98</ns3:cad>
          </ns3:TrackPointExtension>
        </extensions>
      </trkpt>
      <trkpt lat="29.14862056262791156768798828125" lon="120.32638273201882839202880859375">
        <ele>144.600006103515625</ele>
        <time>2016-04-28T11:43:13.000Z</time>
        <extensions>
          <ns3:TrackPointExtension>
            <ns3:hr>167</ns3:hr>
            <ns3:cad>98</ns3:cad>
          </ns3:TrackPointExtension>
        </extensions>
      </trkpt>
      <trkpt lat="29.14862056262791156768798828125" lon="120.32638273201882839202880859375">
        <ele>144.600006103515625</ele>
        <time>2016-04-28T11:43:14.000Z</time>
        <extensions>
          <ns3:TrackPointExtension>
            <ns3:hr>167</ns3:hr>
            <ns3:cad>98</ns3:cad>
          </ns3:TrackPointExtension>
        </extensions>
      </trkpt>
      <trkpt lat="29.14863355457782745361328125" lon="120.32632187940180301666259765625">
        <ele>144</ele>
        <time>2016-04-28T11:43:15.000Z</time>
        <extensions>
          <ns3:TrackPointExtension>
            <ns3:hr>167</ns3:hr>
            <ns3:cad>98</ns3:cad>
          </ns3:TrackPointExtension>
        </extensions>
      </trkpt>
      <trkpt lat="29.14863355457782745361328125" lon="120.32632187940180301666259765625">
        <ele>144</ele>
        <time>2016-04-28T11:43:16.000Z</time>
        <extensions>
          <ns3:TrackPointExtension>
            <ns3:hr>168</ns3:hr>
            <ns3:cad>98</ns3:cad>
          </ns3:TrackPointExtension>
        </extensions>
      </trkpt>
      <trkpt lat="29.14864436723291873931884765625" lon="120.32626278698444366455078125">
        <ele>143.600006103515625</ele>
        <time>2016-04-28T11:43:17.000Z</time>
        <extensions>
          <ns3:TrackPointExtension>
            <ns3:hr>168</ns3:hr>
            <ns3:cad>98</ns3:cad>
          </ns3:TrackPointExtension>
        </extensions>
      </trkpt>
      <trkpt lat="29.14864436723291873931884765625" lon="120.32626278698444366455078125">
        <ele>143.600006103515625</ele>
        <time>2016-04-28T11:43:18.000Z</time>
        <extensions>
          <ns3:TrackPointExtension>
            <ns3:hr>167</ns3:hr>
            <ns3:cad>98</ns3:cad>
          </ns3:TrackPointExtension>
        </extensions>
      </trkpt>
      <trkpt lat="29.148647971451282501220703125" lon="120.32620419748127460479736328125">
        <ele>143.8000030517578125</ele>
        <time>2016-04-28T11:43:19.000Z</time>
        <extensions>
          <ns3:TrackPointExtension>
            <ns3:hr>167</ns3:hr>
            <ns3:cad>98</ns3:cad>
          </ns3:TrackPointExtension>
        </extensions>
      </trkpt>
      <trkpt lat="29.148647971451282501220703125" lon="120.32620419748127460479736328125">
        <ele>143.8000030517578125</ele>
        <time>2016-04-28T11:43:20.000Z</time>
        <extensions>
          <ns3:TrackPointExtension>
            <ns3:hr>166</ns3:hr>
            <ns3:cad>98</ns3:cad>
          </ns3:TrackPointExtension>
        </extensions>
      </trkpt>
      <trkpt lat="29.14863950572907924652099609375" lon="120.3261365555226802825927734375">
        <ele>143.600006103515625</ele>
        <time>2016-04-28T11:43:21.000Z</time>
        <extensions>
          <ns3:TrackPointExtension>
            <ns3:hr>166</ns3:hr>
            <ns3:cad>99</ns3:cad>
          </ns3:TrackPointExtension>
        </extensions>
      </trkpt>
      <trkpt lat="29.14863950572907924652099609375" lon="120.3261365555226802825927734375">
        <ele>143.600006103515625</ele>
        <time>2016-04-28T11:43:22.000Z</time>
        <extensions>
          <ns3:TrackPointExtension>
            <ns3:hr>166</ns3:hr>
            <ns3:cad>99</ns3:cad>
          </ns3:TrackPointExtension>
        </extensions>
      </trkpt>
      <trkpt lat="29.14863179437816143035888671875" lon="120.32610277645289897918701171875">
        <ele>143.600006103515625</ele>
        <time>2016-04-28T11:43:23.000Z</time>
        <extensions>
          <ns3:TrackPointExtension>
            <ns3:hr>167</ns3:hr>
            <ns3:cad>99</ns3:cad>
          </ns3:TrackPointExtension>
        </extensions>
      </trkpt>
      <trkpt lat="29.14861905388534069061279296875" lon="120.3260678239166736602783203125">
        <ele>143.600006103515625</ele>
        <time>2016-04-28T11:43:24.000Z</time>
        <extensions>
          <ns3:TrackPointExtension>
            <ns3:hr>168</ns3:hr>
            <ns3:cad>99</ns3:cad>
          </ns3:TrackPointExtension>
        </extensions>
      </trkpt>
      <trkpt lat="29.148603379726409912109375" lon="120.326035134494304656982421875">
        <ele>143.600006103515625</ele>
        <time>2016-04-28T11:43:25.000Z</time>
        <extensions>
          <ns3:TrackPointExtension>
            <ns3:hr>167</ns3:hr>
            <ns3:cad>99</ns3:cad>
          </ns3:TrackPointExtension>
        </extensions>
      </trkpt>
      <trkpt lat="29.1485846042633056640625" lon="120.3260057978332042694091796875">
        <ele>143.600006103515625</ele>
        <time>2016-04-28T11:43:26.000Z</time>
        <extensions>
          <ns3:TrackPointExtension>
            <ns3:hr>167</ns3:hr>
            <ns3:cad>99</ns3:cad>
          </ns3:TrackPointExtension>
        </extensions>
      </trkpt>
      <trkpt lat="29.14856515824794769287109375" lon="120.3259786404669284820556640625">
        <ele>143.8000030517578125</ele>
        <time>2016-04-28T11:43:27.000Z</time>
        <extensions>
          <ns3:TrackPointExtension>
            <ns3:hr>167</ns3:hr>
            <ns3:cad>99</ns3:cad>
          </ns3:TrackPointExtension>
        </extensions>
      </trkpt>
      <trkpt lat="29.14854244329035282135009765625" lon="120.32595357857644557952880859375">
        <ele>144</ele>
        <time>2016-04-28T11:43:28.000Z</time>
        <extensions>
          <ns3:TrackPointExtension>
            <ns3:hr>168</ns3:hr>
            <ns3:cad>99</ns3:cad>
          </ns3:TrackPointExtension>
        </extensions>
      </trkpt>
      <trkpt lat="29.1485177166759967803955078125" lon="120.32593245618045330047607421875">
        <ele>144</ele>
        <time>2016-04-28T11:43:29.000Z</time>
        <extensions>
          <ns3:TrackPointExtension>
            <ns3:hr>169</ns3:hr>
            <ns3:cad>98</ns3:cad>
          </ns3:TrackPointExtension>
        </extensions>
      </trkpt>
      <trkpt lat="29.1484925709664821624755859375" lon="120.32591535709798336029052734375">
        <ele>144.1999969482421875</ele>
        <time>2016-04-28T11:43:30.000Z</time>
        <extensions>
          <ns3:TrackPointExtension>
            <ns3:hr>168</ns3:hr>
            <ns3:cad>97</ns3:cad>
          </ns3:TrackPointExtension>
        </extensions>
      </trkpt>
      <trkpt lat="29.14846566505730152130126953125" lon="120.325900353491306304931640625">
        <ele>144.1999969482421875</ele>
        <time>2016-04-28T11:43:31.000Z</time>
        <extensions>
          <ns3:TrackPointExtension>
            <ns3:hr>169</ns3:hr>
            <ns3:cad>97</ns3:cad>
          </ns3:TrackPointExtension>
        </extensions>
      </trkpt>
      <trkpt lat="29.14843641221523284912109375" lon="120.32588551752269268035888671875">
        <ele>144.1999969482421875</ele>
        <time>2016-04-28T11:43:32.000Z</time>
        <extensions>
          <ns3:TrackPointExtension>
            <ns3:hr>170</ns3:hr>
            <ns3:cad>97</ns3:cad>
          </ns3:TrackPointExtension>
        </extensions>
      </trkpt>
      <trkpt lat="29.14838000200688838958740234375" lon="120.3258636407554149627685546875">
        <ele>144</ele>
        <time>2016-04-28T11:43:33.000Z</time>
        <extensions>
          <ns3:TrackPointExtension>
            <ns3:hr>170</ns3:hr>
            <ns3:cad>97</ns3:cad>
          </ns3:TrackPointExtension>
        </extensions>
      </trkpt>
      <trkpt lat="29.14838000200688838958740234375" lon="120.3258636407554149627685546875">
        <ele>144</ele>
        <time>2016-04-28T11:43:34.000Z</time>
        <extensions>
          <ns3:TrackPointExtension>
            <ns3:hr>169</ns3:hr>
            <ns3:cad>100</ns3:cad>
          </ns3:TrackPointExtension>
        </extensions>
      </trkpt>
      <trkpt lat="29.1483232565224170684814453125" lon="120.3258423507213592529296875">
        <ele>143.8000030517578125</ele>
        <time>2016-04-28T11:43:35.000Z</time>
        <extensions>
          <ns3:TrackPointExtension>
            <ns3:hr>170</ns3:hr>
            <ns3:cad>97</ns3:cad>
          </ns3:TrackPointExtension>
        </extensions>
      </trkpt>
      <trkpt lat="29.1483232565224170684814453125" lon="120.3258423507213592529296875">
        <ele>143.8000030517578125</ele>
        <time>2016-04-28T11:43:36.000Z</time>
        <extensions>
          <ns3:TrackPointExtension>
            <ns3:hr>169</ns3:hr>
            <ns3:cad>97</ns3:cad>
          </ns3:TrackPointExtension>
        </extensions>
      </trkpt>
      <trkpt lat="29.1482712887227535247802734375" lon="120.3258193843066692352294921875">
        <ele>143.8000030517578125</ele>
        <time>2016-04-28T11:43:37.000Z</time>
        <extensions>
          <ns3:TrackPointExtension>
            <ns3:hr>169</ns3:hr>
            <ns3:cad>97</ns3:cad>
          </ns3:TrackPointExtension>
        </extensions>
      </trkpt>
      <trkpt lat="29.148253016173839569091796875" lon="120.32580052502453327178955078125">
        <ele>143.8000030517578125</ele>
        <time>2016-04-28T11:43:38.000Z</time>
        <extensions>
          <ns3:TrackPointExtension>
            <ns3:hr>169</ns3:hr>
            <ns3:cad>97</ns3:cad>
          </ns3:TrackPointExtension>
        </extensions>
      </trkpt>
      <trkpt lat="29.14824186824262142181396484375" lon="120.325773619115352630615234375">
        <ele>144</ele>
        <time>2016-04-28T11:43:39.000Z</time>
        <extensions>
          <ns3:TrackPointExtension>
            <ns3:hr>168</ns3:hr>
            <ns3:cad>97</ns3:cad>
          </ns3:TrackPointExtension>
        </extensions>
      </trkpt>
      <trkpt lat="29.14824186824262142181396484375" lon="120.325773619115352630615234375">
        <ele>144</ele>
        <time>2016-04-28T11:43:40.000Z</time>
        <extensions>
          <ns3:TrackPointExtension>
            <ns3:hr>169</ns3:hr>
            <ns3:cad>97</ns3:cad>
          </ns3:TrackPointExtension>
        </extensions>
      </trkpt>
      <trkpt lat="29.1482401080429553985595703125" lon="120.32574134878814220428466796875">
        <ele>144.399993896484375</ele>
        <time>2016-04-28T11:43:41.000Z</time>
        <extensions>
          <ns3:TrackPointExtension>
            <ns3:hr>168</ns3:hr>
            <ns3:cad>97</ns3:cad>
          </ns3:TrackPointExtension>
        </extensions>
      </trkpt>
      <trkpt lat="29.148252345621585845947265625" lon="120.32568074762821197509765625">
        <ele>145.1999969482421875</ele>
        <time>2016-04-28T11:43:42.000Z</time>
        <extensions>
          <ns3:TrackPointExtension>
            <ns3:hr>166</ns3:hr>
            <ns3:cad>96</ns3:cad>
          </ns3:TrackPointExtension>
        </extensions>
      </trkpt>
      <trkpt lat="29.148252345621585845947265625" lon="120.32568074762821197509765625">
        <ele>145.1999969482421875</ele>
        <time>2016-04-28T11:43:43.000Z</time>
        <extensions>
          <ns3:TrackPointExtension>
            <ns3:hr>169</ns3:hr>
            <ns3:cad>95</ns3:cad>
          </ns3:TrackPointExtension>
        </extensions>
      </trkpt>
      <trkpt lat="29.1482696123421192169189453125" lon="120.3256141953170299530029296875">
        <ele>146</ele>
        <time>2016-04-28T11:43:44.000Z</time>
        <extensions>
          <ns3:TrackPointExtension>
            <ns3:hr>169</ns3:hr>
            <ns3:cad>95</ns3:cad>
          </ns3:TrackPointExtension>
        </extensions>
      </trkpt>
      <trkpt lat="29.1482696123421192169189453125" lon="120.3256141953170299530029296875">
        <ele>146</ele>
        <time>2016-04-28T11:43:45.000Z</time>
        <extensions>
          <ns3:TrackPointExtension>
            <ns3:hr>167</ns3:hr>
            <ns3:cad>95</ns3:cad>
          </ns3:TrackPointExtension>
        </extensions>
      </trkpt>
      <trkpt lat="29.148287884891033172607421875" lon="120.32554663717746734619140625">
        <ele>146.8000030517578125</ele>
        <time>2016-04-28T11:43:46.000Z</time>
        <extensions>
          <ns3:TrackPointExtension>
            <ns3:hr>168</ns3:hr>
            <ns3:cad>96</ns3:cad>
          </ns3:TrackPointExtension>
        </extensions>
      </trkpt>
      <trkpt lat="29.148287884891033172607421875" lon="120.32554663717746734619140625">
        <ele>146.8000030517578125</ele>
        <time>2016-04-28T11:43:47.000Z</time>
        <extensions>
          <ns3:TrackPointExtension>
            <ns3:hr>167</ns3:hr>
            <ns3:cad>96</ns3:cad>
          </ns3:TrackPointExtension>
        </extensions>
      </trkpt>
      <trkpt lat="29.148308672010898590087890625" lon="120.32548150978982448577880859375">
        <ele>147.600006103515625</ele>
        <time>2016-04-28T11:43:48.000Z</time>
        <extensions>
          <ns3:TrackPointExtension>
            <ns3:hr>167</ns3:hr>
            <ns3:cad>96</ns3:cad>
          </ns3:TrackPointExtension>
        </extensions>
      </trkpt>
      <trkpt lat="29.148308672010898590087890625" lon="120.32548150978982448577880859375">
        <ele>147.600006103515625</ele>
        <time>2016-04-28T11:43:49.000Z</time>
        <extensions>
          <ns3:TrackPointExtension>
            <ns3:hr>168</ns3:hr>
            <ns3:cad>96</ns3:cad>
          </ns3:TrackPointExtension>
        </extensions>
      </trkpt>
      <trkpt lat="29.14831998758018016815185546875" lon="120.32545016147196292877197265625">
        <ele>148</ele>
        <time>2016-04-28T11:43:50.000Z</time>
        <extensions>
          <ns3:TrackPointExtension>
            <ns3:hr>168</ns3:hr>
            <ns3:cad>98</ns3:cad>
          </ns3:TrackPointExtension>
        </extensions>
      </trkpt>
      <trkpt lat="29.1483313031494617462158203125" lon="120.32541789114475250244140625">
        <ele>148.600006103515625</ele>
        <time>2016-04-28T11:43:51.000Z</time>
        <extensions>
          <ns3:TrackPointExtension>
            <ns3:hr>169</ns3:hr>
            <ns3:cad>98</ns3:cad>
          </ns3:TrackPointExtension>
        </extensions>
      </trkpt>
      <trkpt lat="29.14833993650972843170166015625" lon="120.32538696192204952239990234375">
        <ele>149.1999969482421875</ele>
        <time>2016-04-28T11:43:52.000Z</time>
        <extensions>
          <ns3:TrackPointExtension>
            <ns3:hr>169</ns3:hr>
            <ns3:cad>98</ns3:cad>
          </ns3:TrackPointExtension>
        </extensions>
      </trkpt>
      <trkpt lat="29.14835234172642230987548828125" lon="120.325320661067962646484375">
        <ele>150.1999969482421875</ele>
        <time>2016-04-28T11:43:53.000Z</time>
        <extensions>
          <ns3:TrackPointExtension>
            <ns3:hr>169</ns3:hr>
            <ns3:cad>97</ns3:cad>
          </ns3:TrackPointExtension>
        </extensions>
      </trkpt>
      <trkpt lat="29.14835234172642230987548828125" lon="120.325320661067962646484375">
        <ele>150.1999969482421875</ele>
        <time>2016-04-28T11:43:54.000Z</time>
        <extensions>
          <ns3:TrackPointExtension>
            <ns3:hr>169</ns3:hr>
            <ns3:cad>97</ns3:cad>
          </ns3:TrackPointExtension>
        </extensions>
      </trkpt>
      <trkpt lat="29.14835988543927669525146484375" lon="120.3252510912716388702392578125">
        <ele>151.1999969482421875</ele>
        <time>2016-04-28T11:43:55.000Z</time>
        <extensions>
          <ns3:TrackPointExtension>
            <ns3:hr>169</ns3:hr>
            <ns3:cad>97</ns3:cad>
          </ns3:TrackPointExtension>
        </extensions>
      </trkpt>
      <trkpt lat="29.14835988543927669525146484375" lon="120.3252510912716388702392578125">
        <ele>151.1999969482421875</ele>
        <time>2016-04-28T11:43:56.000Z</time>
        <extensions>
          <ns3:TrackPointExtension>
            <ns3:hr>168</ns3:hr>
            <ns3:cad>97</ns3:cad>
          </ns3:TrackPointExtension>
        </extensions>
      </trkpt>
      <trkpt lat="29.1483608074486255645751953125" lon="120.32518261112272739410400390625">
        <ele>152.1999969482421875</ele>
        <time>2016-04-28T11:43:57.000Z</time>
        <extensions>
          <ns3:TrackPointExtension>
            <ns3:hr>169</ns3:hr>
            <ns3:cad>98</ns3:cad>
          </ns3:TrackPointExtension>
        </extensions>
      </trkpt>
      <trkpt lat="29.1483608074486255645751953125" lon="120.32518261112272739410400390625">
        <ele>152.1999969482421875</ele>
        <time>2016-04-28T11:43:58.000Z</time>
        <extensions>
          <ns3:TrackPointExtension>
            <ns3:hr>169</ns3:hr>
            <ns3:cad>98</ns3:cad>
          </ns3:TrackPointExtension>
        </extensions>
      </trkpt>
      <trkpt lat="29.1483591310679912567138671875" lon="120.325115807354450225830078125">
        <ele>152.399993896484375</ele>
        <time>2016-04-28T11:43:59.000Z</time>
        <extensions>
          <ns3:TrackPointExtension>
            <ns3:hr>168</ns3:hr>
            <ns3:cad>98</ns3:cad>
          </ns3:TrackPointExtension>
        </extensions>
      </trkpt>
      <trkpt lat="29.1483591310679912567138671875" lon="120.325115807354450225830078125">
        <ele>152.399993896484375</ele>
        <time>2016-04-28T11:44:00.000Z</time>
        <extensions>
          <ns3:TrackPointExtension>
            <ns3:hr>168</ns3:hr>
            <ns3:cad>98</ns3:cad>
          </ns3:TrackPointExtension>
        </extensions>
      </trkpt>
      <trkpt lat="29.148358292877674102783203125" lon="120.325048081576824188232421875">
        <ele>152.399993896484375</ele>
        <time>2016-04-28T11:44:01.000Z</time>
        <extensions>
          <ns3:TrackPointExtension>
            <ns3:hr>167</ns3:hr>
            <ns3:cad>97</ns3:cad>
          </ns3:TrackPointExtension>
        </extensions>
      </trkpt>
      <trkpt lat="29.148358292877674102783203125" lon="120.325048081576824188232421875">
        <ele>152.399993896484375</ele>
        <time>2016-04-28T11:44:02.000Z</time>
        <extensions>
          <ns3:TrackPointExtension>
            <ns3:hr>167</ns3:hr>
            <ns3:cad>97</ns3:cad>
          </ns3:TrackPointExtension>
        </extensions>
      </trkpt>
      <trkpt lat="29.1483608074486255645751953125" lon="120.3249840438365936279296875">
        <ele>152.600006103515625</ele>
        <time>2016-04-28T11:44:03.000Z</time>
        <extensions>
          <ns3:TrackPointExtension>
            <ns3:hr>167</ns3:hr>
            <ns3:cad>98</ns3:cad>
          </ns3:TrackPointExtension>
        </extensions>
      </trkpt>
      <trkpt lat="29.1483608074486255645751953125" lon="120.3249840438365936279296875">
        <ele>152.600006103515625</ele>
        <time>2016-04-28T11:44:04.000Z</time>
        <extensions>
          <ns3:TrackPointExtension>
            <ns3:hr>167</ns3:hr>
            <ns3:cad>98</ns3:cad>
          </ns3:TrackPointExtension>
        </extensions>
      </trkpt>
      <trkpt lat="29.1483624838292598724365234375" lon="120.32492411322891712188720703125">
        <ele>153</ele>
        <time>2016-04-28T11:44:05.000Z</time>
        <extensions>
          <ns3:TrackPointExtension>
            <ns3:hr>168</ns3:hr>
            <ns3:cad>98</ns3:cad>
          </ns3:TrackPointExtension>
        </extensions>
      </trkpt>
      <trkpt lat="29.1483624838292598724365234375" lon="120.32492411322891712188720703125">
        <ele>153</ele>
        <time>2016-04-28T11:44:06.000Z</time>
        <extensions>
          <ns3:TrackPointExtension>
            <ns3:hr>168</ns3:hr>
            <ns3:cad>98</ns3:cad>
          </ns3:TrackPointExtension>
        </extensions>
      </trkpt>
      <trkpt lat="29.1483665071427822113037109375" lon="120.32486275769770145416259765625">
        <ele>152.8000030517578125</ele>
        <time>2016-04-28T11:44:07.000Z</time>
        <extensions>
          <ns3:TrackPointExtension>
            <ns3:hr>168</ns3:hr>
            <ns3:cad>97</ns3:cad>
          </ns3:TrackPointExtension>
        </extensions>
      </trkpt>
      <trkpt lat="29.1483665071427822113037109375" lon="120.32486275769770145416259765625">
        <ele>152.8000030517578125</ele>
        <time>2016-04-28T11:44:08.000Z</time>
        <extensions>
          <ns3:TrackPointExtension>
            <ns3:hr>168</ns3:hr>
            <ns3:cad>97</ns3:cad>
          </ns3:TrackPointExtension>
        </extensions>
      </trkpt>
      <trkpt lat="29.14836944080889225006103515625" lon="120.3248051740229129791259765625">
        <ele>152.399993896484375</ele>
        <time>2016-04-28T11:44:09.000Z</time>
        <extensions>
          <ns3:TrackPointExtension>
            <ns3:hr>168</ns3:hr>
            <ns3:cad>97</ns3:cad>
          </ns3:TrackPointExtension>
        </extensions>
      </trkpt>
      <trkpt lat="29.14836944080889225006103515625" lon="120.3248051740229129791259765625">
        <ele>152.399993896484375</ele>
        <time>2016-04-28T11:44:10.000Z</time>
        <extensions>
          <ns3:TrackPointExtension>
            <ns3:hr>169</ns3:hr>
            <ns3:cad>97</ns3:cad>
          </ns3:TrackPointExtension>
        </extensions>
      </trkpt>
      <trkpt lat="29.14837363176047801971435546875" lon="120.3247475065290927886962890625">
        <ele>151.600006103515625</ele>
        <time>2016-04-28T11:44:11.000Z</time>
        <extensions>
          <ns3:TrackPointExtension>
            <ns3:hr>172</ns3:hr>
            <ns3:cad>96</ns3:cad>
          </ns3:TrackPointExtension>
        </extensions>
      </trkpt>
      <trkpt lat="29.14837363176047801971435546875" lon="120.3247475065290927886962890625">
        <ele>151.600006103515625</ele>
        <time>2016-04-28T11:44:12.000Z</time>
        <extensions>
          <ns3:TrackPointExtension>
            <ns3:hr>177</ns3:hr>
            <ns3:cad>96</ns3:cad>
          </ns3:TrackPointExtension>
        </extensions>
      </trkpt>
      <trkpt lat="29.14837731979787349700927734375" lon="120.324719846248626708984375">
        <ele>151.1999969482421875</ele>
        <time>2016-04-28T11:44:13.000Z</time>
        <extensions>
          <ns3:TrackPointExtension>
            <ns3:hr>178</ns3:hr>
            <ns3:cad>91</ns3:cad>
          </ns3:TrackPointExtension>
        </extensions>
      </trkpt>
      <trkpt lat="29.1483822651207447052001953125" lon="120.32469277270138263702392578125">
        <ele>150.8000030517578125</ele>
        <time>2016-04-28T11:44:14.000Z</time>
        <extensions>
          <ns3:TrackPointExtension>
            <ns3:hr>178</ns3:hr>
            <ns3:cad>90</ns3:cad>
          </ns3:TrackPointExtension>
        </extensions>
      </trkpt>
      <trkpt lat="29.14839006029069423675537109375" lon="120.3246633522212505340576171875">
        <ele>150.399993896484375</ele>
        <time>2016-04-28T11:44:15.000Z</time>
        <extensions>
          <ns3:TrackPointExtension>
            <ns3:hr>178</ns3:hr>
            <ns3:cad>88</ns3:cad>
          </ns3:TrackPointExtension>
        </extensions>
      </trkpt>
      <trkpt lat="29.1484060697257518768310546875" lon="120.324595458805561065673828125">
        <ele>149.399993896484375</ele>
        <time>2016-04-28T11:44:16.000Z</time>
        <extensions>
          <ns3:TrackPointExtension>
            <ns3:hr>173</ns3:hr>
            <ns3:cad>88</ns3:cad>
          </ns3:TrackPointExtension>
        </extensions>
      </trkpt>
      <trkpt lat="29.1484060697257518768310546875" lon="120.324595458805561065673828125">
        <ele>149.399993896484375</ele>
        <time>2016-04-28T11:44:17.000Z</time>
        <extensions>
          <ns3:TrackPointExtension>
            <ns3:hr>173</ns3:hr>
            <ns3:cad>92</ns3:cad>
          </ns3:TrackPointExtension>
        </extensions>
      </trkpt>
      <trkpt lat="29.14842559956014156341552734375" lon="120.32452882267534732818603515625">
        <ele>148.399993896484375</ele>
        <time>2016-04-28T11:44:18.000Z</time>
        <extensions>
          <ns3:TrackPointExtension>
            <ns3:hr>171</ns3:hr>
            <ns3:cad>94</ns3:cad>
          </ns3:TrackPointExtension>
        </extensions>
      </trkpt>
      <trkpt lat="29.14842559956014156341552734375" lon="120.32452882267534732818603515625">
        <ele>148.399993896484375</ele>
        <time>2016-04-28T11:44:19.000Z</time>
        <extensions>
          <ns3:TrackPointExtension>
            <ns3:hr>171</ns3:hr>
            <ns3:cad>95</ns3:cad>
          </ns3:TrackPointExtension>
        </extensions>
      </trkpt>
      <trkpt lat="29.14843599312007427215576171875" lon="120.32446880824863910675048828125">
        <ele>147.1999969482421875</ele>
        <time>2016-04-28T11:44:20.000Z</time>
        <extensions>
          <ns3:TrackPointExtension>
            <ns3:hr>171</ns3:hr>
            <ns3:cad>96</ns3:cad>
          </ns3:TrackPointExtension>
        </extensions>
      </trkpt>
      <trkpt lat="29.14843599312007427215576171875" lon="120.32446880824863910675048828125">
        <ele>147.1999969482421875</ele>
        <time>2016-04-28T11:44:21.000Z</time>
        <extensions>
          <ns3:TrackPointExtension>
            <ns3:hr>170</ns3:hr>
            <ns3:cad>96</ns3:cad>
          </ns3:TrackPointExtension>
        </extensions>
      </trkpt>
      <trkpt lat="29.1484416089951992034912109375" lon="120.3244068659842014312744140625">
        <ele>146.1999969482421875</ele>
        <time>2016-04-28T11:44:22.000Z</time>
        <extensions>
          <ns3:TrackPointExtension>
            <ns3:hr>170</ns3:hr>
            <ns3:cad>96</ns3:cad>
          </ns3:TrackPointExtension>
        </extensions>
      </trkpt>
      <trkpt lat="29.1484416089951992034912109375" lon="120.3244068659842014312744140625">
        <ele>146.1999969482421875</ele>
        <time>2016-04-28T11:44:23.000Z</time>
        <extensions>
          <ns3:TrackPointExtension>
            <ns3:hr>169</ns3:hr>
            <ns3:cad>96</ns3:cad>
          </ns3:TrackPointExtension>
        </extensions>
      </trkpt>
      <trkpt lat="29.1484392620623111724853515625" lon="120.3243451751768589019775390625">
        <ele>145</ele>
        <time>2016-04-28T11:44:24.000Z</time>
        <extensions>
          <ns3:TrackPointExtension>
            <ns3:hr>169</ns3:hr>
            <ns3:cad>96</ns3:cad>
          </ns3:TrackPointExtension>
        </extensions>
      </trkpt>
      <trkpt lat="29.1484411060810089111328125" lon="120.3243166767060756683349609375">
        <ele>144.600006103515625</ele>
        <time>2016-04-28T11:44:25.000Z</time>
        <extensions>
          <ns3:TrackPointExtension>
            <ns3:hr>169</ns3:hr>
            <ns3:cad>96</ns3:cad>
          </ns3:TrackPointExtension>
        </extensions>
      </trkpt>
      <trkpt lat="29.1484411060810089111328125" lon="120.3243166767060756683349609375">
        <ele>144.600006103515625</ele>
        <time>2016-04-28T11:44:26.000Z</time>
        <extensions>
          <ns3:TrackPointExtension>
            <ns3:hr>165</ns3:hr>
            <ns3:cad>96</ns3:cad>
          </ns3:TrackPointExtension>
        </extensions>
      </trkpt>
      <trkpt lat="29.14844445884227752685546875" lon="120.3242878429591655731201171875">
        <ele>144</ele>
        <time>2016-04-28T11:44:27.000Z</time>
        <extensions>
          <ns3:TrackPointExtension>
            <ns3:hr>165</ns3:hr>
            <ns3:cad>96</ns3:cad>
          </ns3:TrackPointExtension>
        </extensions>
      </trkpt>
      <trkpt lat="29.1484590433537960052490234375" lon="120.32423176802694797515869140625">
        <ele>143</ele>
        <time>2016-04-28T11:44:28.000Z</time>
        <extensions>
          <ns3:TrackPointExtension>
            <ns3:hr>165</ns3:hr>
            <ns3:cad>97</ns3:cad>
          </ns3:TrackPointExtension>
        </extensions>
      </trkpt>
      <trkpt lat="29.1484590433537960052490234375" lon="120.32423176802694797515869140625">
        <ele>143</ele>
        <time>2016-04-28T11:44:29.000Z</time>
        <extensions>
          <ns3:TrackPointExtension>
            <ns3:hr>166</ns3:hr>
            <ns3:cad>97</ns3:cad>
          </ns3:TrackPointExtension>
        </extensions>
      </trkpt>
      <trkpt lat="29.14847195148468017578125" lon="120.324178040027618408203125">
        <ele>142</ele>
        <time>2016-04-28T11:44:30.000Z</time>
        <extensions>
          <ns3:TrackPointExtension>
            <ns3:hr>166</ns3:hr>
            <ns3:cad>98</ns3:cad>
          </ns3:TrackPointExtension>
        </extensions>
      </trkpt>
      <trkpt lat="29.14847195148468017578125" lon="120.324178040027618408203125">
        <ele>142</ele>
        <time>2016-04-28T11:44:31.000Z</time>
        <extensions>
          <ns3:TrackPointExtension>
            <ns3:hr>167</ns3:hr>
            <ns3:cad>98</ns3:cad>
          </ns3:TrackPointExtension>
        </extensions>
      </trkpt>
      <trkpt lat="29.1484821774065494537353515625" lon="120.3241195343434810638427734375">
        <ele>141</ele>
        <time>2016-04-28T11:44:32.000Z</time>
        <extensions>
          <ns3:TrackPointExtension>
            <ns3:hr>167</ns3:hr>
            <ns3:cad>98</ns3:cad>
          </ns3:TrackPointExtension>
        </extensions>
      </trkpt>
      <trkpt lat="29.1484821774065494537353515625" lon="120.3241195343434810638427734375">
        <ele>141</ele>
        <time>2016-04-28T11:44:33.000Z</time>
        <extensions>
          <ns3:TrackPointExtension>
            <ns3:hr>167</ns3:hr>
            <ns3:cad>98</ns3:cad>
          </ns3:TrackPointExtension>
        </extensions>
      </trkpt>
      <trkpt lat="29.1484885476529598236083984375" lon="120.32409480772912502288818359375">
        <ele>140.399993896484375</ele>
        <time>2016-04-28T11:44:34.000Z</time>
        <extensions>
          <ns3:TrackPointExtension>
            <ns3:hr>167</ns3:hr>
            <ns3:cad>98</ns3:cad>
          </ns3:TrackPointExtension>
        </extensions>
      </trkpt>
      <trkpt lat="29.1484902240335941314697265625" lon="120.3240397386252880096435546875">
        <ele>139.399993896484375</ele>
        <time>2016-04-28T11:44:35.000Z</time>
        <extensions>
          <ns3:TrackPointExtension>
            <ns3:hr>168</ns3:hr>
            <ns3:cad>96</ns3:cad>
          </ns3:TrackPointExtension>
        </extensions>
      </trkpt>
      <trkpt lat="29.1484902240335941314697265625" lon="120.3240397386252880096435546875">
        <ele>139.399993896484375</ele>
        <time>2016-04-28T11:44:36.000Z</time>
        <extensions>
          <ns3:TrackPointExtension>
            <ns3:hr>171</ns3:hr>
            <ns3:cad>96</ns3:cad>
          </ns3:TrackPointExtension>
        </extensions>
      </trkpt>
      <trkpt lat="29.14849030785262584686279296875" lon="120.32398081384599208831787109375">
        <ele>138.600006103515625</ele>
        <time>2016-04-28T11:44:37.000Z</time>
        <extensions>
          <ns3:TrackPointExtension>
            <ns3:hr>172</ns3:hr>
            <ns3:cad>95</ns3:cad>
          </ns3:TrackPointExtension>
        </extensions>
      </trkpt>
      <trkpt lat="29.14849030785262584686279296875" lon="120.32398081384599208831787109375">
        <ele>138.600006103515625</ele>
        <time>2016-04-28T11:44:38.000Z</time>
        <extensions>
          <ns3:TrackPointExtension>
            <ns3:hr>172</ns3:hr>
            <ns3:cad>93</ns3:cad>
          </ns3:TrackPointExtension>
        </extensions>
      </trkpt>
      <trkpt lat="29.14849349297583103179931640625" lon="120.3239254094660282135009765625">
        <ele>137.8000030517578125</ele>
        <time>2016-04-28T11:44:39.000Z</time>
        <extensions>
          <ns3:TrackPointExtension>
            <ns3:hr>172</ns3:hr>
            <ns3:cad>91</ns3:cad>
          </ns3:TrackPointExtension>
        </extensions>
      </trkpt>
      <trkpt lat="29.14849349297583103179931640625" lon="120.3239254094660282135009765625">
        <ele>137.8000030517578125</ele>
        <time>2016-04-28T11:44:40.000Z</time>
        <extensions>
          <ns3:TrackPointExtension>
            <ns3:hr>171</ns3:hr>
            <ns3:cad>90</ns3:cad>
          </ns3:TrackPointExtension>
        </extensions>
      </trkpt>
      <trkpt lat="29.14850455708801746368408203125" lon="120.32386849634349346160888671875">
        <ele>137</ele>
        <time>2016-04-28T11:44:41.000Z</time>
        <extensions>
          <ns3:TrackPointExtension>
            <ns3:hr>169</ns3:hr>
            <ns3:cad>90</ns3:cad>
          </ns3:TrackPointExtension>
        </extensions>
      </trkpt>
      <trkpt lat="29.14850455708801746368408203125" lon="120.32386849634349346160888671875">
        <ele>137</ele>
        <time>2016-04-28T11:44:42.000Z</time>
        <extensions>
          <ns3:TrackPointExtension>
            <ns3:hr>168</ns3:hr>
            <ns3:cad>90</ns3:cad>
          </ns3:TrackPointExtension>
        </extensions>
      </trkpt>
      <trkpt lat="29.1485126875340938568115234375" lon="120.32383714802563190460205078125">
        <ele>136.399993896484375</ele>
        <time>2016-04-28T11:44:43.000Z</time>
        <extensions>
          <ns3:TrackPointExtension>
            <ns3:hr>166</ns3:hr>
            <ns3:cad>89</ns3:cad>
          </ns3:TrackPointExtension>
        </extensions>
      </trkpt>
      <trkpt lat="29.14852484129369258880615234375" lon="120.32380647026002407073974609375">
        <ele>136</ele>
        <time>2016-04-28T11:44:44.000Z</time>
        <extensions>
          <ns3:TrackPointExtension>
            <ns3:hr>165</ns3:hr>
            <ns3:cad>89</ns3:cad>
          </ns3:TrackPointExtension>
        </extensions>
      </trkpt>
      <trkpt lat="29.1485381685197353363037109375" lon="120.32378417439758777618408203125">
        <ele>135.8000030517578125</ele>
        <time>2016-04-28T11:44:45.000Z</time>
        <extensions>
          <ns3:TrackPointExtension>
            <ns3:hr>166</ns3:hr>
            <ns3:cad>89</ns3:cad>
          </ns3:TrackPointExtension>
        </extensions>
      </trkpt>
      <trkpt lat="29.148557446897029876708984375" lon="120.32377495430409908294677734375">
        <ele>135.8000030517578125</ele>
        <time>2016-04-28T11:44:46.000Z</time>
        <extensions>
          <ns3:TrackPointExtension>
            <ns3:hr>166</ns3:hr>
            <ns3:cad>90</ns3:cad>
          </ns3:TrackPointExtension>
        </extensions>
      </trkpt>
      <trkpt lat="29.14858049713075160980224609375" lon="120.3237752057611942291259765625">
        <ele>135.600006103515625</ele>
        <time>2016-04-28T11:44:47.000Z</time>
        <extensions>
          <ns3:TrackPointExtension>
            <ns3:hr>167</ns3:hr>
            <ns3:cad>91</ns3:cad>
          </ns3:TrackPointExtension>
        </extensions>
      </trkpt>
      <trkpt lat="29.14860539138317108154296875" lon="120.3237762115895748138427734375">
        <ele>135.600006103515625</ele>
        <time>2016-04-28T11:44:48.000Z</time>
        <extensions>
          <ns3:TrackPointExtension>
            <ns3:hr>167</ns3:hr>
            <ns3:cad>92</ns3:cad>
          </ns3:TrackPointExtension>
        </extensions>
      </trkpt>
      <trkpt lat="29.14863212965428829193115234375" lon="120.32377964816987514495849609375">
        <ele>135.399993896484375</ele>
        <time>2016-04-28T11:44:49.000Z</time>
        <extensions>
          <ns3:TrackPointExtension>
            <ns3:hr>166</ns3:hr>
            <ns3:cad>92</ns3:cad>
          </ns3:TrackPointExtension>
        </extensions>
      </trkpt>
      <trkpt lat="29.14865895174443721771240234375" lon="120.32378442585468292236328125">
        <ele>135.399993896484375</ele>
        <time>2016-04-28T11:44:50.000Z</time>
        <extensions>
          <ns3:TrackPointExtension>
            <ns3:hr>165</ns3:hr>
            <ns3:cad>93</ns3:cad>
          </ns3:TrackPointExtension>
        </extensions>
      </trkpt>
      <trkpt lat="29.14868493564426898956298828125" lon="120.323787443339824676513671875">
        <ele>135.1999969482421875</ele>
        <time>2016-04-28T11:44:51.000Z</time>
        <extensions>
          <ns3:TrackPointExtension>
            <ns3:hr>163</ns3:hr>
            <ns3:cad>94</ns3:cad>
          </ns3:TrackPointExtension>
        </extensions>
      </trkpt>
      <trkpt lat="29.1487115062773227691650390625" lon="120.32379020936787128448486328125">
        <ele>135</ele>
        <time>2016-04-28T11:44:52.000Z</time>
        <extensions>
          <ns3:TrackPointExtension>
            <ns3:hr>162</ns3:hr>
            <ns3:cad>94</ns3:cad>
          </ns3:TrackPointExtension>
        </extensions>
      </trkpt>
      <trkpt lat="29.14873690344393253326416015625" lon="120.323791801929473876953125">
        <ele>135</ele>
        <time>2016-04-28T11:44:53.000Z</time>
        <extensions>
          <ns3:TrackPointExtension>
            <ns3:hr>163</ns3:hr>
            <ns3:cad>95</ns3:cad>
          </ns3:TrackPointExtension>
        </extensions>
      </trkpt>
      <trkpt lat="29.1487896256148815155029296875" lon="120.32377948053181171417236328125">
        <ele>135.1999969482421875</ele>
        <time>2016-04-28T11:44:54.000Z</time>
        <extensions>
          <ns3:TrackPointExtension>
            <ns3:hr>162</ns3:hr>
            <ns3:cad>96</ns3:cad>
          </ns3:TrackPointExtension>
        </extensions>
      </trkpt>
      <trkpt lat="29.1487896256148815155029296875" lon="120.32377948053181171417236328125">
        <ele>135.1999969482421875</ele>
        <time>2016-04-28T11:44:55.000Z</time>
        <extensions>
          <ns3:TrackPointExtension>
            <ns3:hr>163</ns3:hr>
            <ns3:cad>96</ns3:cad>
          </ns3:TrackPointExtension>
        </extensions>
      </trkpt>
      <trkpt lat="29.148845784366130828857421875" lon="120.32375601120293140411376953125">
        <ele>135.600006103515625</ele>
        <time>2016-04-28T11:44:56.000Z</time>
        <extensions>
          <ns3:TrackPointExtension>
            <ns3:hr>163</ns3:hr>
            <ns3:cad>97</ns3:cad>
          </ns3:TrackPointExtension>
        </extensions>
      </trkpt>
      <trkpt lat="29.148845784366130828857421875" lon="120.32375601120293140411376953125">
        <ele>135.600006103515625</ele>
        <time>2016-04-28T11:44:57.000Z</time>
        <extensions>
          <ns3:TrackPointExtension>
            <ns3:hr>163</ns3:hr>
            <ns3:cad>97</ns3:cad>
          </ns3:TrackPointExtension>
        </extensions>
      </trkpt>
      <trkpt lat="29.14889934472739696502685546875" lon="120.32373706810176372528076171875">
        <ele>135.8000030517578125</ele>
        <time>2016-04-28T11:44:58.000Z</time>
        <extensions>
          <ns3:TrackPointExtension>
            <ns3:hr>163</ns3:hr>
            <ns3:cad>99</ns3:cad>
          </ns3:TrackPointExtension>
        </extensions>
      </trkpt>
      <trkpt lat="29.14889934472739696502685546875" lon="120.32373706810176372528076171875">
        <ele>135.8000030517578125</ele>
        <time>2016-04-28T11:44:59.000Z</time>
        <extensions>
          <ns3:TrackPointExtension>
            <ns3:hr>164</ns3:hr>
            <ns3:cad>99</ns3:cad>
          </ns3:TrackPointExtension>
        </extensions>
      </trkpt>
      <trkpt lat="29.14893656037747859954833984375" lon="120.3237019479274749755859375">
        <ele>136</ele>
        <time>2016-04-28T11:45:00.000Z</time>
        <extensions>
          <ns3:TrackPointExtension>
            <ns3:hr>163</ns3:hr>
            <ns3:cad>97</ns3:cad>
          </ns3:TrackPointExtension>
        </extensions>
      </trkpt>
      <trkpt lat="29.14893656037747859954833984375" lon="120.3237019479274749755859375">
        <ele>136</ele>
        <time>2016-04-28T11:45:01.000Z</time>
        <extensions>
          <ns3:TrackPointExtension>
            <ns3:hr>164</ns3:hr>
            <ns3:cad>97</ns3:cad>
          </ns3:TrackPointExtension>
        </extensions>
      </trkpt>
      <trkpt lat="29.148961119353771209716796875" lon="120.32365073449909687042236328125">
        <ele>135.600006103515625</ele>
        <time>2016-04-28T11:45:02.000Z</time>
        <extensions>
          <ns3:TrackPointExtension>
            <ns3:hr>165</ns3:hr>
            <ns3:cad>97</ns3:cad>
          </ns3:TrackPointExtension>
        </extensions>
      </trkpt>
      <trkpt lat="29.148961119353771209716796875" lon="120.32365073449909687042236328125">
        <ele>135.600006103515625</ele>
        <time>2016-04-28T11:45:03.000Z</time>
        <extensions>
          <ns3:TrackPointExtension>
            <ns3:hr>164</ns3:hr>
            <ns3:cad>96</ns3:cad>
          </ns3:TrackPointExtension>
        </extensions>
      </trkpt>
      <trkpt lat="29.14898031391203403472900390625" lon="120.3235944919288158416748046875">
        <ele>135.399993896484375</ele>
        <time>2016-04-28T11:45:04.000Z</time>
        <extensions>
          <ns3:TrackPointExtension>
            <ns3:hr>165</ns3:hr>
            <ns3:cad>96</ns3:cad>
          </ns3:TrackPointExtension>
        </extensions>
      </trkpt>
      <trkpt lat="29.14898031391203403472900390625" lon="120.3235944919288158416748046875">
        <ele>135.399993896484375</ele>
        <time>2016-04-28T11:45:05.000Z</time>
        <extensions>
          <ns3:TrackPointExtension>
            <ns3:hr>165</ns3:hr>
            <ns3:cad>97</ns3:cad>
          </ns3:TrackPointExtension>
        </extensions>
      </trkpt>
      <trkpt lat="29.14899171330034732818603515625" lon="120.32353087328374385833740234375">
        <ele>135.1999969482421875</ele>
        <time>2016-04-28T11:45:06.000Z</time>
        <extensions>
          <ns3:TrackPointExtension>
            <ns3:hr>164</ns3:hr>
            <ns3:cad>97</ns3:cad>
          </ns3:TrackPointExtension>
        </extensions>
      </trkpt>
      <trkpt lat="29.14899171330034732818603515625" lon="120.32353087328374385833740234375">
        <ele>135.1999969482421875</ele>
        <time>2016-04-28T11:45:07.000Z</time>
        <extensions>
          <ns3:TrackPointExtension>
            <ns3:hr>164</ns3:hr>
            <ns3:cad>97</ns3:cad>
          </ns3:TrackPointExtension>
        </extensions>
      </trkpt>
      <trkpt lat="29.14899640716612339019775390625" lon="120.32346817664802074432373046875">
        <ele>135.600006103515625</ele>
        <time>2016-04-28T11:45:08.000Z</time>
        <extensions>
          <ns3:TrackPointExtension>
            <ns3:hr>164</ns3:hr>
            <ns3:cad>97</ns3:cad>
          </ns3:TrackPointExtension>
        </extensions>
      </trkpt>
      <trkpt lat="29.14899640716612339019775390625" lon="120.32346817664802074432373046875">
        <ele>135.600006103515625</ele>
        <time>2016-04-28T11:45:09.000Z</time>
        <extensions>
          <ns3:TrackPointExtension>
            <ns3:hr>164</ns3:hr>
            <ns3:cad>97</ns3:cad>
          </ns3:TrackPointExtension>
        </extensions>
      </trkpt>
      <trkpt lat="29.14900235831737518310546875" lon="120.32340380363166332244873046875">
        <ele>136.1999969482421875</ele>
        <time>2016-04-28T11:45:10.000Z</time>
        <extensions>
          <ns3:TrackPointExtension>
            <ns3:hr>165</ns3:hr>
            <ns3:cad>97</ns3:cad>
          </ns3:TrackPointExtension>
        </extensions>
      </trkpt>
      <trkpt lat="29.14900235831737518310546875" lon="120.32340380363166332244873046875">
        <ele>136.1999969482421875</ele>
        <time>2016-04-28T11:45:11.000Z</time>
        <extensions>
          <ns3:TrackPointExtension>
            <ns3:hr>164</ns3:hr>
            <ns3:cad>97</ns3:cad>
          </ns3:TrackPointExtension>
        </extensions>
      </trkpt>
      <trkpt lat="29.149012751877307891845703125" lon="120.3233333118259906768798828125">
        <ele>137</ele>
        <time>2016-04-28T11:45:12.000Z</time>
        <extensions>
          <ns3:TrackPointExtension>
            <ns3:hr>165</ns3:hr>
            <ns3:cad>98</ns3:cad>
          </ns3:TrackPointExtension>
        </extensions>
      </trkpt>
      <trkpt lat="29.149012751877307891845703125" lon="120.3233333118259906768798828125">
        <ele>137</ele>
        <time>2016-04-28T11:45:13.000Z</time>
        <extensions>
          <ns3:TrackPointExtension>
            <ns3:hr>165</ns3:hr>
            <ns3:cad>98</ns3:cad>
          </ns3:TrackPointExtension>
        </extensions>
      </trkpt>
      <trkpt lat="29.14902909658849239349365234375" lon="120.32326617278158664703369140625">
        <ele>137.600006103515625</ele>
        <time>2016-04-28T11:45:14.000Z</time>
        <extensions>
          <ns3:TrackPointExtension>
            <ns3:hr>164</ns3:hr>
            <ns3:cad>98</ns3:cad>
          </ns3:TrackPointExtension>
        </extensions>
      </trkpt>
      <trkpt lat="29.1490384005010128021240234375" lon="120.3232337348163127899169921875">
        <ele>138</ele>
        <time>2016-04-28T11:45:15.000Z</time>
        <extensions>
          <ns3:TrackPointExtension>
            <ns3:hr>163</ns3:hr>
            <ns3:cad>98</ns3:cad>
          </ns3:TrackPointExtension>
        </extensions>
      </trkpt>
      <trkpt lat="29.1490384005010128021240234375" lon="120.3232337348163127899169921875">
        <ele>138</ele>
        <time>2016-04-28T11:45:16.000Z</time>
        <extensions>
          <ns3:TrackPointExtension>
            <ns3:hr>163</ns3:hr>
            <ns3:cad>98</ns3:cad>
          </ns3:TrackPointExtension>
        </extensions>
      </trkpt>
      <trkpt lat="29.14905943907797336578369140625" lon="120.3231663443148136138916015625">
        <ele>138.399993896484375</ele>
        <time>2016-04-28T11:45:17.000Z</time>
        <extensions>
          <ns3:TrackPointExtension>
            <ns3:hr>164</ns3:hr>
            <ns3:cad>98</ns3:cad>
          </ns3:TrackPointExtension>
        </extensions>
      </trkpt>
      <trkpt lat="29.14905943907797336578369140625" lon="120.3231663443148136138916015625">
        <ele>138.399993896484375</ele>
        <time>2016-04-28T11:45:18.000Z</time>
        <extensions>
          <ns3:TrackPointExtension>
            <ns3:hr>164</ns3:hr>
            <ns3:cad>98</ns3:cad>
          </ns3:TrackPointExtension>
        </extensions>
      </trkpt>
      <trkpt lat="29.149075113236904144287109375" lon="120.3231321461498737335205078125">
        <ele>138.8000030517578125</ele>
        <time>2016-04-28T11:45:19.000Z</time>
        <extensions>
          <ns3:TrackPointExtension>
            <ns3:hr>164</ns3:hr>
            <ns3:cad>98</ns3:cad>
          </ns3:TrackPointExtension>
        </extensions>
      </trkpt>
      <trkpt lat="29.14908743463456630706787109375" lon="120.32309451140463352203369140625">
        <ele>139</ele>
        <time>2016-04-28T11:45:20.000Z</time>
        <extensions>
          <ns3:TrackPointExtension>
            <ns3:hr>165</ns3:hr>
            <ns3:cad>98</ns3:cad>
          </ns3:TrackPointExtension>
        </extensions>
      </trkpt>
      <trkpt lat="29.14909933693706989288330078125" lon="120.3230624087154865264892578125">
        <ele>139.1999969482421875</ele>
        <time>2016-04-28T11:45:21.000Z</time>
        <extensions>
          <ns3:TrackPointExtension>
            <ns3:hr>165</ns3:hr>
            <ns3:cad>98</ns3:cad>
          </ns3:TrackPointExtension>
        </extensions>
      </trkpt>
      <trkpt lat="29.14910621009767055511474609375" lon="120.32302628271281719207763671875">
        <ele>139.600006103515625</ele>
        <time>2016-04-28T11:45:22.000Z</time>
        <extensions>
          <ns3:TrackPointExtension>
            <ns3:hr>165</ns3:hr>
            <ns3:cad>98</ns3:cad>
          </ns3:TrackPointExtension>
        </extensions>
      </trkpt>
      <trkpt lat="29.149124734103679656982421875" lon="120.32296341843903064727783203125">
        <ele>140.399993896484375</ele>
        <time>2016-04-28T11:45:23.000Z</time>
        <extensions>
          <ns3:TrackPointExtension>
            <ns3:hr>165</ns3:hr>
            <ns3:cad>98</ns3:cad>
          </ns3:TrackPointExtension>
        </extensions>
      </trkpt>
      <trkpt lat="29.149124734103679656982421875" lon="120.32296341843903064727783203125">
        <ele>140.399993896484375</ele>
        <time>2016-04-28T11:45:24.000Z</time>
        <extensions>
          <ns3:TrackPointExtension>
            <ns3:hr>165</ns3:hr>
            <ns3:cad>98</ns3:cad>
          </ns3:TrackPointExtension>
        </extensions>
      </trkpt>
      <trkpt lat="29.14913621731102466583251953125" lon="120.32293626107275485992431640625">
        <ele>140.399993896484375</ele>
        <time>2016-04-28T11:45:25.000Z</time>
        <extensions>
          <ns3:TrackPointExtension>
            <ns3:hr>165</ns3:hr>
            <ns3:cad>98</ns3:cad>
          </ns3:TrackPointExtension>
        </extensions>
      </trkpt>
      <trkpt lat="29.14915256202220916748046875" lon="120.32290734350681304931640625">
        <ele>140.399993896484375</ele>
        <time>2016-04-28T11:45:26.000Z</time>
        <extensions>
          <ns3:TrackPointExtension>
            <ns3:hr>165</ns3:hr>
            <ns3:cad>98</ns3:cad>
          </ns3:TrackPointExtension>
        </extensions>
      </trkpt>
      <trkpt lat="29.14917879737913608551025390625" lon="120.32285026274621486663818359375">
        <ele>140.600006103515625</ele>
        <time>2016-04-28T11:45:27.000Z</time>
        <extensions>
          <ns3:TrackPointExtension>
            <ns3:hr>166</ns3:hr>
            <ns3:cad>98</ns3:cad>
          </ns3:TrackPointExtension>
        </extensions>
      </trkpt>
      <trkpt lat="29.14917879737913608551025390625" lon="120.32285026274621486663818359375">
        <ele>140.600006103515625</ele>
        <time>2016-04-28T11:45:28.000Z</time>
        <extensions>
          <ns3:TrackPointExtension>
            <ns3:hr>165</ns3:hr>
            <ns3:cad>98</ns3:cad>
          </ns3:TrackPointExtension>
        </extensions>
      </trkpt>
      <trkpt lat="29.149203859269618988037109375" lon="120.32278806902468204498291015625">
        <ele>141</ele>
        <time>2016-04-28T11:45:29.000Z</time>
        <extensions>
          <ns3:TrackPointExtension>
            <ns3:hr>165</ns3:hr>
            <ns3:cad>98</ns3:cad>
          </ns3:TrackPointExtension>
        </extensions>
      </trkpt>
      <trkpt lat="29.149203859269618988037109375" lon="120.32278806902468204498291015625">
        <ele>141</ele>
        <time>2016-04-28T11:45:30.000Z</time>
        <extensions>
          <ns3:TrackPointExtension>
            <ns3:hr>165</ns3:hr>
            <ns3:cad>98</ns3:cad>
          </ns3:TrackPointExtension>
        </extensions>
      </trkpt>
      <trkpt lat="29.149226658046245574951171875" lon="120.3227294795215129852294921875">
        <ele>141.399993896484375</ele>
        <time>2016-04-28T11:45:31.000Z</time>
        <extensions>
          <ns3:TrackPointExtension>
            <ns3:hr>165</ns3:hr>
            <ns3:cad>97</ns3:cad>
          </ns3:TrackPointExtension>
        </extensions>
      </trkpt>
      <trkpt lat="29.149226658046245574951171875" lon="120.3227294795215129852294921875">
        <ele>141.399993896484375</ele>
        <time>2016-04-28T11:45:32.000Z</time>
        <extensions>
          <ns3:TrackPointExtension>
            <ns3:hr>165</ns3:hr>
            <ns3:cad>97</ns3:cad>
          </ns3:TrackPointExtension>
        </extensions>
      </trkpt>
      <trkpt lat="29.14925239048898220062255859375" lon="120.322670973837375640869140625">
        <ele>141.600006103515625</ele>
        <time>2016-04-28T11:45:33.000Z</time>
        <extensions>
          <ns3:TrackPointExtension>
            <ns3:hr>165</ns3:hr>
            <ns3:cad>97</ns3:cad>
          </ns3:TrackPointExtension>
        </extensions>
      </trkpt>
      <trkpt lat="29.14925239048898220062255859375" lon="120.322670973837375640869140625">
        <ele>141.600006103515625</ele>
        <time>2016-04-28T11:45:34.000Z</time>
        <extensions>
          <ns3:TrackPointExtension>
            <ns3:hr>166</ns3:hr>
            <ns3:cad>97</ns3:cad>
          </ns3:TrackPointExtension>
        </extensions>
      </trkpt>
      <trkpt lat="29.14928122423589229583740234375" lon="120.32261422835290431976318359375">
        <ele>141.600006103515625</ele>
        <time>2016-04-28T11:45:35.000Z</time>
        <extensions>
          <ns3:TrackPointExtension>
            <ns3:hr>166</ns3:hr>
            <ns3:cad>97</ns3:cad>
          </ns3:TrackPointExtension>
        </extensions>
      </trkpt>
      <trkpt lat="29.14928122423589229583740234375" lon="120.32261422835290431976318359375">
        <ele>141.600006103515625</ele>
        <time>2016-04-28T11:45:36.000Z</time>
        <extensions>
          <ns3:TrackPointExtension>
            <ns3:hr>166</ns3:hr>
            <ns3:cad>97</ns3:cad>
          </ns3:TrackPointExtension>
        </extensions>
      </trkpt>
      <trkpt lat="29.14931349456310272216796875" lon="120.32255454920232295989990234375">
        <ele>141.399993896484375</ele>
        <time>2016-04-28T11:45:37.000Z</time>
        <extensions>
          <ns3:TrackPointExtension>
            <ns3:hr>166</ns3:hr>
            <ns3:cad>97</ns3:cad>
          </ns3:TrackPointExtension>
        </extensions>
      </trkpt>
      <trkpt lat="29.14931349456310272216796875" lon="120.32255454920232295989990234375">
        <ele>141.399993896484375</ele>
        <time>2016-04-28T11:45:38.000Z</time>
        <extensions>
          <ns3:TrackPointExtension>
            <ns3:hr>165</ns3:hr>
            <ns3:cad>97</ns3:cad>
          </ns3:TrackPointExtension>
        </extensions>
      </trkpt>
      <trkpt lat="29.14932824671268463134765625" lon="120.322526805102825164794921875">
        <ele>141.399993896484375</ele>
        <time>2016-04-28T11:45:39.000Z</time>
        <extensions>
          <ns3:TrackPointExtension>
            <ns3:hr>165</ns3:hr>
            <ns3:cad>97</ns3:cad>
          </ns3:TrackPointExtension>
        </extensions>
      </trkpt>
      <trkpt lat="29.14934643544256687164306640625" lon="120.32248246483504772186279296875">
        <ele>141</ele>
        <time>2016-04-28T11:45:40.000Z</time>
        <extensions>
          <ns3:TrackPointExtension>
            <ns3:hr>164</ns3:hr>
            <ns3:cad>97</ns3:cad>
          </ns3:TrackPointExtension>
        </extensions>
      </trkpt>
      <trkpt lat="29.14934643544256687164306640625" lon="120.32248246483504772186279296875">
        <ele>141</ele>
        <time>2016-04-28T11:45:41.000Z</time>
        <extensions>
          <ns3:TrackPointExtension>
            <ns3:hr>164</ns3:hr>
            <ns3:cad>97</ns3:cad>
          </ns3:TrackPointExtension>
        </extensions>
      </trkpt>
      <trkpt lat="29.1493508778512477874755859375" lon="120.3224314190447330474853515625">
        <ele>141.1999969482421875</ele>
        <time>2016-04-28T11:45:42.000Z</time>
        <extensions>
          <ns3:TrackPointExtension>
            <ns3:hr>165</ns3:hr>
            <ns3:cad>97</ns3:cad>
          </ns3:TrackPointExtension>
        </extensions>
      </trkpt>
      <trkpt lat="29.1493508778512477874755859375" lon="120.3224314190447330474853515625">
        <ele>141.1999969482421875</ele>
        <time>2016-04-28T11:45:43.000Z</time>
        <extensions>
          <ns3:TrackPointExtension>
            <ns3:hr>165</ns3:hr>
            <ns3:cad>97</ns3:cad>
          </ns3:TrackPointExtension>
        </extensions>
      </trkpt>
      <trkpt lat="29.1493488661944866180419921875" lon="120.32240618951618671417236328125">
        <ele>141.1999969482421875</ele>
        <time>2016-04-28T11:45:44.000Z</time>
        <extensions>
          <ns3:TrackPointExtension>
            <ns3:hr>165</ns3:hr>
            <ns3:cad>97</ns3:cad>
          </ns3:TrackPointExtension>
        </extensions>
      </trkpt>
      <trkpt lat="29.1493428312242031097412109375" lon="120.32235288061201572418212890625">
        <ele>141</ele>
        <time>2016-04-28T11:45:45.000Z</time>
        <extensions>
          <ns3:TrackPointExtension>
            <ns3:hr>165</ns3:hr>
            <ns3:cad>97</ns3:cad>
          </ns3:TrackPointExtension>
        </extensions>
      </trkpt>
      <trkpt lat="29.1493428312242031097412109375" lon="120.32235288061201572418212890625">
        <ele>141</ele>
        <time>2016-04-28T11:45:46.000Z</time>
        <extensions>
          <ns3:TrackPointExtension>
            <ns3:hr>165</ns3:hr>
            <ns3:cad>97</ns3:cad>
          </ns3:TrackPointExtension>
        </extensions>
      </trkpt>
      <trkpt lat="29.14932816289365291595458984375" lon="120.32230175100266933441162109375">
        <ele>140.8000030517578125</ele>
        <time>2016-04-28T11:45:47.000Z</time>
        <extensions>
          <ns3:TrackPointExtension>
            <ns3:hr>164</ns3:hr>
            <ns3:cad>98</ns3:cad>
          </ns3:TrackPointExtension>
        </extensions>
      </trkpt>
      <trkpt lat="29.14932816289365291595458984375" lon="120.32230175100266933441162109375">
        <ele>140.8000030517578125</ele>
        <time>2016-04-28T11:45:48.000Z</time>
        <extensions>
          <ns3:TrackPointExtension>
            <ns3:hr>164</ns3:hr>
            <ns3:cad>98</ns3:cad>
          </ns3:TrackPointExtension>
        </extensions>
      </trkpt>
      <trkpt lat="29.149319864809513092041015625" lon="120.32227710820734500885009765625">
        <ele>140.600006103515625</ele>
        <time>2016-04-28T11:45:49.000Z</time>
        <extensions>
          <ns3:TrackPointExtension>
            <ns3:hr>164</ns3:hr>
            <ns3:cad>98</ns3:cad>
          </ns3:TrackPointExtension>
        </extensions>
      </trkpt>
      <trkpt lat="29.14931240491569042205810546875" lon="120.32221801578998565673828125">
        <ele>140.399993896484375</ele>
        <time>2016-04-28T11:45:50.000Z</time>
        <extensions>
          <ns3:TrackPointExtension>
            <ns3:hr>164</ns3:hr>
            <ns3:cad>98</ns3:cad>
          </ns3:TrackPointExtension>
        </extensions>
      </trkpt>
      <trkpt lat="29.14931240491569042205810546875" lon="120.32221801578998565673828125">
        <ele>140.399993896484375</ele>
        <time>2016-04-28T11:45:51.000Z</time>
        <extensions>
          <ns3:TrackPointExtension>
            <ns3:hr>164</ns3:hr>
            <ns3:cad>98</ns3:cad>
          </ns3:TrackPointExtension>
        </extensions>
      </trkpt>
      <trkpt lat="29.149305783212184906005859375" lon="120.32218826003372669219970703125">
        <ele>140.1999969482421875</ele>
        <time>2016-04-28T11:45:52.000Z</time>
        <extensions>
          <ns3:TrackPointExtension>
            <ns3:hr>164</ns3:hr>
            <ns3:cad>98</ns3:cad>
          </ns3:TrackPointExtension>
        </extensions>
      </trkpt>
      <trkpt lat="29.1492925398051738739013671875" lon="120.32213059253990650177001953125">
        <ele>140</ele>
        <time>2016-04-28T11:45:53.000Z</time>
        <extensions>
          <ns3:TrackPointExtension>
            <ns3:hr>165</ns3:hr>
            <ns3:cad>98</ns3:cad>
          </ns3:TrackPointExtension>
        </extensions>
      </trkpt>
      <trkpt lat="29.1492925398051738739013671875" lon="120.32213059253990650177001953125">
        <ele>140</ele>
        <time>2016-04-28T11:45:54.000Z</time>
        <extensions>
          <ns3:TrackPointExtension>
            <ns3:hr>165</ns3:hr>
            <ns3:cad>98</ns3:cad>
          </ns3:TrackPointExtension>
        </extensions>
      </trkpt>
      <trkpt lat="29.149279631674289703369140625" lon="120.32207183539867401123046875">
        <ele>139.1999969482421875</ele>
        <time>2016-04-28T11:45:55.000Z</time>
        <extensions>
          <ns3:TrackPointExtension>
            <ns3:hr>164</ns3:hr>
            <ns3:cad>97</ns3:cad>
          </ns3:TrackPointExtension>
        </extensions>
      </trkpt>
      <trkpt lat="29.149279631674289703369140625" lon="120.32207183539867401123046875">
        <ele>139.1999969482421875</ele>
        <time>2016-04-28T11:45:56.000Z</time>
        <extensions>
          <ns3:TrackPointExtension>
            <ns3:hr>164</ns3:hr>
            <ns3:cad>97</ns3:cad>
          </ns3:TrackPointExtension>
        </extensions>
      </trkpt>
      <trkpt lat="29.149272255599498748779296875" lon="120.32204107381403446197509765625">
        <ele>138.8000030517578125</ele>
        <time>2016-04-28T11:45:57.000Z</time>
        <extensions>
          <ns3:TrackPointExtension>
            <ns3:hr>164</ns3:hr>
            <ns3:cad>97</ns3:cad>
          </ns3:TrackPointExtension>
        </extensions>
      </trkpt>
      <trkpt lat="29.1492566652595996856689453125" lon="120.3219781257212162017822265625">
        <ele>138</ele>
        <time>2016-04-28T11:45:58.000Z</time>
        <extensions>
          <ns3:TrackPointExtension>
            <ns3:hr>164</ns3:hr>
            <ns3:cad>98</ns3:cad>
          </ns3:TrackPointExtension>
        </extensions>
      </trkpt>
      <trkpt lat="29.1492566652595996856689453125" lon="120.3219781257212162017822265625">
        <ele>138</ele>
        <time>2016-04-28T11:45:59.000Z</time>
        <extensions>
          <ns3:TrackPointExtension>
            <ns3:hr>166</ns3:hr>
            <ns3:cad>99</ns3:cad>
          </ns3:TrackPointExtension>
        </extensions>
      </trkpt>
      <trkpt lat="29.1492419131100177764892578125" lon="120.3219144232571125030517578125">
        <ele>137.1999969482421875</ele>
        <time>2016-04-28T11:46:00.000Z</time>
        <extensions>
          <ns3:TrackPointExtension>
            <ns3:hr>166</ns3:hr>
            <ns3:cad>101</ns3:cad>
          </ns3:TrackPointExtension>
        </extensions>
      </trkpt>
      <trkpt lat="29.1492419131100177764892578125" lon="120.3219144232571125030517578125">
        <ele>137.1999969482421875</ele>
        <time>2016-04-28T11:46:01.000Z</time>
        <extensions>
          <ns3:TrackPointExtension>
            <ns3:hr>166</ns3:hr>
            <ns3:cad>101</ns3:cad>
          </ns3:TrackPointExtension>
        </extensions>
      </trkpt>
      <trkpt lat="29.149225316941738128662109375" lon="120.32184896059334278106689453125">
        <ele>136.1999969482421875</ele>
        <time>2016-04-28T11:46:02.000Z</time>
        <extensions>
          <ns3:TrackPointExtension>
            <ns3:hr>165</ns3:hr>
            <ns3:cad>98</ns3:cad>
          </ns3:TrackPointExtension>
        </extensions>
      </trkpt>
      <trkpt lat="29.149225316941738128662109375" lon="120.32184896059334278106689453125">
        <ele>136.1999969482421875</ele>
        <time>2016-04-28T11:46:03.000Z</time>
        <extensions>
          <ns3:TrackPointExtension>
            <ns3:hr>164</ns3:hr>
            <ns3:cad>98</ns3:cad>
          </ns3:TrackPointExtension>
        </extensions>
      </trkpt>
      <trkpt lat="29.1492157615721225738525390625" lon="120.32181526534259319305419921875">
        <ele>136</ele>
        <time>2016-04-28T11:46:04.000Z</time>
        <extensions>
          <ns3:TrackPointExtension>
            <ns3:hr>163</ns3:hr>
            <ns3:cad>98</ns3:cad>
          </ns3:TrackPointExtension>
        </extensions>
      </trkpt>
      <trkpt lat="29.149199835956096649169921875" lon="120.32174971885979175567626953125">
        <ele>135.1999969482421875</ele>
        <time>2016-04-28T11:46:05.000Z</time>
        <extensions>
          <ns3:TrackPointExtension>
            <ns3:hr>163</ns3:hr>
            <ns3:cad>99</ns3:cad>
          </ns3:TrackPointExtension>
        </extensions>
      </trkpt>
      <trkpt lat="29.149199835956096649169921875" lon="120.32174971885979175567626953125">
        <ele>135.1999969482421875</ele>
        <time>2016-04-28T11:46:06.000Z</time>
        <extensions>
          <ns3:TrackPointExtension>
            <ns3:hr>163</ns3:hr>
            <ns3:cad>99</ns3:cad>
          </ns3:TrackPointExtension>
        </extensions>
      </trkpt>
      <trkpt lat="29.149185754358768463134765625" lon="120.3216881118714809417724609375">
        <ele>134.399993896484375</ele>
        <time>2016-04-28T11:46:07.000Z</time>
        <extensions>
          <ns3:TrackPointExtension>
            <ns3:hr>163</ns3:hr>
            <ns3:cad>98</ns3:cad>
          </ns3:TrackPointExtension>
        </extensions>
      </trkpt>
      <trkpt lat="29.149185754358768463134765625" lon="120.3216881118714809417724609375">
        <ele>134.399993896484375</ele>
        <time>2016-04-28T11:46:08.000Z</time>
        <extensions>
          <ns3:TrackPointExtension>
            <ns3:hr>163</ns3:hr>
            <ns3:cad>98</ns3:cad>
          </ns3:TrackPointExtension>
        </extensions>
      </trkpt>
      <trkpt lat="29.149177707731723785400390625" lon="120.3216586075723171234130859375">
        <ele>134.1999969482421875</ele>
        <time>2016-04-28T11:46:09.000Z</time>
        <extensions>
          <ns3:TrackPointExtension>
            <ns3:hr>164</ns3:hr>
            <ns3:cad>98</ns3:cad>
          </ns3:TrackPointExtension>
        </extensions>
      </trkpt>
      <trkpt lat="29.1491661407053470611572265625" lon="120.32159264199435710906982421875">
        <ele>133.399993896484375</ele>
        <time>2016-04-28T11:46:10.000Z</time>
        <extensions>
          <ns3:TrackPointExtension>
            <ns3:hr>164</ns3:hr>
            <ns3:cad>98</ns3:cad>
          </ns3:TrackPointExtension>
        </extensions>
      </trkpt>
      <trkpt lat="29.1491661407053470611572265625" lon="120.32159264199435710906982421875">
        <ele>133.399993896484375</ele>
        <time>2016-04-28T11:46:11.000Z</time>
        <extensions>
          <ns3:TrackPointExtension>
            <ns3:hr>163</ns3:hr>
            <ns3:cad>98</ns3:cad>
          </ns3:TrackPointExtension>
        </extensions>
      </trkpt>
      <trkpt lat="29.149152897298336029052734375" lon="120.3215248323976993560791015625">
        <ele>132.600006103515625</ele>
        <time>2016-04-28T11:46:12.000Z</time>
        <extensions>
          <ns3:TrackPointExtension>
            <ns3:hr>162</ns3:hr>
            <ns3:cad>98</ns3:cad>
          </ns3:TrackPointExtension>
        </extensions>
      </trkpt>
      <trkpt lat="29.149152897298336029052734375" lon="120.3215248323976993560791015625">
        <ele>132.600006103515625</ele>
        <time>2016-04-28T11:46:13.000Z</time>
        <extensions>
          <ns3:TrackPointExtension>
            <ns3:hr>163</ns3:hr>
            <ns3:cad>98</ns3:cad>
          </ns3:TrackPointExtension>
        </extensions>
      </trkpt>
      <trkpt lat="29.14914644323289394378662109375" lon="120.32149323262274265289306640625">
        <ele>132.399993896484375</ele>
        <time>2016-04-28T11:46:14.000Z</time>
        <extensions>
          <ns3:TrackPointExtension>
            <ns3:hr>163</ns3:hr>
            <ns3:cad>98</ns3:cad>
          </ns3:TrackPointExtension>
        </extensions>
      </trkpt>
      <trkpt lat="29.14912900887429714202880859375" lon="120.32142986543476581573486328125">
        <ele>131.8000030517578125</ele>
        <time>2016-04-28T11:46:15.000Z</time>
        <extensions>
          <ns3:TrackPointExtension>
            <ns3:hr>163</ns3:hr>
            <ns3:cad>97</ns3:cad>
          </ns3:TrackPointExtension>
        </extensions>
      </trkpt>
      <trkpt lat="29.14912900887429714202880859375" lon="120.32142986543476581573486328125">
        <ele>131.8000030517578125</ele>
        <time>2016-04-28T11:46:16.000Z</time>
        <extensions>
          <ns3:TrackPointExtension>
            <ns3:hr>162</ns3:hr>
            <ns3:cad>97</ns3:cad>
          </ns3:TrackPointExtension>
        </extensions>
      </trkpt>
      <trkpt lat="29.14911459200084209442138671875" lon="120.32136649824678897857666015625">
        <ele>131.399993896484375</ele>
        <time>2016-04-28T11:46:17.000Z</time>
        <extensions>
          <ns3:TrackPointExtension>
            <ns3:hr>163</ns3:hr>
            <ns3:cad>98</ns3:cad>
          </ns3:TrackPointExtension>
        </extensions>
      </trkpt>
      <trkpt lat="29.14911459200084209442138671875" lon="120.32136649824678897857666015625">
        <ele>131.399993896484375</ele>
        <time>2016-04-28T11:46:18.000Z</time>
        <extensions>
          <ns3:TrackPointExtension>
            <ns3:hr>162</ns3:hr>
            <ns3:cad>98</ns3:cad>
          </ns3:TrackPointExtension>
        </extensions>
      </trkpt>
      <trkpt lat="29.1491062939167022705078125" lon="120.32133548520505428314208984375">
        <ele>131.1999969482421875</ele>
        <time>2016-04-28T11:46:19.000Z</time>
        <extensions>
          <ns3:TrackPointExtension>
            <ns3:hr>161</ns3:hr>
            <ns3:cad>98</ns3:cad>
          </ns3:TrackPointExtension>
        </extensions>
      </trkpt>
      <trkpt lat="29.1490960679948329925537109375" lon="120.32127262093126773834228515625">
        <ele>130.8000030517578125</ele>
        <time>2016-04-28T11:46:20.000Z</time>
        <extensions>
          <ns3:TrackPointExtension>
            <ns3:hr>162</ns3:hr>
            <ns3:cad>97</ns3:cad>
          </ns3:TrackPointExtension>
        </extensions>
      </trkpt>
      <trkpt lat="29.1490960679948329925537109375" lon="120.32127262093126773834228515625">
        <ele>130.8000030517578125</ele>
        <time>2016-04-28T11:46:21.000Z</time>
        <extensions>
          <ns3:TrackPointExtension>
            <ns3:hr>161</ns3:hr>
            <ns3:cad>97</ns3:cad>
          </ns3:TrackPointExtension>
        </extensions>
      </trkpt>
      <trkpt lat="29.14908508770167827606201171875" lon="120.3212079964578151702880859375">
        <ele>130.1999969482421875</ele>
        <time>2016-04-28T11:46:22.000Z</time>
        <extensions>
          <ns3:TrackPointExtension>
            <ns3:hr>161</ns3:hr>
            <ns3:cad>97</ns3:cad>
          </ns3:TrackPointExtension>
        </extensions>
      </trkpt>
      <trkpt lat="29.14908508770167827606201171875" lon="120.3212079964578151702880859375">
        <ele>130.1999969482421875</ele>
        <time>2016-04-28T11:46:23.000Z</time>
        <extensions>
          <ns3:TrackPointExtension>
            <ns3:hr>162</ns3:hr>
            <ns3:cad>98</ns3:cad>
          </ns3:TrackPointExtension>
        </extensions>
      </trkpt>
      <trkpt lat="29.14908240549266338348388671875" lon="120.32117773778736591339111328125">
        <ele>129.8000030517578125</ele>
        <time>2016-04-28T11:46:24.000Z</time>
        <extensions>
          <ns3:TrackPointExtension>
            <ns3:hr>163</ns3:hr>
            <ns3:cad>99</ns3:cad>
          </ns3:TrackPointExtension>
        </extensions>
      </trkpt>
      <trkpt lat="29.149078465998172760009765625" lon="120.32114789821207523345947265625">
        <ele>129.600006103515625</ele>
        <time>2016-04-28T11:46:25.000Z</time>
        <extensions>
          <ns3:TrackPointExtension>
            <ns3:hr>163</ns3:hr>
            <ns3:cad>99</ns3:cad>
          </ns3:TrackPointExtension>
        </extensions>
      </trkpt>
      <trkpt lat="29.1490786336362361907958984375" lon="120.32112007029354572296142578125">
        <ele>129.399993896484375</ele>
        <time>2016-04-28T11:46:26.000Z</time>
        <extensions>
          <ns3:TrackPointExtension>
            <ns3:hr>163</ns3:hr>
            <ns3:cad>98</ns3:cad>
          </ns3:TrackPointExtension>
        </extensions>
      </trkpt>
      <trkpt lat="29.14907821454107761383056640625" lon="120.32106709666550159454345703125">
        <ele>129</ele>
        <time>2016-04-28T11:46:27.000Z</time>
        <extensions>
          <ns3:TrackPointExtension>
            <ns3:hr>163</ns3:hr>
            <ns3:cad>98</ns3:cad>
          </ns3:TrackPointExtension>
        </extensions>
      </trkpt>
      <trkpt lat="29.14907821454107761383056640625" lon="120.32106709666550159454345703125">
        <ele>129</ele>
        <time>2016-04-28T11:46:28.000Z</time>
        <extensions>
          <ns3:TrackPointExtension>
            <ns3:hr>163</ns3:hr>
            <ns3:cad>98</ns3:cad>
          </ns3:TrackPointExtension>
        </extensions>
      </trkpt>
      <trkpt lat="29.14907335303723812103271484375" lon="120.32100875861942768096923828125">
        <ele>128.600006103515625</ele>
        <time>2016-04-28T11:46:29.000Z</time>
        <extensions>
          <ns3:TrackPointExtension>
            <ns3:hr>162</ns3:hr>
            <ns3:cad>99</ns3:cad>
          </ns3:TrackPointExtension>
        </extensions>
      </trkpt>
      <trkpt lat="29.14907335303723812103271484375" lon="120.32100875861942768096923828125">
        <ele>128.600006103515625</ele>
        <time>2016-04-28T11:46:30.000Z</time>
        <extensions>
          <ns3:TrackPointExtension>
            <ns3:hr>163</ns3:hr>
            <ns3:cad>99</ns3:cad>
          </ns3:TrackPointExtension>
        </extensions>
      </trkpt>
      <trkpt lat="29.14907050319015979766845703125" lon="120.32097975723445415496826171875">
        <ele>128.399993896484375</ele>
        <time>2016-04-28T11:46:31.000Z</time>
        <extensions>
          <ns3:TrackPointExtension>
            <ns3:hr>163</ns3:hr>
            <ns3:cad>98</ns3:cad>
          </ns3:TrackPointExtension>
        </extensions>
      </trkpt>
      <trkpt lat="29.14906597696244716644287109375" lon="120.3209240175783634185791015625">
        <ele>128.1999969482421875</ele>
        <time>2016-04-28T11:46:32.000Z</time>
        <extensions>
          <ns3:TrackPointExtension>
            <ns3:hr>163</ns3:hr>
            <ns3:cad>98</ns3:cad>
          </ns3:TrackPointExtension>
        </extensions>
      </trkpt>
      <trkpt lat="29.14906597696244716644287109375" lon="120.3209240175783634185791015625">
        <ele>128.1999969482421875</ele>
        <time>2016-04-28T11:46:33.000Z</time>
        <extensions>
          <ns3:TrackPointExtension>
            <ns3:hr>163</ns3:hr>
            <ns3:cad>97</ns3:cad>
          </ns3:TrackPointExtension>
        </extensions>
      </trkpt>
      <trkpt lat="29.14906396530568599700927734375" lon="120.3208663500845432281494140625">
        <ele>128</ele>
        <time>2016-04-28T11:46:34.000Z</time>
        <extensions>
          <ns3:TrackPointExtension>
            <ns3:hr>163</ns3:hr>
            <ns3:cad>97</ns3:cad>
          </ns3:TrackPointExtension>
        </extensions>
      </trkpt>
      <trkpt lat="29.14906396530568599700927734375" lon="120.3208663500845432281494140625">
        <ele>128</ele>
        <time>2016-04-28T11:46:35.000Z</time>
        <extensions>
          <ns3:TrackPointExtension>
            <ns3:hr>163</ns3:hr>
            <ns3:cad>97</ns3:cad>
          </ns3:TrackPointExtension>
        </extensions>
      </trkpt>
      <trkpt lat="29.14906513877213001251220703125" lon="120.320840366184711456298828125">
        <ele>127.8000030517578125</ele>
        <time>2016-04-28T11:46:36.000Z</time>
        <extensions>
          <ns3:TrackPointExtension>
            <ns3:hr>163</ns3:hr>
            <ns3:cad>98</ns3:cad>
          </ns3:TrackPointExtension>
        </extensions>
      </trkpt>
      <trkpt lat="29.1490709222853183746337890625" lon="120.3207944333553314208984375">
        <ele>127.8000030517578125</ele>
        <time>2016-04-28T11:46:37.000Z</time>
        <extensions>
          <ns3:TrackPointExtension>
            <ns3:hr>163</ns3:hr>
            <ns3:cad>97</ns3:cad>
          </ns3:TrackPointExtension>
        </extensions>
      </trkpt>
      <trkpt lat="29.1490709222853183746337890625" lon="120.3207944333553314208984375">
        <ele>127.8000030517578125</ele>
        <time>2016-04-28T11:46:38.000Z</time>
        <extensions>
          <ns3:TrackPointExtension>
            <ns3:hr>163</ns3:hr>
            <ns3:cad>97</ns3:cad>
          </ns3:TrackPointExtension>
        </extensions>
      </trkpt>
      <trkpt lat="29.14906916208565235137939453125" lon="120.3207667730748653411865234375">
        <ele>127.59999847412109375</ele>
        <time>2016-04-28T11:46:39.000Z</time>
        <extensions>
          <ns3:TrackPointExtension>
            <ns3:hr>163</ns3:hr>
            <ns3:cad>96</ns3:cad>
          </ns3:TrackPointExtension>
        </extensions>
      </trkpt>
      <trkpt lat="29.1490652225911617279052734375" lon="120.3207040764391422271728515625">
        <ele>127.40000152587890625</ele>
        <time>2016-04-28T11:46:40.000Z</time>
        <extensions>
          <ns3:TrackPointExtension>
            <ns3:hr>163</ns3:hr>
            <ns3:cad>97</ns3:cad>
          </ns3:TrackPointExtension>
        </extensions>
      </trkpt>
      <trkpt lat="29.1490652225911617279052734375" lon="120.3207040764391422271728515625">
        <ele>127.40000152587890625</ele>
        <time>2016-04-28T11:46:41.000Z</time>
        <extensions>
          <ns3:TrackPointExtension>
            <ns3:hr>163</ns3:hr>
            <ns3:cad>97</ns3:cad>
          </ns3:TrackPointExtension>
        </extensions>
      </trkpt>
      <trkpt lat="29.1490662284195423126220703125" lon="120.32067130319774150848388671875">
        <ele>127.40000152587890625</ele>
        <time>2016-04-28T11:46:42.000Z</time>
        <extensions>
          <ns3:TrackPointExtension>
            <ns3:hr>164</ns3:hr>
            <ns3:cad>98</ns3:cad>
          </ns3:TrackPointExtension>
        </extensions>
      </trkpt>
      <trkpt lat="29.149061702191829681396484375" lon="120.320599973201751708984375">
        <ele>127.40000152587890625</ele>
        <time>2016-04-28T11:46:43.000Z</time>
        <extensions>
          <ns3:TrackPointExtension>
            <ns3:hr>164</ns3:hr>
            <ns3:cad>98</ns3:cad>
          </ns3:TrackPointExtension>
        </extensions>
      </trkpt>
      <trkpt lat="29.149061702191829681396484375" lon="120.320599973201751708984375">
        <ele>127.40000152587890625</ele>
        <time>2016-04-28T11:46:44.000Z</time>
        <extensions>
          <ns3:TrackPointExtension>
            <ns3:hr>164</ns3:hr>
            <ns3:cad>98</ns3:cad>
          </ns3:TrackPointExtension>
        </extensions>
      </trkpt>
      <trkpt lat="29.1490608640015125274658203125" lon="120.32056518830358982086181640625">
        <ele>127.40000152587890625</ele>
        <time>2016-04-28T11:46:45.000Z</time>
        <extensions>
          <ns3:TrackPointExtension>
            <ns3:hr>163</ns3:hr>
            <ns3:cad>98</ns3:cad>
          </ns3:TrackPointExtension>
        </extensions>
      </trkpt>
      <trkpt lat="29.14905994199216365814208984375" lon="120.320502407848834991455078125">
        <ele>127.1999969482421875</ele>
        <time>2016-04-28T11:46:46.000Z</time>
        <extensions>
          <ns3:TrackPointExtension>
            <ns3:hr>163</ns3:hr>
            <ns3:cad>98</ns3:cad>
          </ns3:TrackPointExtension>
        </extensions>
      </trkpt>
      <trkpt lat="29.14905994199216365814208984375" lon="120.320502407848834991455078125">
        <ele>127.1999969482421875</ele>
        <time>2016-04-28T11:46:47.000Z</time>
        <extensions>
          <ns3:TrackPointExtension>
            <ns3:hr>163</ns3:hr>
            <ns3:cad>98</ns3:cad>
          </ns3:TrackPointExtension>
        </extensions>
      </trkpt>
      <trkpt lat="29.14906647987663745880126953125" lon="120.32043702900409698486328125">
        <ele>127.59999847412109375</ele>
        <time>2016-04-28T11:46:48.000Z</time>
        <extensions>
          <ns3:TrackPointExtension>
            <ns3:hr>163</ns3:hr>
            <ns3:cad>98</ns3:cad>
          </ns3:TrackPointExtension>
        </extensions>
      </trkpt>
      <trkpt lat="29.14906647987663745880126953125" lon="120.32043702900409698486328125">
        <ele>127.59999847412109375</ele>
        <time>2016-04-28T11:46:49.000Z</time>
        <extensions>
          <ns3:TrackPointExtension>
            <ns3:hr>162</ns3:hr>
            <ns3:cad>98</ns3:cad>
          </ns3:TrackPointExtension>
        </extensions>
      </trkpt>
      <trkpt lat="29.14906983263790607452392578125" lon="120.32040559686720371246337890625">
        <ele>127.8000030517578125</ele>
        <time>2016-04-28T11:46:50.000Z</time>
        <extensions>
          <ns3:TrackPointExtension>
            <ns3:hr>163</ns3:hr>
            <ns3:cad>98</ns3:cad>
          </ns3:TrackPointExtension>
        </extensions>
      </trkpt>
      <trkpt lat="29.149081818759441375732421875" lon="120.3203376196324825286865234375">
        <ele>128.399993896484375</ele>
        <time>2016-04-28T11:46:51.000Z</time>
        <extensions>
          <ns3:TrackPointExtension>
            <ns3:hr>162</ns3:hr>
            <ns3:cad>98</ns3:cad>
          </ns3:TrackPointExtension>
        </extensions>
      </trkpt>
      <trkpt lat="29.149081818759441375732421875" lon="120.3203376196324825286865234375">
        <ele>128.399993896484375</ele>
        <time>2016-04-28T11:46:52.000Z</time>
        <extensions>
          <ns3:TrackPointExtension>
            <ns3:hr>162</ns3:hr>
            <ns3:cad>98</ns3:cad>
          </ns3:TrackPointExtension>
        </extensions>
      </trkpt>
      <trkpt lat="29.1490890271961688995361328125" lon="120.32027567736804485321044921875">
        <ele>128.8000030517578125</ele>
        <time>2016-04-28T11:46:53.000Z</time>
        <extensions>
          <ns3:TrackPointExtension>
            <ns3:hr>163</ns3:hr>
            <ns3:cad>98</ns3:cad>
          </ns3:TrackPointExtension>
        </extensions>
      </trkpt>
      <trkpt lat="29.1490890271961688995361328125" lon="120.32027567736804485321044921875">
        <ele>128.8000030517578125</ele>
        <time>2016-04-28T11:46:54.000Z</time>
        <extensions>
          <ns3:TrackPointExtension>
            <ns3:hr>163</ns3:hr>
            <ns3:cad>98</ns3:cad>
          </ns3:TrackPointExtension>
        </extensions>
      </trkpt>
      <trkpt lat="29.14909162558615207672119140625" lon="120.3202447481453418731689453125">
        <ele>129</ele>
        <time>2016-04-28T11:46:55.000Z</time>
        <extensions>
          <ns3:TrackPointExtension>
            <ns3:hr>162</ns3:hr>
            <ns3:cad>98</ns3:cad>
          </ns3:TrackPointExtension>
        </extensions>
      </trkpt>
      <trkpt lat="29.14909749291837215423583984375" lon="120.32017827965319156646728515625">
        <ele>129.600006103515625</ele>
        <time>2016-04-28T11:46:56.000Z</time>
        <extensions>
          <ns3:TrackPointExtension>
            <ns3:hr>161</ns3:hr>
            <ns3:cad>98</ns3:cad>
          </ns3:TrackPointExtension>
        </extensions>
      </trkpt>
      <trkpt lat="29.14909749291837215423583984375" lon="120.32017827965319156646728515625">
        <ele>129.600006103515625</ele>
        <time>2016-04-28T11:46:57.000Z</time>
        <extensions>
          <ns3:TrackPointExtension>
            <ns3:hr>161</ns3:hr>
            <ns3:cad>98</ns3:cad>
          </ns3:TrackPointExtension>
        </extensions>
      </trkpt>
      <trkpt lat="29.1490987502038478851318359375" lon="120.32011373899877071380615234375">
        <ele>129.8000030517578125</ele>
        <time>2016-04-28T11:46:58.000Z</time>
        <extensions>
          <ns3:TrackPointExtension>
            <ns3:hr>161</ns3:hr>
            <ns3:cad>99</ns3:cad>
          </ns3:TrackPointExtension>
        </extensions>
      </trkpt>
      <trkpt lat="29.1490987502038478851318359375" lon="120.32011373899877071380615234375">
        <ele>129.8000030517578125</ele>
        <time>2016-04-28T11:46:59.000Z</time>
        <extensions>
          <ns3:TrackPointExtension>
            <ns3:hr>161</ns3:hr>
            <ns3:cad>99</ns3:cad>
          </ns3:TrackPointExtension>
        </extensions>
      </trkpt>
      <trkpt lat="29.149097912013530731201171875" lon="120.3200801275670528411865234375">
        <ele>130</ele>
        <time>2016-04-28T11:47:00.000Z</time>
        <extensions>
          <ns3:TrackPointExtension>
            <ns3:hr>162</ns3:hr>
            <ns3:cad>99</ns3:cad>
          </ns3:TrackPointExtension>
        </extensions>
      </trkpt>
      <trkpt lat="29.1490974090993404388427734375" lon="120.32004919834434986114501953125">
        <ele>130</ele>
        <time>2016-04-28T11:47:01.000Z</time>
        <extensions>
          <ns3:TrackPointExtension>
            <ns3:hr>163</ns3:hr>
            <ns3:cad>99</ns3:cad>
          </ns3:TrackPointExtension>
        </extensions>
      </trkpt>
      <trkpt lat="29.14909933693706989288330078125" lon="120.319985412061214447021484375">
        <ele>130.1999969482421875</ele>
        <time>2016-04-28T11:47:02.000Z</time>
        <extensions>
          <ns3:TrackPointExtension>
            <ns3:hr>163</ns3:hr>
            <ns3:cad>98</ns3:cad>
          </ns3:TrackPointExtension>
        </extensions>
      </trkpt>
      <trkpt lat="29.14909933693706989288330078125" lon="120.319985412061214447021484375">
        <ele>130.1999969482421875</ele>
        <time>2016-04-28T11:47:03.000Z</time>
        <extensions>
          <ns3:TrackPointExtension>
            <ns3:hr>163</ns3:hr>
            <ns3:cad>98</ns3:cad>
          </ns3:TrackPointExtension>
        </extensions>
      </trkpt>
      <trkpt lat="29.14911341853439807891845703125" lon="120.31992112286388874053955078125">
        <ele>130.600006103515625</ele>
        <time>2016-04-28T11:47:04.000Z</time>
        <extensions>
          <ns3:TrackPointExtension>
            <ns3:hr>163</ns3:hr>
            <ns3:cad>99</ns3:cad>
          </ns3:TrackPointExtension>
        </extensions>
      </trkpt>
      <trkpt lat="29.14911341853439807891845703125" lon="120.31992112286388874053955078125">
        <ele>130.600006103515625</ele>
        <time>2016-04-28T11:47:05.000Z</time>
        <extensions>
          <ns3:TrackPointExtension>
            <ns3:hr>163</ns3:hr>
            <ns3:cad>99</ns3:cad>
          </ns3:TrackPointExtension>
        </extensions>
      </trkpt>
      <trkpt lat="29.14915122091770172119140625" lon="120.31987644731998443603515625">
        <ele>130.8000030517578125</ele>
        <time>2016-04-28T11:47:06.000Z</time>
        <extensions>
          <ns3:TrackPointExtension>
            <ns3:hr>163</ns3:hr>
            <ns3:cad>98</ns3:cad>
          </ns3:TrackPointExtension>
        </extensions>
      </trkpt>
      <trkpt lat="29.14915122091770172119140625" lon="120.31987644731998443603515625">
        <ele>130.8000030517578125</ele>
        <time>2016-04-28T11:47:07.000Z</time>
        <extensions>
          <ns3:TrackPointExtension>
            <ns3:hr>163</ns3:hr>
            <ns3:cad>98</ns3:cad>
          </ns3:TrackPointExtension>
        </extensions>
      </trkpt>
      <trkpt lat="29.14920293726027011871337890625" lon="120.31984518282115459442138671875">
        <ele>131.1999969482421875</ele>
        <time>2016-04-28T11:47:08.000Z</time>
        <extensions>
          <ns3:TrackPointExtension>
            <ns3:hr>163</ns3:hr>
            <ns3:cad>97</ns3:cad>
          </ns3:TrackPointExtension>
        </extensions>
      </trkpt>
      <trkpt lat="29.14920293726027011871337890625" lon="120.31984518282115459442138671875">
        <ele>131.1999969482421875</ele>
        <time>2016-04-28T11:47:09.000Z</time>
        <extensions>
          <ns3:TrackPointExtension>
            <ns3:hr>162</ns3:hr>
            <ns3:cad>97</ns3:cad>
          </ns3:TrackPointExtension>
        </extensions>
      </trkpt>
      <trkpt lat="29.1492301784455776214599609375" lon="120.319834537804126739501953125">
        <ele>131.1999969482421875</ele>
        <time>2016-04-28T11:47:10.000Z</time>
        <extensions>
          <ns3:TrackPointExtension>
            <ns3:hr>163</ns3:hr>
            <ns3:cad>98</ns3:cad>
          </ns3:TrackPointExtension>
        </extensions>
      </trkpt>
      <trkpt lat="29.1492875106632709503173828125" lon="120.3198052011430263519287109375">
        <ele>131.600006103515625</ele>
        <time>2016-04-28T11:47:11.000Z</time>
        <extensions>
          <ns3:TrackPointExtension>
            <ns3:hr>163</ns3:hr>
            <ns3:cad>98</ns3:cad>
          </ns3:TrackPointExtension>
        </extensions>
      </trkpt>
      <trkpt lat="29.1492875106632709503173828125" lon="120.3198052011430263519287109375">
        <ele>131.600006103515625</ele>
        <time>2016-04-28T11:47:12.000Z</time>
        <extensions>
          <ns3:TrackPointExtension>
            <ns3:hr>163</ns3:hr>
            <ns3:cad>98</ns3:cad>
          </ns3:TrackPointExtension>
        </extensions>
      </trkpt>
      <trkpt lat="29.149343334138393402099609375" lon="120.31978080980479717254638671875">
        <ele>131.8000030517578125</ele>
        <time>2016-04-28T11:47:13.000Z</time>
        <extensions>
          <ns3:TrackPointExtension>
            <ns3:hr>163</ns3:hr>
            <ns3:cad>98</ns3:cad>
          </ns3:TrackPointExtension>
        </extensions>
      </trkpt>
      <trkpt lat="29.149343334138393402099609375" lon="120.31978080980479717254638671875">
        <ele>131.8000030517578125</ele>
        <time>2016-04-28T11:47:14.000Z</time>
        <extensions>
          <ns3:TrackPointExtension>
            <ns3:hr>164</ns3:hr>
            <ns3:cad>98</ns3:cad>
          </ns3:TrackPointExtension>
        </extensions>
      </trkpt>
      <trkpt lat="29.1493944637477397918701171875" lon="120.31975482590496540069580078125">
        <ele>132.1999969482421875</ele>
        <time>2016-04-28T11:47:15.000Z</time>
        <extensions>
          <ns3:TrackPointExtension>
            <ns3:hr>164</ns3:hr>
            <ns3:cad>98</ns3:cad>
          </ns3:TrackPointExtension>
        </extensions>
      </trkpt>
      <trkpt lat="29.1493944637477397918701171875" lon="120.31975482590496540069580078125">
        <ele>132.1999969482421875</ele>
        <time>2016-04-28T11:47:16.000Z</time>
        <extensions>
          <ns3:TrackPointExtension>
            <ns3:hr>165</ns3:hr>
            <ns3:cad>98</ns3:cad>
          </ns3:TrackPointExtension>
        </extensions>
      </trkpt>
      <trkpt lat="29.1494192741811275482177734375" lon="120.3197421692311763763427734375">
        <ele>132.1999969482421875</ele>
        <time>2016-04-28T11:47:17.000Z</time>
        <extensions>
          <ns3:TrackPointExtension>
            <ns3:hr>164</ns3:hr>
            <ns3:cad>98</ns3:cad>
          </ns3:TrackPointExtension>
        </extensions>
      </trkpt>
      <trkpt lat="29.1494719125330448150634765625" lon="120.319717861711978912353515625">
        <ele>132.600006103515625</ele>
        <time>2016-04-28T11:47:18.000Z</time>
        <extensions>
          <ns3:TrackPointExtension>
            <ns3:hr>164</ns3:hr>
            <ns3:cad>99</ns3:cad>
          </ns3:TrackPointExtension>
        </extensions>
      </trkpt>
      <trkpt lat="29.1494719125330448150634765625" lon="120.319717861711978912353515625">
        <ele>132.600006103515625</ele>
        <time>2016-04-28T11:47:19.000Z</time>
        <extensions>
          <ns3:TrackPointExtension>
            <ns3:hr>164</ns3:hr>
            <ns3:cad>99</ns3:cad>
          </ns3:TrackPointExtension>
        </extensions>
      </trkpt>
      <trkpt lat="29.1495007462799549102783203125" lon="120.319702439010143280029296875">
        <ele>132.8000030517578125</ele>
        <time>2016-04-28T11:47:20.000Z</time>
        <extensions>
          <ns3:TrackPointExtension>
            <ns3:hr>165</ns3:hr>
            <ns3:cad>99</ns3:cad>
          </ns3:TrackPointExtension>
        </extensions>
      </trkpt>
      <trkpt lat="29.14955447427928447723388671875" lon="120.319672934710979461669921875">
        <ele>133</ele>
        <time>2016-04-28T11:47:21.000Z</time>
        <extensions>
          <ns3:TrackPointExtension>
            <ns3:hr>166</ns3:hr>
            <ns3:cad>99</ns3:cad>
          </ns3:TrackPointExtension>
        </extensions>
      </trkpt>
      <trkpt lat="29.14955447427928447723388671875" lon="120.319672934710979461669921875">
        <ele>133</ele>
        <time>2016-04-28T11:47:22.000Z</time>
        <extensions>
          <ns3:TrackPointExtension>
            <ns3:hr>166</ns3:hr>
            <ns3:cad>99</ns3:cad>
          </ns3:TrackPointExtension>
        </extensions>
      </trkpt>
      <trkpt lat="29.14960728026926517486572265625" lon="120.3196464478969573974609375">
        <ele>133</ele>
        <time>2016-04-28T11:47:23.000Z</time>
        <extensions>
          <ns3:TrackPointExtension>
            <ns3:hr>166</ns3:hr>
            <ns3:cad>98</ns3:cad>
          </ns3:TrackPointExtension>
        </extensions>
      </trkpt>
      <trkpt lat="29.14960728026926517486572265625" lon="120.3196464478969573974609375">
        <ele>133</ele>
        <time>2016-04-28T11:47:24.000Z</time>
        <extensions>
          <ns3:TrackPointExtension>
            <ns3:hr>166</ns3:hr>
            <ns3:cad>98</ns3:cad>
          </ns3:TrackPointExtension>
        </extensions>
      </trkpt>
      <trkpt lat="29.14963133633136749267578125" lon="120.3196305222809314727783203125">
        <ele>132.8000030517578125</ele>
        <time>2016-04-28T11:47:25.000Z</time>
        <extensions>
          <ns3:TrackPointExtension>
            <ns3:hr>166</ns3:hr>
            <ns3:cad>98</ns3:cad>
          </ns3:TrackPointExtension>
        </extensions>
      </trkpt>
      <trkpt lat="29.14965690113604068756103515625" lon="120.319618284702301025390625">
        <ele>132.600006103515625</ele>
        <time>2016-04-28T11:47:26.000Z</time>
        <extensions>
          <ns3:TrackPointExtension>
            <ns3:hr>165</ns3:hr>
            <ns3:cad>98</ns3:cad>
          </ns3:TrackPointExtension>
        </extensions>
      </trkpt>
      <trkpt lat="29.14971171878278255462646484375" lon="120.31960152089595794677734375">
        <ele>132</ele>
        <time>2016-04-28T11:47:27.000Z</time>
        <extensions>
          <ns3:TrackPointExtension>
            <ns3:hr>165</ns3:hr>
            <ns3:cad>98</ns3:cad>
          </ns3:TrackPointExtension>
        </extensions>
      </trkpt>
      <trkpt lat="29.14971171878278255462646484375" lon="120.31960152089595794677734375">
        <ele>132</ele>
        <time>2016-04-28T11:47:28.000Z</time>
        <extensions>
          <ns3:TrackPointExtension>
            <ns3:hr>165</ns3:hr>
            <ns3:cad>99</ns3:cad>
          </ns3:TrackPointExtension>
        </extensions>
      </trkpt>
      <trkpt lat="29.1497646085917949676513671875" lon="120.31958886422216892242431640625">
        <ele>131.600006103515625</ele>
        <time>2016-04-28T11:47:29.000Z</time>
        <extensions>
          <ns3:TrackPointExtension>
            <ns3:hr>166</ns3:hr>
            <ns3:cad>98</ns3:cad>
          </ns3:TrackPointExtension>
        </extensions>
      </trkpt>
      <trkpt lat="29.1497646085917949676513671875" lon="120.31958886422216892242431640625">
        <ele>131.600006103515625</ele>
        <time>2016-04-28T11:47:30.000Z</time>
        <extensions>
          <ns3:TrackPointExtension>
            <ns3:hr>167</ns3:hr>
            <ns3:cad>98</ns3:cad>
          </ns3:TrackPointExtension>
        </extensions>
      </trkpt>
      <trkpt lat="29.14979084394872188568115234375" lon="120.3195809014141559600830078125">
        <ele>131.399993896484375</ele>
        <time>2016-04-28T11:47:31.000Z</time>
        <extensions>
          <ns3:TrackPointExtension>
            <ns3:hr>167</ns3:hr>
            <ns3:cad>98</ns3:cad>
          </ns3:TrackPointExtension>
        </extensions>
      </trkpt>
      <trkpt lat="29.14983979426324367523193359375" lon="120.3195627965033054351806640625">
        <ele>131.1999969482421875</ele>
        <time>2016-04-28T11:47:32.000Z</time>
        <extensions>
          <ns3:TrackPointExtension>
            <ns3:hr>168</ns3:hr>
            <ns3:cad>98</ns3:cad>
          </ns3:TrackPointExtension>
        </extensions>
      </trkpt>
      <trkpt lat="29.14983979426324367523193359375" lon="120.3195627965033054351806640625">
        <ele>131.1999969482421875</ele>
        <time>2016-04-28T11:47:33.000Z</time>
        <extensions>
          <ns3:TrackPointExtension>
            <ns3:hr>167</ns3:hr>
            <ns3:cad>98</ns3:cad>
          </ns3:TrackPointExtension>
        </extensions>
      </trkpt>
      <trkpt lat="29.1498940251767635345458984375" lon="120.3195493854582309722900390625">
        <ele>130.8000030517578125</ele>
        <time>2016-04-28T11:47:34.000Z</time>
        <extensions>
          <ns3:TrackPointExtension>
            <ns3:hr>166</ns3:hr>
            <ns3:cad>98</ns3:cad>
          </ns3:TrackPointExtension>
        </extensions>
      </trkpt>
      <trkpt lat="29.1498940251767635345458984375" lon="120.3195493854582309722900390625">
        <ele>130.8000030517578125</ele>
        <time>2016-04-28T11:47:35.000Z</time>
        <extensions>
          <ns3:TrackPointExtension>
            <ns3:hr>166</ns3:hr>
            <ns3:cad>98</ns3:cad>
          </ns3:TrackPointExtension>
        </extensions>
      </trkpt>
      <trkpt lat="29.14992034435272216796875" lon="120.31954519450664520263671875">
        <ele>130.600006103515625</ele>
        <time>2016-04-28T11:47:36.000Z</time>
        <extensions>
          <ns3:TrackPointExtension>
            <ns3:hr>166</ns3:hr>
            <ns3:cad>97</ns3:cad>
          </ns3:TrackPointExtension>
        </extensions>
      </trkpt>
      <trkpt lat="29.14997139014303684234619140625" lon="120.319537818431854248046875">
        <ele>130.1999969482421875</ele>
        <time>2016-04-28T11:47:37.000Z</time>
        <extensions>
          <ns3:TrackPointExtension>
            <ns3:hr>166</ns3:hr>
            <ns3:cad>97</ns3:cad>
          </ns3:TrackPointExtension>
        </extensions>
      </trkpt>
      <trkpt lat="29.14997139014303684234619140625" lon="120.319537818431854248046875">
        <ele>130.1999969482421875</ele>
        <time>2016-04-28T11:47:38.000Z</time>
        <extensions>
          <ns3:TrackPointExtension>
            <ns3:hr>166</ns3:hr>
            <ns3:cad>97</ns3:cad>
          </ns3:TrackPointExtension>
        </extensions>
      </trkpt>
      <trkpt lat="29.15002830326557159423828125" lon="120.31953102909028530120849609375">
        <ele>129.600006103515625</ele>
        <time>2016-04-28T11:47:39.000Z</time>
        <extensions>
          <ns3:TrackPointExtension>
            <ns3:hr>166</ns3:hr>
            <ns3:cad>98</ns3:cad>
          </ns3:TrackPointExtension>
        </extensions>
      </trkpt>
      <trkpt lat="29.15002830326557159423828125" lon="120.31953102909028530120849609375">
        <ele>129.600006103515625</ele>
        <time>2016-04-28T11:47:40.000Z</time>
        <extensions>
          <ns3:TrackPointExtension>
            <ns3:hr>166</ns3:hr>
            <ns3:cad>98</ns3:cad>
          </ns3:TrackPointExtension>
        </extensions>
      </trkpt>
      <trkpt lat="29.15005470626056194305419921875" lon="120.319522731006145477294921875">
        <ele>129.8000030517578125</ele>
        <time>2016-04-28T11:47:41.000Z</time>
        <extensions>
          <ns3:TrackPointExtension>
            <ns3:hr>164</ns3:hr>
            <ns3:cad>98</ns3:cad>
          </ns3:TrackPointExtension>
        </extensions>
      </trkpt>
      <trkpt lat="29.15011354722082614898681640625" lon="120.31951242126524448394775390625">
        <ele>130</ele>
        <time>2016-04-28T11:47:42.000Z</time>
        <extensions>
          <ns3:TrackPointExtension>
            <ns3:hr>162</ns3:hr>
            <ns3:cad>99</ns3:cad>
          </ns3:TrackPointExtension>
        </extensions>
      </trkpt>
      <trkpt lat="29.15011354722082614898681640625" lon="120.31951242126524448394775390625">
        <ele>130</ele>
        <time>2016-04-28T11:47:43.000Z</time>
        <extensions>
          <ns3:TrackPointExtension>
            <ns3:hr>162</ns3:hr>
            <ns3:cad>99</ns3:cad>
          </ns3:TrackPointExtension>
        </extensions>
      </trkpt>
      <trkpt lat="29.15014204569160938262939453125" lon="120.319506637752056121826171875">
        <ele>130</ele>
        <time>2016-04-28T11:47:44.000Z</time>
        <extensions>
          <ns3:TrackPointExtension>
            <ns3:hr>163</ns3:hr>
            <ns3:cad>99</ns3:cad>
          </ns3:TrackPointExtension>
        </extensions>
      </trkpt>
      <trkpt lat="29.1501930914819240570068359375" lon="120.319490544497966766357421875">
        <ele>129.8000030517578125</ele>
        <time>2016-04-28T11:47:45.000Z</time>
        <extensions>
          <ns3:TrackPointExtension>
            <ns3:hr>165</ns3:hr>
            <ns3:cad>99</ns3:cad>
          </ns3:TrackPointExtension>
        </extensions>
      </trkpt>
      <trkpt lat="29.1501930914819240570068359375" lon="120.319490544497966766357421875">
        <ele>129.8000030517578125</ele>
        <time>2016-04-28T11:47:46.000Z</time>
        <extensions>
          <ns3:TrackPointExtension>
            <ns3:hr>165</ns3:hr>
            <ns3:cad>99</ns3:cad>
          </ns3:TrackPointExtension>
        </extensions>
      </trkpt>
      <trkpt lat="29.15024346671998500823974609375" lon="120.3194776363670825958251953125">
        <ele>129.600006103515625</ele>
        <time>2016-04-28T11:47:47.000Z</time>
        <extensions>
          <ns3:TrackPointExtension>
            <ns3:hr>166</ns3:hr>
            <ns3:cad>98</ns3:cad>
          </ns3:TrackPointExtension>
        </extensions>
      </trkpt>
      <trkpt lat="29.15024346671998500823974609375" lon="120.3194776363670825958251953125">
        <ele>129.600006103515625</ele>
        <time>2016-04-28T11:47:48.000Z</time>
        <extensions>
          <ns3:TrackPointExtension>
            <ns3:hr>166</ns3:hr>
            <ns3:cad>98</ns3:cad>
          </ns3:TrackPointExtension>
        </extensions>
      </trkpt>
      <trkpt lat="29.150268696248531341552734375" lon="120.31946347095072269439697265625">
        <ele>129.600006103515625</ele>
        <time>2016-04-28T11:47:49.000Z</time>
        <extensions>
          <ns3:TrackPointExtension>
            <ns3:hr>166</ns3:hr>
            <ns3:cad>98</ns3:cad>
          </ns3:TrackPointExtension>
        </extensions>
      </trkpt>
      <trkpt lat="29.15029090829193592071533203125" lon="120.3194457851350307464599609375">
        <ele>129.600006103515625</ele>
        <time>2016-04-28T11:47:50.000Z</time>
        <extensions>
          <ns3:TrackPointExtension>
            <ns3:hr>165</ns3:hr>
            <ns3:cad>98</ns3:cad>
          </ns3:TrackPointExtension>
        </extensions>
      </trkpt>
      <trkpt lat="29.15031471289694309234619140625" lon="120.3194293566048145294189453125">
        <ele>129.8000030517578125</ele>
        <time>2016-04-28T11:47:51.000Z</time>
        <extensions>
          <ns3:TrackPointExtension>
            <ns3:hr>165</ns3:hr>
            <ns3:cad>98</ns3:cad>
          </ns3:TrackPointExtension>
        </extensions>
      </trkpt>
      <trkpt lat="29.15035679005086421966552734375" lon="120.3193924762308597564697265625">
        <ele>129.8000030517578125</ele>
        <time>2016-04-28T11:47:52.000Z</time>
        <extensions>
          <ns3:TrackPointExtension>
            <ns3:hr>165</ns3:hr>
            <ns3:cad>98</ns3:cad>
          </ns3:TrackPointExtension>
        </extensions>
      </trkpt>
      <trkpt lat="29.15035679005086421966552734375" lon="120.3193924762308597564697265625">
        <ele>129.8000030517578125</ele>
        <time>2016-04-28T11:47:53.000Z</time>
        <extensions>
          <ns3:TrackPointExtension>
            <ns3:hr>165</ns3:hr>
            <ns3:cad>98</ns3:cad>
          </ns3:TrackPointExtension>
        </extensions>
      </trkpt>
      <trkpt lat="29.15040322579443454742431640625" lon="120.31936288811266422271728515625">
        <ele>130</ele>
        <time>2016-04-28T11:47:54.000Z</time>
        <extensions>
          <ns3:TrackPointExtension>
            <ns3:hr>164</ns3:hr>
            <ns3:cad>98</ns3:cad>
          </ns3:TrackPointExtension>
        </extensions>
      </trkpt>
      <trkpt lat="29.15040322579443454742431640625" lon="120.31936288811266422271728515625">
        <ele>130</ele>
        <time>2016-04-28T11:47:55.000Z</time>
        <extensions>
          <ns3:TrackPointExtension>
            <ns3:hr>165</ns3:hr>
            <ns3:cad>98</ns3:cad>
          </ns3:TrackPointExtension>
        </extensions>
      </trkpt>
      <trkpt lat="29.15042568929493427276611328125" lon="120.3193488903343677520751953125">
        <ele>130</ele>
        <time>2016-04-28T11:47:56.000Z</time>
        <extensions>
          <ns3:TrackPointExtension>
            <ns3:hr>165</ns3:hr>
            <ns3:cad>98</ns3:cad>
          </ns3:TrackPointExtension>
        </extensions>
      </trkpt>
      <trkpt lat="29.1504774056375026702880859375" lon="120.319333970546722412109375">
        <ele>130</ele>
        <time>2016-04-28T11:47:57.000Z</time>
        <extensions>
          <ns3:TrackPointExtension>
            <ns3:hr>164</ns3:hr>
            <ns3:cad>98</ns3:cad>
          </ns3:TrackPointExtension>
        </extensions>
      </trkpt>
      <trkpt lat="29.1504774056375026702880859375" lon="120.319333970546722412109375">
        <ele>130</ele>
        <time>2016-04-28T11:47:58.000Z</time>
        <extensions>
          <ns3:TrackPointExtension>
            <ns3:hr>164</ns3:hr>
            <ns3:cad>98</ns3:cad>
          </ns3:TrackPointExtension>
        </extensions>
      </trkpt>
      <trkpt lat="29.15053197182714939117431640625" lon="120.31931561417877674102783203125">
        <ele>130.1999969482421875</ele>
        <time>2016-04-28T11:47:59.000Z</time>
        <extensions>
          <ns3:TrackPointExtension>
            <ns3:hr>164</ns3:hr>
            <ns3:cad>98</ns3:cad>
          </ns3:TrackPointExtension>
        </extensions>
      </trkpt>
      <trkpt lat="29.15053197182714939117431640625" lon="120.31931561417877674102783203125">
        <ele>130.1999969482421875</ele>
        <time>2016-04-28T11:48:00.000Z</time>
        <extensions>
          <ns3:TrackPointExtension>
            <ns3:hr>164</ns3:hr>
            <ns3:cad>98</ns3:cad>
          </ns3:TrackPointExtension>
        </extensions>
      </trkpt>
      <trkpt lat="29.15055812336504459381103515625" lon="120.31930706463754177093505859375">
        <ele>130.1999969482421875</ele>
        <time>2016-04-28T11:48:01.000Z</time>
        <extensions>
          <ns3:TrackPointExtension>
            <ns3:hr>165</ns3:hr>
            <ns3:cad>98</ns3:cad>
          </ns3:TrackPointExtension>
        </extensions>
      </trkpt>
      <trkpt lat="29.15061076171696186065673828125" lon="120.3192843496799468994140625">
        <ele>130.1999969482421875</ele>
        <time>2016-04-28T11:48:02.000Z</time>
        <extensions>
          <ns3:TrackPointExtension>
            <ns3:hr>165</ns3:hr>
            <ns3:cad>98</ns3:cad>
          </ns3:TrackPointExtension>
        </extensions>
      </trkpt>
      <trkpt lat="29.15061076171696186065673828125" lon="120.3192843496799468994140625">
        <ele>130.1999969482421875</ele>
        <time>2016-04-28T11:48:03.000Z</time>
        <extensions>
          <ns3:TrackPointExtension>
            <ns3:hr>165</ns3:hr>
            <ns3:cad>98</ns3:cad>
          </ns3:TrackPointExtension>
        </extensions>
      </trkpt>
      <trkpt lat="29.15066239424049854278564453125" lon="120.31925895251333713531494140625">
        <ele>130</ele>
        <time>2016-04-28T11:48:04.000Z</time>
        <extensions>
          <ns3:TrackPointExtension>
            <ns3:hr>165</ns3:hr>
            <ns3:cad>98</ns3:cad>
          </ns3:TrackPointExtension>
        </extensions>
      </trkpt>
      <trkpt lat="29.15066239424049854278564453125" lon="120.31925895251333713531494140625">
        <ele>130</ele>
        <time>2016-04-28T11:48:05.000Z</time>
        <extensions>
          <ns3:TrackPointExtension>
            <ns3:hr>165</ns3:hr>
            <ns3:cad>98</ns3:cad>
          </ns3:TrackPointExtension>
        </extensions>
      </trkpt>
      <trkpt lat="29.15068837814033031463623046875" lon="120.31924470327794551849365234375">
        <ele>130</ele>
        <time>2016-04-28T11:48:06.000Z</time>
        <extensions>
          <ns3:TrackPointExtension>
            <ns3:hr>165</ns3:hr>
            <ns3:cad>99</ns3:cad>
          </ns3:TrackPointExtension>
        </extensions>
      </trkpt>
      <trkpt lat="29.150740094482898712158203125" lon="120.3192164562642574310302734375">
        <ele>130.399993896484375</ele>
        <time>2016-04-28T11:48:07.000Z</time>
        <extensions>
          <ns3:TrackPointExtension>
            <ns3:hr>165</ns3:hr>
            <ns3:cad>99</ns3:cad>
          </ns3:TrackPointExtension>
        </extensions>
      </trkpt>
      <trkpt lat="29.150740094482898712158203125" lon="120.3192164562642574310302734375">
        <ele>130.399993896484375</ele>
        <time>2016-04-28T11:48:08.000Z</time>
        <extensions>
          <ns3:TrackPointExtension>
            <ns3:hr>165</ns3:hr>
            <ns3:cad>99</ns3:cad>
          </ns3:TrackPointExtension>
        </extensions>
      </trkpt>
      <trkpt lat="29.15076431818306446075439453125" lon="120.31920245848596096038818359375">
        <ele>130.600006103515625</ele>
        <time>2016-04-28T11:48:09.000Z</time>
        <extensions>
          <ns3:TrackPointExtension>
            <ns3:hr>164</ns3:hr>
            <ns3:cad>99</ns3:cad>
          </ns3:TrackPointExtension>
        </extensions>
      </trkpt>
      <trkpt lat="29.1508148610591888427734375" lon="120.31918385066092014312744140625">
        <ele>130.600006103515625</ele>
        <time>2016-04-28T11:48:10.000Z</time>
        <extensions>
          <ns3:TrackPointExtension>
            <ns3:hr>165</ns3:hr>
            <ns3:cad>99</ns3:cad>
          </ns3:TrackPointExtension>
        </extensions>
      </trkpt>
      <trkpt lat="29.1508148610591888427734375" lon="120.31918385066092014312744140625">
        <ele>130.600006103515625</ele>
        <time>2016-04-28T11:48:11.000Z</time>
        <extensions>
          <ns3:TrackPointExtension>
            <ns3:hr>165</ns3:hr>
            <ns3:cad>99</ns3:cad>
          </ns3:TrackPointExtension>
        </extensions>
      </trkpt>
      <trkpt lat="29.150864817202091217041015625" lon="120.31916541047394275665283203125">
        <ele>130</ele>
        <time>2016-04-28T11:48:12.000Z</time>
        <extensions>
          <ns3:TrackPointExtension>
            <ns3:hr>166</ns3:hr>
            <ns3:cad>99</ns3:cad>
          </ns3:TrackPointExtension>
        </extensions>
      </trkpt>
      <trkpt lat="29.150864817202091217041015625" lon="120.31916541047394275665283203125">
        <ele>130</ele>
        <time>2016-04-28T11:48:13.000Z</time>
        <extensions>
          <ns3:TrackPointExtension>
            <ns3:hr>166</ns3:hr>
            <ns3:cad>99</ns3:cad>
          </ns3:TrackPointExtension>
        </extensions>
      </trkpt>
      <trkpt lat="29.1508891247212886810302734375" lon="120.3191554360091686248779296875">
        <ele>129.8000030517578125</ele>
        <time>2016-04-28T11:48:14.000Z</time>
        <extensions>
          <ns3:TrackPointExtension>
            <ns3:hr>166</ns3:hr>
            <ns3:cad>99</ns3:cad>
          </ns3:TrackPointExtension>
        </extensions>
      </trkpt>
      <trkpt lat="29.1509109176695346832275390625" lon="120.31914412043988704681396484375">
        <ele>129.399993896484375</ele>
        <time>2016-04-28T11:48:15.000Z</time>
        <extensions>
          <ns3:TrackPointExtension>
            <ns3:hr>166</ns3:hr>
            <ns3:cad>99</ns3:cad>
          </ns3:TrackPointExtension>
        </extensions>
      </trkpt>
      <trkpt lat="29.1509320400655269622802734375" lon="120.31912702135741710662841796875">
        <ele>129</ele>
        <time>2016-04-28T11:48:16.000Z</time>
        <extensions>
          <ns3:TrackPointExtension>
            <ns3:hr>166</ns3:hr>
            <ns3:cad>99</ns3:cad>
          </ns3:TrackPointExtension>
        </extensions>
      </trkpt>
      <trkpt lat="29.1509568504989147186279296875" lon="120.319110341370105743408203125">
        <ele>128.600006103515625</ele>
        <time>2016-04-28T11:48:17.000Z</time>
        <extensions>
          <ns3:TrackPointExtension>
            <ns3:hr>166</ns3:hr>
            <ns3:cad>100</ns3:cad>
          </ns3:TrackPointExtension>
        </extensions>
      </trkpt>
      <trkpt lat="29.1509809903800487518310546875" lon="120.31909449957311153411865234375">
        <ele>128.399993896484375</ele>
        <time>2016-04-28T11:48:18.000Z</time>
        <extensions>
          <ns3:TrackPointExtension>
            <ns3:hr>166</ns3:hr>
            <ns3:cad>100</ns3:cad>
          </ns3:TrackPointExtension>
        </extensions>
      </trkpt>
      <trkpt lat="29.15103035978972911834716796875" lon="120.31906868331134319305419921875">
        <ele>128.1999969482421875</ele>
        <time>2016-04-28T11:48:19.000Z</time>
        <extensions>
          <ns3:TrackPointExtension>
            <ns3:hr>166</ns3:hr>
            <ns3:cad>99</ns3:cad>
          </ns3:TrackPointExtension>
        </extensions>
      </trkpt>
      <trkpt lat="29.15103035978972911834716796875" lon="120.31906868331134319305419921875">
        <ele>128.1999969482421875</ele>
        <time>2016-04-28T11:48:20.000Z</time>
        <extensions>
          <ns3:TrackPointExtension>
            <ns3:hr>166</ns3:hr>
            <ns3:cad>99</ns3:cad>
          </ns3:TrackPointExtension>
        </extensions>
      </trkpt>
      <trkpt lat="29.1510859318077564239501953125" lon="120.31905694864690303802490234375">
        <ele>128.399993896484375</ele>
        <time>2016-04-28T11:48:21.000Z</time>
        <extensions>
          <ns3:TrackPointExtension>
            <ns3:hr>166</ns3:hr>
            <ns3:cad>99</ns3:cad>
          </ns3:TrackPointExtension>
        </extensions>
      </trkpt>
      <trkpt lat="29.1510859318077564239501953125" lon="120.31905694864690303802490234375">
        <ele>128.399993896484375</ele>
        <time>2016-04-28T11:48:22.000Z</time>
        <extensions>
          <ns3:TrackPointExtension>
            <ns3:hr>166</ns3:hr>
            <ns3:cad>99</ns3:cad>
          </ns3:TrackPointExtension>
        </extensions>
      </trkpt>
      <trkpt lat="29.1511134244501590728759765625" lon="120.31905393116176128387451171875">
        <ele>128.399993896484375</ele>
        <time>2016-04-28T11:48:23.000Z</time>
        <extensions>
          <ns3:TrackPointExtension>
            <ns3:hr>166</ns3:hr>
            <ns3:cad>99</ns3:cad>
          </ns3:TrackPointExtension>
        </extensions>
      </trkpt>
      <trkpt lat="29.15116463787853717803955078125" lon="120.319039262831211090087890625">
        <ele>128.600006103515625</ele>
        <time>2016-04-28T11:48:24.000Z</time>
        <extensions>
          <ns3:TrackPointExtension>
            <ns3:hr>166</ns3:hr>
            <ns3:cad>99</ns3:cad>
          </ns3:TrackPointExtension>
        </extensions>
      </trkpt>
      <trkpt lat="29.1511912085115909576416015625" lon="120.3190295398235321044921875">
        <ele>128.600006103515625</ele>
        <time>2016-04-28T11:48:25.000Z</time>
        <extensions>
          <ns3:TrackPointExtension>
            <ns3:hr>166</ns3:hr>
            <ns3:cad>99</ns3:cad>
          </ns3:TrackPointExtension>
        </extensions>
      </trkpt>
      <trkpt lat="29.1511912085115909576416015625" lon="120.3190295398235321044921875">
        <ele>128.600006103515625</ele>
        <time>2016-04-28T11:48:26.000Z</time>
        <extensions>
          <ns3:TrackPointExtension>
            <ns3:hr>166</ns3:hr>
            <ns3:cad>99</ns3:cad>
          </ns3:TrackPointExtension>
        </extensions>
      </trkpt>
      <trkpt lat="29.15124292485415935516357421875" lon="120.31901822425425052642822265625">
        <ele>128.8000030517578125</ele>
        <time>2016-04-28T11:48:27.000Z</time>
        <extensions>
          <ns3:TrackPointExtension>
            <ns3:hr>166</ns3:hr>
            <ns3:cad>99</ns3:cad>
          </ns3:TrackPointExtension>
        </extensions>
      </trkpt>
      <trkpt lat="29.15124292485415935516357421875" lon="120.31901822425425052642822265625">
        <ele>128.8000030517578125</ele>
        <time>2016-04-28T11:48:28.000Z</time>
        <extensions>
          <ns3:TrackPointExtension>
            <ns3:hr>165</ns3:hr>
            <ns3:cad>99</ns3:cad>
          </ns3:TrackPointExtension>
        </extensions>
      </trkpt>
      <trkpt lat="29.1512706689536571502685546875" lon="120.31901118345558643341064453125">
        <ele>128.8000030517578125</ele>
        <time>2016-04-28T11:48:29.000Z</time>
        <extensions>
          <ns3:TrackPointExtension>
            <ns3:hr>165</ns3:hr>
            <ns3:cad>99</ns3:cad>
          </ns3:TrackPointExtension>
        </extensions>
      </trkpt>
      <trkpt lat="29.151322133839130401611328125" lon="120.318996347486972808837890625">
        <ele>129</ele>
        <time>2016-04-28T11:48:30.000Z</time>
        <extensions>
          <ns3:TrackPointExtension>
            <ns3:hr>165</ns3:hr>
            <ns3:cad>98</ns3:cad>
          </ns3:TrackPointExtension>
        </extensions>
      </trkpt>
      <trkpt lat="29.151322133839130401611328125" lon="120.318996347486972808837890625">
        <ele>129</ele>
        <time>2016-04-28T11:48:31.000Z</time>
        <extensions>
          <ns3:TrackPointExtension>
            <ns3:hr>165</ns3:hr>
            <ns3:cad>98</ns3:cad>
          </ns3:TrackPointExtension>
        </extensions>
      </trkpt>
      <trkpt lat="29.15137670002877712249755859375" lon="120.31898352317512035369873046875">
        <ele>129.1999969482421875</ele>
        <time>2016-04-28T11:48:32.000Z</time>
        <extensions>
          <ns3:TrackPointExtension>
            <ns3:hr>165</ns3:hr>
            <ns3:cad>98</ns3:cad>
          </ns3:TrackPointExtension>
        </extensions>
      </trkpt>
      <trkpt lat="29.15137670002877712249755859375" lon="120.31898352317512035369873046875">
        <ele>129.1999969482421875</ele>
        <time>2016-04-28T11:48:33.000Z</time>
        <extensions>
          <ns3:TrackPointExtension>
            <ns3:hr>165</ns3:hr>
            <ns3:cad>98</ns3:cad>
          </ns3:TrackPointExtension>
        </extensions>
      </trkpt>
      <trkpt lat="29.1514031030237674713134765625" lon="120.31897748820483684539794921875">
        <ele>129.1999969482421875</ele>
        <time>2016-04-28T11:48:34.000Z</time>
        <extensions>
          <ns3:TrackPointExtension>
            <ns3:hr>166</ns3:hr>
            <ns3:cad>98</ns3:cad>
          </ns3:TrackPointExtension>
        </extensions>
      </trkpt>
      <trkpt lat="29.15145113132894039154052734375" lon="120.31895971857011318206787109375">
        <ele>129.399993896484375</ele>
        <time>2016-04-28T11:48:35.000Z</time>
        <extensions>
          <ns3:TrackPointExtension>
            <ns3:hr>166</ns3:hr>
            <ns3:cad>98</ns3:cad>
          </ns3:TrackPointExtension>
        </extensions>
      </trkpt>
      <trkpt lat="29.15145113132894039154052734375" lon="120.31895971857011318206787109375">
        <ele>129.399993896484375</ele>
        <time>2016-04-28T11:48:36.000Z</time>
        <extensions>
          <ns3:TrackPointExtension>
            <ns3:hr>166</ns3:hr>
            <ns3:cad>98</ns3:cad>
          </ns3:TrackPointExtension>
        </extensions>
      </trkpt>
      <trkpt lat="29.1514986567199230194091796875" lon="120.318940691649913787841796875">
        <ele>129.399993896484375</ele>
        <time>2016-04-28T11:48:37.000Z</time>
        <extensions>
          <ns3:TrackPointExtension>
            <ns3:hr>166</ns3:hr>
            <ns3:cad>98</ns3:cad>
          </ns3:TrackPointExtension>
        </extensions>
      </trkpt>
      <trkpt lat="29.1514986567199230194091796875" lon="120.318940691649913787841796875">
        <ele>129.399993896484375</ele>
        <time>2016-04-28T11:48:38.000Z</time>
        <extensions>
          <ns3:TrackPointExtension>
            <ns3:hr>166</ns3:hr>
            <ns3:cad>98</ns3:cad>
          </ns3:TrackPointExtension>
        </extensions>
      </trkpt>
      <trkpt lat="29.15154819376766681671142578125" lon="120.318921916186809539794921875">
        <ele>129.600006103515625</ele>
        <time>2016-04-28T11:48:39.000Z</time>
        <extensions>
          <ns3:TrackPointExtension>
            <ns3:hr>166</ns3:hr>
            <ns3:cad>98</ns3:cad>
          </ns3:TrackPointExtension>
        </extensions>
      </trkpt>
      <trkpt lat="29.15154819376766681671142578125" lon="120.318921916186809539794921875">
        <ele>129.600006103515625</ele>
        <time>2016-04-28T11:48:40.000Z</time>
        <extensions>
          <ns3:TrackPointExtension>
            <ns3:hr>166</ns3:hr>
            <ns3:cad>98</ns3:cad>
          </ns3:TrackPointExtension>
        </extensions>
      </trkpt>
      <trkpt lat="29.15157350711524486541748046875" lon="120.31891219317913055419921875">
        <ele>129.8000030517578125</ele>
        <time>2016-04-28T11:48:41.000Z</time>
        <extensions>
          <ns3:TrackPointExtension>
            <ns3:hr>166</ns3:hr>
            <ns3:cad>98</ns3:cad>
          </ns3:TrackPointExtension>
        </extensions>
      </trkpt>
      <trkpt lat="29.1516243852674961090087890625" lon="120.318895764648914337158203125">
        <ele>130</ele>
        <time>2016-04-28T11:48:42.000Z</time>
        <extensions>
          <ns3:TrackPointExtension>
            <ns3:hr>166</ns3:hr>
            <ns3:cad>98</ns3:cad>
          </ns3:TrackPointExtension>
        </extensions>
      </trkpt>
      <trkpt lat="29.1516243852674961090087890625" lon="120.318895764648914337158203125">
        <ele>130</ele>
        <time>2016-04-28T11:48:43.000Z</time>
        <extensions>
          <ns3:TrackPointExtension>
            <ns3:hr>166</ns3:hr>
            <ns3:cad>98</ns3:cad>
          </ns3:TrackPointExtension>
        </extensions>
      </trkpt>
      <trkpt lat="29.151674173772335052490234375" lon="120.3188739717006683349609375">
        <ele>130.1999969482421875</ele>
        <time>2016-04-28T11:48:44.000Z</time>
        <extensions>
          <ns3:TrackPointExtension>
            <ns3:hr>165</ns3:hr>
            <ns3:cad>100</ns3:cad>
          </ns3:TrackPointExtension>
        </extensions>
      </trkpt>
      <trkpt lat="29.151674173772335052490234375" lon="120.3188739717006683349609375">
        <ele>130.1999969482421875</ele>
        <time>2016-04-28T11:48:45.000Z</time>
        <extensions>
          <ns3:TrackPointExtension>
            <ns3:hr>166</ns3:hr>
            <ns3:cad>100</ns3:cad>
          </ns3:TrackPointExtension>
        </extensions>
      </trkpt>
      <trkpt lat="29.15170066058635711669921875" lon="120.31886349432170391082763671875">
        <ele>130.1999969482421875</ele>
        <time>2016-04-28T11:48:46.000Z</time>
        <extensions>
          <ns3:TrackPointExtension>
            <ns3:hr>167</ns3:hr>
            <ns3:cad>100</ns3:cad>
          </ns3:TrackPointExtension>
        </extensions>
      </trkpt>
      <trkpt lat="29.15174952708184719085693359375" lon="120.31883935444056987762451171875">
        <ele>130.1999969482421875</ele>
        <time>2016-04-28T11:48:47.000Z</time>
        <extensions>
          <ns3:TrackPointExtension>
            <ns3:hr>167</ns3:hr>
            <ns3:cad>99</ns3:cad>
          </ns3:TrackPointExtension>
        </extensions>
      </trkpt>
      <trkpt lat="29.15174952708184719085693359375" lon="120.31883935444056987762451171875">
        <ele>130.1999969482421875</ele>
        <time>2016-04-28T11:48:48.000Z</time>
        <extensions>
          <ns3:TrackPointExtension>
            <ns3:hr>167</ns3:hr>
            <ns3:cad>99</ns3:cad>
          </ns3:TrackPointExtension>
        </extensions>
      </trkpt>
      <trkpt lat="29.15177433751523494720458984375" lon="120.31882904469966888427734375">
        <ele>130.1999969482421875</ele>
        <time>2016-04-28T11:48:49.000Z</time>
        <extensions>
          <ns3:TrackPointExtension>
            <ns3:hr>167</ns3:hr>
            <ns3:cad>100</ns3:cad>
          </ns3:TrackPointExtension>
        </extensions>
      </trkpt>
      <trkpt lat="29.1517992317676544189453125" lon="120.3188203275203704833984375">
        <ele>130.1999969482421875</ele>
        <time>2016-04-28T11:48:50.000Z</time>
        <extensions>
          <ns3:TrackPointExtension>
            <ns3:hr>167</ns3:hr>
            <ns3:cad>100</ns3:cad>
          </ns3:TrackPointExtension>
        </extensions>
      </trkpt>
      <trkpt lat="29.15184860117733478546142578125" lon="120.318805910646915435791015625">
        <ele>130.600006103515625</ele>
        <time>2016-04-28T11:48:51.000Z</time>
        <extensions>
          <ns3:TrackPointExtension>
            <ns3:hr>167</ns3:hr>
            <ns3:cad>99</ns3:cad>
          </ns3:TrackPointExtension>
        </extensions>
      </trkpt>
      <trkpt lat="29.15184860117733478546142578125" lon="120.318805910646915435791015625">
        <ele>130.600006103515625</ele>
        <time>2016-04-28T11:48:52.000Z</time>
        <extensions>
          <ns3:TrackPointExtension>
            <ns3:hr>168</ns3:hr>
            <ns3:cad>99</ns3:cad>
          </ns3:TrackPointExtension>
        </extensions>
      </trkpt>
      <trkpt lat="29.15187366306781768798828125" lon="120.31879643909633159637451171875">
        <ele>130.8000030517578125</ele>
        <time>2016-04-28T11:48:53.000Z</time>
        <extensions>
          <ns3:TrackPointExtension>
            <ns3:hr>168</ns3:hr>
            <ns3:cad>99</ns3:cad>
          </ns3:TrackPointExtension>
        </extensions>
      </trkpt>
      <trkpt lat="29.1518979705870151519775390625" lon="120.318787805736064910888671875">
        <ele>131</ele>
        <time>2016-04-28T11:48:54.000Z</time>
        <extensions>
          <ns3:TrackPointExtension>
            <ns3:hr>167</ns3:hr>
            <ns3:cad>99</ns3:cad>
          </ns3:TrackPointExtension>
        </extensions>
      </trkpt>
      <trkpt lat="29.15192487649619579315185546875" lon="120.3187819384038448333740234375">
        <ele>131.399993896484375</ele>
        <time>2016-04-28T11:48:55.000Z</time>
        <extensions>
          <ns3:TrackPointExtension>
            <ns3:hr>167</ns3:hr>
            <ns3:cad>99</ns3:cad>
          </ns3:TrackPointExtension>
        </extensions>
      </trkpt>
      <trkpt lat="29.15195052511990070343017578125" lon="120.31877481378614902496337890625">
        <ele>131.600006103515625</ele>
        <time>2016-04-28T11:48:56.000Z</time>
        <extensions>
          <ns3:TrackPointExtension>
            <ns3:hr>167</ns3:hr>
            <ns3:cad>99</ns3:cad>
          </ns3:TrackPointExtension>
        </extensions>
      </trkpt>
      <trkpt lat="29.15200240910053253173828125" lon="120.31875637359917163848876953125">
        <ele>132.1999969482421875</ele>
        <time>2016-04-28T11:48:57.000Z</time>
        <extensions>
          <ns3:TrackPointExtension>
            <ns3:hr>167</ns3:hr>
            <ns3:cad>99</ns3:cad>
          </ns3:TrackPointExtension>
        </extensions>
      </trkpt>
      <trkpt lat="29.15200240910053253173828125" lon="120.31875637359917163848876953125">
        <ele>132.1999969482421875</ele>
        <time>2016-04-28T11:48:58.000Z</time>
        <extensions>
          <ns3:TrackPointExtension>
            <ns3:hr>167</ns3:hr>
            <ns3:cad>100</ns3:cad>
          </ns3:TrackPointExtension>
        </extensions>
      </trkpt>
      <trkpt lat="29.152028895914554595947265625" lon="120.31874614767730236053466796875">
        <ele>132.600006103515625</ele>
        <time>2016-04-28T11:48:59.000Z</time>
        <extensions>
          <ns3:TrackPointExtension>
            <ns3:hr>167</ns3:hr>
            <ns3:cad>100</ns3:cad>
          </ns3:TrackPointExtension>
        </extensions>
      </trkpt>
      <trkpt lat="29.152079522609710693359375" lon="120.3187189064919948577880859375">
        <ele>133.399993896484375</ele>
        <time>2016-04-28T11:49:00.000Z</time>
        <extensions>
          <ns3:TrackPointExtension>
            <ns3:hr>167</ns3:hr>
            <ns3:cad>100</ns3:cad>
          </ns3:TrackPointExtension>
        </extensions>
      </trkpt>
      <trkpt lat="29.152079522609710693359375" lon="120.3187189064919948577880859375">
        <ele>133.399993896484375</ele>
        <time>2016-04-28T11:49:01.000Z</time>
        <extensions>
          <ns3:TrackPointExtension>
            <ns3:hr>166</ns3:hr>
            <ns3:cad>99</ns3:cad>
          </ns3:TrackPointExtension>
        </extensions>
      </trkpt>
      <trkpt lat="29.15210491977632045745849609375" lon="120.3187088482081890106201171875">
        <ele>133.600006103515625</ele>
        <time>2016-04-28T11:49:02.000Z</time>
        <extensions>
          <ns3:TrackPointExtension>
            <ns3:hr>166</ns3:hr>
            <ns3:cad>99</ns3:cad>
          </ns3:TrackPointExtension>
        </extensions>
      </trkpt>
      <trkpt lat="29.1521551273763179779052734375" lon="120.31869065947830677032470703125">
        <ele>134</ele>
        <time>2016-04-28T11:49:03.000Z</time>
        <extensions>
          <ns3:TrackPointExtension>
            <ns3:hr>166</ns3:hr>
            <ns3:cad>99</ns3:cad>
          </ns3:TrackPointExtension>
        </extensions>
      </trkpt>
      <trkpt lat="29.1521551273763179779052734375" lon="120.31869065947830677032470703125">
        <ele>134</ele>
        <time>2016-04-28T11:49:04.000Z</time>
        <extensions>
          <ns3:TrackPointExtension>
            <ns3:hr>167</ns3:hr>
            <ns3:cad>99</ns3:cad>
          </ns3:TrackPointExtension>
        </extensions>
      </trkpt>
      <trkpt lat="29.15217901580035686492919921875" lon="120.31868177466094493865966796875">
        <ele>134.1999969482421875</ele>
        <time>2016-04-28T11:49:05.000Z</time>
        <extensions>
          <ns3:TrackPointExtension>
            <ns3:hr>167</ns3:hr>
            <ns3:cad>99</ns3:cad>
          </ns3:TrackPointExtension>
        </extensions>
      </trkpt>
      <trkpt lat="29.1522283852100372314453125" lon="120.3186625801026821136474609375">
        <ele>134.600006103515625</ele>
        <time>2016-04-28T11:49:06.000Z</time>
        <extensions>
          <ns3:TrackPointExtension>
            <ns3:hr>167</ns3:hr>
            <ns3:cad>99</ns3:cad>
          </ns3:TrackPointExtension>
        </extensions>
      </trkpt>
      <trkpt lat="29.1522283852100372314453125" lon="120.3186625801026821136474609375">
        <ele>134.600006103515625</ele>
        <time>2016-04-28T11:49:07.000Z</time>
        <extensions>
          <ns3:TrackPointExtension>
            <ns3:hr>167</ns3:hr>
            <ns3:cad>99</ns3:cad>
          </ns3:TrackPointExtension>
        </extensions>
      </trkpt>
      <trkpt lat="29.15225311182439327239990234375" lon="120.31865092925727367401123046875">
        <ele>134.8000030517578125</ele>
        <time>2016-04-28T11:49:08.000Z</time>
        <extensions>
          <ns3:TrackPointExtension>
            <ns3:hr>167</ns3:hr>
            <ns3:cad>99</ns3:cad>
          </ns3:TrackPointExtension>
        </extensions>
      </trkpt>
      <trkpt lat="29.15227808989584445953369140625" lon="120.31863835640251636505126953125">
        <ele>135</ele>
        <time>2016-04-28T11:49:09.000Z</time>
        <extensions>
          <ns3:TrackPointExtension>
            <ns3:hr>167</ns3:hr>
            <ns3:cad>99</ns3:cad>
          </ns3:TrackPointExtension>
        </extensions>
      </trkpt>
      <trkpt lat="29.15230457670986652374267578125" lon="120.3186253644526004791259765625">
        <ele>135.1999969482421875</ele>
        <time>2016-04-28T11:49:10.000Z</time>
        <extensions>
          <ns3:TrackPointExtension>
            <ns3:hr>166</ns3:hr>
            <ns3:cad>99</ns3:cad>
          </ns3:TrackPointExtension>
        </extensions>
      </trkpt>
      <trkpt lat="29.1523546166718006134033203125" lon="120.3185978718101978302001953125">
        <ele>135.8000030517578125</ele>
        <time>2016-04-28T11:49:11.000Z</time>
        <extensions>
          <ns3:TrackPointExtension>
            <ns3:hr>166</ns3:hr>
            <ns3:cad>99</ns3:cad>
          </ns3:TrackPointExtension>
        </extensions>
      </trkpt>
      <trkpt lat="29.1523546166718006134033203125" lon="120.3185978718101978302001953125">
        <ele>135.8000030517578125</ele>
        <time>2016-04-28T11:49:12.000Z</time>
        <extensions>
          <ns3:TrackPointExtension>
            <ns3:hr>165</ns3:hr>
            <ns3:cad>99</ns3:cad>
          </ns3:TrackPointExtension>
        </extensions>
      </trkpt>
      <trkpt lat="29.15238051675260066986083984375" lon="120.31858672387897968292236328125">
        <ele>135.8000030517578125</ele>
        <time>2016-04-28T11:49:13.000Z</time>
        <extensions>
          <ns3:TrackPointExtension>
            <ns3:hr>165</ns3:hr>
            <ns3:cad>99</ns3:cad>
          </ns3:TrackPointExtension>
        </extensions>
      </trkpt>
      <trkpt lat="29.15240608155727386474609375" lon="120.31857834197580814361572265625">
        <ele>135.8000030517578125</ele>
        <time>2016-04-28T11:49:14.000Z</time>
        <extensions>
          <ns3:TrackPointExtension>
            <ns3:hr>164</ns3:hr>
            <ns3:cad>99</ns3:cad>
          </ns3:TrackPointExtension>
        </extensions>
      </trkpt>
      <trkpt lat="29.1524297185242176055908203125" lon="120.31856392510235309600830078125">
        <ele>136</ele>
        <time>2016-04-28T11:49:15.000Z</time>
        <extensions>
          <ns3:TrackPointExtension>
            <ns3:hr>165</ns3:hr>
            <ns3:cad>99</ns3:cad>
          </ns3:TrackPointExtension>
        </extensions>
      </trkpt>
      <trkpt lat="29.1524551995098590850830078125" lon="120.31856308691203594207763671875">
        <ele>136</ele>
        <time>2016-04-28T11:49:16.000Z</time>
        <extensions>
          <ns3:TrackPointExtension>
            <ns3:hr>165</ns3:hr>
            <ns3:cad>99</ns3:cad>
          </ns3:TrackPointExtension>
        </extensions>
      </trkpt>
      <trkpt lat="29.1525128670036792755126953125" lon="120.318570546805858612060546875">
        <ele>136.1999969482421875</ele>
        <time>2016-04-28T11:49:17.000Z</time>
        <extensions>
          <ns3:TrackPointExtension>
            <ns3:hr>165</ns3:hr>
            <ns3:cad>97</ns3:cad>
          </ns3:TrackPointExtension>
        </extensions>
      </trkpt>
      <trkpt lat="29.1525128670036792755126953125" lon="120.318570546805858612060546875">
        <ele>136.1999969482421875</ele>
        <time>2016-04-28T11:49:18.000Z</time>
        <extensions>
          <ns3:TrackPointExtension>
            <ns3:hr>165</ns3:hr>
            <ns3:cad>97</ns3:cad>
          </ns3:TrackPointExtension>
        </extensions>
      </trkpt>
      <trkpt lat="29.1525705344974994659423828125" lon="120.31858454458415508270263671875">
        <ele>136.399993896484375</ele>
        <time>2016-04-28T11:49:19.000Z</time>
        <extensions>
          <ns3:TrackPointExtension>
            <ns3:hr>164</ns3:hr>
            <ns3:cad>97</ns3:cad>
          </ns3:TrackPointExtension>
        </extensions>
      </trkpt>
      <trkpt lat="29.1525705344974994659423828125" lon="120.31858454458415508270263671875">
        <ele>136.399993896484375</ele>
        <time>2016-04-28T11:49:20.000Z</time>
        <extensions>
          <ns3:TrackPointExtension>
            <ns3:hr>164</ns3:hr>
            <ns3:cad>98</ns3:cad>
          </ns3:TrackPointExtension>
        </extensions>
      </trkpt>
      <trkpt lat="29.152599871158599853515625" lon="120.3185888193547725677490234375">
        <ele>136.399993896484375</ele>
        <time>2016-04-28T11:49:21.000Z</time>
        <extensions>
          <ns3:TrackPointExtension>
            <ns3:hr>164</ns3:hr>
            <ns3:cad>98</ns3:cad>
          </ns3:TrackPointExtension>
        </extensions>
      </trkpt>
      <trkpt lat="29.15265829302370548248291015625" lon="120.31859292648732662200927734375">
        <ele>136.399993896484375</ele>
        <time>2016-04-28T11:49:22.000Z</time>
        <extensions>
          <ns3:TrackPointExtension>
            <ns3:hr>164</ns3:hr>
            <ns3:cad>98</ns3:cad>
          </ns3:TrackPointExtension>
        </extensions>
      </trkpt>
      <trkpt lat="29.15265829302370548248291015625" lon="120.31859292648732662200927734375">
        <ele>136.399993896484375</ele>
        <time>2016-04-28T11:49:23.000Z</time>
        <extensions>
          <ns3:TrackPointExtension>
            <ns3:hr>165</ns3:hr>
            <ns3:cad>98</ns3:cad>
          </ns3:TrackPointExtension>
        </extensions>
      </trkpt>
      <trkpt lat="29.15268695913255214691162109375" lon="120.31859108246862888336181640625">
        <ele>136.399993896484375</ele>
        <time>2016-04-28T11:49:24.000Z</time>
        <extensions>
          <ns3:TrackPointExtension>
            <ns3:hr>164</ns3:hr>
            <ns3:cad>98</ns3:cad>
          </ns3:TrackPointExtension>
        </extensions>
      </trkpt>
      <trkpt lat="29.15271629579365253448486328125" lon="120.3185923397541046142578125">
        <ele>136.399993896484375</ele>
        <time>2016-04-28T11:49:25.000Z</time>
        <extensions>
          <ns3:TrackPointExtension>
            <ns3:hr>164</ns3:hr>
            <ns3:cad>98</ns3:cad>
          </ns3:TrackPointExtension>
        </extensions>
      </trkpt>
      <trkpt lat="29.15277396328747272491455078125" lon="120.31859074719250202178955078125">
        <ele>135.8000030517578125</ele>
        <time>2016-04-28T11:49:26.000Z</time>
        <extensions>
          <ns3:TrackPointExtension>
            <ns3:hr>164</ns3:hr>
            <ns3:cad>99</ns3:cad>
          </ns3:TrackPointExtension>
        </extensions>
      </trkpt>
      <trkpt lat="29.15277396328747272491455078125" lon="120.31859074719250202178955078125">
        <ele>135.8000030517578125</ele>
        <time>2016-04-28T11:49:27.000Z</time>
        <extensions>
          <ns3:TrackPointExtension>
            <ns3:hr>163</ns3:hr>
            <ns3:cad>99</ns3:cad>
          </ns3:TrackPointExtension>
        </extensions>
      </trkpt>
      <trkpt lat="29.15280195884406566619873046875" lon="120.31858990900218486785888671875">
        <ele>135.399993896484375</ele>
        <time>2016-04-28T11:49:28.000Z</time>
        <extensions>
          <ns3:TrackPointExtension>
            <ns3:hr>163</ns3:hr>
            <ns3:cad>99</ns3:cad>
          </ns3:TrackPointExtension>
        </extensions>
      </trkpt>
      <trkpt lat="29.15285895578563213348388671875" lon="120.3185814432799816131591796875">
        <ele>134.8000030517578125</ele>
        <time>2016-04-28T11:49:29.000Z</time>
        <extensions>
          <ns3:TrackPointExtension>
            <ns3:hr>164</ns3:hr>
            <ns3:cad>99</ns3:cad>
          </ns3:TrackPointExtension>
        </extensions>
      </trkpt>
      <trkpt lat="29.15285895578563213348388671875" lon="120.3185814432799816131591796875">
        <ele>134.8000030517578125</ele>
        <time>2016-04-28T11:49:30.000Z</time>
        <extensions>
          <ns3:TrackPointExtension>
            <ns3:hr>164</ns3:hr>
            <ns3:cad>99</ns3:cad>
          </ns3:TrackPointExtension>
        </extensions>
      </trkpt>
      <trkpt lat="29.1528850235044956207275390625" lon="120.31857700087130069732666015625">
        <ele>134.399993896484375</ele>
        <time>2016-04-28T11:49:31.000Z</time>
        <extensions>
          <ns3:TrackPointExtension>
            <ns3:hr>164</ns3:hr>
            <ns3:cad>99</ns3:cad>
          </ns3:TrackPointExtension>
        </extensions>
      </trkpt>
      <trkpt lat="29.152936153113842010498046875" lon="120.31856275163590908050537109375">
        <ele>134.1999969482421875</ele>
        <time>2016-04-28T11:49:32.000Z</time>
        <extensions>
          <ns3:TrackPointExtension>
            <ns3:hr>164</ns3:hr>
            <ns3:cad>99</ns3:cad>
          </ns3:TrackPointExtension>
        </extensions>
      </trkpt>
      <trkpt lat="29.152936153113842010498046875" lon="120.31856275163590908050537109375">
        <ele>134.1999969482421875</ele>
        <time>2016-04-28T11:49:33.000Z</time>
        <extensions>
          <ns3:TrackPointExtension>
            <ns3:hr>164</ns3:hr>
            <ns3:cad>99</ns3:cad>
          </ns3:TrackPointExtension>
        </extensions>
      </trkpt>
      <trkpt lat="29.1529618017375469207763671875" lon="120.31855101697146892547607421875">
        <ele>134.1999969482421875</ele>
        <time>2016-04-28T11:49:34.000Z</time>
        <extensions>
          <ns3:TrackPointExtension>
            <ns3:hr>164</ns3:hr>
            <ns3:cad>99</ns3:cad>
          </ns3:TrackPointExtension>
        </extensions>
      </trkpt>
      <trkpt lat="29.1530107520520687103271484375" lon="120.3185247816145420074462890625">
        <ele>134</ele>
        <time>2016-04-28T11:49:35.000Z</time>
        <extensions>
          <ns3:TrackPointExtension>
            <ns3:hr>164</ns3:hr>
            <ns3:cad>99</ns3:cad>
          </ns3:TrackPointExtension>
        </extensions>
      </trkpt>
      <trkpt lat="29.1530107520520687103271484375" lon="120.3185247816145420074462890625">
        <ele>134</ele>
        <time>2016-04-28T11:49:36.000Z</time>
        <extensions>
          <ns3:TrackPointExtension>
            <ns3:hr>164</ns3:hr>
            <ns3:cad>99</ns3:cad>
          </ns3:TrackPointExtension>
        </extensions>
      </trkpt>
      <trkpt lat="29.15303531102836132049560546875" lon="120.31851128675043582916259765625">
        <ele>134</ele>
        <time>2016-04-28T11:49:37.000Z</time>
        <extensions>
          <ns3:TrackPointExtension>
            <ns3:hr>164</ns3:hr>
            <ns3:cad>99</ns3:cad>
          </ns3:TrackPointExtension>
        </extensions>
      </trkpt>
      <trkpt lat="29.15308426134288311004638671875" lon="120.31848329119384288787841796875">
        <ele>134.1999969482421875</ele>
        <time>2016-04-28T11:49:38.000Z</time>
        <extensions>
          <ns3:TrackPointExtension>
            <ns3:hr>164</ns3:hr>
            <ns3:cad>98</ns3:cad>
          </ns3:TrackPointExtension>
        </extensions>
      </trkpt>
      <trkpt lat="29.15308426134288311004638671875" lon="120.31848329119384288787841796875">
        <ele>134.1999969482421875</ele>
        <time>2016-04-28T11:49:39.000Z</time>
        <extensions>
          <ns3:TrackPointExtension>
            <ns3:hr>165</ns3:hr>
            <ns3:cad>98</ns3:cad>
          </ns3:TrackPointExtension>
        </extensions>
      </trkpt>
      <trkpt lat="29.1531096585094928741455078125" lon="120.31847323291003704071044921875">
        <ele>134.399993896484375</ele>
        <time>2016-04-28T11:49:40.000Z</time>
        <extensions>
          <ns3:TrackPointExtension>
            <ns3:hr>165</ns3:hr>
            <ns3:cad>98</ns3:cad>
          </ns3:TrackPointExtension>
        </extensions>
      </trkpt>
      <trkpt lat="29.15316439233720302581787109375" lon="120.3184543736279010772705078125">
        <ele>134.1999969482421875</ele>
        <time>2016-04-28T11:49:41.000Z</time>
        <extensions>
          <ns3:TrackPointExtension>
            <ns3:hr>165</ns3:hr>
            <ns3:cad>99</ns3:cad>
          </ns3:TrackPointExtension>
        </extensions>
      </trkpt>
      <trkpt lat="29.15316439233720302581787109375" lon="120.3184543736279010772705078125">
        <ele>134.1999969482421875</ele>
        <time>2016-04-28T11:49:42.000Z</time>
        <extensions>
          <ns3:TrackPointExtension>
            <ns3:hr>165</ns3:hr>
            <ns3:cad>99</ns3:cad>
          </ns3:TrackPointExtension>
        </extensions>
      </trkpt>
      <trkpt lat="29.1531911306083202362060546875" lon="120.31844540499150753021240234375">
        <ele>134</ele>
        <time>2016-04-28T11:49:43.000Z</time>
        <extensions>
          <ns3:TrackPointExtension>
            <ns3:hr>165</ns3:hr>
            <ns3:cad>98</ns3:cad>
          </ns3:TrackPointExtension>
        </extensions>
      </trkpt>
      <trkpt lat="29.15322189219295978546142578125" lon="120.31843878328800201416015625">
        <ele>134.1999969482421875</ele>
        <time>2016-04-28T11:49:44.000Z</time>
        <extensions>
          <ns3:TrackPointExtension>
            <ns3:hr>165</ns3:hr>
            <ns3:cad>98</ns3:cad>
          </ns3:TrackPointExtension>
        </extensions>
      </trkpt>
      <trkpt lat="29.15328039787709712982177734375" lon="120.3184305690228939056396484375">
        <ele>134.600006103515625</ele>
        <time>2016-04-28T11:49:45.000Z</time>
        <extensions>
          <ns3:TrackPointExtension>
            <ns3:hr>165</ns3:hr>
            <ns3:cad>99</ns3:cad>
          </ns3:TrackPointExtension>
        </extensions>
      </trkpt>
      <trkpt lat="29.15328039787709712982177734375" lon="120.3184305690228939056396484375">
        <ele>134.600006103515625</ele>
        <time>2016-04-28T11:49:46.000Z</time>
        <extensions>
          <ns3:TrackPointExtension>
            <ns3:hr>166</ns3:hr>
            <ns3:cad>99</ns3:cad>
          </ns3:TrackPointExtension>
        </extensions>
      </trkpt>
      <trkpt lat="29.15331074036657810211181640625" lon="120.3184248693287372589111328125">
        <ele>134.8000030517578125</ele>
        <time>2016-04-28T11:49:47.000Z</time>
        <extensions>
          <ns3:TrackPointExtension>
            <ns3:hr>166</ns3:hr>
            <ns3:cad>99</ns3:cad>
          </ns3:TrackPointExtension>
        </extensions>
      </trkpt>
      <trkpt lat="29.15336354635655879974365234375" lon="120.3184151463210582733154296875">
        <ele>135.1999969482421875</ele>
        <time>2016-04-28T11:49:48.000Z</time>
        <extensions>
          <ns3:TrackPointExtension>
            <ns3:hr>166</ns3:hr>
            <ns3:cad>99</ns3:cad>
          </ns3:TrackPointExtension>
        </extensions>
      </trkpt>
      <trkpt lat="29.15336354635655879974365234375" lon="120.3184151463210582733154296875">
        <ele>135.1999969482421875</ele>
        <time>2016-04-28T11:49:49.000Z</time>
        <extensions>
          <ns3:TrackPointExtension>
            <ns3:hr>166</ns3:hr>
            <ns3:cad>98</ns3:cad>
          </ns3:TrackPointExtension>
        </extensions>
      </trkpt>
      <trkpt lat="29.153388775885105133056640625" lon="120.31840860843658447265625">
        <ele>135.1999969482421875</ele>
        <time>2016-04-28T11:49:50.000Z</time>
        <extensions>
          <ns3:TrackPointExtension>
            <ns3:hr>166</ns3:hr>
            <ns3:cad>98</ns3:cad>
          </ns3:TrackPointExtension>
        </extensions>
      </trkpt>
      <trkpt lat="29.153443761169910430908203125" lon="120.31839997507631778717041015625">
        <ele>135.1999969482421875</ele>
        <time>2016-04-28T11:49:51.000Z</time>
        <extensions>
          <ns3:TrackPointExtension>
            <ns3:hr>166</ns3:hr>
            <ns3:cad>99</ns3:cad>
          </ns3:TrackPointExtension>
        </extensions>
      </trkpt>
      <trkpt lat="29.153443761169910430908203125" lon="120.31839997507631778717041015625">
        <ele>135.1999969482421875</ele>
        <time>2016-04-28T11:49:52.000Z</time>
        <extensions>
          <ns3:TrackPointExtension>
            <ns3:hr>166</ns3:hr>
            <ns3:cad>99</ns3:cad>
          </ns3:TrackPointExtension>
        </extensions>
      </trkpt>
      <trkpt lat="29.1534714214503765106201171875" lon="120.31839787960052490234375">
        <ele>135.1999969482421875</ele>
        <time>2016-04-28T11:49:53.000Z</time>
        <extensions>
          <ns3:TrackPointExtension>
            <ns3:hr>165</ns3:hr>
            <ns3:cad>99</ns3:cad>
          </ns3:TrackPointExtension>
        </extensions>
      </trkpt>
      <trkpt lat="29.15352380834519863128662109375" lon="120.31839343719184398651123046875">
        <ele>135.1999969482421875</ele>
        <time>2016-04-28T11:49:54.000Z</time>
        <extensions>
          <ns3:TrackPointExtension>
            <ns3:hr>166</ns3:hr>
            <ns3:cad>99</ns3:cad>
          </ns3:TrackPointExtension>
        </extensions>
      </trkpt>
      <trkpt lat="29.15352380834519863128662109375" lon="120.31839343719184398651123046875">
        <ele>135.1999969482421875</ele>
        <time>2016-04-28T11:49:55.000Z</time>
        <extensions>
          <ns3:TrackPointExtension>
            <ns3:hr>166</ns3:hr>
            <ns3:cad>99</ns3:cad>
          </ns3:TrackPointExtension>
        </extensions>
      </trkpt>
      <trkpt lat="29.15355046279728412628173828125" lon="120.3183876536786556243896484375">
        <ele>135</ele>
        <time>2016-04-28T11:49:56.000Z</time>
        <extensions>
          <ns3:TrackPointExtension>
            <ns3:hr>166</ns3:hr>
            <ns3:cad>99</ns3:cad>
          </ns3:TrackPointExtension>
        </extensions>
      </trkpt>
      <trkpt lat="29.153604023158550262451171875" lon="120.31837533228099346160888671875">
        <ele>135</ele>
        <time>2016-04-28T11:49:57.000Z</time>
        <extensions>
          <ns3:TrackPointExtension>
            <ns3:hr>166</ns3:hr>
            <ns3:cad>100</ns3:cad>
          </ns3:TrackPointExtension>
        </extensions>
      </trkpt>
      <trkpt lat="29.153604023158550262451171875" lon="120.31837533228099346160888671875">
        <ele>135</ele>
        <time>2016-04-28T11:49:58.000Z</time>
        <extensions>
          <ns3:TrackPointExtension>
            <ns3:hr>165</ns3:hr>
            <ns3:cad>100</ns3:cad>
          </ns3:TrackPointExtension>
        </extensions>
      </trkpt>
      <trkpt lat="29.15363143198192119598388671875" lon="120.31837197951972484588623046875">
        <ele>135</ele>
        <time>2016-04-28T11:49:59.000Z</time>
        <extensions>
          <ns3:TrackPointExtension>
            <ns3:hr>165</ns3:hr>
            <ns3:cad>99</ns3:cad>
          </ns3:TrackPointExtension>
        </extensions>
      </trkpt>
      <trkpt lat="29.15368490852415561676025390625" lon="120.31836099922657012939453125">
        <ele>135.1999969482421875</ele>
        <time>2016-04-28T11:50:00.000Z</time>
        <extensions>
          <ns3:TrackPointExtension>
            <ns3:hr>165</ns3:hr>
            <ns3:cad>100</ns3:cad>
          </ns3:TrackPointExtension>
        </extensions>
      </trkpt>
      <trkpt lat="29.15368490852415561676025390625" lon="120.31836099922657012939453125">
        <ele>135.1999969482421875</ele>
        <time>2016-04-28T11:50:01.000Z</time>
        <extensions>
          <ns3:TrackPointExtension>
            <ns3:hr>165</ns3:hr>
            <ns3:cad>100</ns3:cad>
          </ns3:TrackPointExtension>
        </extensions>
      </trkpt>
      <trkpt lat="29.1537128202617168426513671875" lon="120.31835722737014293670654296875">
        <ele>135.399993896484375</ele>
        <time>2016-04-28T11:50:02.000Z</time>
        <extensions>
          <ns3:TrackPointExtension>
            <ns3:hr>165</ns3:hr>
            <ns3:cad>100</ns3:cad>
          </ns3:TrackPointExtension>
        </extensions>
      </trkpt>
      <trkpt lat="29.15376453660428524017333984375" lon="120.318341553211212158203125">
        <ele>135.1999969482421875</ele>
        <time>2016-04-28T11:50:03.000Z</time>
        <extensions>
          <ns3:TrackPointExtension>
            <ns3:hr>165</ns3:hr>
            <ns3:cad>100</ns3:cad>
          </ns3:TrackPointExtension>
        </extensions>
      </trkpt>
      <trkpt lat="29.15376453660428524017333984375" lon="120.318341553211212158203125">
        <ele>135.1999969482421875</ele>
        <time>2016-04-28T11:50:04.000Z</time>
        <extensions>
          <ns3:TrackPointExtension>
            <ns3:hr>166</ns3:hr>
            <ns3:cad>100</ns3:cad>
          </ns3:TrackPointExtension>
        </extensions>
      </trkpt>
      <trkpt lat="29.15379236452281475067138671875" lon="120.31833912245929241180419921875">
        <ele>135.1999969482421875</ele>
        <time>2016-04-28T11:50:05.000Z</time>
        <extensions>
          <ns3:TrackPointExtension>
            <ns3:hr>166</ns3:hr>
            <ns3:cad>100</ns3:cad>
          </ns3:TrackPointExtension>
        </extensions>
      </trkpt>
      <trkpt lat="29.15384449996054172515869140625" lon="120.31832822598516941070556640625">
        <ele>135</ele>
        <time>2016-04-28T11:50:06.000Z</time>
        <extensions>
          <ns3:TrackPointExtension>
            <ns3:hr>166</ns3:hr>
            <ns3:cad>100</ns3:cad>
          </ns3:TrackPointExtension>
        </extensions>
      </trkpt>
      <trkpt lat="29.15384449996054172515869140625" lon="120.31832822598516941070556640625">
        <ele>135</ele>
        <time>2016-04-28T11:50:07.000Z</time>
        <extensions>
          <ns3:TrackPointExtension>
            <ns3:hr>166</ns3:hr>
            <ns3:cad>100</ns3:cad>
          </ns3:TrackPointExtension>
        </extensions>
      </trkpt>
      <trkpt lat="29.153898060321807861328125" lon="120.31832084991037845611572265625">
        <ele>135</ele>
        <time>2016-04-28T11:50:08.000Z</time>
        <extensions>
          <ns3:TrackPointExtension>
            <ns3:hr>167</ns3:hr>
            <ns3:cad>99</ns3:cad>
          </ns3:TrackPointExtension>
        </extensions>
      </trkpt>
      <trkpt lat="29.153898060321807861328125" lon="120.31832084991037845611572265625">
        <ele>135</ele>
        <time>2016-04-28T11:50:09.000Z</time>
        <extensions>
          <ns3:TrackPointExtension>
            <ns3:hr>166</ns3:hr>
            <ns3:cad>99</ns3:cad>
          </ns3:TrackPointExtension>
        </extensions>
      </trkpt>
      <trkpt lat="29.1539237089455127716064453125" lon="120.3183169104158878326416015625">
        <ele>135</ele>
        <time>2016-04-28T11:50:10.000Z</time>
        <extensions>
          <ns3:TrackPointExtension>
            <ns3:hr>166</ns3:hr>
            <ns3:cad>99</ns3:cad>
          </ns3:TrackPointExtension>
        </extensions>
      </trkpt>
      <trkpt lat="29.15397073142230510711669921875" lon="120.31830140389502048492431640625">
        <ele>135</ele>
        <time>2016-04-28T11:50:11.000Z</time>
        <extensions>
          <ns3:TrackPointExtension>
            <ns3:hr>167</ns3:hr>
            <ns3:cad>99</ns3:cad>
          </ns3:TrackPointExtension>
        </extensions>
      </trkpt>
      <trkpt lat="29.15397073142230510711669921875" lon="120.31830140389502048492431640625">
        <ele>135</ele>
        <time>2016-04-28T11:50:12.000Z</time>
        <extensions>
          <ns3:TrackPointExtension>
            <ns3:hr>167</ns3:hr>
            <ns3:cad>98</ns3:cad>
          </ns3:TrackPointExtension>
        </extensions>
      </trkpt>
      <trkpt lat="29.1539934463798999786376953125" lon="120.3182946145534515380859375">
        <ele>135</ele>
        <time>2016-04-28T11:50:13.000Z</time>
        <extensions>
          <ns3:TrackPointExtension>
            <ns3:hr>166</ns3:hr>
            <ns3:cad>98</ns3:cad>
          </ns3:TrackPointExtension>
        </extensions>
      </trkpt>
      <trkpt lat="29.15404013358056545257568359375" lon="120.31828229315578937530517578125">
        <ele>135</ele>
        <time>2016-04-28T11:50:14.000Z</time>
        <extensions>
          <ns3:TrackPointExtension>
            <ns3:hr>167</ns3:hr>
            <ns3:cad>98</ns3:cad>
          </ns3:TrackPointExtension>
        </extensions>
      </trkpt>
      <trkpt lat="29.15404013358056545257568359375" lon="120.31828229315578937530517578125">
        <ele>135</ele>
        <time>2016-04-28T11:50:15.000Z</time>
        <extensions>
          <ns3:TrackPointExtension>
            <ns3:hr>167</ns3:hr>
            <ns3:cad>98</ns3:cad>
          </ns3:TrackPointExtension>
        </extensions>
      </trkpt>
      <trkpt lat="29.154066033661365509033203125" lon="120.31827810220420360565185546875">
        <ele>134.8000030517578125</ele>
        <time>2016-04-28T11:50:16.000Z</time>
        <extensions>
          <ns3:TrackPointExtension>
            <ns3:hr>166</ns3:hr>
            <ns3:cad>98</ns3:cad>
          </ns3:TrackPointExtension>
        </extensions>
      </trkpt>
      <trkpt lat="29.154118001461029052734375" lon="120.31826267950236797332763671875">
        <ele>134.600006103515625</ele>
        <time>2016-04-28T11:50:17.000Z</time>
        <extensions>
          <ns3:TrackPointExtension>
            <ns3:hr>166</ns3:hr>
            <ns3:cad>99</ns3:cad>
          </ns3:TrackPointExtension>
        </extensions>
      </trkpt>
      <trkpt lat="29.154118001461029052734375" lon="120.31826267950236797332763671875">
        <ele>134.600006103515625</ele>
        <time>2016-04-28T11:50:18.000Z</time>
        <extensions>
          <ns3:TrackPointExtension>
            <ns3:hr>166</ns3:hr>
            <ns3:cad>99</ns3:cad>
          </ns3:TrackPointExtension>
        </extensions>
      </trkpt>
      <trkpt lat="29.1541459970176219940185546875" lon="120.31825371086597442626953125">
        <ele>134.600006103515625</ele>
        <time>2016-04-28T11:50:19.000Z</time>
        <extensions>
          <ns3:TrackPointExtension>
            <ns3:hr>166</ns3:hr>
            <ns3:cad>99</ns3:cad>
          </ns3:TrackPointExtension>
        </extensions>
      </trkpt>
      <trkpt lat="29.15419871918857097625732421875" lon="120.3182394616305828094482421875">
        <ele>134.399993896484375</ele>
        <time>2016-04-28T11:50:20.000Z</time>
        <extensions>
          <ns3:TrackPointExtension>
            <ns3:hr>166</ns3:hr>
            <ns3:cad>99</ns3:cad>
          </ns3:TrackPointExtension>
        </extensions>
      </trkpt>
      <trkpt lat="29.15419871918857097625732421875" lon="120.3182394616305828094482421875">
        <ele>134.399993896484375</ele>
        <time>2016-04-28T11:50:21.000Z</time>
        <extensions>
          <ns3:TrackPointExtension>
            <ns3:hr>166</ns3:hr>
            <ns3:cad>100</ns3:cad>
          </ns3:TrackPointExtension>
        </extensions>
      </trkpt>
      <trkpt lat="29.1542261280119419097900390625" lon="120.31823351047933101654052734375">
        <ele>134.1999969482421875</ele>
        <time>2016-04-28T11:50:22.000Z</time>
        <extensions>
          <ns3:TrackPointExtension>
            <ns3:hr>166</ns3:hr>
            <ns3:cad>100</ns3:cad>
          </ns3:TrackPointExtension>
        </extensions>
      </trkpt>
      <trkpt lat="29.15427985601127147674560546875" lon="120.3182168304920196533203125">
        <ele>134</ele>
        <time>2016-04-28T11:50:23.000Z</time>
        <extensions>
          <ns3:TrackPointExtension>
            <ns3:hr>166</ns3:hr>
            <ns3:cad>99</ns3:cad>
          </ns3:TrackPointExtension>
        </extensions>
      </trkpt>
      <trkpt lat="29.15427985601127147674560546875" lon="120.3182168304920196533203125">
        <ele>134</ele>
        <time>2016-04-28T11:50:24.000Z</time>
        <extensions>
          <ns3:TrackPointExtension>
            <ns3:hr>166</ns3:hr>
            <ns3:cad>99</ns3:cad>
          </ns3:TrackPointExtension>
        </extensions>
      </trkpt>
      <trkpt lat="29.1543320752680301666259765625" lon="120.31819931231439113616943359375">
        <ele>134</ele>
        <time>2016-04-28T11:50:25.000Z</time>
        <extensions>
          <ns3:TrackPointExtension>
            <ns3:hr>165</ns3:hr>
            <ns3:cad>99</ns3:cad>
          </ns3:TrackPointExtension>
        </extensions>
      </trkpt>
      <trkpt lat="29.1543320752680301666259765625" lon="120.31819931231439113616943359375">
        <ele>134</ele>
        <time>2016-04-28T11:50:26.000Z</time>
        <extensions>
          <ns3:TrackPointExtension>
            <ns3:hr>166</ns3:hr>
            <ns3:cad>100</ns3:cad>
          </ns3:TrackPointExtension>
        </extensions>
      </trkpt>
      <trkpt lat="29.15435797534883022308349609375" lon="120.318189673125743865966796875">
        <ele>134</ele>
        <time>2016-04-28T11:50:27.000Z</time>
        <extensions>
          <ns3:TrackPointExtension>
            <ns3:hr>167</ns3:hr>
            <ns3:cad>100</ns3:cad>
          </ns3:TrackPointExtension>
        </extensions>
      </trkpt>
      <trkpt lat="29.154412038624286651611328125" lon="120.3181707300245761871337890625">
        <ele>134</ele>
        <time>2016-04-28T11:50:28.000Z</time>
        <extensions>
          <ns3:TrackPointExtension>
            <ns3:hr>166</ns3:hr>
            <ns3:cad>99</ns3:cad>
          </ns3:TrackPointExtension>
        </extensions>
      </trkpt>
      <trkpt lat="29.154412038624286651611328125" lon="120.3181707300245761871337890625">
        <ele>134</ele>
        <time>2016-04-28T11:50:29.000Z</time>
        <extensions>
          <ns3:TrackPointExtension>
            <ns3:hr>166</ns3:hr>
            <ns3:cad>99</ns3:cad>
          </ns3:TrackPointExtension>
        </extensions>
      </trkpt>
      <trkpt lat="29.1544383578002452850341796875" lon="120.318163521587848663330078125">
        <ele>134</ele>
        <time>2016-04-28T11:50:30.000Z</time>
        <extensions>
          <ns3:TrackPointExtension>
            <ns3:hr>166</ns3:hr>
            <ns3:cad>99</ns3:cad>
          </ns3:TrackPointExtension>
        </extensions>
      </trkpt>
      <trkpt lat="29.1544913314282894134521484375" lon="120.3181408904492855072021484375">
        <ele>134</ele>
        <time>2016-04-28T11:50:31.000Z</time>
        <extensions>
          <ns3:TrackPointExtension>
            <ns3:hr>166</ns3:hr>
            <ns3:cad>100</ns3:cad>
          </ns3:TrackPointExtension>
        </extensions>
      </trkpt>
      <trkpt lat="29.1544913314282894134521484375" lon="120.3181408904492855072021484375">
        <ele>134</ele>
        <time>2016-04-28T11:50:32.000Z</time>
        <extensions>
          <ns3:TrackPointExtension>
            <ns3:hr>166</ns3:hr>
            <ns3:cad>100</ns3:cad>
          </ns3:TrackPointExtension>
        </extensions>
      </trkpt>
      <trkpt lat="29.15451589040458202362060546875" lon="120.318127982318401336669921875">
        <ele>134.1999969482421875</ele>
        <time>2016-04-28T11:50:33.000Z</time>
        <extensions>
          <ns3:TrackPointExtension>
            <ns3:hr>166</ns3:hr>
            <ns3:cad>100</ns3:cad>
          </ns3:TrackPointExtension>
        </extensions>
      </trkpt>
      <trkpt lat="29.1545664332807064056396484375" lon="120.31809219159185886383056640625">
        <ele>134.600006103515625</ele>
        <time>2016-04-28T11:50:34.000Z</time>
        <extensions>
          <ns3:TrackPointExtension>
            <ns3:hr>166</ns3:hr>
            <ns3:cad>100</ns3:cad>
          </ns3:TrackPointExtension>
        </extensions>
      </trkpt>
      <trkpt lat="29.1545664332807064056396484375" lon="120.31809219159185886383056640625">
        <ele>134.600006103515625</ele>
        <time>2016-04-28T11:50:35.000Z</time>
        <extensions>
          <ns3:TrackPointExtension>
            <ns3:hr>166</ns3:hr>
            <ns3:cad>100</ns3:cad>
          </ns3:TrackPointExtension>
        </extensions>
      </trkpt>
      <trkpt lat="29.15458847768604755401611328125" lon="120.31807802617549896240234375">
        <ele>134.600006103515625</ele>
        <time>2016-04-28T11:50:36.000Z</time>
        <extensions>
          <ns3:TrackPointExtension>
            <ns3:hr>166</ns3:hr>
            <ns3:cad>100</ns3:cad>
          </ns3:TrackPointExtension>
        </extensions>
      </trkpt>
      <trkpt lat="29.15463223122060298919677734375" lon="120.318044833838939666748046875">
        <ele>135</ele>
        <time>2016-04-28T11:50:37.000Z</time>
        <extensions>
          <ns3:TrackPointExtension>
            <ns3:hr>166</ns3:hr>
            <ns3:cad>99</ns3:cad>
          </ns3:TrackPointExtension>
        </extensions>
      </trkpt>
      <trkpt lat="29.15463223122060298919677734375" lon="120.318044833838939666748046875">
        <ele>135</ele>
        <time>2016-04-28T11:50:38.000Z</time>
        <extensions>
          <ns3:TrackPointExtension>
            <ns3:hr>167</ns3:hr>
            <ns3:cad>99</ns3:cad>
          </ns3:TrackPointExtension>
        </extensions>
      </trkpt>
      <trkpt lat="29.15465251542627811431884765625" lon="120.3180272318422794342041015625">
        <ele>135</ele>
        <time>2016-04-28T11:50:39.000Z</time>
        <extensions>
          <ns3:TrackPointExtension>
            <ns3:hr>167</ns3:hr>
            <ns3:cad>99</ns3:cad>
          </ns3:TrackPointExtension>
        </extensions>
      </trkpt>
      <trkpt lat="29.15469408966600894927978515625" lon="120.317987836897373199462890625">
        <ele>135.399993896484375</ele>
        <time>2016-04-28T11:50:40.000Z</time>
        <extensions>
          <ns3:TrackPointExtension>
            <ns3:hr>167</ns3:hr>
            <ns3:cad>99</ns3:cad>
          </ns3:TrackPointExtension>
        </extensions>
      </trkpt>
      <trkpt lat="29.15469408966600894927978515625" lon="120.317987836897373199462890625">
        <ele>135.399993896484375</ele>
        <time>2016-04-28T11:50:41.000Z</time>
        <extensions>
          <ns3:TrackPointExtension>
            <ns3:hr>167</ns3:hr>
            <ns3:cad>99</ns3:cad>
          </ns3:TrackPointExtension>
        </extensions>
      </trkpt>
      <trkpt lat="29.1547163017094135284423828125" lon="120.3179709054529666900634765625">
        <ele>135.399993896484375</ele>
        <time>2016-04-28T11:50:42.000Z</time>
        <extensions>
          <ns3:TrackPointExtension>
            <ns3:hr>168</ns3:hr>
            <ns3:cad>98</ns3:cad>
          </ns3:TrackPointExtension>
        </extensions>
      </trkpt>
      <trkpt lat="29.15475971996784210205078125" lon="120.31792840920388698577880859375">
        <ele>136</ele>
        <time>2016-04-28T11:50:43.000Z</time>
        <extensions>
          <ns3:TrackPointExtension>
            <ns3:hr>167</ns3:hr>
            <ns3:cad>98</ns3:cad>
          </ns3:TrackPointExtension>
        </extensions>
      </trkpt>
      <trkpt lat="29.15475971996784210205078125" lon="120.31792840920388698577880859375">
        <ele>136</ele>
        <time>2016-04-28T11:50:44.000Z</time>
        <extensions>
          <ns3:TrackPointExtension>
            <ns3:hr>167</ns3:hr>
            <ns3:cad>100</ns3:cad>
          </ns3:TrackPointExtension>
        </extensions>
      </trkpt>
      <trkpt lat="29.15478117763996124267578125" lon="120.31790829263627529144287109375">
        <ele>136.1999969482421875</ele>
        <time>2016-04-28T11:50:45.000Z</time>
        <extensions>
          <ns3:TrackPointExtension>
            <ns3:hr>168</ns3:hr>
            <ns3:cad>100</ns3:cad>
          </ns3:TrackPointExtension>
        </extensions>
      </trkpt>
      <trkpt lat="29.154825769364833831787109375" lon="120.3178723342716693878173828125">
        <ele>136.600006103515625</ele>
        <time>2016-04-28T11:50:46.000Z</time>
        <extensions>
          <ns3:TrackPointExtension>
            <ns3:hr>167</ns3:hr>
            <ns3:cad>100</ns3:cad>
          </ns3:TrackPointExtension>
        </extensions>
      </trkpt>
      <trkpt lat="29.154825769364833831787109375" lon="120.3178723342716693878173828125">
        <ele>136.600006103515625</ele>
        <time>2016-04-28T11:50:47.000Z</time>
        <extensions>
          <ns3:TrackPointExtension>
            <ns3:hr>167</ns3:hr>
            <ns3:cad>100</ns3:cad>
          </ns3:TrackPointExtension>
        </extensions>
      </trkpt>
      <trkpt lat="29.1548480652272701263427734375" lon="120.31785632483661174774169921875">
        <ele>136.8000030517578125</ele>
        <time>2016-04-28T11:50:48.000Z</time>
        <extensions>
          <ns3:TrackPointExtension>
            <ns3:hr>167</ns3:hr>
            <ns3:cad>99</ns3:cad>
          </ns3:TrackPointExtension>
        </extensions>
      </trkpt>
      <trkpt lat="29.15489156730473041534423828125" lon="120.3178220428526401519775390625">
        <ele>137</ele>
        <time>2016-04-28T11:50:49.000Z</time>
        <extensions>
          <ns3:TrackPointExtension>
            <ns3:hr>168</ns3:hr>
            <ns3:cad>99</ns3:cad>
          </ns3:TrackPointExtension>
        </extensions>
      </trkpt>
      <trkpt lat="29.15489156730473041534423828125" lon="120.3178220428526401519775390625">
        <ele>137</ele>
        <time>2016-04-28T11:50:50.000Z</time>
        <extensions>
          <ns3:TrackPointExtension>
            <ns3:hr>168</ns3:hr>
            <ns3:cad>99</ns3:cad>
          </ns3:TrackPointExtension>
        </extensions>
      </trkpt>
      <trkpt lat="29.15491369552910327911376953125" lon="120.3178079612553119659423828125">
        <ele>137.1999969482421875</ele>
        <time>2016-04-28T11:50:51.000Z</time>
        <extensions>
          <ns3:TrackPointExtension>
            <ns3:hr>168</ns3:hr>
            <ns3:cad>99</ns3:cad>
          </ns3:TrackPointExtension>
        </extensions>
      </trkpt>
      <trkpt lat="29.15496222674846649169921875" lon="120.31777803786098957061767578125">
        <ele>137.399993896484375</ele>
        <time>2016-04-28T11:50:52.000Z</time>
        <extensions>
          <ns3:TrackPointExtension>
            <ns3:hr>168</ns3:hr>
            <ns3:cad>98</ns3:cad>
          </ns3:TrackPointExtension>
        </extensions>
      </trkpt>
      <trkpt lat="29.15496222674846649169921875" lon="120.31777803786098957061767578125">
        <ele>137.399993896484375</ele>
        <time>2016-04-28T11:50:53.000Z</time>
        <extensions>
          <ns3:TrackPointExtension>
            <ns3:hr>167</ns3:hr>
            <ns3:cad>98</ns3:cad>
          </ns3:TrackPointExtension>
        </extensions>
      </trkpt>
      <trkpt lat="29.154987372457981109619140625" lon="120.31776278279721736907958984375">
        <ele>137.399993896484375</ele>
        <time>2016-04-28T11:50:54.000Z</time>
        <extensions>
          <ns3:TrackPointExtension>
            <ns3:hr>166</ns3:hr>
            <ns3:cad>99</ns3:cad>
          </ns3:TrackPointExtension>
        </extensions>
      </trkpt>
      <trkpt lat="29.15501226671040058135986328125" lon="120.31774585135281085968017578125">
        <ele>137.600006103515625</ele>
        <time>2016-04-28T11:50:55.000Z</time>
        <extensions>
          <ns3:TrackPointExtension>
            <ns3:hr>165</ns3:hr>
            <ns3:cad>100</ns3:cad>
          </ns3:TrackPointExtension>
        </extensions>
      </trkpt>
      <trkpt lat="29.15503355674445629119873046875" lon="120.31772858463227748870849609375">
        <ele>137.600006103515625</ele>
        <time>2016-04-28T11:50:56.000Z</time>
        <extensions>
          <ns3:TrackPointExtension>
            <ns3:hr>166</ns3:hr>
            <ns3:cad>100</ns3:cad>
          </ns3:TrackPointExtension>
        </extensions>
      </trkpt>
      <trkpt lat="29.155056439340114593505859375" lon="120.31771123409271240234375">
        <ele>137.8000030517578125</ele>
        <time>2016-04-28T11:50:57.000Z</time>
        <extensions>
          <ns3:TrackPointExtension>
            <ns3:hr>167</ns3:hr>
            <ns3:cad>100</ns3:cad>
          </ns3:TrackPointExtension>
        </extensions>
      </trkpt>
      <trkpt lat="29.155107401311397552490234375" lon="120.3176782093942165374755859375">
        <ele>138</ele>
        <time>2016-04-28T11:50:58.000Z</time>
        <extensions>
          <ns3:TrackPointExtension>
            <ns3:hr>167</ns3:hr>
            <ns3:cad>100</ns3:cad>
          </ns3:TrackPointExtension>
        </extensions>
      </trkpt>
      <trkpt lat="29.155107401311397552490234375" lon="120.3176782093942165374755859375">
        <ele>138</ele>
        <time>2016-04-28T11:50:59.000Z</time>
        <extensions>
          <ns3:TrackPointExtension>
            <ns3:hr>166</ns3:hr>
            <ns3:cad>99</ns3:cad>
          </ns3:TrackPointExtension>
        </extensions>
      </trkpt>
      <trkpt lat="29.15513112209737300872802734375" lon="120.31766236759722232818603515625">
        <ele>138.1999969482421875</ele>
        <time>2016-04-28T11:51:00.000Z</time>
        <extensions>
          <ns3:TrackPointExtension>
            <ns3:hr>165</ns3:hr>
            <ns3:cad>98</ns3:cad>
          </ns3:TrackPointExtension>
        </extensions>
      </trkpt>
      <trkpt lat="29.1551826708018779754638671875" lon="120.31763789243996143341064453125">
        <ele>138.1999969482421875</ele>
        <time>2016-04-28T11:51:01.000Z</time>
        <extensions>
          <ns3:TrackPointExtension>
            <ns3:hr>164</ns3:hr>
            <ns3:cad>98</ns3:cad>
          </ns3:TrackPointExtension>
        </extensions>
      </trkpt>
      <trkpt lat="29.1551826708018779754638671875" lon="120.31763789243996143341064453125">
        <ele>138.1999969482421875</ele>
        <time>2016-04-28T11:51:02.000Z</time>
        <extensions>
          <ns3:TrackPointExtension>
            <ns3:hr>163</ns3:hr>
            <ns3:cad>98</ns3:cad>
          </ns3:TrackPointExtension>
        </extensions>
      </trkpt>
      <trkpt lat="29.1552081517875194549560546875" lon="120.31762749888002872467041015625">
        <ele>138.1999969482421875</ele>
        <time>2016-04-28T11:51:03.000Z</time>
        <extensions>
          <ns3:TrackPointExtension>
            <ns3:hr>164</ns3:hr>
            <ns3:cad>98</ns3:cad>
          </ns3:TrackPointExtension>
        </extensions>
      </trkpt>
      <trkpt lat="29.1552584432065486907958984375" lon="120.31760654412209987640380859375">
        <ele>138.1999969482421875</ele>
        <time>2016-04-28T11:51:04.000Z</time>
        <extensions>
          <ns3:TrackPointExtension>
            <ns3:hr>162</ns3:hr>
            <ns3:cad>99</ns3:cad>
          </ns3:TrackPointExtension>
        </extensions>
      </trkpt>
      <trkpt lat="29.1552584432065486907958984375" lon="120.31760654412209987640380859375">
        <ele>138.1999969482421875</ele>
        <time>2016-04-28T11:51:05.000Z</time>
        <extensions>
          <ns3:TrackPointExtension>
            <ns3:hr>162</ns3:hr>
            <ns3:cad>99</ns3:cad>
          </ns3:TrackPointExtension>
        </extensions>
      </trkpt>
      <trkpt lat="29.15528182871639728546142578125" lon="120.31759816221892833709716796875">
        <ele>138</ele>
        <time>2016-04-28T11:51:06.000Z</time>
        <extensions>
          <ns3:TrackPointExtension>
            <ns3:hr>163</ns3:hr>
            <ns3:cad>98</ns3:cad>
          </ns3:TrackPointExtension>
        </extensions>
      </trkpt>
      <trkpt lat="29.15532927028834819793701171875" lon="120.3175731003284454345703125">
        <ele>137.8000030517578125</ele>
        <time>2016-04-28T11:51:07.000Z</time>
        <extensions>
          <ns3:TrackPointExtension>
            <ns3:hr>163</ns3:hr>
            <ns3:cad>98</ns3:cad>
          </ns3:TrackPointExtension>
        </extensions>
      </trkpt>
      <trkpt lat="29.15532927028834819793701171875" lon="120.3175731003284454345703125">
        <ele>137.8000030517578125</ele>
        <time>2016-04-28T11:51:08.000Z</time>
        <extensions>
          <ns3:TrackPointExtension>
            <ns3:hr>162</ns3:hr>
            <ns3:cad>98</ns3:cad>
          </ns3:TrackPointExtension>
        </extensions>
      </trkpt>
      <trkpt lat="29.1553529910743236541748046875" lon="120.317559354007244110107421875">
        <ele>137.600006103515625</ele>
        <time>2016-04-28T11:51:09.000Z</time>
        <extensions>
          <ns3:TrackPointExtension>
            <ns3:hr>162</ns3:hr>
            <ns3:cad>98</ns3:cad>
          </ns3:TrackPointExtension>
        </extensions>
      </trkpt>
      <trkpt lat="29.1553982533514499664306640625" lon="120.3175373934209346771240234375">
        <ele>137.1999969482421875</ele>
        <time>2016-04-28T11:51:10.000Z</time>
        <extensions>
          <ns3:TrackPointExtension>
            <ns3:hr>162</ns3:hr>
            <ns3:cad>99</ns3:cad>
          </ns3:TrackPointExtension>
        </extensions>
      </trkpt>
      <trkpt lat="29.1553982533514499664306640625" lon="120.3175373934209346771240234375">
        <ele>137.1999969482421875</ele>
        <time>2016-04-28T11:51:11.000Z</time>
        <extensions>
          <ns3:TrackPointExtension>
            <ns3:hr>161</ns3:hr>
            <ns3:cad>99</ns3:cad>
          </ns3:TrackPointExtension>
        </extensions>
      </trkpt>
      <trkpt lat="29.1554418392479419708251953125" lon="120.31751434318721294403076171875">
        <ele>136.8000030517578125</ele>
        <time>2016-04-28T11:51:12.000Z</time>
        <extensions>
          <ns3:TrackPointExtension>
            <ns3:hr>163</ns3:hr>
            <ns3:cad>98</ns3:cad>
          </ns3:TrackPointExtension>
        </extensions>
      </trkpt>
      <trkpt lat="29.1554418392479419708251953125" lon="120.31751434318721294403076171875">
        <ele>136.8000030517578125</ele>
        <time>2016-04-28T11:51:13.000Z</time>
        <extensions>
          <ns3:TrackPointExtension>
            <ns3:hr>162</ns3:hr>
            <ns3:cad>98</ns3:cad>
          </ns3:TrackPointExtension>
        </extensions>
      </trkpt>
      <trkpt lat="29.1554622910916805267333984375" lon="120.31749992631375789642333984375">
        <ele>136.600006103515625</ele>
        <time>2016-04-28T11:51:14.000Z</time>
        <extensions>
          <ns3:TrackPointExtension>
            <ns3:hr>162</ns3:hr>
            <ns3:cad>97</ns3:cad>
          </ns3:TrackPointExtension>
        </extensions>
      </trkpt>
      <trkpt lat="29.155505709350109100341796875" lon="120.317470170557498931884765625">
        <ele>136.399993896484375</ele>
        <time>2016-04-28T11:51:15.000Z</time>
        <extensions>
          <ns3:TrackPointExtension>
            <ns3:hr>162</ns3:hr>
            <ns3:cad>98</ns3:cad>
          </ns3:TrackPointExtension>
        </extensions>
      </trkpt>
      <trkpt lat="29.155505709350109100341796875" lon="120.317470170557498931884765625">
        <ele>136.399993896484375</ele>
        <time>2016-04-28T11:51:16.000Z</time>
        <extensions>
          <ns3:TrackPointExtension>
            <ns3:hr>162</ns3:hr>
            <ns3:cad>98</ns3:cad>
          </ns3:TrackPointExtension>
        </extensions>
      </trkpt>
      <trkpt lat="29.155529849231243133544921875" lon="120.31745617277920246124267578125">
        <ele>136.399993896484375</ele>
        <time>2016-04-28T11:51:17.000Z</time>
        <extensions>
          <ns3:TrackPointExtension>
            <ns3:hr>163</ns3:hr>
            <ns3:cad>98</ns3:cad>
          </ns3:TrackPointExtension>
        </extensions>
      </trkpt>
      <trkpt lat="29.15557703934609889984130859375" lon="120.3174233995378017425537109375">
        <ele>136.399993896484375</ele>
        <time>2016-04-28T11:51:18.000Z</time>
        <extensions>
          <ns3:TrackPointExtension>
            <ns3:hr>162</ns3:hr>
            <ns3:cad>98</ns3:cad>
          </ns3:TrackPointExtension>
        </extensions>
      </trkpt>
      <trkpt lat="29.15557703934609889984130859375" lon="120.3174233995378017425537109375">
        <ele>136.399993896484375</ele>
        <time>2016-04-28T11:51:19.000Z</time>
        <extensions>
          <ns3:TrackPointExtension>
            <ns3:hr>162</ns3:hr>
            <ns3:cad>98</ns3:cad>
          </ns3:TrackPointExtension>
        </extensions>
      </trkpt>
      <trkpt lat="29.15562565438449382781982421875" lon="120.31739138066768646240234375">
        <ele>136.1999969482421875</ele>
        <time>2016-04-28T11:51:20.000Z</time>
        <extensions>
          <ns3:TrackPointExtension>
            <ns3:hr>161</ns3:hr>
            <ns3:cad>98</ns3:cad>
          </ns3:TrackPointExtension>
        </extensions>
      </trkpt>
      <trkpt lat="29.15562565438449382781982421875" lon="120.31739138066768646240234375">
        <ele>136.1999969482421875</ele>
        <time>2016-04-28T11:51:21.000Z</time>
        <extensions>
          <ns3:TrackPointExtension>
            <ns3:hr>161</ns3:hr>
            <ns3:cad>98</ns3:cad>
          </ns3:TrackPointExtension>
        </extensions>
      </trkpt>
      <trkpt lat="29.15567410178482532501220703125" lon="120.31736128963530063629150390625">
        <ele>136</ele>
        <time>2016-04-28T11:51:22.000Z</time>
        <extensions>
          <ns3:TrackPointExtension>
            <ns3:hr>161</ns3:hr>
            <ns3:cad>99</ns3:cad>
          </ns3:TrackPointExtension>
        </extensions>
      </trkpt>
      <trkpt lat="29.15567410178482532501220703125" lon="120.31736128963530063629150390625">
        <ele>136</ele>
        <time>2016-04-28T11:51:23.000Z</time>
        <extensions>
          <ns3:TrackPointExtension>
            <ns3:hr>161</ns3:hr>
            <ns3:cad>99</ns3:cad>
          </ns3:TrackPointExtension>
        </extensions>
      </trkpt>
      <trkpt lat="29.15569723583757877349853515625" lon="120.31734318472445011138916015625">
        <ele>136</ele>
        <time>2016-04-28T11:51:24.000Z</time>
        <extensions>
          <ns3:TrackPointExtension>
            <ns3:hr>160</ns3:hr>
            <ns3:cad>98</ns3:cad>
          </ns3:TrackPointExtension>
        </extensions>
      </trkpt>
      <trkpt lat="29.1557177715003490447998046875" lon="120.31732658855617046356201171875">
        <ele>135.8000030517578125</ele>
        <time>2016-04-28T11:51:25.000Z</time>
        <extensions>
          <ns3:TrackPointExtension>
            <ns3:hr>160</ns3:hr>
            <ns3:cad>97</ns3:cad>
          </ns3:TrackPointExtension>
        </extensions>
      </trkpt>
      <trkpt lat="29.15576496161520481109619140625" lon="120.31729037873446941375732421875">
        <ele>135.399993896484375</ele>
        <time>2016-04-28T11:51:26.000Z</time>
        <extensions>
          <ns3:TrackPointExtension>
            <ns3:hr>159</ns3:hr>
            <ns3:cad>97</ns3:cad>
          </ns3:TrackPointExtension>
        </extensions>
      </trkpt>
      <trkpt lat="29.15576496161520481109619140625" lon="120.31729037873446941375732421875">
        <ele>135.399993896484375</ele>
        <time>2016-04-28T11:51:27.000Z</time>
        <extensions>
          <ns3:TrackPointExtension>
            <ns3:hr>160</ns3:hr>
            <ns3:cad>97</ns3:cad>
          </ns3:TrackPointExtension>
        </extensions>
      </trkpt>
      <trkpt lat="29.15578977204859256744384765625" lon="120.3172768838703632354736328125">
        <ele>135.1999969482421875</ele>
        <time>2016-04-28T11:51:28.000Z</time>
        <extensions>
          <ns3:TrackPointExtension>
            <ns3:hr>161</ns3:hr>
            <ns3:cad>98</ns3:cad>
          </ns3:TrackPointExtension>
        </extensions>
      </trkpt>
      <trkpt lat="29.15583922527730464935302734375" lon="120.31724880449473857879638671875">
        <ele>134.8000030517578125</ele>
        <time>2016-04-28T11:51:29.000Z</time>
        <extensions>
          <ns3:TrackPointExtension>
            <ns3:hr>160</ns3:hr>
            <ns3:cad>98</ns3:cad>
          </ns3:TrackPointExtension>
        </extensions>
      </trkpt>
      <trkpt lat="29.15583922527730464935302734375" lon="120.31724880449473857879638671875">
        <ele>134.8000030517578125</ele>
        <time>2016-04-28T11:51:30.000Z</time>
        <extensions>
          <ns3:TrackPointExtension>
            <ns3:hr>160</ns3:hr>
            <ns3:cad>98</ns3:cad>
          </ns3:TrackPointExtension>
        </extensions>
      </trkpt>
      <trkpt lat="29.1558642871677875518798828125" lon="120.31723522581160068511962890625">
        <ele>134.399993896484375</ele>
        <time>2016-04-28T11:51:31.000Z</time>
        <extensions>
          <ns3:TrackPointExtension>
            <ns3:hr>160</ns3:hr>
            <ns3:cad>98</ns3:cad>
          </ns3:TrackPointExtension>
        </extensions>
      </trkpt>
      <trkpt lat="29.155910722911357879638671875" lon="120.31719851307570934295654296875">
        <ele>133.8000030517578125</ele>
        <time>2016-04-28T11:51:32.000Z</time>
        <extensions>
          <ns3:TrackPointExtension>
            <ns3:hr>160</ns3:hr>
            <ns3:cad>98</ns3:cad>
          </ns3:TrackPointExtension>
        </extensions>
      </trkpt>
      <trkpt lat="29.155910722911357879638671875" lon="120.31719851307570934295654296875">
        <ele>133.8000030517578125</ele>
        <time>2016-04-28T11:51:33.000Z</time>
        <extensions>
          <ns3:TrackPointExtension>
            <ns3:hr>160</ns3:hr>
            <ns3:cad>98</ns3:cad>
          </ns3:TrackPointExtension>
        </extensions>
      </trkpt>
      <trkpt lat="29.15593494661152362823486328125" lon="120.317177809774875640869140625">
        <ele>133.600006103515625</ele>
        <time>2016-04-28T11:51:34.000Z</time>
        <extensions>
          <ns3:TrackPointExtension>
            <ns3:hr>160</ns3:hr>
            <ns3:cad>98</ns3:cad>
          </ns3:TrackPointExtension>
        </extensions>
      </trkpt>
      <trkpt lat="29.1559776104986667633056640625" lon="120.31714604236185550689697265625">
        <ele>132.8000030517578125</ele>
        <time>2016-04-28T11:51:35.000Z</time>
        <extensions>
          <ns3:TrackPointExtension>
            <ns3:hr>161</ns3:hr>
            <ns3:cad>98</ns3:cad>
          </ns3:TrackPointExtension>
        </extensions>
      </trkpt>
      <trkpt lat="29.1559776104986667633056640625" lon="120.31714604236185550689697265625">
        <ele>132.8000030517578125</ele>
        <time>2016-04-28T11:51:36.000Z</time>
        <extensions>
          <ns3:TrackPointExtension>
            <ns3:hr>160</ns3:hr>
            <ns3:cad>98</ns3:cad>
          </ns3:TrackPointExtension>
        </extensions>
      </trkpt>
      <trkpt lat="29.155999235808849334716796875" lon="120.31712927855551242828369140625">
        <ele>132.600006103515625</ele>
        <time>2016-04-28T11:51:37.000Z</time>
        <extensions>
          <ns3:TrackPointExtension>
            <ns3:hr>159</ns3:hr>
            <ns3:cad>98</ns3:cad>
          </ns3:TrackPointExtension>
        </extensions>
      </trkpt>
      <trkpt lat="29.156041480600833892822265625" lon="120.31710128299891948699951171875">
        <ele>132.1999969482421875</ele>
        <time>2016-04-28T11:51:38.000Z</time>
        <extensions>
          <ns3:TrackPointExtension>
            <ns3:hr>158</ns3:hr>
            <ns3:cad>98</ns3:cad>
          </ns3:TrackPointExtension>
        </extensions>
      </trkpt>
      <trkpt lat="29.156041480600833892822265625" lon="120.31710128299891948699951171875">
        <ele>132.1999969482421875</ele>
        <time>2016-04-28T11:51:39.000Z</time>
        <extensions>
          <ns3:TrackPointExtension>
            <ns3:hr>158</ns3:hr>
            <ns3:cad>99</ns3:cad>
          </ns3:TrackPointExtension>
        </extensions>
      </trkpt>
      <trkpt lat="29.15606536902487277984619140625" lon="120.3170851059257984161376953125">
        <ele>132</ele>
        <time>2016-04-28T11:51:40.000Z</time>
        <extensions>
          <ns3:TrackPointExtension>
            <ns3:hr>159</ns3:hr>
            <ns3:cad>99</ns3:cad>
          </ns3:TrackPointExtension>
        </extensions>
      </trkpt>
      <trkpt lat="29.1561066918075084686279296875" lon="120.31705585308372974395751953125">
        <ele>131.399993896484375</ele>
        <time>2016-04-28T11:51:41.000Z</time>
        <extensions>
          <ns3:TrackPointExtension>
            <ns3:hr>159</ns3:hr>
            <ns3:cad>98</ns3:cad>
          </ns3:TrackPointExtension>
        </extensions>
      </trkpt>
      <trkpt lat="29.1561066918075084686279296875" lon="120.31705585308372974395751953125">
        <ele>131.399993896484375</ele>
        <time>2016-04-28T11:51:42.000Z</time>
        <extensions>
          <ns3:TrackPointExtension>
            <ns3:hr>159</ns3:hr>
            <ns3:cad>98</ns3:cad>
          </ns3:TrackPointExtension>
        </extensions>
      </trkpt>
      <trkpt lat="29.15612488053739070892333984375" lon="120.317047052085399627685546875">
        <ele>131.1999969482421875</ele>
        <time>2016-04-28T11:51:43.000Z</time>
        <extensions>
          <ns3:TrackPointExtension>
            <ns3:hr>159</ns3:hr>
            <ns3:cad>97</ns3:cad>
          </ns3:TrackPointExtension>
        </extensions>
      </trkpt>
      <trkpt lat="29.1561445780098438262939453125" lon="120.317040346562862396240234375">
        <ele>131</ele>
        <time>2016-04-28T11:51:44.000Z</time>
        <extensions>
          <ns3:TrackPointExtension>
            <ns3:hr>159</ns3:hr>
            <ns3:cad>97</ns3:cad>
          </ns3:TrackPointExtension>
        </extensions>
      </trkpt>
      <trkpt lat="29.15618238039314746856689453125" lon="120.3170240856707096099853515625">
        <ele>130.600006103515625</ele>
        <time>2016-04-28T11:51:45.000Z</time>
        <extensions>
          <ns3:TrackPointExtension>
            <ns3:hr>159</ns3:hr>
            <ns3:cad>98</ns3:cad>
          </ns3:TrackPointExtension>
        </extensions>
      </trkpt>
      <trkpt lat="29.15618238039314746856689453125" lon="120.3170240856707096099853515625">
        <ele>130.600006103515625</ele>
        <time>2016-04-28T11:51:46.000Z</time>
        <extensions>
          <ns3:TrackPointExtension>
            <ns3:hr>159</ns3:hr>
            <ns3:cad>98</ns3:cad>
          </ns3:TrackPointExtension>
        </extensions>
      </trkpt>
      <trkpt lat="29.15620266459882259368896484375" lon="120.31702115200459957122802734375">
        <ele>130.399993896484375</ele>
        <time>2016-04-28T11:51:47.000Z</time>
        <extensions>
          <ns3:TrackPointExtension>
            <ns3:hr>159</ns3:hr>
            <ns3:cad>97</ns3:cad>
          </ns3:TrackPointExtension>
        </extensions>
      </trkpt>
      <trkpt lat="29.15624834597110748291015625" lon="120.3170083276927471160888671875">
        <ele>130</ele>
        <time>2016-04-28T11:51:48.000Z</time>
        <extensions>
          <ns3:TrackPointExtension>
            <ns3:hr>159</ns3:hr>
            <ns3:cad>96</ns3:cad>
          </ns3:TrackPointExtension>
        </extensions>
      </trkpt>
      <trkpt lat="29.15624834597110748291015625" lon="120.3170083276927471160888671875">
        <ele>130</ele>
        <time>2016-04-28T11:51:49.000Z</time>
        <extensions>
          <ns3:TrackPointExtension>
            <ns3:hr>159</ns3:hr>
            <ns3:cad>96</ns3:cad>
          </ns3:TrackPointExtension>
        </extensions>
      </trkpt>
      <trkpt lat="29.15627944283187389373779296875" lon="120.3170086629688739776611328125">
        <ele>129.8000030517578125</ele>
        <time>2016-04-28T11:51:50.000Z</time>
        <extensions>
          <ns3:TrackPointExtension>
            <ns3:hr>159</ns3:hr>
            <ns3:cad>97</ns3:cad>
          </ns3:TrackPointExtension>
        </extensions>
      </trkpt>
      <trkpt lat="29.15632537566125392913818359375" lon="120.31699583865702152252197265625">
        <ele>129.8000030517578125</ele>
        <time>2016-04-28T11:51:51.000Z</time>
        <extensions>
          <ns3:TrackPointExtension>
            <ns3:hr>158</ns3:hr>
            <ns3:cad>98</ns3:cad>
          </ns3:TrackPointExtension>
        </extensions>
      </trkpt>
      <trkpt lat="29.15632537566125392913818359375" lon="120.31699583865702152252197265625">
        <ele>129.8000030517578125</ele>
        <time>2016-04-28T11:51:52.000Z</time>
        <extensions>
          <ns3:TrackPointExtension>
            <ns3:hr>157</ns3:hr>
            <ns3:cad>98</ns3:cad>
          </ns3:TrackPointExtension>
        </extensions>
      </trkpt>
      <trkpt lat="29.15635487996041774749755859375" lon="120.3169935755431652069091796875">
        <ele>129.600006103515625</ele>
        <time>2016-04-28T11:51:53.000Z</time>
        <extensions>
          <ns3:TrackPointExtension>
            <ns3:hr>157</ns3:hr>
            <ns3:cad>99</ns3:cad>
          </ns3:TrackPointExtension>
        </extensions>
      </trkpt>
      <trkpt lat="29.15641506202518939971923828125" lon="120.31699240207672119140625">
        <ele>129.600006103515625</ele>
        <time>2016-04-28T11:51:54.000Z</time>
        <extensions>
          <ns3:TrackPointExtension>
            <ns3:hr>157</ns3:hr>
            <ns3:cad>99</ns3:cad>
          </ns3:TrackPointExtension>
        </extensions>
      </trkpt>
      <trkpt lat="29.15641506202518939971923828125" lon="120.31699240207672119140625">
        <ele>129.600006103515625</ele>
        <time>2016-04-28T11:51:55.000Z</time>
        <extensions>
          <ns3:TrackPointExtension>
            <ns3:hr>157</ns3:hr>
            <ns3:cad>99</ns3:cad>
          </ns3:TrackPointExtension>
        </extensions>
      </trkpt>
      <trkpt lat="29.156445153057575225830078125" lon="120.3169883787631988525390625">
        <ele>129.8000030517578125</ele>
        <time>2016-04-28T11:51:56.000Z</time>
        <extensions>
          <ns3:TrackPointExtension>
            <ns3:hr>156</ns3:hr>
            <ns3:cad>98</ns3:cad>
          </ns3:TrackPointExtension>
        </extensions>
      </trkpt>
      <trkpt lat="29.1564724780619144439697265625" lon="120.31698175705969333648681640625">
        <ele>129.8000030517578125</ele>
        <time>2016-04-28T11:51:57.000Z</time>
        <extensions>
          <ns3:TrackPointExtension>
            <ns3:hr>160</ns3:hr>
            <ns3:cad>98</ns3:cad>
          </ns3:TrackPointExtension>
        </extensions>
      </trkpt>
      <trkpt lat="29.15653056465089321136474609375" lon="120.31696650199592113494873046875">
        <ele>130.1999969482421875</ele>
        <time>2016-04-28T11:51:58.000Z</time>
        <extensions>
          <ns3:TrackPointExtension>
            <ns3:hr>160</ns3:hr>
            <ns3:cad>98</ns3:cad>
          </ns3:TrackPointExtension>
        </extensions>
      </trkpt>
      <trkpt lat="29.15653056465089321136474609375" lon="120.31696650199592113494873046875">
        <ele>130.1999969482421875</ele>
        <time>2016-04-28T11:51:59.000Z</time>
        <extensions>
          <ns3:TrackPointExtension>
            <ns3:hr>158</ns3:hr>
            <ns3:cad>98</ns3:cad>
          </ns3:TrackPointExtension>
        </extensions>
      </trkpt>
      <trkpt lat="29.156555794179439544677734375" lon="120.3169597126543521881103515625">
        <ele>130.399993896484375</ele>
        <time>2016-04-28T11:52:00.000Z</time>
        <extensions>
          <ns3:TrackPointExtension>
            <ns3:hr>158</ns3:hr>
            <ns3:cad>98</ns3:cad>
          </ns3:TrackPointExtension>
        </extensions>
      </trkpt>
      <trkpt lat="29.15660985745489597320556640625" lon="120.31694387085735797882080078125">
        <ele>130.600006103515625</ele>
        <time>2016-04-28T11:52:01.000Z</time>
        <extensions>
          <ns3:TrackPointExtension>
            <ns3:hr>159</ns3:hr>
            <ns3:cad>98</ns3:cad>
          </ns3:TrackPointExtension>
        </extensions>
      </trkpt>
      <trkpt lat="29.15660985745489597320556640625" lon="120.31694387085735797882080078125">
        <ele>130.600006103515625</ele>
        <time>2016-04-28T11:52:02.000Z</time>
        <extensions>
          <ns3:TrackPointExtension>
            <ns3:hr>158</ns3:hr>
            <ns3:cad>98</ns3:cad>
          </ns3:TrackPointExtension>
        </extensions>
      </trkpt>
      <trkpt lat="29.15663550607860088348388671875" lon="120.3169385902583599090576171875">
        <ele>130.600006103515625</ele>
        <time>2016-04-28T11:52:03.000Z</time>
        <extensions>
          <ns3:TrackPointExtension>
            <ns3:hr>159</ns3:hr>
            <ns3:cad>98</ns3:cad>
          </ns3:TrackPointExtension>
        </extensions>
      </trkpt>
      <trkpt lat="29.15668562985956668853759765625" lon="120.31692258082330226898193359375">
        <ele>130.399993896484375</ele>
        <time>2016-04-28T11:52:04.000Z</time>
        <extensions>
          <ns3:TrackPointExtension>
            <ns3:hr>159</ns3:hr>
            <ns3:cad>99</ns3:cad>
          </ns3:TrackPointExtension>
        </extensions>
      </trkpt>
      <trkpt lat="29.15668562985956668853759765625" lon="120.31692258082330226898193359375">
        <ele>130.399993896484375</ele>
        <time>2016-04-28T11:52:05.000Z</time>
        <extensions>
          <ns3:TrackPointExtension>
            <ns3:hr>158</ns3:hr>
            <ns3:cad>99</ns3:cad>
          </ns3:TrackPointExtension>
        </extensions>
      </trkpt>
      <trkpt lat="29.1567088477313518524169921875" lon="120.31691771931946277618408203125">
        <ele>130.399993896484375</ele>
        <time>2016-04-28T11:52:06.000Z</time>
        <extensions>
          <ns3:TrackPointExtension>
            <ns3:hr>159</ns3:hr>
            <ns3:cad>99</ns3:cad>
          </ns3:TrackPointExtension>
        </extensions>
      </trkpt>
      <trkpt lat="29.15675754658877849578857421875" lon="120.3169033862650394439697265625">
        <ele>130.1999969482421875</ele>
        <time>2016-04-28T11:52:07.000Z</time>
        <extensions>
          <ns3:TrackPointExtension>
            <ns3:hr>159</ns3:hr>
            <ns3:cad>98</ns3:cad>
          </ns3:TrackPointExtension>
        </extensions>
      </trkpt>
      <trkpt lat="29.15675754658877849578857421875" lon="120.3169033862650394439697265625">
        <ele>130.1999969482421875</ele>
        <time>2016-04-28T11:52:08.000Z</time>
        <extensions>
          <ns3:TrackPointExtension>
            <ns3:hr>159</ns3:hr>
            <ns3:cad>98</ns3:cad>
          </ns3:TrackPointExtension>
        </extensions>
      </trkpt>
      <trkpt lat="29.1567809320986270904541015625" lon="120.31689676456153392791748046875">
        <ele>130</ele>
        <time>2016-04-28T11:52:09.000Z</time>
        <extensions>
          <ns3:TrackPointExtension>
            <ns3:hr>159</ns3:hr>
            <ns3:cad>98</ns3:cad>
          </ns3:TrackPointExtension>
        </extensions>
      </trkpt>
      <trkpt lat="29.15683415718376636505126953125" lon="120.31687480397522449493408203125">
        <ele>129.8000030517578125</ele>
        <time>2016-04-28T11:52:10.000Z</time>
        <extensions>
          <ns3:TrackPointExtension>
            <ns3:hr>159</ns3:hr>
            <ns3:cad>98</ns3:cad>
          </ns3:TrackPointExtension>
        </extensions>
      </trkpt>
      <trkpt lat="29.15683415718376636505126953125" lon="120.31687480397522449493408203125">
        <ele>129.8000030517578125</ele>
        <time>2016-04-28T11:52:11.000Z</time>
        <extensions>
          <ns3:TrackPointExtension>
            <ns3:hr>159</ns3:hr>
            <ns3:cad>98</ns3:cad>
          </ns3:TrackPointExtension>
        </extensions>
      </trkpt>
      <trkpt lat="29.15685963816940784454345703125" lon="120.3168604709208011627197265625">
        <ele>129.600006103515625</ele>
        <time>2016-04-28T11:52:12.000Z</time>
        <extensions>
          <ns3:TrackPointExtension>
            <ns3:hr>159</ns3:hr>
            <ns3:cad>98</ns3:cad>
          </ns3:TrackPointExtension>
        </extensions>
      </trkpt>
      <trkpt lat="29.156917221844196319580078125" lon="120.3168319724500179290771484375">
        <ele>129.1999969482421875</ele>
        <time>2016-04-28T11:52:13.000Z</time>
        <extensions>
          <ns3:TrackPointExtension>
            <ns3:hr>159</ns3:hr>
            <ns3:cad>99</ns3:cad>
          </ns3:TrackPointExtension>
        </extensions>
      </trkpt>
      <trkpt lat="29.156917221844196319580078125" lon="120.3168319724500179290771484375">
        <ele>129.1999969482421875</ele>
        <time>2016-04-28T11:52:14.000Z</time>
        <extensions>
          <ns3:TrackPointExtension>
            <ns3:hr>159</ns3:hr>
            <ns3:cad>99</ns3:cad>
          </ns3:TrackPointExtension>
        </extensions>
      </trkpt>
      <trkpt lat="29.156945049762725830078125" lon="120.3168195672333240509033203125">
        <ele>129</ele>
        <time>2016-04-28T11:52:15.000Z</time>
        <extensions>
          <ns3:TrackPointExtension>
            <ns3:hr>159</ns3:hr>
            <ns3:cad>99</ns3:cad>
          </ns3:TrackPointExtension>
        </extensions>
      </trkpt>
      <trkpt lat="29.15697254240512847900390625" lon="120.31680758111178874969482421875">
        <ele>128.8000030517578125</ele>
        <time>2016-04-28T11:52:16.000Z</time>
        <extensions>
          <ns3:TrackPointExtension>
            <ns3:hr>159</ns3:hr>
            <ns3:cad>99</ns3:cad>
          </ns3:TrackPointExtension>
        </extensions>
      </trkpt>
      <trkpt lat="29.15702392347157001495361328125" lon="120.31678478233516216278076171875">
        <ele>128.399993896484375</ele>
        <time>2016-04-28T11:52:17.000Z</time>
        <extensions>
          <ns3:TrackPointExtension>
            <ns3:hr>159</ns3:hr>
            <ns3:cad>99</ns3:cad>
          </ns3:TrackPointExtension>
        </extensions>
      </trkpt>
      <trkpt lat="29.15702392347157001495361328125" lon="120.31678478233516216278076171875">
        <ele>128.399993896484375</ele>
        <time>2016-04-28T11:52:18.000Z</time>
        <extensions>
          <ns3:TrackPointExtension>
            <ns3:hr>159</ns3:hr>
            <ns3:cad>98</ns3:cad>
          </ns3:TrackPointExtension>
        </extensions>
      </trkpt>
      <trkpt lat="29.157051332294940948486328125" lon="120.31677036546170711517333984375">
        <ele>128.399993896484375</ele>
        <time>2016-04-28T11:52:19.000Z</time>
        <extensions>
          <ns3:TrackPointExtension>
            <ns3:hr>159</ns3:hr>
            <ns3:cad>98</ns3:cad>
          </ns3:TrackPointExtension>
        </extensions>
      </trkpt>
      <trkpt lat="29.15707580745220184326171875" lon="120.31675695441663265228271484375">
        <ele>128.399993896484375</ele>
        <time>2016-04-28T11:52:20.000Z</time>
        <extensions>
          <ns3:TrackPointExtension>
            <ns3:hr>160</ns3:hr>
            <ns3:cad>98</ns3:cad>
          </ns3:TrackPointExtension>
        </extensions>
      </trkpt>
      <trkpt lat="29.15709885768592357635498046875" lon="120.31674488447606563568115234375">
        <ele>128.399993896484375</ele>
        <time>2016-04-28T11:52:21.000Z</time>
        <extensions>
          <ns3:TrackPointExtension>
            <ns3:hr>160</ns3:hr>
            <ns3:cad>98</ns3:cad>
          </ns3:TrackPointExtension>
        </extensions>
      </trkpt>
      <trkpt lat="29.15714194066822528839111328125" lon="120.31671722419559955596923828125">
        <ele>128.399993896484375</ele>
        <time>2016-04-28T11:52:22.000Z</time>
        <extensions>
          <ns3:TrackPointExtension>
            <ns3:hr>160</ns3:hr>
            <ns3:cad>98</ns3:cad>
          </ns3:TrackPointExtension>
        </extensions>
      </trkpt>
      <trkpt lat="29.15714194066822528839111328125" lon="120.31671722419559955596923828125">
        <ele>128.399993896484375</ele>
        <time>2016-04-28T11:52:23.000Z</time>
        <extensions>
          <ns3:TrackPointExtension>
            <ns3:hr>160</ns3:hr>
            <ns3:cad>98</ns3:cad>
          </ns3:TrackPointExtension>
        </extensions>
      </trkpt>
      <trkpt lat="29.15716591291129589080810546875" lon="120.31670699827373027801513671875">
        <ele>128.600006103515625</ele>
        <time>2016-04-28T11:52:24.000Z</time>
        <extensions>
          <ns3:TrackPointExtension>
            <ns3:hr>160</ns3:hr>
            <ns3:cad>98</ns3:cad>
          </ns3:TrackPointExtension>
        </extensions>
      </trkpt>
      <trkpt lat="29.157210923731327056884765625" lon="120.31668252311646938323974609375">
        <ele>128.8000030517578125</ele>
        <time>2016-04-28T11:52:25.000Z</time>
        <extensions>
          <ns3:TrackPointExtension>
            <ns3:hr>160</ns3:hr>
            <ns3:cad>98</ns3:cad>
          </ns3:TrackPointExtension>
        </extensions>
      </trkpt>
      <trkpt lat="29.157210923731327056884765625" lon="120.31668252311646938323974609375">
        <ele>128.8000030517578125</ele>
        <time>2016-04-28T11:52:26.000Z</time>
        <extensions>
          <ns3:TrackPointExtension>
            <ns3:hr>160</ns3:hr>
            <ns3:cad>98</ns3:cad>
          </ns3:TrackPointExtension>
        </extensions>
      </trkpt>
      <trkpt lat="29.1572328843176364898681640625" lon="120.31666927970945835113525390625">
        <ele>128.8000030517578125</ele>
        <time>2016-04-28T11:52:27.000Z</time>
        <extensions>
          <ns3:TrackPointExtension>
            <ns3:hr>160</ns3:hr>
            <ns3:cad>98</ns3:cad>
          </ns3:TrackPointExtension>
        </extensions>
      </trkpt>
      <trkpt lat="29.15727890096604824066162109375" lon="120.3166450560092926025390625">
        <ele>129.1999969482421875</ele>
        <time>2016-04-28T11:52:28.000Z</time>
        <extensions>
          <ns3:TrackPointExtension>
            <ns3:hr>160</ns3:hr>
            <ns3:cad>98</ns3:cad>
          </ns3:TrackPointExtension>
        </extensions>
      </trkpt>
      <trkpt lat="29.15727890096604824066162109375" lon="120.3166450560092926025390625">
        <ele>129.1999969482421875</ele>
        <time>2016-04-28T11:52:29.000Z</time>
        <extensions>
          <ns3:TrackPointExtension>
            <ns3:hr>160</ns3:hr>
            <ns3:cad>98</ns3:cad>
          </ns3:TrackPointExtension>
        </extensions>
      </trkpt>
      <trkpt lat="29.1573031246662139892578125" lon="120.31663323752582073211669921875">
        <ele>129.399993896484375</ele>
        <time>2016-04-28T11:52:30.000Z</time>
        <extensions>
          <ns3:TrackPointExtension>
            <ns3:hr>160</ns3:hr>
            <ns3:cad>98</ns3:cad>
          </ns3:TrackPointExtension>
        </extensions>
      </trkpt>
      <trkpt lat="29.157350398600101470947265625" lon="120.31660557724535465240478515625">
        <ele>129.8000030517578125</ele>
        <time>2016-04-28T11:52:31.000Z</time>
        <extensions>
          <ns3:TrackPointExtension>
            <ns3:hr>159</ns3:hr>
            <ns3:cad>99</ns3:cad>
          </ns3:TrackPointExtension>
        </extensions>
      </trkpt>
      <trkpt lat="29.157350398600101470947265625" lon="120.31660557724535465240478515625">
        <ele>129.8000030517578125</ele>
        <time>2016-04-28T11:52:32.000Z</time>
        <extensions>
          <ns3:TrackPointExtension>
            <ns3:hr>159</ns3:hr>
            <ns3:cad>99</ns3:cad>
          </ns3:TrackPointExtension>
        </extensions>
      </trkpt>
      <trkpt lat="29.1573720239102840423583984375" lon="120.31659417785704135894775390625">
        <ele>130</ele>
        <time>2016-04-28T11:52:33.000Z</time>
        <extensions>
          <ns3:TrackPointExtension>
            <ns3:hr>159</ns3:hr>
            <ns3:cad>99</ns3:cad>
          </ns3:TrackPointExtension>
        </extensions>
      </trkpt>
      <trkpt lat="29.15741510689258575439453125" lon="120.316571295261383056640625">
        <ele>130</ele>
        <time>2016-04-28T11:52:34.000Z</time>
        <extensions>
          <ns3:TrackPointExtension>
            <ns3:hr>160</ns3:hr>
            <ns3:cad>99</ns3:cad>
          </ns3:TrackPointExtension>
        </extensions>
      </trkpt>
      <trkpt lat="29.15741510689258575439453125" lon="120.316571295261383056640625">
        <ele>130</ele>
        <time>2016-04-28T11:52:35.000Z</time>
        <extensions>
          <ns3:TrackPointExtension>
            <ns3:hr>160</ns3:hr>
            <ns3:cad>99</ns3:cad>
          </ns3:TrackPointExtension>
        </extensions>
      </trkpt>
      <trkpt lat="29.1574370674788951873779296875" lon="120.3165610693395137786865234375">
        <ele>130</ele>
        <time>2016-04-28T11:52:36.000Z</time>
        <extensions>
          <ns3:TrackPointExtension>
            <ns3:hr>159</ns3:hr>
            <ns3:cad>99</ns3:cad>
          </ns3:TrackPointExtension>
        </extensions>
      </trkpt>
      <trkpt lat="29.1574809886515140533447265625" lon="120.31653215177357196807861328125">
        <ele>130</ele>
        <time>2016-04-28T11:52:37.000Z</time>
        <extensions>
          <ns3:TrackPointExtension>
            <ns3:hr>159</ns3:hr>
            <ns3:cad>100</ns3:cad>
          </ns3:TrackPointExtension>
        </extensions>
      </trkpt>
      <trkpt lat="29.15750563144683837890625" lon="120.316522680222988128662109375">
        <ele>130</ele>
        <time>2016-04-28T11:52:38.000Z</time>
        <extensions>
          <ns3:TrackPointExtension>
            <ns3:hr>159</ns3:hr>
            <ns3:cad>100</ns3:cad>
          </ns3:TrackPointExtension>
        </extensions>
      </trkpt>
      <trkpt lat="29.15750563144683837890625" lon="120.316522680222988128662109375">
        <ele>130</ele>
        <time>2016-04-28T11:52:39.000Z</time>
        <extensions>
          <ns3:TrackPointExtension>
            <ns3:hr>159</ns3:hr>
            <ns3:cad>100</ns3:cad>
          </ns3:TrackPointExtension>
        </extensions>
      </trkpt>
      <trkpt lat="29.15753035806119441986083984375" lon="120.31650834716856479644775390625">
        <ele>130</ele>
        <time>2016-04-28T11:52:40.000Z</time>
        <extensions>
          <ns3:TrackPointExtension>
            <ns3:hr>160</ns3:hr>
            <ns3:cad>99</ns3:cad>
          </ns3:TrackPointExtension>
        </extensions>
      </trkpt>
      <trkpt lat="29.15758349932730197906494140625" lon="120.31649191863834857940673828125">
        <ele>130</ele>
        <time>2016-04-28T11:52:41.000Z</time>
        <extensions>
          <ns3:TrackPointExtension>
            <ns3:hr>160</ns3:hr>
            <ns3:cad>99</ns3:cad>
          </ns3:TrackPointExtension>
        </extensions>
      </trkpt>
      <trkpt lat="29.15758349932730197906494140625" lon="120.31649191863834857940673828125">
        <ele>130</ele>
        <time>2016-04-28T11:52:42.000Z</time>
        <extensions>
          <ns3:TrackPointExtension>
            <ns3:hr>160</ns3:hr>
            <ns3:cad>99</ns3:cad>
          </ns3:TrackPointExtension>
        </extensions>
      </trkpt>
      <trkpt lat="29.1576083935797214508056640625" lon="120.31648169271647930145263671875">
        <ele>130</ele>
        <time>2016-04-28T11:52:43.000Z</time>
        <extensions>
          <ns3:TrackPointExtension>
            <ns3:hr>160</ns3:hr>
            <ns3:cad>99</ns3:cad>
          </ns3:TrackPointExtension>
        </extensions>
      </trkpt>
      <trkpt lat="29.1576563380658626556396484375" lon="120.3164541162550449371337890625">
        <ele>130</ele>
        <time>2016-04-28T11:52:44.000Z</time>
        <extensions>
          <ns3:TrackPointExtension>
            <ns3:hr>161</ns3:hr>
            <ns3:cad>98</ns3:cad>
          </ns3:TrackPointExtension>
        </extensions>
      </trkpt>
      <trkpt lat="29.1576563380658626556396484375" lon="120.3164541162550449371337890625">
        <ele>130</ele>
        <time>2016-04-28T11:52:45.000Z</time>
        <extensions>
          <ns3:TrackPointExtension>
            <ns3:hr>161</ns3:hr>
            <ns3:cad>98</ns3:cad>
          </ns3:TrackPointExtension>
        </extensions>
      </trkpt>
      <trkpt lat="29.1576751135289669036865234375" lon="120.31644045375287532806396484375">
        <ele>130</ele>
        <time>2016-04-28T11:52:46.000Z</time>
        <extensions>
          <ns3:TrackPointExtension>
            <ns3:hr>160</ns3:hr>
            <ns3:cad>97</ns3:cad>
          </ns3:TrackPointExtension>
        </extensions>
      </trkpt>
      <trkpt lat="29.1577188670635223388671875" lon="120.31641849316656589508056640625">
        <ele>130</ele>
        <time>2016-04-28T11:52:47.000Z</time>
        <extensions>
          <ns3:TrackPointExtension>
            <ns3:hr>161</ns3:hr>
            <ns3:cad>98</ns3:cad>
          </ns3:TrackPointExtension>
        </extensions>
      </trkpt>
      <trkpt lat="29.1577188670635223388671875" lon="120.31641849316656589508056640625">
        <ele>130</ele>
        <time>2016-04-28T11:52:48.000Z</time>
        <extensions>
          <ns3:TrackPointExtension>
            <ns3:hr>160</ns3:hr>
            <ns3:cad>98</ns3:cad>
          </ns3:TrackPointExtension>
        </extensions>
      </trkpt>
      <trkpt lat="29.157733283936977386474609375" lon="120.31639887951314449310302734375">
        <ele>130</ele>
        <time>2016-04-28T11:52:49.000Z</time>
        <extensions>
          <ns3:TrackPointExtension>
            <ns3:hr>160</ns3:hr>
            <ns3:cad>98</ns3:cad>
          </ns3:TrackPointExtension>
        </extensions>
      </trkpt>
      <trkpt lat="29.15775432251393795013427734375" lon="120.31636635772883892059326171875">
        <ele>129.8000030517578125</ele>
        <time>2016-04-28T11:52:50.000Z</time>
        <extensions>
          <ns3:TrackPointExtension>
            <ns3:hr>162</ns3:hr>
            <ns3:cad>96</ns3:cad>
          </ns3:TrackPointExtension>
        </extensions>
      </trkpt>
      <trkpt lat="29.15775432251393795013427734375" lon="120.31636635772883892059326171875">
        <ele>129.8000030517578125</ele>
        <time>2016-04-28T11:52:51.000Z</time>
        <extensions>
          <ns3:TrackPointExtension>
            <ns3:hr>162</ns3:hr>
            <ns3:cad>95</ns3:cad>
          </ns3:TrackPointExtension>
        </extensions>
      </trkpt>
      <trkpt lat="29.15776454843580722808837890625" lon="120.31635847873985767364501953125">
        <ele>129.8000030517578125</ele>
        <time>2016-04-28T11:52:52.000Z</time>
        <extensions>
          <ns3:TrackPointExtension>
            <ns3:hr>161</ns3:hr>
            <ns3:cad>93</ns3:cad>
          </ns3:TrackPointExtension>
        </extensions>
      </trkpt>
      <trkpt lat="29.15777527727186679840087890625" lon="120.3163498453795909881591796875">
        <ele>129.600006103515625</ele>
        <time>2016-04-28T11:52:53.000Z</time>
        <extensions>
          <ns3:TrackPointExtension>
            <ns3:hr>161</ns3:hr>
            <ns3:cad>91</ns3:cad>
          </ns3:TrackPointExtension>
        </extensions>
      </trkpt>
      <trkpt lat="29.1578100621700286865234375" lon="120.31633266247808933258056640625">
        <ele>129.399993896484375</ele>
        <time>2016-04-28T11:52:54.000Z</time>
        <extensions>
          <ns3:TrackPointExtension>
            <ns3:hr>161</ns3:hr>
            <ns3:cad>89</ns3:cad>
          </ns3:TrackPointExtension>
        </extensions>
      </trkpt>
      <trkpt lat="29.1578100621700286865234375" lon="120.31633266247808933258056640625">
        <ele>129.399993896484375</ele>
        <time>2016-04-28T11:52:55.000Z</time>
        <extensions>
          <ns3:TrackPointExtension>
            <ns3:hr>159</ns3:hr>
            <ns3:cad>89</ns3:cad>
          </ns3:TrackPointExtension>
        </extensions>
      </trkpt>
      <trkpt lat="29.1578328609466552734375" lon="120.3163210116326808929443359375">
        <ele>129.399993896484375</ele>
        <time>2016-04-28T11:52:56.000Z</time>
        <extensions>
          <ns3:TrackPointExtension>
            <ns3:hr>159</ns3:hr>
            <ns3:cad>89</ns3:cad>
          </ns3:TrackPointExtension>
        </extensions>
      </trkpt>
      <trkpt lat="29.1578824818134307861328125" lon="120.3162978775799274444580078125">
        <ele>129.1999969482421875</ele>
        <time>2016-04-28T11:52:57.000Z</time>
        <extensions>
          <ns3:TrackPointExtension>
            <ns3:hr>159</ns3:hr>
            <ns3:cad>89</ns3:cad>
          </ns3:TrackPointExtension>
        </extensions>
      </trkpt>
      <trkpt lat="29.1578824818134307861328125" lon="120.3162978775799274444580078125">
        <ele>129.1999969482421875</ele>
        <time>2016-04-28T11:52:58.000Z</time>
        <extensions>
          <ns3:TrackPointExtension>
            <ns3:hr>158</ns3:hr>
            <ns3:cad>89</ns3:cad>
          </ns3:TrackPointExtension>
        </extensions>
      </trkpt>
      <trkpt lat="29.15790569968521595001220703125" lon="120.31628689728677272796630859375">
        <ele>129</ele>
        <time>2016-04-28T11:52:59.000Z</time>
        <extensions>
          <ns3:TrackPointExtension>
            <ns3:hr>159</ns3:hr>
            <ns3:cad>95</ns3:cad>
          </ns3:TrackPointExtension>
        </extensions>
      </trkpt>
      <trkpt lat="29.15795615874230861663818359375" lon="120.316257812082767486572265625">
        <ele>129</ele>
        <time>2016-04-28T11:53:00.000Z</time>
        <extensions>
          <ns3:TrackPointExtension>
            <ns3:hr>159</ns3:hr>
            <ns3:cad>96</ns3:cad>
          </ns3:TrackPointExtension>
        </extensions>
      </trkpt>
      <trkpt lat="29.15795615874230861663818359375" lon="120.316257812082767486572265625">
        <ele>129</ele>
        <time>2016-04-28T11:53:01.000Z</time>
        <extensions>
          <ns3:TrackPointExtension>
            <ns3:hr>160</ns3:hr>
            <ns3:cad>96</ns3:cad>
          </ns3:TrackPointExtension>
        </extensions>
      </trkpt>
      <trkpt lat="29.15797728113830089569091796875" lon="120.31624498777091503143310546875">
        <ele>129</ele>
        <time>2016-04-28T11:53:02.000Z</time>
        <extensions>
          <ns3:TrackPointExtension>
            <ns3:hr>160</ns3:hr>
            <ns3:cad>98</ns3:cad>
          </ns3:TrackPointExtension>
        </extensions>
      </trkpt>
      <trkpt lat="29.1580254770815372467041015625" lon="120.31622738577425479888916015625">
        <ele>129</ele>
        <time>2016-04-28T11:53:03.000Z</time>
        <extensions>
          <ns3:TrackPointExtension>
            <ns3:hr>160</ns3:hr>
            <ns3:cad>98</ns3:cad>
          </ns3:TrackPointExtension>
        </extensions>
      </trkpt>
      <trkpt lat="29.1580254770815372467041015625" lon="120.31622738577425479888916015625">
        <ele>129</ele>
        <time>2016-04-28T11:53:04.000Z</time>
        <extensions>
          <ns3:TrackPointExtension>
            <ns3:hr>159</ns3:hr>
            <ns3:cad>98</ns3:cad>
          </ns3:TrackPointExtension>
        </extensions>
      </trkpt>
      <trkpt lat="29.1580487787723541259765625" lon="120.31621715985238552093505859375">
        <ele>129</ele>
        <time>2016-04-28T11:53:05.000Z</time>
        <extensions>
          <ns3:TrackPointExtension>
            <ns3:hr>159</ns3:hr>
            <ns3:cad>98</ns3:cad>
          </ns3:TrackPointExtension>
        </extensions>
      </trkpt>
      <trkpt lat="29.15809948928654193878173828125" lon="120.316191427409648895263671875">
        <ele>129</ele>
        <time>2016-04-28T11:53:06.000Z</time>
        <extensions>
          <ns3:TrackPointExtension>
            <ns3:hr>158</ns3:hr>
            <ns3:cad>97</ns3:cad>
          </ns3:TrackPointExtension>
        </extensions>
      </trkpt>
      <trkpt lat="29.15809948928654193878173828125" lon="120.316191427409648895263671875">
        <ele>129</ele>
        <time>2016-04-28T11:53:07.000Z</time>
        <extensions>
          <ns3:TrackPointExtension>
            <ns3:hr>157</ns3:hr>
            <ns3:cad>98</ns3:cad>
          </ns3:TrackPointExtension>
        </extensions>
      </trkpt>
      <trkpt lat="29.1581223718822002410888671875" lon="120.316171981394290924072265625">
        <ele>128.8000030517578125</ele>
        <time>2016-04-28T11:53:08.000Z</time>
        <extensions>
          <ns3:TrackPointExtension>
            <ns3:hr>157</ns3:hr>
            <ns3:cad>98</ns3:cad>
          </ns3:TrackPointExtension>
        </extensions>
      </trkpt>
      <trkpt lat="29.1581589169800281524658203125" lon="120.3161359392106533050537109375">
        <ele>128.600006103515625</ele>
        <time>2016-04-28T11:53:09.000Z</time>
        <extensions>
          <ns3:TrackPointExtension>
            <ns3:hr>158</ns3:hr>
            <ns3:cad>99</ns3:cad>
          </ns3:TrackPointExtension>
        </extensions>
      </trkpt>
      <trkpt lat="29.1581589169800281524658203125" lon="120.3161359392106533050537109375">
        <ele>128.600006103515625</ele>
        <time>2016-04-28T11:53:10.000Z</time>
        <extensions>
          <ns3:TrackPointExtension>
            <ns3:hr>160</ns3:hr>
            <ns3:cad>99</ns3:cad>
          </ns3:TrackPointExtension>
        </extensions>
      </trkpt>
      <trkpt lat="29.15817878209054470062255859375" lon="120.3161171637475490570068359375">
        <ele>128.399993896484375</ele>
        <time>2016-04-28T11:53:11.000Z</time>
        <extensions>
          <ns3:TrackPointExtension>
            <ns3:hr>160</ns3:hr>
            <ns3:cad>99</ns3:cad>
          </ns3:TrackPointExtension>
        </extensions>
      </trkpt>
      <trkpt lat="29.15822538547217845916748046875" lon="120.3160799480974674224853515625">
        <ele>128.1999969482421875</ele>
        <time>2016-04-28T11:53:12.000Z</time>
        <extensions>
          <ns3:TrackPointExtension>
            <ns3:hr>160</ns3:hr>
            <ns3:cad>98</ns3:cad>
          </ns3:TrackPointExtension>
        </extensions>
      </trkpt>
      <trkpt lat="29.15822538547217845916748046875" lon="120.3160799480974674224853515625">
        <ele>128.1999969482421875</ele>
        <time>2016-04-28T11:53:13.000Z</time>
        <extensions>
          <ns3:TrackPointExtension>
            <ns3:hr>160</ns3:hr>
            <ns3:cad>98</ns3:cad>
          </ns3:TrackPointExtension>
        </extensions>
      </trkpt>
      <trkpt lat="29.1582464240491390228271484375" lon="120.316061340272426605224609375">
        <ele>128.1999969482421875</ele>
        <time>2016-04-28T11:53:14.000Z</time>
        <extensions>
          <ns3:TrackPointExtension>
            <ns3:hr>159</ns3:hr>
            <ns3:cad>98</ns3:cad>
          </ns3:TrackPointExtension>
        </extensions>
      </trkpt>
      <trkpt lat="29.15828908793628215789794921875" lon="120.31602202914655208587646484375">
        <ele>128</ele>
        <time>2016-04-28T11:53:15.000Z</time>
        <extensions>
          <ns3:TrackPointExtension>
            <ns3:hr>158</ns3:hr>
            <ns3:cad>98</ns3:cad>
          </ns3:TrackPointExtension>
        </extensions>
      </trkpt>
      <trkpt lat="29.15828908793628215789794921875" lon="120.31602202914655208587646484375">
        <ele>128</ele>
        <time>2016-04-28T11:53:16.000Z</time>
        <extensions>
          <ns3:TrackPointExtension>
            <ns3:hr>158</ns3:hr>
            <ns3:cad>98</ns3:cad>
          </ns3:TrackPointExtension>
        </extensions>
      </trkpt>
      <trkpt lat="29.1583094559609889984130859375" lon="120.31600610353052616119384765625">
        <ele>128</ele>
        <time>2016-04-28T11:53:17.000Z</time>
        <extensions>
          <ns3:TrackPointExtension>
            <ns3:hr>159</ns3:hr>
            <ns3:cad>98</ns3:cad>
          </ns3:TrackPointExtension>
        </extensions>
      </trkpt>
      <trkpt lat="29.15834943763911724090576171875" lon="120.31597324647009372711181640625">
        <ele>127.8000030517578125</ele>
        <time>2016-04-28T11:53:18.000Z</time>
        <extensions>
          <ns3:TrackPointExtension>
            <ns3:hr>161</ns3:hr>
            <ns3:cad>98</ns3:cad>
          </ns3:TrackPointExtension>
        </extensions>
      </trkpt>
      <trkpt lat="29.15834943763911724090576171875" lon="120.31597324647009372711181640625">
        <ele>127.8000030517578125</ele>
        <time>2016-04-28T11:53:19.000Z</time>
        <extensions>
          <ns3:TrackPointExtension>
            <ns3:hr>162</ns3:hr>
            <ns3:cad>98</ns3:cad>
          </ns3:TrackPointExtension>
        </extensions>
      </trkpt>
      <trkpt lat="29.1583929397165775299072265625" lon="120.31593888066709041595458984375">
        <ele>127.8000030517578125</ele>
        <time>2016-04-28T11:53:20.000Z</time>
        <extensions>
          <ns3:TrackPointExtension>
            <ns3:hr>162</ns3:hr>
            <ns3:cad>99</ns3:cad>
          </ns3:TrackPointExtension>
        </extensions>
      </trkpt>
      <trkpt lat="29.15841816924512386322021484375" lon="120.3159284032881259918212890625">
        <ele>127.8000030517578125</ele>
        <time>2016-04-28T11:53:21.000Z</time>
        <extensions>
          <ns3:TrackPointExtension>
            <ns3:hr>161</ns3:hr>
            <ns3:cad>99</ns3:cad>
          </ns3:TrackPointExtension>
        </extensions>
      </trkpt>
      <trkpt lat="29.15841816924512386322021484375" lon="120.3159284032881259918212890625">
        <ele>127.8000030517578125</ele>
        <time>2016-04-28T11:53:22.000Z</time>
        <extensions>
          <ns3:TrackPointExtension>
            <ns3:hr>161</ns3:hr>
            <ns3:cad>99</ns3:cad>
          </ns3:TrackPointExtension>
        </extensions>
      </trkpt>
      <trkpt lat="29.1584472544491291046142578125" lon="120.3159180097281932830810546875">
        <ele>128</ele>
        <time>2016-04-28T11:53:23.000Z</time>
        <extensions>
          <ns3:TrackPointExtension>
            <ns3:hr>161</ns3:hr>
            <ns3:cad>99</ns3:cad>
          </ns3:TrackPointExtension>
        </extensions>
      </trkpt>
      <trkpt lat="29.158508777618408203125" lon="120.31589495949447154998779296875">
        <ele>128</ele>
        <time>2016-04-28T11:53:24.000Z</time>
        <extensions>
          <ns3:TrackPointExtension>
            <ns3:hr>161</ns3:hr>
            <ns3:cad>99</ns3:cad>
          </ns3:TrackPointExtension>
        </extensions>
      </trkpt>
      <trkpt lat="29.158508777618408203125" lon="120.31589495949447154998779296875">
        <ele>128</ele>
        <time>2016-04-28T11:53:25.000Z</time>
        <extensions>
          <ns3:TrackPointExtension>
            <ns3:hr>161</ns3:hr>
            <ns3:cad>99</ns3:cad>
          </ns3:TrackPointExtension>
        </extensions>
      </trkpt>
      <trkpt lat="29.158537276089191436767578125" lon="120.31588490121066570281982421875">
        <ele>128</ele>
        <time>2016-04-28T11:53:26.000Z</time>
        <extensions>
          <ns3:TrackPointExtension>
            <ns3:hr>161</ns3:hr>
            <ns3:cad>99</ns3:cad>
          </ns3:TrackPointExtension>
        </extensions>
      </trkpt>
      <trkpt lat="29.15858899243175983428955078125" lon="120.31587400473654270172119140625">
        <ele>128</ele>
        <time>2016-04-28T11:53:27.000Z</time>
        <extensions>
          <ns3:TrackPointExtension>
            <ns3:hr>161</ns3:hr>
            <ns3:cad>99</ns3:cad>
          </ns3:TrackPointExtension>
        </extensions>
      </trkpt>
      <trkpt lat="29.15858899243175983428955078125" lon="120.31587400473654270172119140625">
        <ele>128</ele>
        <time>2016-04-28T11:53:28.000Z</time>
        <extensions>
          <ns3:TrackPointExtension>
            <ns3:hr>161</ns3:hr>
            <ns3:cad>99</ns3:cad>
          </ns3:TrackPointExtension>
        </extensions>
      </trkpt>
      <trkpt lat="29.158617742359638214111328125" lon="120.31586562283337116241455078125">
        <ele>128</ele>
        <time>2016-04-28T11:53:29.000Z</time>
        <extensions>
          <ns3:TrackPointExtension>
            <ns3:hr>161</ns3:hr>
            <ns3:cad>99</ns3:cad>
          </ns3:TrackPointExtension>
        </extensions>
      </trkpt>
      <trkpt lat="29.1586708836257457733154296875" lon="120.31584215350449085235595703125">
        <ele>128</ele>
        <time>2016-04-28T11:53:30.000Z</time>
        <extensions>
          <ns3:TrackPointExtension>
            <ns3:hr>160</ns3:hr>
            <ns3:cad>99</ns3:cad>
          </ns3:TrackPointExtension>
        </extensions>
      </trkpt>
      <trkpt lat="29.1586708836257457733154296875" lon="120.31584215350449085235595703125">
        <ele>128</ele>
        <time>2016-04-28T11:53:31.000Z</time>
        <extensions>
          <ns3:TrackPointExtension>
            <ns3:hr>160</ns3:hr>
            <ns3:cad>99</ns3:cad>
          </ns3:TrackPointExtension>
        </extensions>
      </trkpt>
      <trkpt lat="29.15872058831155300140380859375" lon="120.3158162534236907958984375">
        <ele>128</ele>
        <time>2016-04-28T11:53:32.000Z</time>
        <extensions>
          <ns3:TrackPointExtension>
            <ns3:hr>161</ns3:hr>
            <ns3:cad>99</ns3:cad>
          </ns3:TrackPointExtension>
        </extensions>
      </trkpt>
      <trkpt lat="29.15872058831155300140380859375" lon="120.3158162534236907958984375">
        <ele>128</ele>
        <time>2016-04-28T11:53:33.000Z</time>
        <extensions>
          <ns3:TrackPointExtension>
            <ns3:hr>162</ns3:hr>
            <ns3:cad>98</ns3:cad>
          </ns3:TrackPointExtension>
        </extensions>
      </trkpt>
      <trkpt lat="29.15874154306948184967041015625" lon="120.3158033452928066253662109375">
        <ele>128</ele>
        <time>2016-04-28T11:53:34.000Z</time>
        <extensions>
          <ns3:TrackPointExtension>
            <ns3:hr>160</ns3:hr>
            <ns3:cad>98</ns3:cad>
          </ns3:TrackPointExtension>
        </extensions>
      </trkpt>
      <trkpt lat="29.15878965519368648529052734375" lon="120.3157787024974822998046875">
        <ele>128</ele>
        <time>2016-04-28T11:53:35.000Z</time>
        <extensions>
          <ns3:TrackPointExtension>
            <ns3:hr>160</ns3:hr>
            <ns3:cad>98</ns3:cad>
          </ns3:TrackPointExtension>
        </extensions>
      </trkpt>
      <trkpt lat="29.15878965519368648529052734375" lon="120.3157787024974822998046875">
        <ele>128</ele>
        <time>2016-04-28T11:53:36.000Z</time>
        <extensions>
          <ns3:TrackPointExtension>
            <ns3:hr>160</ns3:hr>
            <ns3:cad>98</ns3:cad>
          </ns3:TrackPointExtension>
        </extensions>
      </trkpt>
      <trkpt lat="29.15883877314627170562744140625" lon="120.3157570771872997283935546875">
        <ele>128</ele>
        <time>2016-04-28T11:53:37.000Z</time>
        <extensions>
          <ns3:TrackPointExtension>
            <ns3:hr>160</ns3:hr>
            <ns3:cad>98</ns3:cad>
          </ns3:TrackPointExtension>
        </extensions>
      </trkpt>
      <trkpt lat="29.15883877314627170562744140625" lon="120.3157570771872997283935546875">
        <ele>128</ele>
        <time>2016-04-28T11:53:38.000Z</time>
        <extensions>
          <ns3:TrackPointExtension>
            <ns3:hr>160</ns3:hr>
            <ns3:cad>98</ns3:cad>
          </ns3:TrackPointExtension>
        </extensions>
      </trkpt>
      <trkpt lat="29.1588643379509449005126953125" lon="120.3157463483512401580810546875">
        <ele>128</ele>
        <time>2016-04-28T11:53:39.000Z</time>
        <extensions>
          <ns3:TrackPointExtension>
            <ns3:hr>158</ns3:hr>
            <ns3:cad>98</ns3:cad>
          </ns3:TrackPointExtension>
        </extensions>
      </trkpt>
      <trkpt lat="29.15891957469284534454345703125" lon="120.315722040832042694091796875">
        <ele>128</ele>
        <time>2016-04-28T11:53:40.000Z</time>
        <extensions>
          <ns3:TrackPointExtension>
            <ns3:hr>160</ns3:hr>
            <ns3:cad>99</ns3:cad>
          </ns3:TrackPointExtension>
        </extensions>
      </trkpt>
      <trkpt lat="29.15891957469284534454345703125" lon="120.315722040832042694091796875">
        <ele>128</ele>
        <time>2016-04-28T11:53:41.000Z</time>
        <extensions>
          <ns3:TrackPointExtension>
            <ns3:hr>158</ns3:hr>
            <ns3:cad>99</ns3:cad>
          </ns3:TrackPointExtension>
        </extensions>
      </trkpt>
      <trkpt lat="29.158944301307201385498046875" lon="120.31570988707244396209716796875">
        <ele>127.8000030517578125</ele>
        <time>2016-04-28T11:53:42.000Z</time>
        <extensions>
          <ns3:TrackPointExtension>
            <ns3:hr>158</ns3:hr>
            <ns3:cad>99</ns3:cad>
          </ns3:TrackPointExtension>
        </extensions>
      </trkpt>
      <trkpt lat="29.15899626910686492919921875" lon="120.31569077633321285247802734375">
        <ele>127.8000030517578125</ele>
        <time>2016-04-28T11:53:43.000Z</time>
        <extensions>
          <ns3:TrackPointExtension>
            <ns3:hr>159</ns3:hr>
            <ns3:cad>99</ns3:cad>
          </ns3:TrackPointExtension>
        </extensions>
      </trkpt>
      <trkpt lat="29.15899626910686492919921875" lon="120.31569077633321285247802734375">
        <ele>127.8000030517578125</ele>
        <time>2016-04-28T11:53:44.000Z</time>
        <extensions>
          <ns3:TrackPointExtension>
            <ns3:hr>161</ns3:hr>
            <ns3:cad>99</ns3:cad>
          </ns3:TrackPointExtension>
        </extensions>
      </trkpt>
      <trkpt lat="29.15902200154960155487060546875" lon="120.31567887403070926666259765625">
        <ele>127.8000030517578125</ele>
        <time>2016-04-28T11:53:45.000Z</time>
        <extensions>
          <ns3:TrackPointExtension>
            <ns3:hr>162</ns3:hr>
            <ns3:cad>100</ns3:cad>
          </ns3:TrackPointExtension>
        </extensions>
      </trkpt>
      <trkpt lat="29.15904865600168704986572265625" lon="120.3156740963459014892578125">
        <ele>127.59999847412109375</ele>
        <time>2016-04-28T11:53:46.000Z</time>
        <extensions>
          <ns3:TrackPointExtension>
            <ns3:hr>163</ns3:hr>
            <ns3:cad>100</ns3:cad>
          </ns3:TrackPointExtension>
        </extensions>
      </trkpt>
      <trkpt lat="29.159076400101184844970703125" lon="120.31566831283271312713623046875">
        <ele>127.59999847412109375</ele>
        <time>2016-04-28T11:53:47.000Z</time>
        <extensions>
          <ns3:TrackPointExtension>
            <ns3:hr>163</ns3:hr>
            <ns3:cad>99</ns3:cad>
          </ns3:TrackPointExtension>
        </extensions>
      </trkpt>
      <trkpt lat="29.15913641452789306640625" lon="120.3156544826924800872802734375">
        <ele>127.1999969482421875</ele>
        <time>2016-04-28T11:53:48.000Z</time>
        <extensions>
          <ns3:TrackPointExtension>
            <ns3:hr>161</ns3:hr>
            <ns3:cad>99</ns3:cad>
          </ns3:TrackPointExtension>
        </extensions>
      </trkpt>
      <trkpt lat="29.15913641452789306640625" lon="120.3156544826924800872802734375">
        <ele>127.1999969482421875</ele>
        <time>2016-04-28T11:53:49.000Z</time>
        <extensions>
          <ns3:TrackPointExtension>
            <ns3:hr>160</ns3:hr>
            <ns3:cad>99</ns3:cad>
          </ns3:TrackPointExtension>
        </extensions>
      </trkpt>
      <trkpt lat="29.1591677628457546234130859375" lon="120.31565389595925807952880859375">
        <ele>127.1999969482421875</ele>
        <time>2016-04-28T11:53:50.000Z</time>
        <extensions>
          <ns3:TrackPointExtension>
            <ns3:hr>160</ns3:hr>
            <ns3:cad>100</ns3:cad>
          </ns3:TrackPointExtension>
        </extensions>
      </trkpt>
      <trkpt lat="29.15922484360635280609130859375" lon="120.3156464360654354095458984375">
        <ele>127</ele>
        <time>2016-04-28T11:53:51.000Z</time>
        <extensions>
          <ns3:TrackPointExtension>
            <ns3:hr>160</ns3:hr>
            <ns3:cad>99</ns3:cad>
          </ns3:TrackPointExtension>
        </extensions>
      </trkpt>
      <trkpt lat="29.15922484360635280609130859375" lon="120.3156464360654354095458984375">
        <ele>127</ele>
        <time>2016-04-28T11:53:52.000Z</time>
        <extensions>
          <ns3:TrackPointExtension>
            <ns3:hr>159</ns3:hr>
            <ns3:cad>99</ns3:cad>
          </ns3:TrackPointExtension>
        </extensions>
      </trkpt>
      <trkpt lat="29.159254767000675201416015625" lon="120.31565037555992603302001953125">
        <ele>127</ele>
        <time>2016-04-28T11:53:53.000Z</time>
        <extensions>
          <ns3:TrackPointExtension>
            <ns3:hr>158</ns3:hr>
            <ns3:cad>99</ns3:cad>
          </ns3:TrackPointExtension>
        </extensions>
      </trkpt>
      <trkpt lat="29.15931276977062225341796875" lon="120.3156457655131816864013671875">
        <ele>127</ele>
        <time>2016-04-28T11:53:54.000Z</time>
        <extensions>
          <ns3:TrackPointExtension>
            <ns3:hr>159</ns3:hr>
            <ns3:cad>100</ns3:cad>
          </ns3:TrackPointExtension>
        </extensions>
      </trkpt>
      <trkpt lat="29.15931276977062225341796875" lon="120.3156457655131816864013671875">
        <ele>127</ele>
        <time>2016-04-28T11:53:55.000Z</time>
        <extensions>
          <ns3:TrackPointExtension>
            <ns3:hr>160</ns3:hr>
            <ns3:cad>100</ns3:cad>
          </ns3:TrackPointExtension>
        </extensions>
      </trkpt>
      <trkpt lat="29.15934621356427669525146484375" lon="120.31564953736960887908935546875">
        <ele>127.1999969482421875</ele>
        <time>2016-04-28T11:53:56.000Z</time>
        <extensions>
          <ns3:TrackPointExtension>
            <ns3:hr>160</ns3:hr>
            <ns3:cad>100</ns3:cad>
          </ns3:TrackPointExtension>
        </extensions>
      </trkpt>
      <trkpt lat="29.15940673090517520904541015625" lon="120.31565289013087749481201171875">
        <ele>127.40000152587890625</ele>
        <time>2016-04-28T11:53:57.000Z</time>
        <extensions>
          <ns3:TrackPointExtension>
            <ns3:hr>160</ns3:hr>
            <ns3:cad>100</ns3:cad>
          </ns3:TrackPointExtension>
        </extensions>
      </trkpt>
      <trkpt lat="29.15940673090517520904541015625" lon="120.31565289013087749481201171875">
        <ele>127.40000152587890625</ele>
        <time>2016-04-28T11:53:58.000Z</time>
        <extensions>
          <ns3:TrackPointExtension>
            <ns3:hr>159</ns3:hr>
            <ns3:cad>100</ns3:cad>
          </ns3:TrackPointExtension>
        </extensions>
      </trkpt>
      <trkpt lat="29.15943615138530731201171875" lon="120.31565641053020954132080078125">
        <ele>127.40000152587890625</ele>
        <time>2016-04-28T11:53:59.000Z</time>
        <extensions>
          <ns3:TrackPointExtension>
            <ns3:hr>157</ns3:hr>
            <ns3:cad>100</ns3:cad>
          </ns3:TrackPointExtension>
        </extensions>
      </trkpt>
      <trkpt lat="29.1594899632036685943603515625" lon="120.31565054319798946380615234375">
        <ele>127.59999847412109375</ele>
        <time>2016-04-28T11:54:00.000Z</time>
        <extensions>
          <ns3:TrackPointExtension>
            <ns3:hr>158</ns3:hr>
            <ns3:cad>99</ns3:cad>
          </ns3:TrackPointExtension>
        </extensions>
      </trkpt>
      <trkpt lat="29.1594899632036685943603515625" lon="120.31565054319798946380615234375">
        <ele>127.59999847412109375</ele>
        <time>2016-04-28T11:54:01.000Z</time>
        <extensions>
          <ns3:TrackPointExtension>
            <ns3:hr>158</ns3:hr>
            <ns3:cad>99</ns3:cad>
          </ns3:TrackPointExtension>
        </extensions>
      </trkpt>
      <trkpt lat="29.1595483012497425079345703125" lon="120.3156437538564205169677734375">
        <ele>127.8000030517578125</ele>
        <time>2016-04-28T11:54:02.000Z</time>
        <extensions>
          <ns3:TrackPointExtension>
            <ns3:hr>158</ns3:hr>
            <ns3:cad>99</ns3:cad>
          </ns3:TrackPointExtension>
        </extensions>
      </trkpt>
      <trkpt lat="29.1595483012497425079345703125" lon="120.3156437538564205169677734375">
        <ele>127.8000030517578125</ele>
        <time>2016-04-28T11:54:03.000Z</time>
        <extensions>
          <ns3:TrackPointExtension>
            <ns3:hr>158</ns3:hr>
            <ns3:cad>99</ns3:cad>
          </ns3:TrackPointExtension>
        </extensions>
      </trkpt>
      <trkpt lat="29.1595778055489063262939453125" lon="120.31563780270516872406005859375">
        <ele>128</ele>
        <time>2016-04-28T11:54:04.000Z</time>
        <extensions>
          <ns3:TrackPointExtension>
            <ns3:hr>161</ns3:hr>
            <ns3:cad>100</ns3:cad>
          </ns3:TrackPointExtension>
        </extensions>
      </trkpt>
      <trkpt lat="29.15963220410048961639404296875" lon="120.31562455929815769195556640625">
        <ele>128</ele>
        <time>2016-04-28T11:54:05.000Z</time>
        <extensions>
          <ns3:TrackPointExtension>
            <ns3:hr>159</ns3:hr>
            <ns3:cad>100</ns3:cad>
          </ns3:TrackPointExtension>
        </extensions>
      </trkpt>
      <trkpt lat="29.15963220410048961639404296875" lon="120.31562455929815769195556640625">
        <ele>128</ele>
        <time>2016-04-28T11:54:06.000Z</time>
        <extensions>
          <ns3:TrackPointExtension>
            <ns3:hr>159</ns3:hr>
            <ns3:cad>100</ns3:cad>
          </ns3:TrackPointExtension>
        </extensions>
      </trkpt>
      <trkpt lat="29.159659445285797119140625" lon="120.31562204472720623016357421875">
        <ele>128</ele>
        <time>2016-04-28T11:54:07.000Z</time>
        <extensions>
          <ns3:TrackPointExtension>
            <ns3:hr>160</ns3:hr>
            <ns3:cad>101</ns3:cad>
          </ns3:TrackPointExtension>
        </extensions>
      </trkpt>
      <trkpt lat="29.15971501730382442474365234375" lon="120.31561131589114665985107421875">
        <ele>128</ele>
        <time>2016-04-28T11:54:08.000Z</time>
        <extensions>
          <ns3:TrackPointExtension>
            <ns3:hr>160</ns3:hr>
            <ns3:cad>101</ns3:cad>
          </ns3:TrackPointExtension>
        </extensions>
      </trkpt>
      <trkpt lat="29.15971501730382442474365234375" lon="120.31561131589114665985107421875">
        <ele>128</ele>
        <time>2016-04-28T11:54:09.000Z</time>
        <extensions>
          <ns3:TrackPointExtension>
            <ns3:hr>160</ns3:hr>
            <ns3:cad>101</ns3:cad>
          </ns3:TrackPointExtension>
        </extensions>
      </trkpt>
      <trkpt lat="29.15974116884171962738037109375" lon="120.31560561619699001312255859375">
        <ele>128</ele>
        <time>2016-04-28T11:54:10.000Z</time>
        <extensions>
          <ns3:TrackPointExtension>
            <ns3:hr>160</ns3:hr>
            <ns3:cad>99</ns3:cad>
          </ns3:TrackPointExtension>
        </extensions>
      </trkpt>
      <trkpt lat="29.159794561564922332763671875" lon="120.31558784656226634979248046875">
        <ele>127.59999847412109375</ele>
        <time>2016-04-28T11:54:11.000Z</time>
        <extensions>
          <ns3:TrackPointExtension>
            <ns3:hr>160</ns3:hr>
            <ns3:cad>99</ns3:cad>
          </ns3:TrackPointExtension>
        </extensions>
      </trkpt>
      <trkpt lat="29.159794561564922332763671875" lon="120.31558784656226634979248046875">
        <ele>127.59999847412109375</ele>
        <time>2016-04-28T11:54:12.000Z</time>
        <extensions>
          <ns3:TrackPointExtension>
            <ns3:hr>160</ns3:hr>
            <ns3:cad>100</ns3:cad>
          </ns3:TrackPointExtension>
        </extensions>
      </trkpt>
      <trkpt lat="29.1598228923976421356201171875" lon="120.31557778827846050262451171875">
        <ele>127.59999847412109375</ele>
        <time>2016-04-28T11:54:13.000Z</time>
        <extensions>
          <ns3:TrackPointExtension>
            <ns3:hr>161</ns3:hr>
            <ns3:cad>100</ns3:cad>
          </ns3:TrackPointExtension>
        </extensions>
      </trkpt>
      <trkpt lat="29.15988097898662090301513671875" lon="120.31556169502437114715576171875">
        <ele>127.1999969482421875</ele>
        <time>2016-04-28T11:54:14.000Z</time>
        <extensions>
          <ns3:TrackPointExtension>
            <ns3:hr>161</ns3:hr>
            <ns3:cad>99</ns3:cad>
          </ns3:TrackPointExtension>
        </extensions>
      </trkpt>
      <trkpt lat="29.15988097898662090301513671875" lon="120.31556169502437114715576171875">
        <ele>127.1999969482421875</ele>
        <time>2016-04-28T11:54:15.000Z</time>
        <extensions>
          <ns3:TrackPointExtension>
            <ns3:hr>161</ns3:hr>
            <ns3:cad>99</ns3:cad>
          </ns3:TrackPointExtension>
        </extensions>
      </trkpt>
      <trkpt lat="29.1599097289144992828369140625" lon="120.31555163674056529998779296875">
        <ele>127.1999969482421875</ele>
        <time>2016-04-28T11:54:16.000Z</time>
        <extensions>
          <ns3:TrackPointExtension>
            <ns3:hr>161</ns3:hr>
            <ns3:cad>99</ns3:cad>
          </ns3:TrackPointExtension>
        </extensions>
      </trkpt>
      <trkpt lat="29.1599611937999725341796875" lon="120.31552883796393871307373046875">
        <ele>126.59999847412109375</ele>
        <time>2016-04-28T11:54:17.000Z</time>
        <extensions>
          <ns3:TrackPointExtension>
            <ns3:hr>162</ns3:hr>
            <ns3:cad>100</ns3:cad>
          </ns3:TrackPointExtension>
        </extensions>
      </trkpt>
      <trkpt lat="29.1599611937999725341796875" lon="120.31552883796393871307373046875">
        <ele>126.59999847412109375</ele>
        <time>2016-04-28T11:54:18.000Z</time>
        <extensions>
          <ns3:TrackPointExtension>
            <ns3:hr>164</ns3:hr>
            <ns3:cad>100</ns3:cad>
          </ns3:TrackPointExtension>
        </extensions>
      </trkpt>
      <trkpt lat="29.1599855013191699981689453125" lon="120.31551525928080081939697265625">
        <ele>126.40000152587890625</ele>
        <time>2016-04-28T11:54:19.000Z</time>
        <extensions>
          <ns3:TrackPointExtension>
            <ns3:hr>165</ns3:hr>
            <ns3:cad>100</ns3:cad>
          </ns3:TrackPointExtension>
        </extensions>
      </trkpt>
      <trkpt lat="29.16003755293786525726318359375" lon="120.3154938854277133941650390625">
        <ele>125.8000030517578125</ele>
        <time>2016-04-28T11:54:20.000Z</time>
        <extensions>
          <ns3:TrackPointExtension>
            <ns3:hr>165</ns3:hr>
            <ns3:cad>100</ns3:cad>
          </ns3:TrackPointExtension>
        </extensions>
      </trkpt>
      <trkpt lat="29.16003755293786525726318359375" lon="120.3154938854277133941650390625">
        <ele>125.8000030517578125</ele>
        <time>2016-04-28T11:54:21.000Z</time>
        <extensions>
          <ns3:TrackPointExtension>
            <ns3:hr>166</ns3:hr>
            <ns3:cad>100</ns3:cad>
          </ns3:TrackPointExtension>
        </extensions>
      </trkpt>
      <trkpt lat="29.16006571613252162933349609375" lon="120.31548592261970043182373046875">
        <ele>125.59999847412109375</ele>
        <time>2016-04-28T11:54:22.000Z</time>
        <extensions>
          <ns3:TrackPointExtension>
            <ns3:hr>165</ns3:hr>
            <ns3:cad>100</ns3:cad>
          </ns3:TrackPointExtension>
        </extensions>
      </trkpt>
      <trkpt lat="29.1601221263408660888671875" lon="120.31547091901302337646484375">
        <ele>125.1999969482421875</ele>
        <time>2016-04-28T11:54:23.000Z</time>
        <extensions>
          <ns3:TrackPointExtension>
            <ns3:hr>164</ns3:hr>
            <ns3:cad>99</ns3:cad>
          </ns3:TrackPointExtension>
        </extensions>
      </trkpt>
      <trkpt lat="29.1601221263408660888671875" lon="120.31547091901302337646484375">
        <ele>125.1999969482421875</ele>
        <time>2016-04-28T11:54:24.000Z</time>
        <extensions>
          <ns3:TrackPointExtension>
            <ns3:hr>164</ns3:hr>
            <ns3:cad>99</ns3:cad>
          </ns3:TrackPointExtension>
        </extensions>
      </trkpt>
      <trkpt lat="29.1601474396884441375732421875" lon="120.3154583461582660675048828125">
        <ele>124.8000030517578125</ele>
        <time>2016-04-28T11:54:25.000Z</time>
        <extensions>
          <ns3:TrackPointExtension>
            <ns3:hr>164</ns3:hr>
            <ns3:cad>99</ns3:cad>
          </ns3:TrackPointExtension>
        </extensions>
      </trkpt>
      <trkpt lat="29.160173423588275909423828125" lon="120.3154449351131916046142578125">
        <ele>124.8000030517578125</ele>
        <time>2016-04-28T11:54:26.000Z</time>
        <extensions>
          <ns3:TrackPointExtension>
            <ns3:hr>164</ns3:hr>
            <ns3:cad>100</ns3:cad>
          </ns3:TrackPointExtension>
        </extensions>
      </trkpt>
      <trkpt lat="29.16020192205905914306640625" lon="120.31543429009616374969482421875">
        <ele>124.59999847412109375</ele>
        <time>2016-04-28T11:54:27.000Z</time>
        <extensions>
          <ns3:TrackPointExtension>
            <ns3:hr>164</ns3:hr>
            <ns3:cad>100</ns3:cad>
          </ns3:TrackPointExtension>
        </extensions>
      </trkpt>
      <trkpt lat="29.16022899560630321502685546875" lon="120.31541685573756694793701171875">
        <ele>124.40000152587890625</ele>
        <time>2016-04-28T11:54:28.000Z</time>
        <extensions>
          <ns3:TrackPointExtension>
            <ns3:hr>165</ns3:hr>
            <ns3:cad>100</ns3:cad>
          </ns3:TrackPointExtension>
        </extensions>
      </trkpt>
      <trkpt lat="29.16025430895388126373291015625" lon="120.31540243886411190032958984375">
        <ele>124.1999969482421875</ele>
        <time>2016-04-28T11:54:29.000Z</time>
        <extensions>
          <ns3:TrackPointExtension>
            <ns3:hr>166</ns3:hr>
            <ns3:cad>100</ns3:cad>
          </ns3:TrackPointExtension>
        </extensions>
      </trkpt>
      <trkpt lat="29.1602808795869350433349609375" lon="120.31538919545710086822509765625">
        <ele>124</ele>
        <time>2016-04-28T11:54:30.000Z</time>
        <extensions>
          <ns3:TrackPointExtension>
            <ns3:hr>165</ns3:hr>
            <ns3:cad>100</ns3:cad>
          </ns3:TrackPointExtension>
        </extensions>
      </trkpt>
      <trkpt lat="29.16030560620129108428955078125" lon="120.31537561677396297454833984375">
        <ele>123.8000030517578125</ele>
        <time>2016-04-28T11:54:31.000Z</time>
        <extensions>
          <ns3:TrackPointExtension>
            <ns3:hr>166</ns3:hr>
            <ns3:cad>100</ns3:cad>
          </ns3:TrackPointExtension>
        </extensions>
      </trkpt>
      <trkpt lat="29.160329997539520263671875" lon="120.31536287628114223480224609375">
        <ele>123.59999847412109375</ele>
        <time>2016-04-28T11:54:32.000Z</time>
        <extensions>
          <ns3:TrackPointExtension>
            <ns3:hr>167</ns3:hr>
            <ns3:cad>100</ns3:cad>
          </ns3:TrackPointExtension>
        </extensions>
      </trkpt>
      <trkpt lat="29.16035556234419345855712890625" lon="120.31535432673990726470947265625">
        <ele>123.40000152587890625</ele>
        <time>2016-04-28T11:54:33.000Z</time>
        <extensions>
          <ns3:TrackPointExtension>
            <ns3:hr>166</ns3:hr>
            <ns3:cad>100</ns3:cad>
          </ns3:TrackPointExtension>
        </extensions>
      </trkpt>
      <trkpt lat="29.1604072786867618560791015625" lon="120.315332449972629547119140625">
        <ele>123</ele>
        <time>2016-04-28T11:54:34.000Z</time>
        <extensions>
          <ns3:TrackPointExtension>
            <ns3:hr>167</ns3:hr>
            <ns3:cad>100</ns3:cad>
          </ns3:TrackPointExtension>
        </extensions>
      </trkpt>
      <trkpt lat="29.1604072786867618560791015625" lon="120.315332449972629547119140625">
        <ele>123</ele>
        <time>2016-04-28T11:54:35.000Z</time>
        <extensions>
          <ns3:TrackPointExtension>
            <ns3:hr>166</ns3:hr>
            <ns3:cad>100</ns3:cad>
          </ns3:TrackPointExtension>
        </extensions>
      </trkpt>
      <trkpt lat="29.1604337655007839202880859375" lon="120.315319709479808807373046875">
        <ele>122.8000030517578125</ele>
        <time>2016-04-28T11:54:36.000Z</time>
        <extensions>
          <ns3:TrackPointExtension>
            <ns3:hr>166</ns3:hr>
            <ns3:cad>100</ns3:cad>
          </ns3:TrackPointExtension>
        </extensions>
      </trkpt>
      <trkpt lat="29.16047953069210052490234375" lon="120.3152789734303951263427734375">
        <ele>122</ele>
        <time>2016-04-28T11:54:37.000Z</time>
        <extensions>
          <ns3:TrackPointExtension>
            <ns3:hr>165</ns3:hr>
            <ns3:cad>100</ns3:cad>
          </ns3:TrackPointExtension>
        </extensions>
      </trkpt>
      <trkpt lat="29.16047953069210052490234375" lon="120.3152789734303951263427734375">
        <ele>122</ele>
        <time>2016-04-28T11:54:38.000Z</time>
        <extensions>
          <ns3:TrackPointExtension>
            <ns3:hr>166</ns3:hr>
            <ns3:cad>100</ns3:cad>
          </ns3:TrackPointExtension>
        </extensions>
      </trkpt>
      <trkpt lat="29.16050492785871028900146484375" lon="120.315260030329227447509765625">
        <ele>121.59999847412109375</ele>
        <time>2016-04-28T11:54:39.000Z</time>
        <extensions>
          <ns3:TrackPointExtension>
            <ns3:hr>165</ns3:hr>
            <ns3:cad>100</ns3:cad>
          </ns3:TrackPointExtension>
        </extensions>
      </trkpt>
      <trkpt lat="29.16053174994885921478271484375" lon="120.31524586491286754608154296875">
        <ele>121.59999847412109375</ele>
        <time>2016-04-28T11:54:40.000Z</time>
        <extensions>
          <ns3:TrackPointExtension>
            <ns3:hr>165</ns3:hr>
            <ns3:cad>100</ns3:cad>
          </ns3:TrackPointExtension>
        </extensions>
      </trkpt>
      <trkpt lat="29.160559661686420440673828125" lon="120.315234549343585968017578125">
        <ele>121.40000152587890625</ele>
        <time>2016-04-28T11:54:41.000Z</time>
        <extensions>
          <ns3:TrackPointExtension>
            <ns3:hr>165</ns3:hr>
            <ns3:cad>99</ns3:cad>
          </ns3:TrackPointExtension>
        </extensions>
      </trkpt>
      <trkpt lat="29.16058673523366451263427734375" lon="120.31522574834525585174560546875">
        <ele>121.40000152587890625</ele>
        <time>2016-04-28T11:54:42.000Z</time>
        <extensions>
          <ns3:TrackPointExtension>
            <ns3:hr>166</ns3:hr>
            <ns3:cad>99</ns3:cad>
          </ns3:TrackPointExtension>
        </extensions>
      </trkpt>
      <trkpt lat="29.1606129705905914306640625" lon="120.3152154386043548583984375">
        <ele>121.1999969482421875</ele>
        <time>2016-04-28T11:54:43.000Z</time>
        <extensions>
          <ns3:TrackPointExtension>
            <ns3:hr>165</ns3:hr>
            <ns3:cad>100</ns3:cad>
          </ns3:TrackPointExtension>
        </extensions>
      </trkpt>
      <trkpt lat="29.16063853539526462554931640625" lon="120.3152045421302318572998046875">
        <ele>121.1999969482421875</ele>
        <time>2016-04-28T11:54:44.000Z</time>
        <extensions>
          <ns3:TrackPointExtension>
            <ns3:hr>166</ns3:hr>
            <ns3:cad>100</ns3:cad>
          </ns3:TrackPointExtension>
        </extensions>
      </trkpt>
      <trkpt lat="29.16066435165703296661376953125" lon="120.31519641168415546417236328125">
        <ele>121</ele>
        <time>2016-04-28T11:54:45.000Z</time>
        <extensions>
          <ns3:TrackPointExtension>
            <ns3:hr>166</ns3:hr>
            <ns3:cad>100</ns3:cad>
          </ns3:TrackPointExtension>
        </extensions>
      </trkpt>
      <trkpt lat="29.1606885753571987152099609375" lon="120.3151884488761425018310546875">
        <ele>121</ele>
        <time>2016-04-28T11:54:46.000Z</time>
        <extensions>
          <ns3:TrackPointExtension>
            <ns3:hr>166</ns3:hr>
            <ns3:cad>99</ns3:cad>
          </ns3:TrackPointExtension>
        </extensions>
      </trkpt>
      <trkpt lat="29.16071313433349132537841796875" lon="120.3151787258684635162353515625">
        <ele>121.1999969482421875</ele>
        <time>2016-04-28T11:54:47.000Z</time>
        <extensions>
          <ns3:TrackPointExtension>
            <ns3:hr>167</ns3:hr>
            <ns3:cad>98</ns3:cad>
          </ns3:TrackPointExtension>
        </extensions>
      </trkpt>
      <trkpt lat="29.16073828004300594329833984375" lon="120.31516958959400653839111328125">
        <ele>121.1999969482421875</ele>
        <time>2016-04-28T11:54:48.000Z</time>
        <extensions>
          <ns3:TrackPointExtension>
            <ns3:hr>166</ns3:hr>
            <ns3:cad>98</ns3:cad>
          </ns3:TrackPointExtension>
        </extensions>
      </trkpt>
      <trkpt lat="29.16076124645769596099853515625" lon="120.315160118043422698974609375">
        <ele>121.40000152587890625</ele>
        <time>2016-04-28T11:54:49.000Z</time>
        <extensions>
          <ns3:TrackPointExtension>
            <ns3:hr>166</ns3:hr>
            <ns3:cad>98</ns3:cad>
          </ns3:TrackPointExtension>
        </extensions>
      </trkpt>
      <trkpt lat="29.16078521870076656341552734375" lon="120.31515399925410747528076171875">
        <ele>121.40000152587890625</ele>
        <time>2016-04-28T11:54:50.000Z</time>
        <extensions>
          <ns3:TrackPointExtension>
            <ns3:hr>163</ns3:hr>
            <ns3:cad>98</ns3:cad>
          </ns3:TrackPointExtension>
        </extensions>
      </trkpt>
      <trkpt lat="29.160832576453685760498046875" lon="120.3151337988674640655517578125">
        <ele>121.8000030517578125</ele>
        <time>2016-04-28T11:54:51.000Z</time>
        <extensions>
          <ns3:TrackPointExtension>
            <ns3:hr>162</ns3:hr>
            <ns3:cad>98</ns3:cad>
          </ns3:TrackPointExtension>
        </extensions>
      </trkpt>
      <trkpt lat="29.160832576453685760498046875" lon="120.3151337988674640655517578125">
        <ele>121.8000030517578125</ele>
        <time>2016-04-28T11:54:52.000Z</time>
        <extensions>
          <ns3:TrackPointExtension>
            <ns3:hr>162</ns3:hr>
            <ns3:cad>98</ns3:cad>
          </ns3:TrackPointExtension>
        </extensions>
      </trkpt>
      <trkpt lat="29.16085663251578807830810546875" lon="120.315123237669467926025390625">
        <ele>121.8000030517578125</ele>
        <time>2016-04-28T11:54:53.000Z</time>
        <extensions>
          <ns3:TrackPointExtension>
            <ns3:hr>163</ns3:hr>
            <ns3:cad>98</ns3:cad>
          </ns3:TrackPointExtension>
        </extensions>
      </trkpt>
      <trkpt lat="29.1608813591301441192626953125" lon="120.31511125154793262481689453125">
        <ele>122</ele>
        <time>2016-04-28T11:54:54.000Z</time>
        <extensions>
          <ns3:TrackPointExtension>
            <ns3:hr>161</ns3:hr>
            <ns3:cad>99</ns3:cad>
          </ns3:TrackPointExtension>
        </extensions>
      </trkpt>
      <trkpt lat="29.16092854924499988555908203125" lon="120.31508912332355976104736328125">
        <ele>122</ele>
        <time>2016-04-28T11:54:55.000Z</time>
        <extensions>
          <ns3:TrackPointExtension>
            <ns3:hr>163</ns3:hr>
            <ns3:cad>99</ns3:cad>
          </ns3:TrackPointExtension>
        </extensions>
      </trkpt>
      <trkpt lat="29.16092854924499988555908203125" lon="120.31508912332355976104736328125">
        <ele>122</ele>
        <time>2016-04-28T11:54:56.000Z</time>
        <extensions>
          <ns3:TrackPointExtension>
            <ns3:hr>162</ns3:hr>
            <ns3:cad>98</ns3:cad>
          </ns3:TrackPointExtension>
        </extensions>
      </trkpt>
      <trkpt lat="29.160952605307102203369140625" lon="120.31507940031588077545166015625">
        <ele>122</ele>
        <time>2016-04-28T11:54:57.000Z</time>
        <extensions>
          <ns3:TrackPointExtension>
            <ns3:hr>161</ns3:hr>
            <ns3:cad>98</ns3:cad>
          </ns3:TrackPointExtension>
        </extensions>
      </trkpt>
      <trkpt lat="29.16097749955952167510986328125" lon="120.31506950967013835906982421875">
        <ele>122</ele>
        <time>2016-04-28T11:54:58.000Z</time>
        <extensions>
          <ns3:TrackPointExtension>
            <ns3:hr>163</ns3:hr>
            <ns3:cad>98</ns3:cad>
          </ns3:TrackPointExtension>
        </extensions>
      </trkpt>
      <trkpt lat="29.16100130416452884674072265625" lon="120.3150580264627933502197265625">
        <ele>122</ele>
        <time>2016-04-28T11:54:59.000Z</time>
        <extensions>
          <ns3:TrackPointExtension>
            <ns3:hr>163</ns3:hr>
            <ns3:cad>98</ns3:cad>
          </ns3:TrackPointExtension>
        </extensions>
      </trkpt>
      <trkpt lat="29.16104874573647975921630859375" lon="120.31503581441938877105712890625">
        <ele>122</ele>
        <time>2016-04-28T11:55:00.000Z</time>
        <extensions>
          <ns3:TrackPointExtension>
            <ns3:hr>163</ns3:hr>
            <ns3:cad>98</ns3:cad>
          </ns3:TrackPointExtension>
        </extensions>
      </trkpt>
      <trkpt lat="29.16104874573647975921630859375" lon="120.31503581441938877105712890625">
        <ele>122</ele>
        <time>2016-04-28T11:55:01.000Z</time>
        <extensions>
          <ns3:TrackPointExtension>
            <ns3:hr>163</ns3:hr>
            <ns3:cad>98</ns3:cad>
          </ns3:TrackPointExtension>
        </extensions>
      </trkpt>
      <trkpt lat="29.1610717959702014923095703125" lon="120.31502190046012401580810546875">
        <ele>122</ele>
        <time>2016-04-28T11:55:02.000Z</time>
        <extensions>
          <ns3:TrackPointExtension>
            <ns3:hr>163</ns3:hr>
            <ns3:cad>98</ns3:cad>
          </ns3:TrackPointExtension>
        </extensions>
      </trkpt>
      <trkpt lat="29.16109501384198665618896484375" lon="120.31501469202339649200439453125">
        <ele>122</ele>
        <time>2016-04-28T11:55:03.000Z</time>
        <extensions>
          <ns3:TrackPointExtension>
            <ns3:hr>163</ns3:hr>
            <ns3:cad>98</ns3:cad>
          </ns3:TrackPointExtension>
        </extensions>
      </trkpt>
      <trkpt lat="29.1611190699040889739990234375" lon="120.315010584890842437744140625">
        <ele>122</ele>
        <time>2016-04-28T11:55:04.000Z</time>
        <extensions>
          <ns3:TrackPointExtension>
            <ns3:hr>163</ns3:hr>
            <ns3:cad>98</ns3:cad>
          </ns3:TrackPointExtension>
        </extensions>
      </trkpt>
      <trkpt lat="29.16114471852779388427734375" lon="120.3150023706257343292236328125">
        <ele>122</ele>
        <time>2016-04-28T11:55:05.000Z</time>
        <extensions>
          <ns3:TrackPointExtension>
            <ns3:hr>163</ns3:hr>
            <ns3:cad>98</ns3:cad>
          </ns3:TrackPointExtension>
        </extensions>
      </trkpt>
      <trkpt lat="29.16117112152278423309326171875" lon="120.3149946592748165130615234375">
        <ele>122</ele>
        <time>2016-04-28T11:55:06.000Z</time>
        <extensions>
          <ns3:TrackPointExtension>
            <ns3:hr>163</ns3:hr>
            <ns3:cad>98</ns3:cad>
          </ns3:TrackPointExtension>
        </extensions>
      </trkpt>
      <trkpt lat="29.16122174821794033050537109375" lon="120.3149767220020294189453125">
        <ele>122</ele>
        <time>2016-04-28T11:55:07.000Z</time>
        <extensions>
          <ns3:TrackPointExtension>
            <ns3:hr>163</ns3:hr>
            <ns3:cad>98</ns3:cad>
          </ns3:TrackPointExtension>
        </extensions>
      </trkpt>
      <trkpt lat="29.16122174821794033050537109375" lon="120.3149767220020294189453125">
        <ele>122</ele>
        <time>2016-04-28T11:55:08.000Z</time>
        <extensions>
          <ns3:TrackPointExtension>
            <ns3:hr>163</ns3:hr>
            <ns3:cad>98</ns3:cad>
          </ns3:TrackPointExtension>
        </extensions>
      </trkpt>
      <trkpt lat="29.1612458042800426483154296875" lon="120.31496825627982616424560546875">
        <ele>122</ele>
        <time>2016-04-28T11:55:09.000Z</time>
        <extensions>
          <ns3:TrackPointExtension>
            <ns3:hr>163</ns3:hr>
            <ns3:cad>98</ns3:cad>
          </ns3:TrackPointExtension>
        </extensions>
      </trkpt>
      <trkpt lat="29.16127103380858898162841796875" lon="120.31496037729084491729736328125">
        <ele>122</ele>
        <time>2016-04-28T11:55:10.000Z</time>
        <extensions>
          <ns3:TrackPointExtension>
            <ns3:hr>163</ns3:hr>
            <ns3:cad>98</ns3:cad>
          </ns3:TrackPointExtension>
        </extensions>
      </trkpt>
      <trkpt lat="29.1612984426319599151611328125" lon="120.3149507381021976470947265625">
        <ele>122</ele>
        <time>2016-04-28T11:55:11.000Z</time>
        <extensions>
          <ns3:TrackPointExtension>
            <ns3:hr>163</ns3:hr>
            <ns3:cad>98</ns3:cad>
          </ns3:TrackPointExtension>
        </extensions>
      </trkpt>
      <trkpt lat="29.16134932078421115875244140625" lon="120.3149393387138843536376953125">
        <ele>121.8000030517578125</ele>
        <time>2016-04-28T11:55:12.000Z</time>
        <extensions>
          <ns3:TrackPointExtension>
            <ns3:hr>161</ns3:hr>
            <ns3:cad>98</ns3:cad>
          </ns3:TrackPointExtension>
        </extensions>
      </trkpt>
      <trkpt lat="29.16134932078421115875244140625" lon="120.3149393387138843536376953125">
        <ele>121.8000030517578125</ele>
        <time>2016-04-28T11:55:13.000Z</time>
        <extensions>
          <ns3:TrackPointExtension>
            <ns3:hr>161</ns3:hr>
            <ns3:cad>98</ns3:cad>
          </ns3:TrackPointExtension>
        </extensions>
      </trkpt>
      <trkpt lat="29.16137228719890117645263671875" lon="120.314932800829410552978515625">
        <ele>121.59999847412109375</ele>
        <time>2016-04-28T11:55:14.000Z</time>
        <extensions>
          <ns3:TrackPointExtension>
            <ns3:hr>162</ns3:hr>
            <ns3:cad>98</ns3:cad>
          </ns3:TrackPointExtension>
        </extensions>
      </trkpt>
      <trkpt lat="29.16139458306133747100830078125" lon="120.31492508947849273681640625">
        <ele>121.59999847412109375</ele>
        <time>2016-04-28T11:55:15.000Z</time>
        <extensions>
          <ns3:TrackPointExtension>
            <ns3:hr>161</ns3:hr>
            <ns3:cad>99</ns3:cad>
          </ns3:TrackPointExtension>
        </extensions>
      </trkpt>
      <trkpt lat="29.161419309675693511962890625" lon="120.31491704285144805908203125">
        <ele>121.40000152587890625</ele>
        <time>2016-04-28T11:55:16.000Z</time>
        <extensions>
          <ns3:TrackPointExtension>
            <ns3:hr>161</ns3:hr>
            <ns3:cad>99</ns3:cad>
          </ns3:TrackPointExtension>
        </extensions>
      </trkpt>
      <trkpt lat="29.1614449582993984222412109375" lon="120.314909331500530242919921875">
        <ele>121.1999969482421875</ele>
        <time>2016-04-28T11:55:17.000Z</time>
        <extensions>
          <ns3:TrackPointExtension>
            <ns3:hr>162</ns3:hr>
            <ns3:cad>99</ns3:cad>
          </ns3:TrackPointExtension>
        </extensions>
      </trkpt>
      <trkpt lat="29.1614697687327861785888671875" lon="120.31490069814026355743408203125">
        <ele>121.1999969482421875</ele>
        <time>2016-04-28T11:55:18.000Z</time>
        <extensions>
          <ns3:TrackPointExtension>
            <ns3:hr>162</ns3:hr>
            <ns3:cad>99</ns3:cad>
          </ns3:TrackPointExtension>
        </extensions>
      </trkpt>
      <trkpt lat="29.161495082080364227294921875" lon="120.314892567694187164306640625">
        <ele>121</ele>
        <time>2016-04-28T11:55:19.000Z</time>
        <extensions>
          <ns3:TrackPointExtension>
            <ns3:hr>161</ns3:hr>
            <ns3:cad>99</ns3:cad>
          </ns3:TrackPointExtension>
        </extensions>
      </trkpt>
      <trkpt lat="29.161520898342132568359375" lon="120.3148843534290790557861328125">
        <ele>121</ele>
        <time>2016-04-28T11:55:20.000Z</time>
        <extensions>
          <ns3:TrackPointExtension>
            <ns3:hr>162</ns3:hr>
            <ns3:cad>99</ns3:cad>
          </ns3:TrackPointExtension>
        </extensions>
      </trkpt>
      <trkpt lat="29.16154629550874233245849609375" lon="120.3148756362497806549072265625">
        <ele>121</ele>
        <time>2016-04-28T11:55:21.000Z</time>
        <extensions>
          <ns3:TrackPointExtension>
            <ns3:hr>163</ns3:hr>
            <ns3:cad>99</ns3:cad>
          </ns3:TrackPointExtension>
        </extensions>
      </trkpt>
      <trkpt lat="29.16157186031341552734375" lon="120.3148667514324188232421875">
        <ele>121</ele>
        <time>2016-04-28T11:55:22.000Z</time>
        <extensions>
          <ns3:TrackPointExtension>
            <ns3:hr>162</ns3:hr>
            <ns3:cad>99</ns3:cad>
          </ns3:TrackPointExtension>
        </extensions>
      </trkpt>
      <trkpt lat="29.16159667074680328369140625" lon="120.31485694460570812225341796875">
        <ele>121</ele>
        <time>2016-04-28T11:55:23.000Z</time>
        <extensions>
          <ns3:TrackPointExtension>
            <ns3:hr>163</ns3:hr>
            <ns3:cad>98</ns3:cad>
          </ns3:TrackPointExtension>
        </extensions>
      </trkpt>
      <trkpt lat="29.16161988861858844757080078125" lon="120.3148498199880123138427734375">
        <ele>121</ele>
        <time>2016-04-28T11:55:24.000Z</time>
        <extensions>
          <ns3:TrackPointExtension>
            <ns3:hr>163</ns3:hr>
            <ns3:cad>98</ns3:cad>
          </ns3:TrackPointExtension>
        </extensions>
      </trkpt>
      <trkpt lat="29.16164369322359561920166015625" lon="120.3148427791893482208251953125">
        <ele>121</ele>
        <time>2016-04-28T11:55:25.000Z</time>
        <extensions>
          <ns3:TrackPointExtension>
            <ns3:hr>163</ns3:hr>
            <ns3:cad>98</ns3:cad>
          </ns3:TrackPointExtension>
        </extensions>
      </trkpt>
      <trkpt lat="29.16166699491441249847412109375" lon="120.314831547439098358154296875">
        <ele>121</ele>
        <time>2016-04-28T11:55:26.000Z</time>
        <extensions>
          <ns3:TrackPointExtension>
            <ns3:hr>162</ns3:hr>
            <ns3:cad>99</ns3:cad>
          </ns3:TrackPointExtension>
        </extensions>
      </trkpt>
      <trkpt lat="29.161689542233943939208984375" lon="120.3148219920694828033447265625">
        <ele>121</ele>
        <time>2016-04-28T11:55:27.000Z</time>
        <extensions>
          <ns3:TrackPointExtension>
            <ns3:hr>162</ns3:hr>
            <ns3:cad>99</ns3:cad>
          </ns3:TrackPointExtension>
        </extensions>
      </trkpt>
      <trkpt lat="29.161714352667331695556640625" lon="120.314812771975994110107421875">
        <ele>121</ele>
        <time>2016-04-28T11:55:28.000Z</time>
        <extensions>
          <ns3:TrackPointExtension>
            <ns3:hr>161</ns3:hr>
            <ns3:cad>99</ns3:cad>
          </ns3:TrackPointExtension>
        </extensions>
      </trkpt>
      <trkpt lat="29.16173882782459259033203125" lon="120.31480447389185428619384765625">
        <ele>121</ele>
        <time>2016-04-28T11:55:29.000Z</time>
        <extensions>
          <ns3:TrackPointExtension>
            <ns3:hr>161</ns3:hr>
            <ns3:cad>98</ns3:cad>
          </ns3:TrackPointExtension>
        </extensions>
      </trkpt>
      <trkpt lat="29.16176254861056804656982421875" lon="120.31479475088417530059814453125">
        <ele>121</ele>
        <time>2016-04-28T11:55:30.000Z</time>
        <extensions>
          <ns3:TrackPointExtension>
            <ns3:hr>160</ns3:hr>
            <ns3:cad>98</ns3:cad>
          </ns3:TrackPointExtension>
        </extensions>
      </trkpt>
      <trkpt lat="29.16181233711540699005126953125" lon="120.3147750534117221832275390625">
        <ele>121</ele>
        <time>2016-04-28T11:55:31.000Z</time>
        <extensions>
          <ns3:TrackPointExtension>
            <ns3:hr>160</ns3:hr>
            <ns3:cad>98</ns3:cad>
          </ns3:TrackPointExtension>
        </extensions>
      </trkpt>
      <trkpt lat="29.16181233711540699005126953125" lon="120.3147750534117221832275390625">
        <ele>121</ele>
        <time>2016-04-28T11:55:32.000Z</time>
        <extensions>
          <ns3:TrackPointExtension>
            <ns3:hr>160</ns3:hr>
            <ns3:cad>98</ns3:cad>
          </ns3:TrackPointExtension>
        </extensions>
      </trkpt>
      <trkpt lat="29.161837399005889892578125" lon="120.314766503870487213134765625">
        <ele>121.1999969482421875</ele>
        <time>2016-04-28T11:55:33.000Z</time>
        <extensions>
          <ns3:TrackPointExtension>
            <ns3:hr>160</ns3:hr>
            <ns3:cad>98</ns3:cad>
          </ns3:TrackPointExtension>
        </extensions>
      </trkpt>
      <trkpt lat="29.1618643887341022491455078125" lon="120.31475854106247425079345703125">
        <ele>121.1999969482421875</ele>
        <time>2016-04-28T11:55:34.000Z</time>
        <extensions>
          <ns3:TrackPointExtension>
            <ns3:hr>160</ns3:hr>
            <ns3:cad>98</ns3:cad>
          </ns3:TrackPointExtension>
        </extensions>
      </trkpt>
      <trkpt lat="29.1618902049958705902099609375" lon="120.31475007534027099609375">
        <ele>121.40000152587890625</ele>
        <time>2016-04-28T11:55:35.000Z</time>
        <extensions>
          <ns3:TrackPointExtension>
            <ns3:hr>161</ns3:hr>
            <ns3:cad>98</ns3:cad>
          </ns3:TrackPointExtension>
        </extensions>
      </trkpt>
      <trkpt lat="29.16191509924829006195068359375" lon="120.3147428669035434722900390625">
        <ele>121.40000152587890625</ele>
        <time>2016-04-28T11:55:36.000Z</time>
        <extensions>
          <ns3:TrackPointExtension>
            <ns3:hr>161</ns3:hr>
            <ns3:cad>98</ns3:cad>
          </ns3:TrackPointExtension>
        </extensions>
      </trkpt>
      <trkpt lat="29.16194175370037555694580078125" lon="120.31473373062908649444580078125">
        <ele>121.59999847412109375</ele>
        <time>2016-04-28T11:55:37.000Z</time>
        <extensions>
          <ns3:TrackPointExtension>
            <ns3:hr>161</ns3:hr>
            <ns3:cad>98</ns3:cad>
          </ns3:TrackPointExtension>
        </extensions>
      </trkpt>
      <trkpt lat="29.1619669832289218902587890625" lon="120.31472526490688323974609375">
        <ele>121.59999847412109375</ele>
        <time>2016-04-28T11:55:38.000Z</time>
        <extensions>
          <ns3:TrackPointExtension>
            <ns3:hr>162</ns3:hr>
            <ns3:cad>98</ns3:cad>
          </ns3:TrackPointExtension>
        </extensions>
      </trkpt>
      <trkpt lat="29.161991290748119354248046875" lon="120.31471327878534793853759765625">
        <ele>121.59999847412109375</ele>
        <time>2016-04-28T11:55:39.000Z</time>
        <extensions>
          <ns3:TrackPointExtension>
            <ns3:hr>161</ns3:hr>
            <ns3:cad>98</ns3:cad>
          </ns3:TrackPointExtension>
        </extensions>
      </trkpt>
      <trkpt lat="29.16201584972441196441650390625" lon="120.3147009573876857757568359375">
        <ele>121.8000030517578125</ele>
        <time>2016-04-28T11:55:40.000Z</time>
        <extensions>
          <ns3:TrackPointExtension>
            <ns3:hr>162</ns3:hr>
            <ns3:cad>98</ns3:cad>
          </ns3:TrackPointExtension>
        </extensions>
      </trkpt>
      <trkpt lat="29.16203998960554599761962890625" lon="120.31468964181840419769287109375">
        <ele>121.8000030517578125</ele>
        <time>2016-04-28T11:55:41.000Z</time>
        <extensions>
          <ns3:TrackPointExtension>
            <ns3:hr>162</ns3:hr>
            <ns3:cad>99</ns3:cad>
          </ns3:TrackPointExtension>
        </extensions>
      </trkpt>
      <trkpt lat="29.16206580586731433868408203125" lon="120.31467908062040805816650390625">
        <ele>122</ele>
        <time>2016-04-28T11:55:42.000Z</time>
        <extensions>
          <ns3:TrackPointExtension>
            <ns3:hr>162</ns3:hr>
            <ns3:cad>99</ns3:cad>
          </ns3:TrackPointExtension>
        </extensions>
      </trkpt>
      <trkpt lat="29.1620908677577972412109375" lon="120.3146684356033802032470703125">
        <ele>122</ele>
        <time>2016-04-28T11:55:43.000Z</time>
        <extensions>
          <ns3:TrackPointExtension>
            <ns3:hr>162</ns3:hr>
            <ns3:cad>98</ns3:cad>
          </ns3:TrackPointExtension>
        </extensions>
      </trkpt>
      <trkpt lat="29.16211375035345554351806640625" lon="120.31465644948184490203857421875">
        <ele>121.8000030517578125</ele>
        <time>2016-04-28T11:55:44.000Z</time>
        <extensions>
          <ns3:TrackPointExtension>
            <ns3:hr>162</ns3:hr>
            <ns3:cad>98</ns3:cad>
          </ns3:TrackPointExtension>
        </extensions>
      </trkpt>
      <trkpt lat="29.162136130034923553466796875" lon="120.31464169733226299285888671875">
        <ele>121.40000152587890625</ele>
        <time>2016-04-28T11:55:45.000Z</time>
        <extensions>
          <ns3:TrackPointExtension>
            <ns3:hr>162</ns3:hr>
            <ns3:cad>98</ns3:cad>
          </ns3:TrackPointExtension>
        </extensions>
      </trkpt>
      <trkpt lat="29.16217829100787639617919921875" lon="120.3146211616694927215576171875">
        <ele>120.8000030517578125</ele>
        <time>2016-04-28T11:55:46.000Z</time>
        <extensions>
          <ns3:TrackPointExtension>
            <ns3:hr>162</ns3:hr>
            <ns3:cad>98</ns3:cad>
          </ns3:TrackPointExtension>
        </extensions>
      </trkpt>
      <trkpt lat="29.16217829100787639617919921875" lon="120.3146211616694927215576171875">
        <ele>120.8000030517578125</ele>
        <time>2016-04-28T11:55:47.000Z</time>
        <extensions>
          <ns3:TrackPointExtension>
            <ns3:hr>162</ns3:hr>
            <ns3:cad>98</ns3:cad>
          </ns3:TrackPointExtension>
        </extensions>
      </trkpt>
      <trkpt lat="29.162203185260295867919921875" lon="120.3146146237850189208984375">
        <ele>120.59999847412109375</ele>
        <time>2016-04-28T11:55:48.000Z</time>
        <extensions>
          <ns3:TrackPointExtension>
            <ns3:hr>162</ns3:hr>
            <ns3:cad>98</ns3:cad>
          </ns3:TrackPointExtension>
        </extensions>
      </trkpt>
      <trkpt lat="29.16223076172173023223876953125" lon="120.31461604870855808258056640625">
        <ele>120.1999969482421875</ele>
        <time>2016-04-28T11:55:49.000Z</time>
        <extensions>
          <ns3:TrackPointExtension>
            <ns3:hr>162</ns3:hr>
            <ns3:cad>98</ns3:cad>
          </ns3:TrackPointExtension>
        </extensions>
      </trkpt>
      <trkpt lat="29.1622947156429290771484375" lon="120.31461722217500209808349609375">
        <ele>119.59999847412109375</ele>
        <time>2016-04-28T11:55:50.000Z</time>
        <extensions>
          <ns3:TrackPointExtension>
            <ns3:hr>162</ns3:hr>
            <ns3:cad>97</ns3:cad>
          </ns3:TrackPointExtension>
        </extensions>
      </trkpt>
      <trkpt lat="29.1622947156429290771484375" lon="120.31461722217500209808349609375">
        <ele>119.59999847412109375</ele>
        <time>2016-04-28T11:55:51.000Z</time>
        <extensions>
          <ns3:TrackPointExtension>
            <ns3:hr>162</ns3:hr>
            <ns3:cad>97</ns3:cad>
          </ns3:TrackPointExtension>
        </extensions>
      </trkpt>
      <trkpt lat="29.1623260639607906341552734375" lon="120.3146201558411121368408203125">
        <ele>119.1999969482421875</ele>
        <time>2016-04-28T11:55:52.000Z</time>
        <extensions>
          <ns3:TrackPointExtension>
            <ns3:hr>162</ns3:hr>
            <ns3:cad>97</ns3:cad>
          </ns3:TrackPointExtension>
        </extensions>
      </trkpt>
      <trkpt lat="29.16235531680285930633544921875" lon="120.31462124548852443695068359375">
        <ele>119</ele>
        <time>2016-04-28T11:55:53.000Z</time>
        <extensions>
          <ns3:TrackPointExtension>
            <ns3:hr>161</ns3:hr>
            <ns3:cad>97</ns3:cad>
          </ns3:TrackPointExtension>
        </extensions>
      </trkpt>
      <trkpt lat="29.16238012723624706268310546875" lon="120.31462225131690502166748046875">
        <ele>119</ele>
        <time>2016-04-28T11:55:54.000Z</time>
        <extensions>
          <ns3:TrackPointExtension>
            <ns3:hr>162</ns3:hr>
            <ns3:cad>98</ns3:cad>
          </ns3:TrackPointExtension>
        </extensions>
      </trkpt>
      <trkpt lat="29.16240644641220569610595703125" lon="120.31462510116398334503173828125">
        <ele>119</ele>
        <time>2016-04-28T11:55:55.000Z</time>
        <extensions>
          <ns3:TrackPointExtension>
            <ns3:hr>162</ns3:hr>
            <ns3:cad>99</ns3:cad>
          </ns3:TrackPointExtension>
        </extensions>
      </trkpt>
      <trkpt lat="29.1624315083026885986328125" lon="120.3146226704120635986328125">
        <ele>119</ele>
        <time>2016-04-28T11:55:56.000Z</time>
        <extensions>
          <ns3:TrackPointExtension>
            <ns3:hr>162</ns3:hr>
            <ns3:cad>99</ns3:cad>
          </ns3:TrackPointExtension>
        </extensions>
      </trkpt>
      <trkpt lat="29.16245740838348865509033203125" lon="120.3146157972514629364013671875">
        <ele>119</ele>
        <time>2016-04-28T11:55:57.000Z</time>
        <extensions>
          <ns3:TrackPointExtension>
            <ns3:hr>162</ns3:hr>
            <ns3:cad>99</ns3:cad>
          </ns3:TrackPointExtension>
        </extensions>
      </trkpt>
      <trkpt lat="29.16248573921620845794677734375" lon="120.31461127102375030517578125">
        <ele>119</ele>
        <time>2016-04-28T11:55:58.000Z</time>
        <extensions>
          <ns3:TrackPointExtension>
            <ns3:hr>161</ns3:hr>
            <ns3:cad>99</ns3:cad>
          </ns3:TrackPointExtension>
        </extensions>
      </trkpt>
      <trkpt lat="29.162511639297008514404296875" lon="120.3146060742437839508056640625">
        <ele>119</ele>
        <time>2016-04-28T11:55:59.000Z</time>
        <extensions>
          <ns3:TrackPointExtension>
            <ns3:hr>161</ns3:hr>
            <ns3:cad>99</ns3:cad>
          </ns3:TrackPointExtension>
        </extensions>
      </trkpt>
      <trkpt lat="29.1625627689063549041748046875" lon="120.314597524702548980712890625">
        <ele>119</ele>
        <time>2016-04-28T11:56:00.000Z</time>
        <extensions>
          <ns3:TrackPointExtension>
            <ns3:hr>162</ns3:hr>
            <ns3:cad>99</ns3:cad>
          </ns3:TrackPointExtension>
        </extensions>
      </trkpt>
      <trkpt lat="29.16258799843490123748779296875" lon="120.314591825008392333984375">
        <ele>119</ele>
        <time>2016-04-28T11:56:01.000Z</time>
        <extensions>
          <ns3:TrackPointExtension>
            <ns3:hr>162</ns3:hr>
            <ns3:cad>99</ns3:cad>
          </ns3:TrackPointExtension>
        </extensions>
      </trkpt>
      <trkpt lat="29.16258799843490123748779296875" lon="120.314591825008392333984375">
        <ele>119</ele>
        <time>2016-04-28T11:56:02.000Z</time>
        <extensions>
          <ns3:TrackPointExtension>
            <ns3:hr>162</ns3:hr>
            <ns3:cad>99</ns3:cad>
          </ns3:TrackPointExtension>
        </extensions>
      </trkpt>
      <trkpt lat="29.1626112163066864013671875" lon="120.31458654440939426422119140625">
        <ele>119</ele>
        <time>2016-04-28T11:56:03.000Z</time>
        <extensions>
          <ns3:TrackPointExtension>
            <ns3:hr>161</ns3:hr>
            <ns3:cad>99</ns3:cad>
          </ns3:TrackPointExtension>
        </extensions>
      </trkpt>
      <trkpt lat="29.1626335121691226959228515625" lon="120.31458377838134765625">
        <ele>119</ele>
        <time>2016-04-28T11:56:04.000Z</time>
        <extensions>
          <ns3:TrackPointExtension>
            <ns3:hr>161</ns3:hr>
            <ns3:cad>99</ns3:cad>
          </ns3:TrackPointExtension>
        </extensions>
      </trkpt>
      <trkpt lat="29.162658490240573883056640625" lon="120.31458151526749134063720703125">
        <ele>119</ele>
        <time>2016-04-28T11:56:05.000Z</time>
        <extensions>
          <ns3:TrackPointExtension>
            <ns3:hr>162</ns3:hr>
            <ns3:cad>100</ns3:cad>
          </ns3:TrackPointExtension>
        </extensions>
      </trkpt>
      <trkpt lat="29.1626807861030101776123046875" lon="120.3145785816013813018798828125">
        <ele>119.1999969482421875</ele>
        <time>2016-04-28T11:56:06.000Z</time>
        <extensions>
          <ns3:TrackPointExtension>
            <ns3:hr>162</ns3:hr>
            <ns3:cad>100</ns3:cad>
          </ns3:TrackPointExtension>
        </extensions>
      </trkpt>
      <trkpt lat="29.1627050936222076416015625" lon="120.31457640230655670166015625">
        <ele>119.1999969482421875</ele>
        <time>2016-04-28T11:56:07.000Z</time>
        <extensions>
          <ns3:TrackPointExtension>
            <ns3:hr>162</ns3:hr>
            <ns3:cad>100</ns3:cad>
          </ns3:TrackPointExtension>
        </extensions>
      </trkpt>
      <trkpt lat="29.16273116134107112884521484375" lon="120.31457346864044666290283203125">
        <ele>119.40000152587890625</ele>
        <time>2016-04-28T11:56:08.000Z</time>
        <extensions>
          <ns3:TrackPointExtension>
            <ns3:hr>162</ns3:hr>
            <ns3:cad>99</ns3:cad>
          </ns3:TrackPointExtension>
        </extensions>
      </trkpt>
      <trkpt lat="29.162756390869617462158203125" lon="120.31456827186048030853271484375">
        <ele>119.40000152587890625</ele>
        <time>2016-04-28T11:56:09.000Z</time>
        <extensions>
          <ns3:TrackPointExtension>
            <ns3:hr>162</ns3:hr>
            <ns3:cad>99</ns3:cad>
          </ns3:TrackPointExtension>
        </extensions>
      </trkpt>
      <trkpt lat="29.16280743665993213653564453125" lon="120.3145567886531352996826171875">
        <ele>119.59999847412109375</ele>
        <time>2016-04-28T11:56:10.000Z</time>
        <extensions>
          <ns3:TrackPointExtension>
            <ns3:hr>163</ns3:hr>
            <ns3:cad>99</ns3:cad>
          </ns3:TrackPointExtension>
        </extensions>
      </trkpt>
      <trkpt lat="29.16280743665993213653564453125" lon="120.3145567886531352996826171875">
        <ele>119.59999847412109375</ele>
        <time>2016-04-28T11:56:11.000Z</time>
        <extensions>
          <ns3:TrackPointExtension>
            <ns3:hr>164</ns3:hr>
            <ns3:cad>99</ns3:cad>
          </ns3:TrackPointExtension>
        </extensions>
      </trkpt>
      <trkpt lat="29.162832833826541900634765625" lon="120.3145517595112323760986328125">
        <ele>119.8000030517578125</ele>
        <time>2016-04-28T11:56:12.000Z</time>
        <extensions>
          <ns3:TrackPointExtension>
            <ns3:hr>162</ns3:hr>
            <ns3:cad>99</ns3:cad>
          </ns3:TrackPointExtension>
        </extensions>
      </trkpt>
      <trkpt lat="29.16288555599749088287353515625" lon="120.3145443834364414215087890625">
        <ele>120.59999847412109375</ele>
        <time>2016-04-28T11:56:13.000Z</time>
        <extensions>
          <ns3:TrackPointExtension>
            <ns3:hr>161</ns3:hr>
            <ns3:cad>99</ns3:cad>
          </ns3:TrackPointExtension>
        </extensions>
      </trkpt>
      <trkpt lat="29.16288555599749088287353515625" lon="120.3145443834364414215087890625">
        <ele>120.59999847412109375</ele>
        <time>2016-04-28T11:56:14.000Z</time>
        <extensions>
          <ns3:TrackPointExtension>
            <ns3:hr>161</ns3:hr>
            <ns3:cad>99</ns3:cad>
          </ns3:TrackPointExtension>
        </extensions>
      </trkpt>
      <trkpt lat="29.16291321627795696258544921875" lon="120.3145413659512996673583984375">
        <ele>121</ele>
        <time>2016-04-28T11:56:15.000Z</time>
        <extensions>
          <ns3:TrackPointExtension>
            <ns3:hr>162</ns3:hr>
            <ns3:cad>99</ns3:cad>
          </ns3:TrackPointExtension>
        </extensions>
      </trkpt>
      <trkpt lat="29.162940792739391326904296875" lon="120.3145353309810161590576171875">
        <ele>121</ele>
        <time>2016-04-28T11:56:16.000Z</time>
        <extensions>
          <ns3:TrackPointExtension>
            <ns3:hr>162</ns3:hr>
            <ns3:cad>99</ns3:cad>
          </ns3:TrackPointExtension>
        </extensions>
      </trkpt>
      <trkpt lat="29.1629691235721111297607421875" lon="120.31452870927751064300537109375">
        <ele>121.1999969482421875</ele>
        <time>2016-04-28T11:56:17.000Z</time>
        <extensions>
          <ns3:TrackPointExtension>
            <ns3:hr>162</ns3:hr>
            <ns3:cad>99</ns3:cad>
          </ns3:TrackPointExtension>
        </extensions>
      </trkpt>
      <trkpt lat="29.162997789680957794189453125" lon="120.31452334485948085784912109375">
        <ele>121.1999969482421875</ele>
        <time>2016-04-28T11:56:18.000Z</time>
        <extensions>
          <ns3:TrackPointExtension>
            <ns3:hr>163</ns3:hr>
            <ns3:cad>99</ns3:cad>
          </ns3:TrackPointExtension>
        </extensions>
      </trkpt>
      <trkpt lat="29.1630247794091701507568359375" lon="120.31451831571757793426513671875">
        <ele>121.1999969482421875</ele>
        <time>2016-04-28T11:56:19.000Z</time>
        <extensions>
          <ns3:TrackPointExtension>
            <ns3:hr>165</ns3:hr>
            <ns3:cad>99</ns3:cad>
          </ns3:TrackPointExtension>
        </extensions>
      </trkpt>
      <trkpt lat="29.16305252350866794586181640625" lon="120.31450943090021610260009765625">
        <ele>121.40000152587890625</ele>
        <time>2016-04-28T11:56:20.000Z</time>
        <extensions>
          <ns3:TrackPointExtension>
            <ns3:hr>163</ns3:hr>
            <ns3:cad>99</ns3:cad>
          </ns3:TrackPointExtension>
        </extensions>
      </trkpt>
      <trkpt lat="29.1630794294178485870361328125" lon="120.31450255773961544036865234375">
        <ele>121.40000152587890625</ele>
        <time>2016-04-28T11:56:21.000Z</time>
        <extensions>
          <ns3:TrackPointExtension>
            <ns3:hr>163</ns3:hr>
            <ns3:cad>99</ns3:cad>
          </ns3:TrackPointExtension>
        </extensions>
      </trkpt>
      <trkpt lat="29.16310482658445835113525390625" lon="120.314496271312236785888671875">
        <ele>121.40000152587890625</ele>
        <time>2016-04-28T11:56:22.000Z</time>
        <extensions>
          <ns3:TrackPointExtension>
            <ns3:hr>165</ns3:hr>
            <ns3:cad>99</ns3:cad>
          </ns3:TrackPointExtension>
        </extensions>
      </trkpt>
      <trkpt lat="29.163134582340717315673828125" lon="120.3144893981516361236572265625">
        <ele>121.59999847412109375</ele>
        <time>2016-04-28T11:56:23.000Z</time>
        <extensions>
          <ns3:TrackPointExtension>
            <ns3:hr>166</ns3:hr>
            <ns3:cad>98</ns3:cad>
          </ns3:TrackPointExtension>
        </extensions>
      </trkpt>
      <trkpt lat="29.16316484101116657257080078125" lon="120.3144830279052257537841796875">
        <ele>121.59999847412109375</ele>
        <time>2016-04-28T11:56:24.000Z</time>
        <extensions>
          <ns3:TrackPointExtension>
            <ns3:hr>165</ns3:hr>
            <ns3:cad>98</ns3:cad>
          </ns3:TrackPointExtension>
        </extensions>
      </trkpt>
      <trkpt lat="29.1632222570478916168212890625" lon="120.3144669346511363983154296875">
        <ele>122</ele>
        <time>2016-04-28T11:56:25.000Z</time>
        <extensions>
          <ns3:TrackPointExtension>
            <ns3:hr>166</ns3:hr>
            <ns3:cad>100</ns3:cad>
          </ns3:TrackPointExtension>
        </extensions>
      </trkpt>
      <trkpt lat="29.1632222570478916168212890625" lon="120.3144669346511363983154296875">
        <ele>122</ele>
        <time>2016-04-28T11:56:26.000Z</time>
        <extensions>
          <ns3:TrackPointExtension>
            <ns3:hr>165</ns3:hr>
            <ns3:cad>100</ns3:cad>
          </ns3:TrackPointExtension>
        </extensions>
      </trkpt>
      <trkpt lat="29.16324933059513568878173828125" lon="120.31445570290088653564453125">
        <ele>122.40000152587890625</ele>
        <time>2016-04-28T11:56:27.000Z</time>
        <extensions>
          <ns3:TrackPointExtension>
            <ns3:hr>166</ns3:hr>
            <ns3:cad>100</ns3:cad>
          </ns3:TrackPointExtension>
        </extensions>
      </trkpt>
      <trkpt lat="29.163276739418506622314453125" lon="120.31444187276065349578857421875">
        <ele>122.59999847412109375</ele>
        <time>2016-04-28T11:56:28.000Z</time>
        <extensions>
          <ns3:TrackPointExtension>
            <ns3:hr>165</ns3:hr>
            <ns3:cad>100</ns3:cad>
          </ns3:TrackPointExtension>
        </extensions>
      </trkpt>
      <trkpt lat="29.16330398060381412506103515625" lon="120.31442821025848388671875">
        <ele>122.8000030517578125</ele>
        <time>2016-04-28T11:56:29.000Z</time>
        <extensions>
          <ns3:TrackPointExtension>
            <ns3:hr>165</ns3:hr>
            <ns3:cad>100</ns3:cad>
          </ns3:TrackPointExtension>
        </extensions>
      </trkpt>
      <trkpt lat="29.1633318923413753509521484375" lon="120.31441815197467803955078125">
        <ele>122.8000030517578125</ele>
        <time>2016-04-28T11:56:30.000Z</time>
        <extensions>
          <ns3:TrackPointExtension>
            <ns3:hr>166</ns3:hr>
            <ns3:cad>99</ns3:cad>
          </ns3:TrackPointExtension>
        </extensions>
      </trkpt>
      <trkpt lat="29.16335762478411197662353515625" lon="120.3144096024334430694580078125">
        <ele>122.8000030517578125</ele>
        <time>2016-04-28T11:56:31.000Z</time>
        <extensions>
          <ns3:TrackPointExtension>
            <ns3:hr>165</ns3:hr>
            <ns3:cad>99</ns3:cad>
          </ns3:TrackPointExtension>
        </extensions>
      </trkpt>
      <trkpt lat="29.163382351398468017578125" lon="120.3144005499780178070068359375">
        <ele>122.8000030517578125</ele>
        <time>2016-04-28T11:56:32.000Z</time>
        <extensions>
          <ns3:TrackPointExtension>
            <ns3:hr>164</ns3:hr>
            <ns3:cad>98</ns3:cad>
          </ns3:TrackPointExtension>
        </extensions>
      </trkpt>
      <trkpt lat="29.1634073294699192047119140625" lon="120.314390994608402252197265625">
        <ele>122.8000030517578125</ele>
        <time>2016-04-28T11:56:33.000Z</time>
        <extensions>
          <ns3:TrackPointExtension>
            <ns3:hr>164</ns3:hr>
            <ns3:cad>98</ns3:cad>
          </ns3:TrackPointExtension>
        </extensions>
      </trkpt>
      <trkpt lat="29.16343121789395809173583984375" lon="120.3143812716007232666015625">
        <ele>123</ele>
        <time>2016-04-28T11:56:34.000Z</time>
        <extensions>
          <ns3:TrackPointExtension>
            <ns3:hr>164</ns3:hr>
            <ns3:cad>98</ns3:cad>
          </ns3:TrackPointExtension>
        </extensions>
      </trkpt>
      <trkpt lat="29.1634546034038066864013671875" lon="120.314370878040790557861328125">
        <ele>123</ele>
        <time>2016-04-28T11:56:35.000Z</time>
        <extensions>
          <ns3:TrackPointExtension>
            <ns3:hr>164</ns3:hr>
            <ns3:cad>98</ns3:cad>
          </ns3:TrackPointExtension>
        </extensions>
      </trkpt>
      <trkpt lat="29.1634774021804332733154296875" lon="120.3143623284995555877685546875">
        <ele>123</ele>
        <time>2016-04-28T11:56:36.000Z</time>
        <extensions>
          <ns3:TrackPointExtension>
            <ns3:hr>164</ns3:hr>
            <ns3:cad>98</ns3:cad>
          </ns3:TrackPointExtension>
        </extensions>
      </trkpt>
      <trkpt lat="29.16350129060447216033935546875" lon="120.31435512006282806396484375">
        <ele>123.1999969482421875</ele>
        <time>2016-04-28T11:56:37.000Z</time>
        <extensions>
          <ns3:TrackPointExtension>
            <ns3:hr>164</ns3:hr>
            <ns3:cad>98</ns3:cad>
          </ns3:TrackPointExtension>
        </extensions>
      </trkpt>
      <trkpt lat="29.16352777741849422454833984375" lon="120.314347743988037109375">
        <ele>123.1999969482421875</ele>
        <time>2016-04-28T11:56:38.000Z</time>
        <extensions>
          <ns3:TrackPointExtension>
            <ns3:hr>166</ns3:hr>
            <ns3:cad>98</ns3:cad>
          </ns3:TrackPointExtension>
        </extensions>
      </trkpt>
      <trkpt lat="29.16358058340847492218017578125" lon="120.31433659605681896209716796875">
        <ele>123.40000152587890625</ele>
        <time>2016-04-28T11:56:39.000Z</time>
        <extensions>
          <ns3:TrackPointExtension>
            <ns3:hr>165</ns3:hr>
            <ns3:cad>98</ns3:cad>
          </ns3:TrackPointExtension>
        </extensions>
      </trkpt>
      <trkpt lat="29.16358058340847492218017578125" lon="120.31433659605681896209716796875">
        <ele>123.40000152587890625</ele>
        <time>2016-04-28T11:56:40.000Z</time>
        <extensions>
          <ns3:TrackPointExtension>
            <ns3:hr>167</ns3:hr>
            <ns3:cad>98</ns3:cad>
          </ns3:TrackPointExtension>
        </extensions>
      </trkpt>
      <trkpt lat="29.16360707022249698638916015625" lon="120.31433366239070892333984375">
        <ele>123.40000152587890625</ele>
        <time>2016-04-28T11:56:41.000Z</time>
        <extensions>
          <ns3:TrackPointExtension>
            <ns3:hr>167</ns3:hr>
            <ns3:cad>98</ns3:cad>
          </ns3:TrackPointExtension>
        </extensions>
      </trkpt>
      <trkpt lat="29.16363246738910675048828125" lon="120.3143276274204254150390625">
        <ele>123.40000152587890625</ele>
        <time>2016-04-28T11:56:42.000Z</time>
        <extensions>
          <ns3:TrackPointExtension>
            <ns3:hr>165</ns3:hr>
            <ns3:cad>98</ns3:cad>
          </ns3:TrackPointExtension>
        </extensions>
      </trkpt>
      <trkpt lat="29.163659624755382537841796875" lon="120.314321927726268768310546875">
        <ele>123.59999847412109375</ele>
        <time>2016-04-28T11:56:43.000Z</time>
        <extensions>
          <ns3:TrackPointExtension>
            <ns3:hr>166</ns3:hr>
            <ns3:cad>98</ns3:cad>
          </ns3:TrackPointExtension>
        </extensions>
      </trkpt>
      <trkpt lat="29.16368653066456317901611328125" lon="120.3143157251179218292236328125">
        <ele>123.59999847412109375</ele>
        <time>2016-04-28T11:56:44.000Z</time>
        <extensions>
          <ns3:TrackPointExtension>
            <ns3:hr>165</ns3:hr>
            <ns3:cad>98</ns3:cad>
          </ns3:TrackPointExtension>
        </extensions>
      </trkpt>
      <trkpt lat="29.16371217928826808929443359375" lon="120.314307846128940582275390625">
        <ele>123.59999847412109375</ele>
        <time>2016-04-28T11:56:45.000Z</time>
        <extensions>
          <ns3:TrackPointExtension>
            <ns3:hr>166</ns3:hr>
            <ns3:cad>98</ns3:cad>
          </ns3:TrackPointExtension>
        </extensions>
      </trkpt>
      <trkpt lat="29.16373749263584613800048828125" lon="120.3143016435205936431884765625">
        <ele>123.59999847412109375</ele>
        <time>2016-04-28T11:56:46.000Z</time>
        <extensions>
          <ns3:TrackPointExtension>
            <ns3:hr>166</ns3:hr>
            <ns3:cad>98</ns3:cad>
          </ns3:TrackPointExtension>
        </extensions>
      </trkpt>
      <trkpt lat="29.16376146487891674041748046875" lon="120.3142919205129146575927734375">
        <ele>123.40000152587890625</ele>
        <time>2016-04-28T11:56:47.000Z</time>
        <extensions>
          <ns3:TrackPointExtension>
            <ns3:hr>165</ns3:hr>
            <ns3:cad>99</ns3:cad>
          </ns3:TrackPointExtension>
        </extensions>
      </trkpt>
      <trkpt lat="29.16378711350262165069580078125" lon="120.31428295187652111053466796875">
        <ele>123.40000152587890625</ele>
        <time>2016-04-28T11:56:48.000Z</time>
        <extensions>
          <ns3:TrackPointExtension>
            <ns3:hr>165</ns3:hr>
            <ns3:cad>99</ns3:cad>
          </ns3:TrackPointExtension>
        </extensions>
      </trkpt>
      <trkpt lat="29.16381242685019969940185546875" lon="120.31427641399204730987548828125">
        <ele>123.1999969482421875</ele>
        <time>2016-04-28T11:56:49.000Z</time>
        <extensions>
          <ns3:TrackPointExtension>
            <ns3:hr>164</ns3:hr>
            <ns3:cad>97</ns3:cad>
          </ns3:TrackPointExtension>
        </extensions>
      </trkpt>
      <trkpt lat="29.16383941657841205596923828125" lon="120.31426534987986087799072265625">
        <ele>123</ele>
        <time>2016-04-28T11:56:50.000Z</time>
        <extensions>
          <ns3:TrackPointExtension>
            <ns3:hr>165</ns3:hr>
            <ns3:cad>97</ns3:cad>
          </ns3:TrackPointExtension>
        </extensions>
      </trkpt>
      <trkpt lat="29.16386581957340240478515625" lon="120.31425931490957736968994140625">
        <ele>122.8000030517578125</ele>
        <time>2016-04-28T11:56:51.000Z</time>
        <extensions>
          <ns3:TrackPointExtension>
            <ns3:hr>166</ns3:hr>
            <ns3:cad>97</ns3:cad>
          </ns3:TrackPointExtension>
        </extensions>
      </trkpt>
      <trkpt lat="29.1638904623687267303466796875" lon="120.314252190291881561279296875">
        <ele>122.8000030517578125</ele>
        <time>2016-04-28T11:56:52.000Z</time>
        <extensions>
          <ns3:TrackPointExtension>
            <ns3:hr>166</ns3:hr>
            <ns3:cad>97</ns3:cad>
          </ns3:TrackPointExtension>
        </extensions>
      </trkpt>
      <trkpt lat="29.1639174520969390869140625" lon="120.314246825873851776123046875">
        <ele>122.59999847412109375</ele>
        <time>2016-04-28T11:56:53.000Z</time>
        <extensions>
          <ns3:TrackPointExtension>
            <ns3:hr>166</ns3:hr>
            <ns3:cad>97</ns3:cad>
          </ns3:TrackPointExtension>
        </extensions>
      </trkpt>
      <trkpt lat="29.16397369466722011566162109375" lon="120.31423173844814300537109375">
        <ele>122.8000030517578125</ele>
        <time>2016-04-28T11:56:54.000Z</time>
        <extensions>
          <ns3:TrackPointExtension>
            <ns3:hr>166</ns3:hr>
            <ns3:cad>98</ns3:cad>
          </ns3:TrackPointExtension>
        </extensions>
      </trkpt>
      <trkpt lat="29.16397369466722011566162109375" lon="120.31423173844814300537109375">
        <ele>122.8000030517578125</ele>
        <time>2016-04-28T11:56:55.000Z</time>
        <extensions>
          <ns3:TrackPointExtension>
            <ns3:hr>166</ns3:hr>
            <ns3:cad>98</ns3:cad>
          </ns3:TrackPointExtension>
        </extensions>
      </trkpt>
      <trkpt lat="29.16402717120945453643798828125" lon="120.31421572901308536529541015625">
        <ele>123</ele>
        <time>2016-04-28T11:56:56.000Z</time>
        <extensions>
          <ns3:TrackPointExtension>
            <ns3:hr>165</ns3:hr>
            <ns3:cad>98</ns3:cad>
          </ns3:TrackPointExtension>
        </extensions>
      </trkpt>
      <trkpt lat="29.16402717120945453643798828125" lon="120.31421572901308536529541015625">
        <ele>123</ele>
        <time>2016-04-28T11:56:57.000Z</time>
        <extensions>
          <ns3:TrackPointExtension>
            <ns3:hr>165</ns3:hr>
            <ns3:cad>98</ns3:cad>
          </ns3:TrackPointExtension>
        </extensions>
      </trkpt>
      <trkpt lat="29.1640524007380008697509765625" lon="120.31420801766216754913330078125">
        <ele>123</ele>
        <time>2016-04-28T11:56:58.000Z</time>
        <extensions>
          <ns3:TrackPointExtension>
            <ns3:hr>166</ns3:hr>
            <ns3:cad>98</ns3:cad>
          </ns3:TrackPointExtension>
        </extensions>
      </trkpt>
      <trkpt lat="29.16407779790461063385009765625" lon="120.314199887216091156005859375">
        <ele>123</ele>
        <time>2016-04-28T11:56:59.000Z</time>
        <extensions>
          <ns3:TrackPointExtension>
            <ns3:hr>167</ns3:hr>
            <ns3:cad>98</ns3:cad>
          </ns3:TrackPointExtension>
        </extensions>
      </trkpt>
      <trkpt lat="29.1641077212989330291748046875" lon="120.31419091857969760894775390625">
        <ele>123</ele>
        <time>2016-04-28T11:57:00.000Z</time>
        <extensions>
          <ns3:TrackPointExtension>
            <ns3:hr>167</ns3:hr>
            <ns3:cad>98</ns3:cad>
          </ns3:TrackPointExtension>
        </extensions>
      </trkpt>
      <trkpt lat="29.16413261555135250091552734375" lon="120.31418035738170146942138671875">
        <ele>123</ele>
        <time>2016-04-28T11:57:01.000Z</time>
        <extensions>
          <ns3:TrackPointExtension>
            <ns3:hr>166</ns3:hr>
            <ns3:cad>98</ns3:cad>
          </ns3:TrackPointExtension>
        </extensions>
      </trkpt>
      <trkpt lat="29.16415859945118427276611328125" lon="120.31417096965014934539794921875">
        <ele>123</ele>
        <time>2016-04-28T11:57:02.000Z</time>
        <extensions>
          <ns3:TrackPointExtension>
            <ns3:hr>166</ns3:hr>
            <ns3:cad>98</ns3:cad>
          </ns3:TrackPointExtension>
        </extensions>
      </trkpt>
      <trkpt lat="29.164187014102935791015625" lon="120.3141608275473117828369140625">
        <ele>123</ele>
        <time>2016-04-28T11:57:03.000Z</time>
        <extensions>
          <ns3:TrackPointExtension>
            <ns3:hr>165</ns3:hr>
            <ns3:cad>98</ns3:cad>
          </ns3:TrackPointExtension>
        </extensions>
      </trkpt>
      <trkpt lat="29.1642124950885772705078125" lon="120.31414817087352275848388671875">
        <ele>123</ele>
        <time>2016-04-28T11:57:04.000Z</time>
        <extensions>
          <ns3:TrackPointExtension>
            <ns3:hr>166</ns3:hr>
            <ns3:cad>98</ns3:cad>
          </ns3:TrackPointExtension>
        </extensions>
      </trkpt>
      <trkpt lat="29.16423906572163105010986328125" lon="120.3141370229423046112060546875">
        <ele>123</ele>
        <time>2016-04-28T11:57:05.000Z</time>
        <extensions>
          <ns3:TrackPointExtension>
            <ns3:hr>167</ns3:hr>
            <ns3:cad>98</ns3:cad>
          </ns3:TrackPointExtension>
        </extensions>
      </trkpt>
      <trkpt lat="29.1642897762358188629150390625" lon="120.314114056527614593505859375">
        <ele>123</ele>
        <time>2016-04-28T11:57:06.000Z</time>
        <extensions>
          <ns3:TrackPointExtension>
            <ns3:hr>167</ns3:hr>
            <ns3:cad>98</ns3:cad>
          </ns3:TrackPointExtension>
        </extensions>
      </trkpt>
      <trkpt lat="29.1642897762358188629150390625" lon="120.314114056527614593505859375">
        <ele>123</ele>
        <time>2016-04-28T11:57:07.000Z</time>
        <extensions>
          <ns3:TrackPointExtension>
            <ns3:hr>166</ns3:hr>
            <ns3:cad>98</ns3:cad>
          </ns3:TrackPointExtension>
        </extensions>
      </trkpt>
      <trkpt lat="29.164316765964031219482421875" lon="120.31410324387252330780029296875">
        <ele>123</ele>
        <time>2016-04-28T11:57:08.000Z</time>
        <extensions>
          <ns3:TrackPointExtension>
            <ns3:hr>166</ns3:hr>
            <ns3:cad>98</ns3:cad>
          </ns3:TrackPointExtension>
        </extensions>
      </trkpt>
      <trkpt lat="29.16436873376369476318359375" lon="120.31407591886818408966064453125">
        <ele>123</ele>
        <time>2016-04-28T11:57:09.000Z</time>
        <extensions>
          <ns3:TrackPointExtension>
            <ns3:hr>166</ns3:hr>
            <ns3:cad>100</ns3:cad>
          </ns3:TrackPointExtension>
        </extensions>
      </trkpt>
      <trkpt lat="29.16436873376369476318359375" lon="120.31407591886818408966064453125">
        <ele>123</ele>
        <time>2016-04-28T11:57:10.000Z</time>
        <extensions>
          <ns3:TrackPointExtension>
            <ns3:hr>165</ns3:hr>
            <ns3:cad>100</ns3:cad>
          </ns3:TrackPointExtension>
        </extensions>
      </trkpt>
      <trkpt lat="29.16439346037805080413818359375" lon="120.3140615858137607574462890625">
        <ele>123</ele>
        <time>2016-04-28T11:57:11.000Z</time>
        <extensions>
          <ns3:TrackPointExtension>
            <ns3:hr>166</ns3:hr>
            <ns3:cad>100</ns3:cad>
          </ns3:TrackPointExtension>
        </extensions>
      </trkpt>
      <trkpt lat="29.16441894136369228363037109375" lon="120.31404959969222545623779296875">
        <ele>123</ele>
        <time>2016-04-28T11:57:12.000Z</time>
        <extensions>
          <ns3:TrackPointExtension>
            <ns3:hr>166</ns3:hr>
            <ns3:cad>99</ns3:cad>
          </ns3:TrackPointExtension>
        </extensions>
      </trkpt>
      <trkpt lat="29.16444324888288974761962890625" lon="120.3140367753803730010986328125">
        <ele>123</ele>
        <time>2016-04-28T11:57:13.000Z</time>
        <extensions>
          <ns3:TrackPointExtension>
            <ns3:hr>166</ns3:hr>
            <ns3:cad>99</ns3:cad>
          </ns3:TrackPointExtension>
        </extensions>
      </trkpt>
      <trkpt lat="29.1644671373069286346435546875" lon="120.31402654945850372314453125">
        <ele>123</ele>
        <time>2016-04-28T11:57:14.000Z</time>
        <extensions>
          <ns3:TrackPointExtension>
            <ns3:hr>165</ns3:hr>
            <ns3:cad>99</ns3:cad>
          </ns3:TrackPointExtension>
        </extensions>
      </trkpt>
      <trkpt lat="29.16449119336903095245361328125" lon="120.31401582062244415283203125">
        <ele>123</ele>
        <time>2016-04-28T11:57:15.000Z</time>
        <extensions>
          <ns3:TrackPointExtension>
            <ns3:hr>165</ns3:hr>
            <ns3:cad>99</ns3:cad>
          </ns3:TrackPointExtension>
        </extensions>
      </trkpt>
      <trkpt lat="29.164515249431133270263671875" lon="120.3140089474618434906005859375">
        <ele>123</ele>
        <time>2016-04-28T11:57:16.000Z</time>
        <extensions>
          <ns3:TrackPointExtension>
            <ns3:hr>165</ns3:hr>
            <ns3:cad>99</ns3:cad>
          </ns3:TrackPointExtension>
        </extensions>
      </trkpt>
      <trkpt lat="29.164539389312267303466796875" lon="120.3139998950064182281494140625">
        <ele>123</ele>
        <time>2016-04-28T11:57:17.000Z</time>
        <extensions>
          <ns3:TrackPointExtension>
            <ns3:hr>165</ns3:hr>
            <ns3:cad>98</ns3:cad>
          </ns3:TrackPointExtension>
        </extensions>
      </trkpt>
      <trkpt lat="29.16456394828855991363525390625" lon="120.31399075873196125030517578125">
        <ele>123</ele>
        <time>2016-04-28T11:57:18.000Z</time>
        <extensions>
          <ns3:TrackPointExtension>
            <ns3:hr>166</ns3:hr>
            <ns3:cad>97</ns3:cad>
          </ns3:TrackPointExtension>
        </extensions>
      </trkpt>
      <trkpt lat="29.16458892636001110076904296875" lon="120.31398271210491657257080078125">
        <ele>123</ele>
        <time>2016-04-28T11:57:19.000Z</time>
        <extensions>
          <ns3:TrackPointExtension>
            <ns3:hr>166</ns3:hr>
            <ns3:cad>97</ns3:cad>
          </ns3:TrackPointExtension>
        </extensions>
      </trkpt>
      <trkpt lat="29.16461591608822345733642578125" lon="120.31397533603012561798095703125">
        <ele>123</ele>
        <time>2016-04-28T11:57:20.000Z</time>
        <extensions>
          <ns3:TrackPointExtension>
            <ns3:hr>165</ns3:hr>
            <ns3:cad>96</ns3:cad>
          </ns3:TrackPointExtension>
        </extensions>
      </trkpt>
      <trkpt lat="29.164644666016101837158203125" lon="120.3139687143266201019287109375">
        <ele>123</ele>
        <time>2016-04-28T11:57:21.000Z</time>
        <extensions>
          <ns3:TrackPointExtension>
            <ns3:hr>166</ns3:hr>
            <ns3:cad>96</ns3:cad>
          </ns3:TrackPointExtension>
        </extensions>
      </trkpt>
      <trkpt lat="29.16467224247753620147705078125" lon="120.31396075151860713958740234375">
        <ele>123</ele>
        <time>2016-04-28T11:57:22.000Z</time>
        <extensions>
          <ns3:TrackPointExtension>
            <ns3:hr>167</ns3:hr>
            <ns3:cad>98</ns3:cad>
          </ns3:TrackPointExtension>
        </extensions>
      </trkpt>
      <trkpt lat="29.16469789110124111175537109375" lon="120.31395119614899158477783203125">
        <ele>123</ele>
        <time>2016-04-28T11:57:23.000Z</time>
        <extensions>
          <ns3:TrackPointExtension>
            <ns3:hr>165</ns3:hr>
            <ns3:cad>98</ns3:cad>
          </ns3:TrackPointExtension>
        </extensions>
      </trkpt>
      <trkpt lat="29.1647229529917240142822265625" lon="120.3139382041990756988525390625">
        <ele>123</ele>
        <time>2016-04-28T11:57:24.000Z</time>
        <extensions>
          <ns3:TrackPointExtension>
            <ns3:hr>165</ns3:hr>
            <ns3:cad>98</ns3:cad>
          </ns3:TrackPointExtension>
        </extensions>
      </trkpt>
      <trkpt lat="29.16474558413028717041015625" lon="120.31392102129757404327392578125">
        <ele>122.8000030517578125</ele>
        <time>2016-04-28T11:57:25.000Z</time>
        <extensions>
          <ns3:TrackPointExtension>
            <ns3:hr>166</ns3:hr>
            <ns3:cad>98</ns3:cad>
          </ns3:TrackPointExtension>
        </extensions>
      </trkpt>
      <trkpt lat="29.1647668741643428802490234375" lon="120.3139036707580089569091796875">
        <ele>122.59999847412109375</ele>
        <time>2016-04-28T11:57:26.000Z</time>
        <extensions>
          <ns3:TrackPointExtension>
            <ns3:hr>164</ns3:hr>
            <ns3:cad>98</ns3:cad>
          </ns3:TrackPointExtension>
        </extensions>
      </trkpt>
      <trkpt lat="29.16478673927485942840576171875" lon="120.3138838894665241241455078125">
        <ele>122.59999847412109375</ele>
        <time>2016-04-28T11:57:27.000Z</time>
        <extensions>
          <ns3:TrackPointExtension>
            <ns3:hr>164</ns3:hr>
            <ns3:cad>98</ns3:cad>
          </ns3:TrackPointExtension>
        </extensions>
      </trkpt>
      <trkpt lat="29.16481724940240383148193359375" lon="120.31383770518004894256591796875">
        <ele>122.1999969482421875</ele>
        <time>2016-04-28T11:57:28.000Z</time>
        <extensions>
          <ns3:TrackPointExtension>
            <ns3:hr>164</ns3:hr>
            <ns3:cad>99</ns3:cad>
          </ns3:TrackPointExtension>
        </extensions>
      </trkpt>
      <trkpt lat="29.16481724940240383148193359375" lon="120.31383770518004894256591796875">
        <ele>122.1999969482421875</ele>
        <time>2016-04-28T11:57:29.000Z</time>
        <extensions>
          <ns3:TrackPointExtension>
            <ns3:hr>164</ns3:hr>
            <ns3:cad>99</ns3:cad>
          </ns3:TrackPointExtension>
        </extensions>
      </trkpt>
      <trkpt lat="29.16482915170490741729736328125" lon="120.31381356529891490936279296875">
        <ele>122.1999969482421875</ele>
        <time>2016-04-28T11:57:30.000Z</time>
        <extensions>
          <ns3:TrackPointExtension>
            <ns3:hr>164</ns3:hr>
            <ns3:cad>99</ns3:cad>
          </ns3:TrackPointExtension>
        </extensions>
      </trkpt>
      <trkpt lat="29.16484122164547443389892578125" lon="120.31378758139908313751220703125">
        <ele>122</ele>
        <time>2016-04-28T11:57:31.000Z</time>
        <extensions>
          <ns3:TrackPointExtension>
            <ns3:hr>165</ns3:hr>
            <ns3:cad>97</ns3:cad>
          </ns3:TrackPointExtension>
        </extensions>
      </trkpt>
      <trkpt lat="29.16485127992928028106689453125" lon="120.31376394443213939666748046875">
        <ele>121.59999847412109375</ele>
        <time>2016-04-28T11:57:32.000Z</time>
        <extensions>
          <ns3:TrackPointExtension>
            <ns3:hr>165</ns3:hr>
            <ns3:cad>97</ns3:cad>
          </ns3:TrackPointExtension>
        </extensions>
      </trkpt>
      <trkpt lat="29.16486167348921298980712890625" lon="120.31373963691294193267822265625">
        <ele>121.1999969482421875</ele>
        <time>2016-04-28T11:57:33.000Z</time>
        <extensions>
          <ns3:TrackPointExtension>
            <ns3:hr>166</ns3:hr>
            <ns3:cad>97</ns3:cad>
          </ns3:TrackPointExtension>
        </extensions>
      </trkpt>
      <trkpt lat="29.164871983230113983154296875" lon="120.31371365301311016082763671875">
        <ele>120.8000030517578125</ele>
        <time>2016-04-28T11:57:34.000Z</time>
        <extensions>
          <ns3:TrackPointExtension>
            <ns3:hr>166</ns3:hr>
            <ns3:cad>98</ns3:cad>
          </ns3:TrackPointExtension>
        </extensions>
      </trkpt>
      <trkpt lat="29.16488078422844409942626953125" lon="120.31368817202746868133544921875">
        <ele>120.40000152587890625</ele>
        <time>2016-04-28T11:57:35.000Z</time>
        <extensions>
          <ns3:TrackPointExtension>
            <ns3:hr>167</ns3:hr>
            <ns3:cad>98</ns3:cad>
          </ns3:TrackPointExtension>
        </extensions>
      </trkpt>
      <trkpt lat="29.16489000432193279266357421875" lon="120.31366134993731975555419921875">
        <ele>120</ele>
        <time>2016-04-28T11:57:36.000Z</time>
        <extensions>
          <ns3:TrackPointExtension>
            <ns3:hr>167</ns3:hr>
            <ns3:cad>98</ns3:cad>
          </ns3:TrackPointExtension>
        </extensions>
      </trkpt>
      <trkpt lat="29.16489821858704090118408203125" lon="120.313635282218456268310546875">
        <ele>119.59999847412109375</ele>
        <time>2016-04-28T11:57:37.000Z</time>
        <extensions>
          <ns3:TrackPointExtension>
            <ns3:hr>167</ns3:hr>
            <ns3:cad>98</ns3:cad>
          </ns3:TrackPointExtension>
        </extensions>
      </trkpt>
      <trkpt lat="29.16491179727017879486083984375" lon="120.3135851584374904632568359375">
        <ele>119</ele>
        <time>2016-04-28T11:57:38.000Z</time>
        <extensions>
          <ns3:TrackPointExtension>
            <ns3:hr>167</ns3:hr>
            <ns3:cad>99</ns3:cad>
          </ns3:TrackPointExtension>
        </extensions>
      </trkpt>
      <trkpt lat="29.16491179727017879486083984375" lon="120.3135851584374904632568359375">
        <ele>119</ele>
        <time>2016-04-28T11:57:39.000Z</time>
        <extensions>
          <ns3:TrackPointExtension>
            <ns3:hr>168</ns3:hr>
            <ns3:cad>99</ns3:cad>
          </ns3:TrackPointExtension>
        </extensions>
      </trkpt>
      <trkpt lat="29.1649194248020648956298828125" lon="120.313558839261531829833984375">
        <ele>118.59999847412109375</ele>
        <time>2016-04-28T11:57:40.000Z</time>
        <extensions>
          <ns3:TrackPointExtension>
            <ns3:hr>167</ns3:hr>
            <ns3:cad>99</ns3:cad>
          </ns3:TrackPointExtension>
        </extensions>
      </trkpt>
      <trkpt lat="29.16492872871458530426025390625" lon="120.31353377737104892730712890625">
        <ele>118.1999969482421875</ele>
        <time>2016-04-28T11:57:41.000Z</time>
        <extensions>
          <ns3:TrackPointExtension>
            <ns3:hr>166</ns3:hr>
            <ns3:cad>99</ns3:cad>
          </ns3:TrackPointExtension>
        </extensions>
      </trkpt>
      <trkpt lat="29.164938367903232574462890625" lon="120.31350628472864627838134765625">
        <ele>117.8000030517578125</ele>
        <time>2016-04-28T11:57:42.000Z</time>
        <extensions>
          <ns3:TrackPointExtension>
            <ns3:hr>168</ns3:hr>
            <ns3:cad>99</ns3:cad>
          </ns3:TrackPointExtension>
        </extensions>
      </trkpt>
      <trkpt lat="29.164946414530277252197265625" lon="120.3134802170097827911376953125">
        <ele>117.59999847412109375</ele>
        <time>2016-04-28T11:57:43.000Z</time>
        <extensions>
          <ns3:TrackPointExtension>
            <ns3:hr>169</ns3:hr>
            <ns3:cad>99</ns3:cad>
          </ns3:TrackPointExtension>
        </extensions>
      </trkpt>
      <trkpt lat="29.16495337150990962982177734375" lon="120.3134550713002681732177734375">
        <ele>117.1999969482421875</ele>
        <time>2016-04-28T11:57:44.000Z</time>
        <extensions>
          <ns3:TrackPointExtension>
            <ns3:hr>168</ns3:hr>
            <ns3:cad>99</ns3:cad>
          </ns3:TrackPointExtension>
        </extensions>
      </trkpt>
      <trkpt lat="29.16496007703244686126708984375" lon="120.31342917121946811676025390625">
        <ele>117</ele>
        <time>2016-04-28T11:57:45.000Z</time>
        <extensions>
          <ns3:TrackPointExtension>
            <ns3:hr>170</ns3:hr>
            <ns3:cad>99</ns3:cad>
          </ns3:TrackPointExtension>
        </extensions>
      </trkpt>
      <trkpt lat="29.16496661491692066192626953125" lon="120.31340251676738262176513671875">
        <ele>116.8000030517578125</ele>
        <time>2016-04-28T11:57:46.000Z</time>
        <extensions>
          <ns3:TrackPointExtension>
            <ns3:hr>170</ns3:hr>
            <ns3:cad>99</ns3:cad>
          </ns3:TrackPointExtension>
        </extensions>
      </trkpt>
      <trkpt lat="29.16497315280139446258544921875" lon="120.313376449048519134521484375">
        <ele>116.40000152587890625</ele>
        <time>2016-04-28T11:57:47.000Z</time>
        <extensions>
          <ns3:TrackPointExtension>
            <ns3:hr>170</ns3:hr>
            <ns3:cad>99</ns3:cad>
          </ns3:TrackPointExtension>
        </extensions>
      </trkpt>
      <trkpt lat="29.1649814508855342864990234375" lon="120.31334937550127506256103515625">
        <ele>116.1999969482421875</ele>
        <time>2016-04-28T11:57:48.000Z</time>
        <extensions>
          <ns3:TrackPointExtension>
            <ns3:hr>170</ns3:hr>
            <ns3:cad>99</ns3:cad>
          </ns3:TrackPointExtension>
        </extensions>
      </trkpt>
      <trkpt lat="29.16498857550323009490966796875" lon="120.313323475420475006103515625">
        <ele>116</ele>
        <time>2016-04-28T11:57:49.000Z</time>
        <extensions>
          <ns3:TrackPointExtension>
            <ns3:hr>169</ns3:hr>
            <ns3:cad>99</ns3:cad>
          </ns3:TrackPointExtension>
        </extensions>
      </trkpt>
      <trkpt lat="29.16499502956867218017578125" lon="120.31329564750194549560546875">
        <ele>115.8000030517578125</ele>
        <time>2016-04-28T11:57:50.000Z</time>
        <extensions>
          <ns3:TrackPointExtension>
            <ns3:hr>169</ns3:hr>
            <ns3:cad>99</ns3:cad>
          </ns3:TrackPointExtension>
        </extensions>
      </trkpt>
      <trkpt lat="29.16500282473862171173095703125" lon="120.3132676519453525543212890625">
        <ele>115.59999847412109375</ele>
        <time>2016-04-28T11:57:51.000Z</time>
        <extensions>
          <ns3:TrackPointExtension>
            <ns3:hr>172</ns3:hr>
            <ns3:cad>97</ns3:cad>
          </ns3:TrackPointExtension>
        </extensions>
      </trkpt>
      <trkpt lat="29.16501036845147609710693359375" lon="120.31323990784585475921630859375">
        <ele>115.59999847412109375</ele>
        <time>2016-04-28T11:57:52.000Z</time>
        <extensions>
          <ns3:TrackPointExtension>
            <ns3:hr>172</ns3:hr>
            <ns3:cad>97</ns3:cad>
          </ns3:TrackPointExtension>
        </extensions>
      </trkpt>
      <trkpt lat="29.165018498897552490234375" lon="120.313210822641849517822265625">
        <ele>115.8000030517578125</ele>
        <time>2016-04-28T11:57:53.000Z</time>
        <extensions>
          <ns3:TrackPointExtension>
            <ns3:hr>172</ns3:hr>
            <ns3:cad>98</ns3:cad>
          </ns3:TrackPointExtension>
        </extensions>
      </trkpt>
      <trkpt lat="29.16502562351524829864501953125" lon="120.31318374909460544586181640625">
        <ele>115.8000030517578125</ele>
        <time>2016-04-28T11:57:54.000Z</time>
        <extensions>
          <ns3:TrackPointExtension>
            <ns3:hr>171</ns3:hr>
            <ns3:cad>98</ns3:cad>
          </ns3:TrackPointExtension>
        </extensions>
      </trkpt>
      <trkpt lat="29.16503249667584896087646484375" lon="120.3131563402712345123291015625">
        <ele>116</ele>
        <time>2016-04-28T11:57:55.000Z</time>
        <extensions>
          <ns3:TrackPointExtension>
            <ns3:hr>167</ns3:hr>
            <ns3:cad>98</ns3:cad>
          </ns3:TrackPointExtension>
        </extensions>
      </trkpt>
      <trkpt lat="29.16504121385514736175537109375" lon="120.3131271712481975555419921875">
        <ele>116</ele>
        <time>2016-04-28T11:57:56.000Z</time>
        <extensions>
          <ns3:TrackPointExtension>
            <ns3:hr>167</ns3:hr>
            <ns3:cad>97</ns3:cad>
          </ns3:TrackPointExtension>
        </extensions>
      </trkpt>
      <trkpt lat="29.16505537927150726318359375" lon="120.31306807883083820343017578125">
        <ele>115.59999847412109375</ele>
        <time>2016-04-28T11:57:57.000Z</time>
        <extensions>
          <ns3:TrackPointExtension>
            <ns3:hr>167</ns3:hr>
            <ns3:cad>96</ns3:cad>
          </ns3:TrackPointExtension>
        </extensions>
      </trkpt>
      <trkpt lat="29.16505537927150726318359375" lon="120.31306807883083820343017578125">
        <ele>115.59999847412109375</ele>
        <time>2016-04-28T11:57:58.000Z</time>
        <extensions>
          <ns3:TrackPointExtension>
            <ns3:hr>167</ns3:hr>
            <ns3:cad>96</ns3:cad>
          </ns3:TrackPointExtension>
        </extensions>
      </trkpt>
      <trkpt lat="29.165060408413410186767578125" lon="120.3130363114178180694580078125">
        <ele>115.59999847412109375</ele>
        <time>2016-04-28T11:57:59.000Z</time>
        <extensions>
          <ns3:TrackPointExtension>
            <ns3:hr>168</ns3:hr>
            <ns3:cad>96</ns3:cad>
          </ns3:TrackPointExtension>
        </extensions>
      </trkpt>
      <trkpt lat="29.165063090622425079345703125" lon="120.3130068071186542510986328125">
        <ele>115.40000152587890625</ele>
        <time>2016-04-28T11:58:00.000Z</time>
        <extensions>
          <ns3:TrackPointExtension>
            <ns3:hr>167</ns3:hr>
            <ns3:cad>98</ns3:cad>
          </ns3:TrackPointExtension>
        </extensions>
      </trkpt>
      <trkpt lat="29.165065772831439971923828125" lon="120.31297705136239528656005859375">
        <ele>115.1999969482421875</ele>
        <time>2016-04-28T11:58:01.000Z</time>
        <extensions>
          <ns3:TrackPointExtension>
            <ns3:hr>167</ns3:hr>
            <ns3:cad>99</ns3:cad>
          </ns3:TrackPointExtension>
        </extensions>
      </trkpt>
      <trkpt lat="29.16507172398269176483154296875" lon="120.312946625053882598876953125">
        <ele>115.1999969482421875</ele>
        <time>2016-04-28T11:58:02.000Z</time>
        <extensions>
          <ns3:TrackPointExtension>
            <ns3:hr>167</ns3:hr>
            <ns3:cad>99</ns3:cad>
          </ns3:TrackPointExtension>
        </extensions>
      </trkpt>
      <trkpt lat="29.1650761663913726806640625" lon="120.3129169531166553497314453125">
        <ele>115</ele>
        <time>2016-04-28T11:58:03.000Z</time>
        <extensions>
          <ns3:TrackPointExtension>
            <ns3:hr>168</ns3:hr>
            <ns3:cad>99</ns3:cad>
          </ns3:TrackPointExtension>
        </extensions>
      </trkpt>
      <trkpt lat="29.1650816984474658966064453125" lon="120.31288526952266693115234375">
        <ele>114.8000030517578125</ele>
        <time>2016-04-28T11:58:04.000Z</time>
        <extensions>
          <ns3:TrackPointExtension>
            <ns3:hr>167</ns3:hr>
            <ns3:cad>99</ns3:cad>
          </ns3:TrackPointExtension>
        </extensions>
      </trkpt>
      <trkpt lat="29.16508832015097141265869140625" lon="120.3128515742719173431396484375">
        <ele>114.8000030517578125</ele>
        <time>2016-04-28T11:58:05.000Z</time>
        <extensions>
          <ns3:TrackPointExtension>
            <ns3:hr>167</ns3:hr>
            <ns3:cad>98</ns3:cad>
          </ns3:TrackPointExtension>
        </extensions>
      </trkpt>
      <trkpt lat="29.16510365903377532958984375" lon="120.312789045274257659912109375">
        <ele>114.40000152587890625</ele>
        <time>2016-04-28T11:58:06.000Z</time>
        <extensions>
          <ns3:TrackPointExtension>
            <ns3:hr>168</ns3:hr>
            <ns3:cad>99</ns3:cad>
          </ns3:TrackPointExtension>
        </extensions>
      </trkpt>
      <trkpt lat="29.16510365903377532958984375" lon="120.312789045274257659912109375">
        <ele>114.40000152587890625</ele>
        <time>2016-04-28T11:58:07.000Z</time>
        <extensions>
          <ns3:TrackPointExtension>
            <ns3:hr>167</ns3:hr>
            <ns3:cad>99</ns3:cad>
          </ns3:TrackPointExtension>
        </extensions>
      </trkpt>
      <trkpt lat="29.16511212475597858428955078125" lon="120.312758199870586395263671875">
        <ele>114.40000152587890625</ele>
        <time>2016-04-28T11:58:08.000Z</time>
        <extensions>
          <ns3:TrackPointExtension>
            <ns3:hr>167</ns3:hr>
            <ns3:cad>99</ns3:cad>
          </ns3:TrackPointExtension>
        </extensions>
      </trkpt>
      <trkpt lat="29.16511866264045238494873046875" lon="120.31272743828594684600830078125">
        <ele>114.1999969482421875</ele>
        <time>2016-04-28T11:58:09.000Z</time>
        <extensions>
          <ns3:TrackPointExtension>
            <ns3:hr>167</ns3:hr>
            <ns3:cad>99</ns3:cad>
          </ns3:TrackPointExtension>
        </extensions>
      </trkpt>
      <trkpt lat="29.16512469761073589324951171875" lon="120.31269659288227558135986328125">
        <ele>114</ele>
        <time>2016-04-28T11:58:10.000Z</time>
        <extensions>
          <ns3:TrackPointExtension>
            <ns3:hr>167</ns3:hr>
            <ns3:cad>99</ns3:cad>
          </ns3:TrackPointExtension>
        </extensions>
      </trkpt>
      <trkpt lat="29.16513048112392425537109375" lon="120.31266725622117519378662109375">
        <ele>114</ele>
        <time>2016-04-28T11:58:11.000Z</time>
        <extensions>
          <ns3:TrackPointExtension>
            <ns3:hr>165</ns3:hr>
            <ns3:cad>99</ns3:cad>
          </ns3:TrackPointExtension>
        </extensions>
      </trkpt>
      <trkpt lat="29.1651356779038906097412109375" lon="120.312638171017169952392578125">
        <ele>113.8000030517578125</ele>
        <time>2016-04-28T11:58:12.000Z</time>
        <extensions>
          <ns3:TrackPointExtension>
            <ns3:hr>166</ns3:hr>
            <ns3:cad>99</ns3:cad>
          </ns3:TrackPointExtension>
        </extensions>
      </trkpt>
      <trkpt lat="29.1651427187025547027587890625" lon="120.3126084990799427032470703125">
        <ele>113.8000030517578125</ele>
        <time>2016-04-28T11:58:13.000Z</time>
        <extensions>
          <ns3:TrackPointExtension>
            <ns3:hr>166</ns3:hr>
            <ns3:cad>99</ns3:cad>
          </ns3:TrackPointExtension>
        </extensions>
      </trkpt>
      <trkpt lat="29.165150262415409088134765625" lon="120.312577821314334869384765625">
        <ele>113.59999847412109375</ele>
        <time>2016-04-28T11:58:14.000Z</time>
        <extensions>
          <ns3:TrackPointExtension>
            <ns3:hr>167</ns3:hr>
            <ns3:cad>100</ns3:cad>
          </ns3:TrackPointExtension>
        </extensions>
      </trkpt>
      <trkpt lat="29.16515671648085117340087890625" lon="120.3125466406345367431640625">
        <ele>113.59999847412109375</ele>
        <time>2016-04-28T11:58:15.000Z</time>
        <extensions>
          <ns3:TrackPointExtension>
            <ns3:hr>167</ns3:hr>
            <ns3:cad>100</ns3:cad>
          </ns3:TrackPointExtension>
        </extensions>
      </trkpt>
      <trkpt lat="29.16516208089888095855712890625" lon="120.3125152923166751861572265625">
        <ele>113.59999847412109375</ele>
        <time>2016-04-28T11:58:16.000Z</time>
        <extensions>
          <ns3:TrackPointExtension>
            <ns3:hr>167</ns3:hr>
            <ns3:cad>100</ns3:cad>
          </ns3:TrackPointExtension>
        </extensions>
      </trkpt>
      <trkpt lat="29.165167696774005889892578125" lon="120.31248469837009906768798828125">
        <ele>113.40000152587890625</ele>
        <time>2016-04-28T11:58:17.000Z</time>
        <extensions>
          <ns3:TrackPointExtension>
            <ns3:hr>167</ns3:hr>
            <ns3:cad>100</ns3:cad>
          </ns3:TrackPointExtension>
        </extensions>
      </trkpt>
      <trkpt lat="29.16517532430589199066162109375" lon="120.31245569698512554168701171875">
        <ele>113.40000152587890625</ele>
        <time>2016-04-28T11:58:18.000Z</time>
        <extensions>
          <ns3:TrackPointExtension>
            <ns3:hr>168</ns3:hr>
            <ns3:cad>100</ns3:cad>
          </ns3:TrackPointExtension>
        </extensions>
      </trkpt>
      <trkpt lat="29.1651829518377780914306640625" lon="120.3124251030385494232177734375">
        <ele>113.59999847412109375</ele>
        <time>2016-04-28T11:58:19.000Z</time>
        <extensions>
          <ns3:TrackPointExtension>
            <ns3:hr>168</ns3:hr>
            <ns3:cad>99</ns3:cad>
          </ns3:TrackPointExtension>
        </extensions>
      </trkpt>
      <trkpt lat="29.16518756188452243804931640625" lon="120.31239618547260761260986328125">
        <ele>114</ele>
        <time>2016-04-28T11:58:20.000Z</time>
        <extensions>
          <ns3:TrackPointExtension>
            <ns3:hr>168</ns3:hr>
            <ns3:cad>98</ns3:cad>
          </ns3:TrackPointExtension>
        </extensions>
      </trkpt>
      <trkpt lat="29.16519292630255222320556640625" lon="120.31236718408763408660888671875">
        <ele>114.40000152587890625</ele>
        <time>2016-04-28T11:58:21.000Z</time>
        <extensions>
          <ns3:TrackPointExtension>
            <ns3:hr>168</ns3:hr>
            <ns3:cad>98</ns3:cad>
          </ns3:TrackPointExtension>
        </extensions>
      </trkpt>
      <trkpt lat="29.16519879363477230072021484375" lon="120.31233533285558223724365234375">
        <ele>115</ele>
        <time>2016-04-28T11:58:22.000Z</time>
        <extensions>
          <ns3:TrackPointExtension>
            <ns3:hr>168</ns3:hr>
            <ns3:cad>99</ns3:cad>
          </ns3:TrackPointExtension>
        </extensions>
      </trkpt>
      <trkpt lat="29.1652027331292629241943359375" lon="120.3123052418231964111328125">
        <ele>115.59999847412109375</ele>
        <time>2016-04-28T11:58:23.000Z</time>
        <extensions>
          <ns3:TrackPointExtension>
            <ns3:hr>168</ns3:hr>
            <ns3:cad>99</ns3:cad>
          </ns3:TrackPointExtension>
        </extensions>
      </trkpt>
      <trkpt lat="29.165206588804721832275390625" lon="120.3122748993337154388427734375">
        <ele>116</ele>
        <time>2016-04-28T11:58:24.000Z</time>
        <extensions>
          <ns3:TrackPointExtension>
            <ns3:hr>168</ns3:hr>
            <ns3:cad>99</ns3:cad>
          </ns3:TrackPointExtension>
        </extensions>
      </trkpt>
      <trkpt lat="29.16521505452692508697509765625" lon="120.31220926903188228607177734375">
        <ele>117</ele>
        <time>2016-04-28T11:58:25.000Z</time>
        <extensions>
          <ns3:TrackPointExtension>
            <ns3:hr>168</ns3:hr>
            <ns3:cad>99</ns3:cad>
          </ns3:TrackPointExtension>
        </extensions>
      </trkpt>
      <trkpt lat="29.16521505452692508697509765625" lon="120.31220926903188228607177734375">
        <ele>117</ele>
        <time>2016-04-28T11:58:26.000Z</time>
        <extensions>
          <ns3:TrackPointExtension>
            <ns3:hr>168</ns3:hr>
            <ns3:cad>98</ns3:cad>
          </ns3:TrackPointExtension>
        </extensions>
      </trkpt>
      <trkpt lat="29.16522259823977947235107421875" lon="120.3121764957904815673828125">
        <ele>117.40000152587890625</ele>
        <time>2016-04-28T11:58:27.000Z</time>
        <extensions>
          <ns3:TrackPointExtension>
            <ns3:hr>168</ns3:hr>
            <ns3:cad>98</ns3:cad>
          </ns3:TrackPointExtension>
        </extensions>
      </trkpt>
      <trkpt lat="29.16522838175296783447265625" lon="120.3121404536068439483642578125">
        <ele>117.59999847412109375</ele>
        <time>2016-04-28T11:58:28.000Z</time>
        <extensions>
          <ns3:TrackPointExtension>
            <ns3:hr>169</ns3:hr>
            <ns3:cad>98</ns3:cad>
          </ns3:TrackPointExtension>
        </extensions>
      </trkpt>
      <trkpt lat="29.165234081447124481201171875" lon="120.312109775841236114501953125">
        <ele>117.8000030517578125</ele>
        <time>2016-04-28T11:58:29.000Z</time>
        <extensions>
          <ns3:TrackPointExtension>
            <ns3:hr>169</ns3:hr>
            <ns3:cad>98</ns3:cad>
          </ns3:TrackPointExtension>
        </extensions>
      </trkpt>
      <trkpt lat="29.165239445865154266357421875" lon="120.31207851134240627288818359375">
        <ele>118.1999969482421875</ele>
        <time>2016-04-28T11:58:30.000Z</time>
        <extensions>
          <ns3:TrackPointExtension>
            <ns3:hr>169</ns3:hr>
            <ns3:cad>98</ns3:cad>
          </ns3:TrackPointExtension>
        </extensions>
      </trkpt>
      <trkpt lat="29.16524556465446949005126953125" lon="120.312046073377132415771484375">
        <ele>118.40000152587890625</ele>
        <time>2016-04-28T11:58:31.000Z</time>
        <extensions>
          <ns3:TrackPointExtension>
            <ns3:hr>169</ns3:hr>
            <ns3:cad>98</ns3:cad>
          </ns3:TrackPointExtension>
        </extensions>
      </trkpt>
      <trkpt lat="29.16525185108184814453125" lon="120.31201422214508056640625">
        <ele>118.59999847412109375</ele>
        <time>2016-04-28T11:58:32.000Z</time>
        <extensions>
          <ns3:TrackPointExtension>
            <ns3:hr>170</ns3:hr>
            <ns3:cad>98</ns3:cad>
          </ns3:TrackPointExtension>
        </extensions>
      </trkpt>
      <trkpt lat="29.165258891880512237548828125" lon="120.31198228709399700164794921875">
        <ele>119</ele>
        <time>2016-04-28T11:58:33.000Z</time>
        <extensions>
          <ns3:TrackPointExtension>
            <ns3:hr>170</ns3:hr>
            <ns3:cad>98</ns3:cad>
          </ns3:TrackPointExtension>
        </extensions>
      </trkpt>
      <trkpt lat="29.1652657650411128997802734375" lon="120.31195051968097686767578125">
        <ele>119.1999969482421875</ele>
        <time>2016-04-28T11:58:34.000Z</time>
        <extensions>
          <ns3:TrackPointExtension>
            <ns3:hr>170</ns3:hr>
            <ns3:cad>98</ns3:cad>
          </ns3:TrackPointExtension>
        </extensions>
      </trkpt>
      <trkpt lat="29.16526995599269866943359375" lon="120.31191841699182987213134765625">
        <ele>119.1999969482421875</ele>
        <time>2016-04-28T11:58:35.000Z</time>
        <extensions>
          <ns3:TrackPointExtension>
            <ns3:hr>170</ns3:hr>
            <ns3:cad>98</ns3:cad>
          </ns3:TrackPointExtension>
        </extensions>
      </trkpt>
      <trkpt lat="29.1652738116681575775146484375" lon="120.31188656575977802276611328125">
        <ele>119.40000152587890625</ele>
        <time>2016-04-28T11:58:36.000Z</time>
        <extensions>
          <ns3:TrackPointExtension>
            <ns3:hr>170</ns3:hr>
            <ns3:cad>98</ns3:cad>
          </ns3:TrackPointExtension>
        </extensions>
      </trkpt>
      <trkpt lat="29.16527842171490192413330078125" lon="120.31185488216578960418701171875">
        <ele>119.40000152587890625</ele>
        <time>2016-04-28T11:58:37.000Z</time>
        <extensions>
          <ns3:TrackPointExtension>
            <ns3:hr>170</ns3:hr>
            <ns3:cad>98</ns3:cad>
          </ns3:TrackPointExtension>
        </extensions>
      </trkpt>
      <trkpt lat="29.16528261266648769378662109375" lon="120.31182420440018177032470703125">
        <ele>119.40000152587890625</ele>
        <time>2016-04-28T11:58:38.000Z</time>
        <extensions>
          <ns3:TrackPointExtension>
            <ns3:hr>167</ns3:hr>
            <ns3:cad>98</ns3:cad>
          </ns3:TrackPointExtension>
        </extensions>
      </trkpt>
      <trkpt lat="29.16528697125613689422607421875" lon="120.311791598796844482421875">
        <ele>119.1999969482421875</ele>
        <time>2016-04-28T11:58:39.000Z</time>
        <extensions>
          <ns3:TrackPointExtension>
            <ns3:hr>168</ns3:hr>
            <ns3:cad>98</ns3:cad>
          </ns3:TrackPointExtension>
        </extensions>
      </trkpt>
      <trkpt lat="29.16529065929353237152099609375" lon="120.31175999902188777923583984375">
        <ele>119.1999969482421875</ele>
        <time>2016-04-28T11:58:40.000Z</time>
        <extensions>
          <ns3:TrackPointExtension>
            <ns3:hr>168</ns3:hr>
            <ns3:cad>98</ns3:cad>
          </ns3:TrackPointExtension>
        </extensions>
      </trkpt>
      <trkpt lat="29.1653014719486236572265625" lon="120.3116990625858306884765625">
        <ele>119.1999969482421875</ele>
        <time>2016-04-28T11:58:41.000Z</time>
        <extensions>
          <ns3:TrackPointExtension>
            <ns3:hr>167</ns3:hr>
            <ns3:cad>98</ns3:cad>
          </ns3:TrackPointExtension>
        </extensions>
      </trkpt>
      <trkpt lat="29.1653014719486236572265625" lon="120.3116990625858306884765625">
        <ele>119.1999969482421875</ele>
        <time>2016-04-28T11:58:42.000Z</time>
        <extensions>
          <ns3:TrackPointExtension>
            <ns3:hr>167</ns3:hr>
            <ns3:cad>98</ns3:cad>
          </ns3:TrackPointExtension>
        </extensions>
      </trkpt>
      <trkpt lat="29.16530792601406574249267578125" lon="120.3116690553724765777587890625">
        <ele>119.1999969482421875</ele>
        <time>2016-04-28T11:58:43.000Z</time>
        <extensions>
          <ns3:TrackPointExtension>
            <ns3:hr>167</ns3:hr>
            <ns3:cad>99</ns3:cad>
          </ns3:TrackPointExtension>
        </extensions>
      </trkpt>
      <trkpt lat="29.16531421244144439697265625" lon="120.31163712032139301300048828125">
        <ele>119.1999969482421875</ele>
        <time>2016-04-28T11:58:44.000Z</time>
        <extensions>
          <ns3:TrackPointExtension>
            <ns3:hr>167</ns3:hr>
            <ns3:cad>100</ns3:cad>
          </ns3:TrackPointExtension>
        </extensions>
      </trkpt>
      <trkpt lat="29.165320582687854766845703125" lon="120.3116033412516117095947265625">
        <ele>119.40000152587890625</ele>
        <time>2016-04-28T11:58:45.000Z</time>
        <extensions>
          <ns3:TrackPointExtension>
            <ns3:hr>168</ns3:hr>
            <ns3:cad>100</ns3:cad>
          </ns3:TrackPointExtension>
        </extensions>
      </trkpt>
      <trkpt lat="29.1653277911245822906494140625" lon="120.31157257966697216033935546875">
        <ele>119.40000152587890625</ele>
        <time>2016-04-28T11:58:46.000Z</time>
        <extensions>
          <ns3:TrackPointExtension>
            <ns3:hr>168</ns3:hr>
            <ns3:cad>97</ns3:cad>
          </ns3:TrackPointExtension>
        </extensions>
      </trkpt>
      <trkpt lat="29.16533390991389751434326171875" lon="120.3115416504442691802978515625">
        <ele>119.1999969482421875</ele>
        <time>2016-04-28T11:58:47.000Z</time>
        <extensions>
          <ns3:TrackPointExtension>
            <ns3:hr>169</ns3:hr>
            <ns3:cad>97</ns3:cad>
          </ns3:TrackPointExtension>
        </extensions>
      </trkpt>
      <trkpt lat="29.16533960960805416107177734375" lon="120.31151172704994678497314453125">
        <ele>119.1999969482421875</ele>
        <time>2016-04-28T11:58:48.000Z</time>
        <extensions>
          <ns3:TrackPointExtension>
            <ns3:hr>168</ns3:hr>
            <ns3:cad>97</ns3:cad>
          </ns3:TrackPointExtension>
        </extensions>
      </trkpt>
      <trkpt lat="29.16534530930221080780029296875" lon="120.3114819712936878204345703125">
        <ele>119.40000152587890625</ele>
        <time>2016-04-28T11:58:49.000Z</time>
        <extensions>
          <ns3:TrackPointExtension>
            <ns3:hr>167</ns3:hr>
            <ns3:cad>97</ns3:cad>
          </ns3:TrackPointExtension>
        </extensions>
      </trkpt>
      <trkpt lat="29.16535268537700176239013671875" lon="120.31145154498517513275146484375">
        <ele>119.8000030517578125</ele>
        <time>2016-04-28T11:58:50.000Z</time>
        <extensions>
          <ns3:TrackPointExtension>
            <ns3:hr>167</ns3:hr>
            <ns3:cad>97</ns3:cad>
          </ns3:TrackPointExtension>
        </extensions>
      </trkpt>
      <trkpt lat="29.16535687632858753204345703125" lon="120.3114227950572967529296875">
        <ele>120</ele>
        <time>2016-04-28T11:58:51.000Z</time>
        <extensions>
          <ns3:TrackPointExtension>
            <ns3:hr>167</ns3:hr>
            <ns3:cad>98</ns3:cad>
          </ns3:TrackPointExtension>
        </extensions>
      </trkpt>
      <trkpt lat="29.1653685271739959716796875" lon="120.31136537902057170867919921875">
        <ele>120.59999847412109375</ele>
        <time>2016-04-28T11:58:52.000Z</time>
        <extensions>
          <ns3:TrackPointExtension>
            <ns3:hr>168</ns3:hr>
            <ns3:cad>98</ns3:cad>
          </ns3:TrackPointExtension>
        </extensions>
      </trkpt>
      <trkpt lat="29.1653685271739959716796875" lon="120.31136537902057170867919921875">
        <ele>120.59999847412109375</ele>
        <time>2016-04-28T11:58:53.000Z</time>
        <extensions>
          <ns3:TrackPointExtension>
            <ns3:hr>168</ns3:hr>
            <ns3:cad>98</ns3:cad>
          </ns3:TrackPointExtension>
        </extensions>
      </trkpt>
      <trkpt lat="29.1653743945062160491943359375" lon="120.311335958540439605712890625">
        <ele>121</ele>
        <time>2016-04-28T11:58:54.000Z</time>
        <extensions>
          <ns3:TrackPointExtension>
            <ns3:hr>168</ns3:hr>
            <ns3:cad>98</ns3:cad>
          </ns3:TrackPointExtension>
        </extensions>
      </trkpt>
      <trkpt lat="29.16538034565746784210205078125" lon="120.31130586750805377960205078125">
        <ele>121.40000152587890625</ele>
        <time>2016-04-28T11:58:55.000Z</time>
        <extensions>
          <ns3:TrackPointExtension>
            <ns3:hr>168</ns3:hr>
            <ns3:cad>98</ns3:cad>
          </ns3:TrackPointExtension>
        </extensions>
      </trkpt>
      <trkpt lat="29.16538520716130733489990234375" lon="120.31127401627600193023681640625">
        <ele>121.59999847412109375</ele>
        <time>2016-04-28T11:58:56.000Z</time>
        <extensions>
          <ns3:TrackPointExtension>
            <ns3:hr>167</ns3:hr>
            <ns3:cad>97</ns3:cad>
          </ns3:TrackPointExtension>
        </extensions>
      </trkpt>
      <trkpt lat="29.165390320122241973876953125" lon="120.311244763433933258056640625">
        <ele>121.8000030517578125</ele>
        <time>2016-04-28T11:58:57.000Z</time>
        <extensions>
          <ns3:TrackPointExtension>
            <ns3:hr>166</ns3:hr>
            <ns3:cad>97</ns3:cad>
          </ns3:TrackPointExtension>
        </extensions>
      </trkpt>
      <trkpt lat="29.16539694182574748992919921875" lon="120.31121333129703998565673828125">
        <ele>122</ele>
        <time>2016-04-28T11:58:58.000Z</time>
        <extensions>
          <ns3:TrackPointExtension>
            <ns3:hr>166</ns3:hr>
            <ns3:cad>97</ns3:cad>
          </ns3:TrackPointExtension>
        </extensions>
      </trkpt>
      <trkpt lat="29.165403060615062713623046875" lon="120.31118248589336872100830078125">
        <ele>122.1999969482421875</ele>
        <time>2016-04-28T11:58:59.000Z</time>
        <extensions>
          <ns3:TrackPointExtension>
            <ns3:hr>166</ns3:hr>
            <ns3:cad>98</ns3:cad>
          </ns3:TrackPointExtension>
        </extensions>
      </trkpt>
      <trkpt lat="29.16540884412825107574462890625" lon="120.31115331687033176422119140625">
        <ele>122.40000152587890625</ele>
        <time>2016-04-28T11:59:00.000Z</time>
        <extensions>
          <ns3:TrackPointExtension>
            <ns3:hr>166</ns3:hr>
            <ns3:cad>98</ns3:cad>
          </ns3:TrackPointExtension>
        </extensions>
      </trkpt>
      <trkpt lat="29.16541538201272487640380859375" lon="120.31112481839954853057861328125">
        <ele>122.59999847412109375</ele>
        <time>2016-04-28T11:59:01.000Z</time>
        <extensions>
          <ns3:TrackPointExtension>
            <ns3:hr>166</ns3:hr>
            <ns3:cad>98</ns3:cad>
          </ns3:TrackPointExtension>
        </extensions>
      </trkpt>
      <trkpt lat="29.16542091406881809234619140625" lon="120.3110937215387821197509765625">
        <ele>122.8000030517578125</ele>
        <time>2016-04-28T11:59:02.000Z</time>
        <extensions>
          <ns3:TrackPointExtension>
            <ns3:hr>166</ns3:hr>
            <ns3:cad>98</ns3:cad>
          </ns3:TrackPointExtension>
        </extensions>
      </trkpt>
      <trkpt lat="29.16543398983776569366455078125" lon="120.311033539474010467529296875">
        <ele>123.1999969482421875</ele>
        <time>2016-04-28T11:59:03.000Z</time>
        <extensions>
          <ns3:TrackPointExtension>
            <ns3:hr>166</ns3:hr>
            <ns3:cad>98</ns3:cad>
          </ns3:TrackPointExtension>
        </extensions>
      </trkpt>
      <trkpt lat="29.16543398983776569366455078125" lon="120.311033539474010467529296875">
        <ele>123.1999969482421875</ele>
        <time>2016-04-28T11:59:04.000Z</time>
        <extensions>
          <ns3:TrackPointExtension>
            <ns3:hr>166</ns3:hr>
            <ns3:cad>99</ns3:cad>
          </ns3:TrackPointExtension>
        </extensions>
      </trkpt>
      <trkpt lat="29.16543901897966861724853515625" lon="120.311004705727100372314453125">
        <ele>123.1999969482421875</ele>
        <time>2016-04-28T11:59:05.000Z</time>
        <extensions>
          <ns3:TrackPointExtension>
            <ns3:hr>165</ns3:hr>
            <ns3:cad>99</ns3:cad>
          </ns3:TrackPointExtension>
        </extensions>
      </trkpt>
      <trkpt lat="29.16544404812157154083251953125" lon="120.31097511760890483856201171875">
        <ele>123.1999969482421875</ele>
        <time>2016-04-28T11:59:06.000Z</time>
        <extensions>
          <ns3:TrackPointExtension>
            <ns3:hr>164</ns3:hr>
            <ns3:cad>98</ns3:cad>
          </ns3:TrackPointExtension>
        </extensions>
      </trkpt>
      <trkpt lat="29.16545477695763111114501953125" lon="120.310911834239959716796875">
        <ele>123.1999969482421875</ele>
        <time>2016-04-28T11:59:07.000Z</time>
        <extensions>
          <ns3:TrackPointExtension>
            <ns3:hr>162</ns3:hr>
            <ns3:cad>97</ns3:cad>
          </ns3:TrackPointExtension>
        </extensions>
      </trkpt>
      <trkpt lat="29.16545477695763111114501953125" lon="120.310911834239959716796875">
        <ele>123.1999969482421875</ele>
        <time>2016-04-28T11:59:08.000Z</time>
        <extensions>
          <ns3:TrackPointExtension>
            <ns3:hr>161</ns3:hr>
            <ns3:cad>97</ns3:cad>
          </ns3:TrackPointExtension>
        </extensions>
      </trkpt>
      <trkpt lat="29.16546114720404148101806640625" lon="120.310879647731781005859375">
        <ele>123.1999969482421875</ele>
        <time>2016-04-28T11:59:09.000Z</time>
        <extensions>
          <ns3:TrackPointExtension>
            <ns3:hr>162</ns3:hr>
            <ns3:cad>99</ns3:cad>
          </ns3:TrackPointExtension>
        </extensions>
      </trkpt>
      <trkpt lat="29.16546802036464214324951171875" lon="120.31084620393812656402587890625">
        <ele>123</ele>
        <time>2016-04-28T11:59:10.000Z</time>
        <extensions>
          <ns3:TrackPointExtension>
            <ns3:hr>162</ns3:hr>
            <ns3:cad>99</ns3:cad>
          </ns3:TrackPointExtension>
        </extensions>
      </trkpt>
      <trkpt lat="29.16547455824911594390869140625" lon="120.310812927782535552978515625">
        <ele>123</ele>
        <time>2016-04-28T11:59:11.000Z</time>
        <extensions>
          <ns3:TrackPointExtension>
            <ns3:hr>162</ns3:hr>
            <ns3:cad>99</ns3:cad>
          </ns3:TrackPointExtension>
        </extensions>
      </trkpt>
      <trkpt lat="29.1654826886951923370361328125" lon="120.3107825852930545806884765625">
        <ele>123</ele>
        <time>2016-04-28T11:59:12.000Z</time>
        <extensions>
          <ns3:TrackPointExtension>
            <ns3:hr>163</ns3:hr>
            <ns3:cad>97</ns3:cad>
          </ns3:TrackPointExtension>
        </extensions>
      </trkpt>
      <trkpt lat="29.16548964567482471466064453125" lon="120.310753248631954193115234375">
        <ele>122.8000030517578125</ele>
        <time>2016-04-28T11:59:13.000Z</time>
        <extensions>
          <ns3:TrackPointExtension>
            <ns3:hr>163</ns3:hr>
            <ns3:cad>97</ns3:cad>
          </ns3:TrackPointExtension>
        </extensions>
      </trkpt>
      <trkpt lat="29.16549501009285449981689453125" lon="120.31072282232344150543212890625">
        <ele>123</ele>
        <time>2016-04-28T11:59:14.000Z</time>
        <extensions>
          <ns3:TrackPointExtension>
            <ns3:hr>163</ns3:hr>
            <ns3:cad>97</ns3:cad>
          </ns3:TrackPointExtension>
        </extensions>
      </trkpt>
      <trkpt lat="29.16550238616764545440673828125" lon="120.31069063581526279449462890625">
        <ele>123.1999969482421875</ele>
        <time>2016-04-28T11:59:15.000Z</time>
        <extensions>
          <ns3:TrackPointExtension>
            <ns3:hr>164</ns3:hr>
            <ns3:cad>97</ns3:cad>
          </ns3:TrackPointExtension>
        </extensions>
      </trkpt>
      <trkpt lat="29.1655088402330875396728515625" lon="120.31066079623997211456298828125">
        <ele>123.40000152587890625</ele>
        <time>2016-04-28T11:59:16.000Z</time>
        <extensions>
          <ns3:TrackPointExtension>
            <ns3:hr>164</ns3:hr>
            <ns3:cad>97</ns3:cad>
          </ns3:TrackPointExtension>
        </extensions>
      </trkpt>
      <trkpt lat="29.16551462374627590179443359375" lon="120.31062953174114227294921875">
        <ele>123.40000152587890625</ele>
        <time>2016-04-28T11:59:17.000Z</time>
        <extensions>
          <ns3:TrackPointExtension>
            <ns3:hr>165</ns3:hr>
            <ns3:cad>97</ns3:cad>
          </ns3:TrackPointExtension>
        </extensions>
      </trkpt>
      <trkpt lat="29.1655215807259082794189453125" lon="120.3105981834232807159423828125">
        <ele>123.59999847412109375</ele>
        <time>2016-04-28T11:59:18.000Z</time>
        <extensions>
          <ns3:TrackPointExtension>
            <ns3:hr>164</ns3:hr>
            <ns3:cad>97</ns3:cad>
          </ns3:TrackPointExtension>
        </extensions>
      </trkpt>
      <trkpt lat="29.1655269451439380645751953125" lon="120.31056691892445087432861328125">
        <ele>123.8000030517578125</ele>
        <time>2016-04-28T11:59:19.000Z</time>
        <extensions>
          <ns3:TrackPointExtension>
            <ns3:hr>163</ns3:hr>
            <ns3:cad>98</ns3:cad>
          </ns3:TrackPointExtension>
        </extensions>
      </trkpt>
      <trkpt lat="29.1655390150845050811767578125" lon="120.3105026297271251678466796875">
        <ele>123.59999847412109375</ele>
        <time>2016-04-28T11:59:20.000Z</time>
        <extensions>
          <ns3:TrackPointExtension>
            <ns3:hr>163</ns3:hr>
            <ns3:cad>98</ns3:cad>
          </ns3:TrackPointExtension>
        </extensions>
      </trkpt>
      <trkpt lat="29.1655390150845050811767578125" lon="120.3105026297271251678466796875">
        <ele>123.59999847412109375</ele>
        <time>2016-04-28T11:59:21.000Z</time>
        <extensions>
          <ns3:TrackPointExtension>
            <ns3:hr>163</ns3:hr>
            <ns3:cad>98</ns3:cad>
          </ns3:TrackPointExtension>
        </extensions>
      </trkpt>
      <trkpt lat="29.165545217692852020263671875" lon="120.31047371216118335723876953125">
        <ele>123.40000152587890625</ele>
        <time>2016-04-28T11:59:22.000Z</time>
        <extensions>
          <ns3:TrackPointExtension>
            <ns3:hr>163</ns3:hr>
            <ns3:cad>98</ns3:cad>
          </ns3:TrackPointExtension>
        </extensions>
      </trkpt>
      <trkpt lat="29.16555225849151611328125" lon="120.31044521369040012359619140625">
        <ele>123.59999847412109375</ele>
        <time>2016-04-28T11:59:23.000Z</time>
        <extensions>
          <ns3:TrackPointExtension>
            <ns3:hr>162</ns3:hr>
            <ns3:cad>99</ns3:cad>
          </ns3:TrackPointExtension>
        </extensions>
      </trkpt>
      <trkpt lat="29.1655611433088779449462890625" lon="120.31041487120091915130615234375">
        <ele>124</ele>
        <time>2016-04-28T11:59:24.000Z</time>
        <extensions>
          <ns3:TrackPointExtension>
            <ns3:hr>162</ns3:hr>
            <ns3:cad>99</ns3:cad>
          </ns3:TrackPointExtension>
        </extensions>
      </trkpt>
      <trkpt lat="29.1655695252120494842529296875" lon="120.31038737855851650238037109375">
        <ele>124.1999969482421875</ele>
        <time>2016-04-28T11:59:25.000Z</time>
        <extensions>
          <ns3:TrackPointExtension>
            <ns3:hr>163</ns3:hr>
            <ns3:cad>98</ns3:cad>
          </ns3:TrackPointExtension>
        </extensions>
      </trkpt>
      <trkpt lat="29.165578074753284454345703125" lon="120.310357622802257537841796875">
        <ele>124.40000152587890625</ele>
        <time>2016-04-28T11:59:26.000Z</time>
        <extensions>
          <ns3:TrackPointExtension>
            <ns3:hr>163</ns3:hr>
            <ns3:cad>97</ns3:cad>
          </ns3:TrackPointExtension>
        </extensions>
      </trkpt>
      <trkpt lat="29.16558737866580486297607421875" lon="120.310327447950839996337890625">
        <ele>124.59999847412109375</ele>
        <time>2016-04-28T11:59:27.000Z</time>
        <extensions>
          <ns3:TrackPointExtension>
            <ns3:hr>163</ns3:hr>
            <ns3:cad>97</ns3:cad>
          </ns3:TrackPointExtension>
        </extensions>
      </trkpt>
      <trkpt lat="29.16559576056897640228271484375" lon="120.31029836274683475494384765625">
        <ele>124.8000030517578125</ele>
        <time>2016-04-28T11:59:28.000Z</time>
        <extensions>
          <ns3:TrackPointExtension>
            <ns3:hr>163</ns3:hr>
            <ns3:cad>99</ns3:cad>
          </ns3:TrackPointExtension>
        </extensions>
      </trkpt>
      <trkpt lat="29.165603555738925933837890625" lon="120.31026877462863922119140625">
        <ele>125.1999969482421875</ele>
        <time>2016-04-28T11:59:29.000Z</time>
        <extensions>
          <ns3:TrackPointExtension>
            <ns3:hr>162</ns3:hr>
            <ns3:cad>99</ns3:cad>
          </ns3:TrackPointExtension>
        </extensions>
      </trkpt>
      <trkpt lat="29.1656104288995265960693359375" lon="120.3102399408817291259765625">
        <ele>125.40000152587890625</ele>
        <time>2016-04-28T11:59:30.000Z</time>
        <extensions>
          <ns3:TrackPointExtension>
            <ns3:hr>162</ns3:hr>
            <ns3:cad>98</ns3:cad>
          </ns3:TrackPointExtension>
        </extensions>
      </trkpt>
      <trkpt lat="29.16561705060303211212158203125" lon="120.31021102331578731536865234375">
        <ele>125.59999847412109375</ele>
        <time>2016-04-28T11:59:31.000Z</time>
        <extensions>
          <ns3:TrackPointExtension>
            <ns3:hr>162</ns3:hr>
            <ns3:cad>98</ns3:cad>
          </ns3:TrackPointExtension>
        </extensions>
      </trkpt>
      <trkpt lat="29.1656245104968547821044921875" lon="120.31017883680760860443115234375">
        <ele>125.8000030517578125</ele>
        <time>2016-04-28T11:59:32.000Z</time>
        <extensions>
          <ns3:TrackPointExtension>
            <ns3:hr>162</ns3:hr>
            <ns3:cad>98</ns3:cad>
          </ns3:TrackPointExtension>
        </extensions>
      </trkpt>
      <trkpt lat="29.16563071310520172119140625" lon="120.31014807522296905517578125">
        <ele>126</ele>
        <time>2016-04-28T11:59:33.000Z</time>
        <extensions>
          <ns3:TrackPointExtension>
            <ns3:hr>162</ns3:hr>
            <ns3:cad>99</ns3:cad>
          </ns3:TrackPointExtension>
        </extensions>
      </trkpt>
      <trkpt lat="29.16563733480870723724365234375" lon="120.31011915765702724456787109375">
        <ele>126.1999969482421875</ele>
        <time>2016-04-28T11:59:34.000Z</time>
        <extensions>
          <ns3:TrackPointExtension>
            <ns3:hr>163</ns3:hr>
            <ns3:cad>99</ns3:cad>
          </ns3:TrackPointExtension>
        </extensions>
      </trkpt>
      <trkpt lat="29.165645800530910491943359375" lon="120.31009049154818058013916015625">
        <ele>126.40000152587890625</ele>
        <time>2016-04-28T11:59:35.000Z</time>
        <extensions>
          <ns3:TrackPointExtension>
            <ns3:hr>162</ns3:hr>
            <ns3:cad>98</ns3:cad>
          </ns3:TrackPointExtension>
        </extensions>
      </trkpt>
      <trkpt lat="29.16565418243408203125" lon="120.31006115488708019256591796875">
        <ele>126.59999847412109375</ele>
        <time>2016-04-28T11:59:36.000Z</time>
        <extensions>
          <ns3:TrackPointExtension>
            <ns3:hr>162</ns3:hr>
            <ns3:cad>97</ns3:cad>
          </ns3:TrackPointExtension>
        </extensions>
      </trkpt>
      <trkpt lat="29.16566147468984127044677734375" lon="120.31003299169242382049560546875">
        <ele>127</ele>
        <time>2016-04-28T11:59:37.000Z</time>
        <extensions>
          <ns3:TrackPointExtension>
            <ns3:hr>162</ns3:hr>
            <ns3:cad>97</ns3:cad>
          </ns3:TrackPointExtension>
        </extensions>
      </trkpt>
      <trkpt lat="29.165669269859790802001953125" lon="120.310003571212291717529296875">
        <ele>127.1999969482421875</ele>
        <time>2016-04-28T11:59:38.000Z</time>
        <extensions>
          <ns3:TrackPointExtension>
            <ns3:hr>162</ns3:hr>
            <ns3:cad>98</ns3:cad>
          </ns3:TrackPointExtension>
        </extensions>
      </trkpt>
      <trkpt lat="29.1656761430203914642333984375" lon="120.30997197143733501434326171875">
        <ele>127.40000152587890625</ele>
        <time>2016-04-28T11:59:39.000Z</time>
        <extensions>
          <ns3:TrackPointExtension>
            <ns3:hr>163</ns3:hr>
            <ns3:cad>98</ns3:cad>
          </ns3:TrackPointExtension>
        </extensions>
      </trkpt>
      <trkpt lat="29.1656845249235630035400390625" lon="120.30993886291980743408203125">
        <ele>127.8000030517578125</ele>
        <time>2016-04-28T11:59:40.000Z</time>
        <extensions>
          <ns3:TrackPointExtension>
            <ns3:hr>163</ns3:hr>
            <ns3:cad>98</ns3:cad>
          </ns3:TrackPointExtension>
        </extensions>
      </trkpt>
      <trkpt lat="29.16569374501705169677734375" lon="120.30990558676421642303466796875">
        <ele>128</ele>
        <time>2016-04-28T11:59:41.000Z</time>
        <extensions>
          <ns3:TrackPointExtension>
            <ns3:hr>163</ns3:hr>
            <ns3:cad>98</ns3:cad>
          </ns3:TrackPointExtension>
        </extensions>
      </trkpt>
      <trkpt lat="29.16569952853024005889892578125" lon="120.30987541191279888153076171875">
        <ele>128</ele>
        <time>2016-04-28T11:59:42.000Z</time>
        <extensions>
          <ns3:TrackPointExtension>
            <ns3:hr>162</ns3:hr>
            <ns3:cad>99</ns3:cad>
          </ns3:TrackPointExtension>
        </extensions>
      </trkpt>
      <trkpt lat="29.16570355184376239776611328125" lon="120.30984339304268360137939453125">
        <ele>128</ele>
        <time>2016-04-28T11:59:43.000Z</time>
        <extensions>
          <ns3:TrackPointExtension>
            <ns3:hr>162</ns3:hr>
            <ns3:cad>99</ns3:cad>
          </ns3:TrackPointExtension>
        </extensions>
      </trkpt>
      <trkpt lat="29.16570774279534816741943359375" lon="120.30981145799160003662109375">
        <ele>128</ele>
        <time>2016-04-28T11:59:44.000Z</time>
        <extensions>
          <ns3:TrackPointExtension>
            <ns3:hr>162</ns3:hr>
            <ns3:cad>99</ns3:cad>
          </ns3:TrackPointExtension>
        </extensions>
      </trkpt>
      <trkpt lat="29.16571159847080707550048828125" lon="120.30978203751146793365478515625">
        <ele>128</ele>
        <time>2016-04-28T11:59:45.000Z</time>
        <extensions>
          <ns3:TrackPointExtension>
            <ns3:hr>162</ns3:hr>
            <ns3:cad>99</ns3:cad>
          </ns3:TrackPointExtension>
        </extensions>
      </trkpt>
      <trkpt lat="29.16571562178432941436767578125" lon="120.30974901281297206878662109375">
        <ele>128</ele>
        <time>2016-04-28T11:59:46.000Z</time>
        <extensions>
          <ns3:TrackPointExtension>
            <ns3:hr>161</ns3:hr>
            <ns3:cad>99</ns3:cad>
          </ns3:TrackPointExtension>
        </extensions>
      </trkpt>
      <trkpt lat="29.16571746580302715301513671875" lon="120.3097187541425228118896484375">
        <ele>128</ele>
        <time>2016-04-28T11:59:47.000Z</time>
        <extensions>
          <ns3:TrackPointExtension>
            <ns3:hr>161</ns3:hr>
            <ns3:cad>99</ns3:cad>
          </ns3:TrackPointExtension>
        </extensions>
      </trkpt>
      <trkpt lat="29.165723584592342376708984375" lon="120.3096932731568813323974609375">
        <ele>128</ele>
        <time>2016-04-28T11:59:48.000Z</time>
        <extensions>
          <ns3:TrackPointExtension>
            <ns3:hr>162</ns3:hr>
            <ns3:cad>98</ns3:cad>
          </ns3:TrackPointExtension>
        </extensions>
      </trkpt>
      <trkpt lat="29.1657252609729766845703125" lon="120.30966460704803466796875">
        <ele>127.8000030517578125</ele>
        <time>2016-04-28T11:59:49.000Z</time>
        <extensions>
          <ns3:TrackPointExtension>
            <ns3:hr>162</ns3:hr>
            <ns3:cad>98</ns3:cad>
          </ns3:TrackPointExtension>
        </extensions>
      </trkpt>
      <trkpt lat="29.165726266801357269287109375" lon="120.30961004085838794708251953125">
        <ele>127.8000030517578125</ele>
        <time>2016-04-28T11:59:50.000Z</time>
        <extensions>
          <ns3:TrackPointExtension>
            <ns3:hr>163</ns3:hr>
            <ns3:cad>98</ns3:cad>
          </ns3:TrackPointExtension>
        </extensions>
      </trkpt>
      <trkpt lat="29.165726266801357269287109375" lon="120.30961004085838794708251953125">
        <ele>127.8000030517578125</ele>
        <time>2016-04-28T11:59:51.000Z</time>
        <extensions>
          <ns3:TrackPointExtension>
            <ns3:hr>163</ns3:hr>
            <ns3:cad>98</ns3:cad>
          </ns3:TrackPointExtension>
        </extensions>
      </trkpt>
      <trkpt lat="29.16572785936295986175537109375" lon="120.3095833025872707366943359375">
        <ele>127.59999847412109375</ele>
        <time>2016-04-28T11:59:52.000Z</time>
        <extensions>
          <ns3:TrackPointExtension>
            <ns3:hr>163</ns3:hr>
            <ns3:cad>99</ns3:cad>
          </ns3:TrackPointExtension>
        </extensions>
      </trkpt>
      <trkpt lat="29.16572769172489643096923828125" lon="120.3095588274300098419189453125">
        <ele>127.59999847412109375</ele>
        <time>2016-04-28T11:59:53.000Z</time>
        <extensions>
          <ns3:TrackPointExtension>
            <ns3:hr>163</ns3:hr>
            <ns3:cad>99</ns3:cad>
          </ns3:TrackPointExtension>
        </extensions>
      </trkpt>
      <trkpt lat="29.16572618298232555389404296875" lon="120.30950593762099742889404296875">
        <ele>127.40000152587890625</ele>
        <time>2016-04-28T11:59:54.000Z</time>
        <extensions>
          <ns3:TrackPointExtension>
            <ns3:hr>163</ns3:hr>
            <ns3:cad>100</ns3:cad>
          </ns3:TrackPointExtension>
        </extensions>
      </trkpt>
      <trkpt lat="29.16572618298232555389404296875" lon="120.30950593762099742889404296875">
        <ele>127.40000152587890625</ele>
        <time>2016-04-28T11:59:55.000Z</time>
        <extensions>
          <ns3:TrackPointExtension>
            <ns3:hr>163</ns3:hr>
            <ns3:cad>100</ns3:cad>
          </ns3:TrackPointExtension>
        </extensions>
      </trkpt>
      <trkpt lat="29.16572785936295986175537109375" lon="120.30948146246373653411865234375">
        <ele>127.40000152587890625</ele>
        <time>2016-04-28T11:59:56.000Z</time>
        <extensions>
          <ns3:TrackPointExtension>
            <ns3:hr>163</ns3:hr>
            <ns3:cad>101</ns3:cad>
          </ns3:TrackPointExtension>
        </extensions>
      </trkpt>
      <trkpt lat="29.1657307930290699005126953125" lon="120.3094558976590633392333984375">
        <ele>127.1999969482421875</ele>
        <time>2016-04-28T11:59:57.000Z</time>
        <extensions>
          <ns3:TrackPointExtension>
            <ns3:hr>163</ns3:hr>
            <ns3:cad>101</ns3:cad>
          </ns3:TrackPointExtension>
        </extensions>
      </trkpt>
      <trkpt lat="29.1657328046858310699462890625" lon="120.30942647717893123626708984375">
        <ele>127.1999969482421875</ele>
        <time>2016-04-28T11:59:58.000Z</time>
        <extensions>
          <ns3:TrackPointExtension>
            <ns3:hr>162</ns3:hr>
            <ns3:cad>100</ns3:cad>
          </ns3:TrackPointExtension>
        </extensions>
      </trkpt>
      <trkpt lat="29.16573800146579742431640625" lon="120.30940032564103603363037109375">
        <ele>127</ele>
        <time>2016-04-28T11:59:59.000Z</time>
        <extensions>
          <ns3:TrackPointExtension>
            <ns3:hr>162</ns3:hr>
            <ns3:cad>99</ns3:cad>
          </ns3:TrackPointExtension>
        </extensions>
      </trkpt>
      <trkpt lat="29.16574462316930294036865234375" lon="120.3093750961124897003173828125">
        <ele>126.8000030517578125</ele>
        <time>2016-04-28T12:00:00.000Z</time>
        <extensions>
          <ns3:TrackPointExtension>
            <ns3:hr>162</ns3:hr>
            <ns3:cad>99</ns3:cad>
          </ns3:TrackPointExtension>
        </extensions>
      </trkpt>
      <trkpt lat="29.16575049050152301788330078125" lon="120.3093492798507213592529296875">
        <ele>126.40000152587890625</ele>
        <time>2016-04-28T12:00:01.000Z</time>
        <extensions>
          <ns3:TrackPointExtension>
            <ns3:hr>162</ns3:hr>
            <ns3:cad>97</ns3:cad>
          </ns3:TrackPointExtension>
        </extensions>
      </trkpt>
      <trkpt lat="29.165753088891506195068359375" lon="120.30932120047509670257568359375">
        <ele>126</ele>
        <time>2016-04-28T12:00:02.000Z</time>
        <extensions>
          <ns3:TrackPointExtension>
            <ns3:hr>161</ns3:hr>
            <ns3:cad>97</ns3:cad>
          </ns3:TrackPointExtension>
        </extensions>
      </trkpt>
      <trkpt lat="29.1657579503953456878662109375" lon="120.3092899359762668609619140625">
        <ele>125.59999847412109375</ele>
        <time>2016-04-28T12:00:03.000Z</time>
        <extensions>
          <ns3:TrackPointExtension>
            <ns3:hr>160</ns3:hr>
            <ns3:cad>97</ns3:cad>
          </ns3:TrackPointExtension>
        </extensions>
      </trkpt>
      <trkpt lat="29.165761806070804595947265625" lon="120.3092614375054836273193359375">
        <ele>125.1999969482421875</ele>
        <time>2016-04-28T12:00:04.000Z</time>
        <extensions>
          <ns3:TrackPointExtension>
            <ns3:hr>160</ns3:hr>
            <ns3:cad>97</ns3:cad>
          </ns3:TrackPointExtension>
        </extensions>
      </trkpt>
      <trkpt lat="29.16576482355594635009765625" lon="120.30923218466341495513916015625">
        <ele>124.59999847412109375</ele>
        <time>2016-04-28T12:00:05.000Z</time>
        <extensions>
          <ns3:TrackPointExtension>
            <ns3:hr>160</ns3:hr>
            <ns3:cad>97</ns3:cad>
          </ns3:TrackPointExtension>
        </extensions>
      </trkpt>
      <trkpt lat="29.1657723672688007354736328125" lon="120.30920251272618770599365234375">
        <ele>124.1999969482421875</ele>
        <time>2016-04-28T12:00:06.000Z</time>
        <extensions>
          <ns3:TrackPointExtension>
            <ns3:hr>160</ns3:hr>
            <ns3:cad>98</ns3:cad>
          </ns3:TrackPointExtension>
        </extensions>
      </trkpt>
      <trkpt lat="29.1657760553061962127685546875" lon="120.30917267315089702606201171875">
        <ele>123.8000030517578125</ele>
        <time>2016-04-28T12:00:07.000Z</time>
        <extensions>
          <ns3:TrackPointExtension>
            <ns3:hr>160</ns3:hr>
            <ns3:cad>98</ns3:cad>
          </ns3:TrackPointExtension>
        </extensions>
      </trkpt>
      <trkpt lat="29.1657753847539424896240234375" lon="120.30914627015590667724609375">
        <ele>123.40000152587890625</ele>
        <time>2016-04-28T12:00:08.000Z</time>
        <extensions>
          <ns3:TrackPointExtension>
            <ns3:hr>160</ns3:hr>
            <ns3:cad>98</ns3:cad>
          </ns3:TrackPointExtension>
        </extensions>
      </trkpt>
      <trkpt lat="29.165775887668132781982421875" lon="120.30909036286175251007080078125">
        <ele>123</ele>
        <time>2016-04-28T12:00:09.000Z</time>
        <extensions>
          <ns3:TrackPointExtension>
            <ns3:hr>160</ns3:hr>
            <ns3:cad>97</ns3:cad>
          </ns3:TrackPointExtension>
        </extensions>
      </trkpt>
      <trkpt lat="29.165775887668132781982421875" lon="120.30909036286175251007080078125">
        <ele>123</ele>
        <time>2016-04-28T12:00:10.000Z</time>
        <extensions>
          <ns3:TrackPointExtension>
            <ns3:hr>160</ns3:hr>
            <ns3:cad>97</ns3:cad>
          </ns3:TrackPointExtension>
        </extensions>
      </trkpt>
      <trkpt lat="29.16577756404876708984375" lon="120.30906379222869873046875">
        <ele>122.8000030517578125</ele>
        <time>2016-04-28T12:00:11.000Z</time>
        <extensions>
          <ns3:TrackPointExtension>
            <ns3:hr>161</ns3:hr>
            <ns3:cad>97</ns3:cad>
          </ns3:TrackPointExtension>
        </extensions>
      </trkpt>
      <trkpt lat="29.1657807491719722747802734375" lon="120.30903588049113750457763671875">
        <ele>122.59999847412109375</ele>
        <time>2016-04-28T12:00:12.000Z</time>
        <extensions>
          <ns3:TrackPointExtension>
            <ns3:hr>161</ns3:hr>
            <ns3:cad>97</ns3:cad>
          </ns3:TrackPointExtension>
        </extensions>
      </trkpt>
      <trkpt lat="29.165785945951938629150390625" lon="120.30901014804840087890625">
        <ele>122.40000152587890625</ele>
        <time>2016-04-28T12:00:13.000Z</time>
        <extensions>
          <ns3:TrackPointExtension>
            <ns3:hr>162</ns3:hr>
            <ns3:cad>97</ns3:cad>
          </ns3:TrackPointExtension>
        </extensions>
      </trkpt>
      <trkpt lat="29.165789969265460968017578125" lon="120.30898240394890308380126953125">
        <ele>122.1999969482421875</ele>
        <time>2016-04-28T12:00:14.000Z</time>
        <extensions>
          <ns3:TrackPointExtension>
            <ns3:hr>160</ns3:hr>
            <ns3:cad>98</ns3:cad>
          </ns3:TrackPointExtension>
        </extensions>
      </trkpt>
      <trkpt lat="29.16579340584576129913330078125" lon="120.3089533187448978424072265625">
        <ele>122</ele>
        <time>2016-04-28T12:00:15.000Z</time>
        <extensions>
          <ns3:TrackPointExtension>
            <ns3:hr>161</ns3:hr>
            <ns3:cad>98</ns3:cad>
          </ns3:TrackPointExtension>
        </extensions>
      </trkpt>
      <trkpt lat="29.16579592041671276092529296875" lon="120.30892456881701946258544921875">
        <ele>121.8000030517578125</ele>
        <time>2016-04-28T12:00:16.000Z</time>
        <extensions>
          <ns3:TrackPointExtension>
            <ns3:hr>162</ns3:hr>
            <ns3:cad>98</ns3:cad>
          </ns3:TrackPointExtension>
        </extensions>
      </trkpt>
      <trkpt lat="29.16580413468182086944580078125" lon="120.30889523215591907501220703125">
        <ele>121.8000030517578125</ele>
        <time>2016-04-28T12:00:17.000Z</time>
        <extensions>
          <ns3:TrackPointExtension>
            <ns3:hr>160</ns3:hr>
            <ns3:cad>98</ns3:cad>
          </ns3:TrackPointExtension>
        </extensions>
      </trkpt>
      <trkpt lat="29.16580949909985065460205078125" lon="120.30886824242770671844482421875">
        <ele>121.8000030517578125</ele>
        <time>2016-04-28T12:00:18.000Z</time>
        <extensions>
          <ns3:TrackPointExtension>
            <ns3:hr>161</ns3:hr>
            <ns3:cad>98</ns3:cad>
          </ns3:TrackPointExtension>
        </extensions>
      </trkpt>
      <trkpt lat="29.1658136062324047088623046875" lon="120.308842845261096954345703125">
        <ele>121.8000030517578125</ele>
        <time>2016-04-28T12:00:19.000Z</time>
        <extensions>
          <ns3:TrackPointExtension>
            <ns3:hr>161</ns3:hr>
            <ns3:cad>98</ns3:cad>
          </ns3:TrackPointExtension>
        </extensions>
      </trkpt>
      <trkpt lat="29.1658189706504344940185546875" lon="120.3088135085999965667724609375">
        <ele>121.8000030517578125</ele>
        <time>2016-04-28T12:00:20.000Z</time>
        <extensions>
          <ns3:TrackPointExtension>
            <ns3:hr>160</ns3:hr>
            <ns3:cad>99</ns3:cad>
          </ns3:TrackPointExtension>
        </extensions>
      </trkpt>
      <trkpt lat="29.1658223234117031097412109375" lon="120.30878509394824504852294921875">
        <ele>121.8000030517578125</ele>
        <time>2016-04-28T12:00:21.000Z</time>
        <extensions>
          <ns3:TrackPointExtension>
            <ns3:hr>161</ns3:hr>
            <ns3:cad>98</ns3:cad>
          </ns3:TrackPointExtension>
        </extensions>
      </trkpt>
      <trkpt lat="29.16582559235394001007080078125" lon="120.30875575728714466094970703125">
        <ele>122</ele>
        <time>2016-04-28T12:00:22.000Z</time>
        <extensions>
          <ns3:TrackPointExtension>
            <ns3:hr>161</ns3:hr>
            <ns3:cad>97</ns3:cad>
          </ns3:TrackPointExtension>
        </extensions>
      </trkpt>
      <trkpt lat="29.1658260114490985870361328125" lon="120.30872373841702938079833984375">
        <ele>122</ele>
        <time>2016-04-28T12:00:23.000Z</time>
        <extensions>
          <ns3:TrackPointExtension>
            <ns3:hr>160</ns3:hr>
            <ns3:cad>97</ns3:cad>
          </ns3:TrackPointExtension>
        </extensions>
      </trkpt>
      <trkpt lat="29.16582676582038402557373046875" lon="120.30869557522237300872802734375">
        <ele>122</ele>
        <time>2016-04-28T12:00:24.000Z</time>
        <extensions>
          <ns3:TrackPointExtension>
            <ns3:hr>159</ns3:hr>
            <ns3:cad>97</ns3:cad>
          </ns3:TrackPointExtension>
        </extensions>
      </trkpt>
      <trkpt lat="29.16583078913390636444091796875" lon="120.30866439454257488250732421875">
        <ele>122</ele>
        <time>2016-04-28T12:00:25.000Z</time>
        <extensions>
          <ns3:TrackPointExtension>
            <ns3:hr>159</ns3:hr>
            <ns3:cad>98</ns3:cad>
          </ns3:TrackPointExtension>
        </extensions>
      </trkpt>
      <trkpt lat="29.16583724319934844970703125" lon="120.30863338150084018707275390625">
        <ele>122.1999969482421875</ele>
        <time>2016-04-28T12:00:26.000Z</time>
        <extensions>
          <ns3:TrackPointExtension>
            <ns3:hr>159</ns3:hr>
            <ns3:cad>98</ns3:cad>
          </ns3:TrackPointExtension>
        </extensions>
      </trkpt>
      <trkpt lat="29.16584151796996593475341796875" lon="120.3086037933826446533203125">
        <ele>122.1999969482421875</ele>
        <time>2016-04-28T12:00:27.000Z</time>
        <extensions>
          <ns3:TrackPointExtension>
            <ns3:hr>158</ns3:hr>
            <ns3:cad>97</ns3:cad>
          </ns3:TrackPointExtension>
        </extensions>
      </trkpt>
      <trkpt lat="29.16584503836929798126220703125" lon="120.30857068486511707305908203125">
        <ele>122.40000152587890625</ele>
        <time>2016-04-28T12:00:28.000Z</time>
        <extensions>
          <ns3:TrackPointExtension>
            <ns3:hr>156</ns3:hr>
            <ns3:cad>97</ns3:cad>
          </ns3:TrackPointExtension>
        </extensions>
      </trkpt>
      <trkpt lat="29.16584621183574199676513671875" lon="120.30854168348014354705810546875">
        <ele>122.59999847412109375</ele>
        <time>2016-04-28T12:00:29.000Z</time>
        <extensions>
          <ns3:TrackPointExtension>
            <ns3:hr>156</ns3:hr>
            <ns3:cad>97</ns3:cad>
          </ns3:TrackPointExtension>
        </extensions>
      </trkpt>
      <trkpt lat="29.1658498160541057586669921875" lon="120.3085147775709629058837890625">
        <ele>122.8000030517578125</ele>
        <time>2016-04-28T12:00:30.000Z</time>
        <extensions>
          <ns3:TrackPointExtension>
            <ns3:hr>157</ns3:hr>
            <ns3:cad>98</ns3:cad>
          </ns3:TrackPointExtension>
        </extensions>
      </trkpt>
      <trkpt lat="29.1658524982631206512451171875" lon="120.30848703347146511077880859375">
        <ele>123</ele>
        <time>2016-04-28T12:00:31.000Z</time>
        <extensions>
          <ns3:TrackPointExtension>
            <ns3:hr>157</ns3:hr>
            <ns3:cad>98</ns3:cad>
          </ns3:TrackPointExtension>
        </extensions>
      </trkpt>
      <trkpt lat="29.165854342281818389892578125" lon="120.30845970846712589263916015625">
        <ele>123.1999969482421875</ele>
        <time>2016-04-28T12:00:32.000Z</time>
        <extensions>
          <ns3:TrackPointExtension>
            <ns3:hr>156</ns3:hr>
            <ns3:cad>98</ns3:cad>
          </ns3:TrackPointExtension>
        </extensions>
      </trkpt>
      <trkpt lat="29.16585509665310382843017578125" lon="120.30843338929116725921630859375">
        <ele>123.40000152587890625</ele>
        <time>2016-04-28T12:00:33.000Z</time>
        <extensions>
          <ns3:TrackPointExtension>
            <ns3:hr>157</ns3:hr>
            <ns3:cad>98</ns3:cad>
          </ns3:TrackPointExtension>
        </extensions>
      </trkpt>
      <trkpt lat="29.16586716659367084503173828125" lon="120.3083679266273975372314453125">
        <ele>123</ele>
        <time>2016-04-28T12:00:34.000Z</time>
        <extensions>
          <ns3:TrackPointExtension>
            <ns3:hr>157</ns3:hr>
            <ns3:cad>97</ns3:cad>
          </ns3:TrackPointExtension>
        </extensions>
      </trkpt>
      <trkpt lat="29.16586716659367084503173828125" lon="120.3083679266273975372314453125">
        <ele>123</ele>
        <time>2016-04-28T12:00:35.000Z</time>
        <extensions>
          <ns3:TrackPointExtension>
            <ns3:hr>156</ns3:hr>
            <ns3:cad>97</ns3:cad>
          </ns3:TrackPointExtension>
        </extensions>
      </trkpt>
      <trkpt lat="29.1658766381442546844482421875" lon="120.30833481810986995697021484375">
        <ele>122.59999847412109375</ele>
        <time>2016-04-28T12:00:36.000Z</time>
        <extensions>
          <ns3:TrackPointExtension>
            <ns3:hr>156</ns3:hr>
            <ns3:cad>97</ns3:cad>
          </ns3:TrackPointExtension>
        </extensions>
      </trkpt>
      <trkpt lat="29.165877141058444976806640625" lon="120.30830497853457927703857421875">
        <ele>122.40000152587890625</ele>
        <time>2016-04-28T12:00:37.000Z</time>
        <extensions>
          <ns3:TrackPointExtension>
            <ns3:hr>157</ns3:hr>
            <ns3:cad>97</ns3:cad>
          </ns3:TrackPointExtension>
        </extensions>
      </trkpt>
      <trkpt lat="29.16587890125811100006103515625" lon="120.30827379785478115081787109375">
        <ele>122</ele>
        <time>2016-04-28T12:00:38.000Z</time>
        <extensions>
          <ns3:TrackPointExtension>
            <ns3:hr>157</ns3:hr>
            <ns3:cad>98</ns3:cad>
          </ns3:TrackPointExtension>
        </extensions>
      </trkpt>
      <trkpt lat="29.16587923653423786163330078125" lon="120.30823968350887298583984375">
        <ele>121.8000030517578125</ele>
        <time>2016-04-28T12:00:39.000Z</time>
        <extensions>
          <ns3:TrackPointExtension>
            <ns3:hr>157</ns3:hr>
            <ns3:cad>98</ns3:cad>
          </ns3:TrackPointExtension>
        </extensions>
      </trkpt>
      <trkpt lat="29.16587806306779384613037109375" lon="120.3082093410193920135498046875">
        <ele>121.8000030517578125</ele>
        <time>2016-04-28T12:00:40.000Z</time>
        <extensions>
          <ns3:TrackPointExtension>
            <ns3:hr>157</ns3:hr>
            <ns3:cad>98</ns3:cad>
          </ns3:TrackPointExtension>
        </extensions>
      </trkpt>
      <trkpt lat="29.1658799909055233001708984375" lon="120.30817539431154727935791015625">
        <ele>122</ele>
        <time>2016-04-28T12:00:41.000Z</time>
        <extensions>
          <ns3:TrackPointExtension>
            <ns3:hr>157</ns3:hr>
            <ns3:cad>98</ns3:cad>
          </ns3:TrackPointExtension>
        </extensions>
      </trkpt>
      <trkpt lat="29.165882505476474761962890625" lon="120.3081396035850048065185546875">
        <ele>122</ele>
        <time>2016-04-28T12:00:42.000Z</time>
        <extensions>
          <ns3:TrackPointExtension>
            <ns3:hr>158</ns3:hr>
            <ns3:cad>98</ns3:cad>
          </ns3:TrackPointExtension>
        </extensions>
      </trkpt>
      <trkpt lat="29.16587906889617443084716796875" lon="120.3081077523529529571533203125">
        <ele>122</ele>
        <time>2016-04-28T12:00:43.000Z</time>
        <extensions>
          <ns3:TrackPointExtension>
            <ns3:hr>158</ns3:hr>
            <ns3:cad>98</ns3:cad>
          </ns3:TrackPointExtension>
        </extensions>
      </trkpt>
      <trkpt lat="29.16587454266846179962158203125" lon="120.30807682313024997711181640625">
        <ele>122.1999969482421875</ele>
        <time>2016-04-28T12:00:44.000Z</time>
        <extensions>
          <ns3:TrackPointExtension>
            <ns3:hr>160</ns3:hr>
            <ns3:cad>98</ns3:cad>
          </ns3:TrackPointExtension>
        </extensions>
      </trkpt>
      <trkpt lat="29.165876470506191253662109375" lon="120.30804530717432498931884765625">
        <ele>122</ele>
        <time>2016-04-28T12:00:45.000Z</time>
        <extensions>
          <ns3:TrackPointExtension>
            <ns3:hr>160</ns3:hr>
            <ns3:cad>99</ns3:cad>
          </ns3:TrackPointExtension>
        </extensions>
      </trkpt>
      <trkpt lat="29.16588476859033107757568359375" lon="120.30802250839769840240478515625">
        <ele>122</ele>
        <time>2016-04-28T12:00:46.000Z</time>
        <extensions>
          <ns3:TrackPointExtension>
            <ns3:hr>160</ns3:hr>
            <ns3:cad>99</ns3:cad>
          </ns3:TrackPointExtension>
        </extensions>
      </trkpt>
      <trkpt lat="29.16588828898966312408447265625" lon="120.30799786560237407684326171875">
        <ele>122</ele>
        <time>2016-04-28T12:00:47.000Z</time>
        <extensions>
          <ns3:TrackPointExtension>
            <ns3:hr>160</ns3:hr>
            <ns3:cad>99</ns3:cad>
          </ns3:TrackPointExtension>
        </extensions>
      </trkpt>
      <trkpt lat="29.1658940725028514862060546875" lon="120.307969786226749420166015625">
        <ele>122</ele>
        <time>2016-04-28T12:00:48.000Z</time>
        <extensions>
          <ns3:TrackPointExtension>
            <ns3:hr>160</ns3:hr>
            <ns3:cad>99</ns3:cad>
          </ns3:TrackPointExtension>
        </extensions>
      </trkpt>
      <trkpt lat="29.1658997721970081329345703125" lon="120.30794740654528141021728515625">
        <ele>122</ele>
        <time>2016-04-28T12:00:49.000Z</time>
        <extensions>
          <ns3:TrackPointExtension>
            <ns3:hr>160</ns3:hr>
            <ns3:cad>98</ns3:cad>
          </ns3:TrackPointExtension>
        </extensions>
      </trkpt>
      <trkpt lat="29.165901280939579010009765625" lon="120.3079223446547985076904296875">
        <ele>122</ele>
        <time>2016-04-28T12:00:50.000Z</time>
        <extensions>
          <ns3:TrackPointExtension>
            <ns3:hr>160</ns3:hr>
            <ns3:cad>98</ns3:cad>
          </ns3:TrackPointExtension>
        </extensions>
      </trkpt>
      <trkpt lat="29.165903292596340179443359375" lon="120.3078930079936981201171875">
        <ele>122</ele>
        <time>2016-04-28T12:00:51.000Z</time>
        <extensions>
          <ns3:TrackPointExtension>
            <ns3:hr>160</ns3:hr>
            <ns3:cad>98</ns3:cad>
          </ns3:TrackPointExtension>
        </extensions>
      </trkpt>
      <trkpt lat="29.16590404696762561798095703125" lon="120.30786777846515178680419921875">
        <ele>122</ele>
        <time>2016-04-28T12:00:52.000Z</time>
        <extensions>
          <ns3:TrackPointExtension>
            <ns3:hr>160</ns3:hr>
            <ns3:cad>99</ns3:cad>
          </ns3:TrackPointExtension>
        </extensions>
      </trkpt>
      <trkpt lat="29.1659031249582767486572265625" lon="120.307842381298542022705078125">
        <ele>122</ele>
        <time>2016-04-28T12:00:53.000Z</time>
        <extensions>
          <ns3:TrackPointExtension>
            <ns3:hr>160</ns3:hr>
            <ns3:cad>99</ns3:cad>
          </ns3:TrackPointExtension>
        </extensions>
      </trkpt>
      <trkpt lat="29.16590102948248386383056640625" lon="120.3077832050621509552001953125">
        <ele>122.1999969482421875</ele>
        <time>2016-04-28T12:00:54.000Z</time>
        <extensions>
          <ns3:TrackPointExtension>
            <ns3:hr>160</ns3:hr>
            <ns3:cad>99</ns3:cad>
          </ns3:TrackPointExtension>
        </extensions>
      </trkpt>
      <trkpt lat="29.16590102948248386383056640625" lon="120.3077832050621509552001953125">
        <ele>122.1999969482421875</ele>
        <time>2016-04-28T12:00:55.000Z</time>
        <extensions>
          <ns3:TrackPointExtension>
            <ns3:hr>160</ns3:hr>
            <ns3:cad>99</ns3:cad>
          </ns3:TrackPointExtension>
        </extensions>
      </trkpt>
      <trkpt lat="29.16590102948248386383056640625" lon="120.3077526949346065521240234375">
        <ele>122.1999969482421875</ele>
        <time>2016-04-28T12:00:56.000Z</time>
        <extensions>
          <ns3:TrackPointExtension>
            <ns3:hr>160</ns3:hr>
            <ns3:cad>99</ns3:cad>
          </ns3:TrackPointExtension>
        </extensions>
      </trkpt>
      <trkpt lat="29.165902622044086456298828125" lon="120.30772277154028415679931640625">
        <ele>122</ele>
        <time>2016-04-28T12:00:57.000Z</time>
        <extensions>
          <ns3:TrackPointExtension>
            <ns3:hr>160</ns3:hr>
            <ns3:cad>98</ns3:cad>
          </ns3:TrackPointExtension>
        </extensions>
      </trkpt>
      <trkpt lat="29.16590027511119842529296875" lon="120.30769519507884979248046875">
        <ele>122.1999969482421875</ele>
        <time>2016-04-28T12:00:58.000Z</time>
        <extensions>
          <ns3:TrackPointExtension>
            <ns3:hr>160</ns3:hr>
            <ns3:cad>98</ns3:cad>
          </ns3:TrackPointExtension>
        </extensions>
      </trkpt>
      <trkpt lat="29.165897257626056671142578125" lon="120.30766460113227367401123046875">
        <ele>122.1999969482421875</ele>
        <time>2016-04-28T12:00:59.000Z</time>
        <extensions>
          <ns3:TrackPointExtension>
            <ns3:hr>159</ns3:hr>
            <ns3:cad>98</ns3:cad>
          </ns3:TrackPointExtension>
        </extensions>
      </trkpt>
      <trkpt lat="29.165894575417041778564453125" lon="120.3076313249766826629638671875">
        <ele>122.1999969482421875</ele>
        <time>2016-04-28T12:01:00.000Z</time>
        <extensions>
          <ns3:TrackPointExtension>
            <ns3:hr>159</ns3:hr>
            <ns3:cad>99</ns3:cad>
          </ns3:TrackPointExtension>
        </extensions>
      </trkpt>
      <trkpt lat="29.16589180938899517059326171875" lon="120.3076004795730113983154296875">
        <ele>122.1999969482421875</ele>
        <time>2016-04-28T12:01:01.000Z</time>
        <extensions>
          <ns3:TrackPointExtension>
            <ns3:hr>159</ns3:hr>
            <ns3:cad>99</ns3:cad>
          </ns3:TrackPointExtension>
        </extensions>
      </trkpt>
      <trkpt lat="29.1658920608460903167724609375" lon="120.3075684607028961181640625">
        <ele>122</ele>
        <time>2016-04-28T12:01:02.000Z</time>
        <extensions>
          <ns3:TrackPointExtension>
            <ns3:hr>159</ns3:hr>
            <ns3:cad>99</ns3:cad>
          </ns3:TrackPointExtension>
        </extensions>
      </trkpt>
      <trkpt lat="29.16589817963540554046630859375" lon="120.3075362741947174072265625">
        <ele>121.8000030517578125</ele>
        <time>2016-04-28T12:01:03.000Z</time>
        <extensions>
          <ns3:TrackPointExtension>
            <ns3:hr>159</ns3:hr>
            <ns3:cad>99</ns3:cad>
          </ns3:TrackPointExtension>
        </extensions>
      </trkpt>
      <trkpt lat="29.16590069420635700225830078125" lon="120.30750618316233158111572265625">
        <ele>121.8000030517578125</ele>
        <time>2016-04-28T12:01:04.000Z</time>
        <extensions>
          <ns3:TrackPointExtension>
            <ns3:hr>160</ns3:hr>
            <ns3:cad>99</ns3:cad>
          </ns3:TrackPointExtension>
        </extensions>
      </trkpt>
      <trkpt lat="29.1659044660627841949462890625" lon="120.307474248111248016357421875">
        <ele>121.59999847412109375</ele>
        <time>2016-04-28T12:01:05.000Z</time>
        <extensions>
          <ns3:TrackPointExtension>
            <ns3:hr>160</ns3:hr>
            <ns3:cad>100</ns3:cad>
          </ns3:TrackPointExtension>
        </extensions>
      </trkpt>
      <trkpt lat="29.165906645357608795166015625" lon="120.3074405528604984283447265625">
        <ele>121.40000152587890625</ele>
        <time>2016-04-28T12:01:06.000Z</time>
        <extensions>
          <ns3:TrackPointExtension>
            <ns3:hr>160</ns3:hr>
            <ns3:cad>100</ns3:cad>
          </ns3:TrackPointExtension>
        </extensions>
      </trkpt>
      <trkpt lat="29.16590404696762561798095703125" lon="120.30740744434297084808349609375">
        <ele>121.1999969482421875</ele>
        <time>2016-04-28T12:01:07.000Z</time>
        <extensions>
          <ns3:TrackPointExtension>
            <ns3:hr>160</ns3:hr>
            <ns3:cad>100</ns3:cad>
          </ns3:TrackPointExtension>
        </extensions>
      </trkpt>
      <trkpt lat="29.16590421460568904876708984375" lon="120.3073755092918872833251953125">
        <ele>120.8000030517578125</ele>
        <time>2016-04-28T12:01:08.000Z</time>
        <extensions>
          <ns3:TrackPointExtension>
            <ns3:hr>160</ns3:hr>
            <ns3:cad>99</ns3:cad>
          </ns3:TrackPointExtension>
        </extensions>
      </trkpt>
      <trkpt lat="29.16590563952922821044921875" lon="120.30734826810657978057861328125">
        <ele>120.40000152587890625</ele>
        <time>2016-04-28T12:01:09.000Z</time>
        <extensions>
          <ns3:TrackPointExtension>
            <ns3:hr>161</ns3:hr>
            <ns3:cad>99</ns3:cad>
          </ns3:TrackPointExtension>
        </extensions>
      </trkpt>
      <trkpt lat="29.16590656153857707977294921875" lon="120.30731876380741596221923828125">
        <ele>120.40000152587890625</ele>
        <time>2016-04-28T12:01:10.000Z</time>
        <extensions>
          <ns3:TrackPointExtension>
            <ns3:hr>161</ns3:hr>
            <ns3:cad>99</ns3:cad>
          </ns3:TrackPointExtension>
        </extensions>
      </trkpt>
      <trkpt lat="29.1659068129956722259521484375" lon="120.30728708021342754364013671875">
        <ele>120.40000152587890625</ele>
        <time>2016-04-28T12:01:11.000Z</time>
        <extensions>
          <ns3:TrackPointExtension>
            <ns3:hr>161</ns3:hr>
            <ns3:cad>99</ns3:cad>
          </ns3:TrackPointExtension>
        </extensions>
      </trkpt>
      <trkpt lat="29.16590387932956218719482421875" lon="120.3072554804384708404541015625">
        <ele>120.59999847412109375</ele>
        <time>2016-04-28T12:01:12.000Z</time>
        <extensions>
          <ns3:TrackPointExtension>
            <ns3:hr>161</ns3:hr>
            <ns3:cad>99</ns3:cad>
          </ns3:TrackPointExtension>
        </extensions>
      </trkpt>
      <trkpt lat="29.16590102948248386383056640625" lon="120.307222120463848114013671875">
        <ele>120.8000030517578125</ele>
        <time>2016-04-28T12:01:13.000Z</time>
        <extensions>
          <ns3:TrackPointExtension>
            <ns3:hr>160</ns3:hr>
            <ns3:cad>99</ns3:cad>
          </ns3:TrackPointExtension>
        </extensions>
      </trkpt>
      <trkpt lat="29.1659004427492618560791015625" lon="120.307187251746654510498046875">
        <ele>120.8000030517578125</ele>
        <time>2016-04-28T12:01:14.000Z</time>
        <extensions>
          <ns3:TrackPointExtension>
            <ns3:hr>160</ns3:hr>
            <ns3:cad>100</ns3:cad>
          </ns3:TrackPointExtension>
        </extensions>
      </trkpt>
      <trkpt lat="29.1658996045589447021484375" lon="120.307153724133968353271484375">
        <ele>121</ele>
        <time>2016-04-28T12:01:15.000Z</time>
        <extensions>
          <ns3:TrackPointExtension>
            <ns3:hr>161</ns3:hr>
            <ns3:cad>100</ns3:cad>
          </ns3:TrackPointExtension>
        </extensions>
      </trkpt>
      <trkpt lat="29.16589600034058094024658203125" lon="120.30712145380675792694091796875">
        <ele>121</ele>
        <time>2016-04-28T12:01:16.000Z</time>
        <extensions>
          <ns3:TrackPointExtension>
            <ns3:hr>161</ns3:hr>
            <ns3:cad>100</ns3:cad>
          </ns3:TrackPointExtension>
        </extensions>
      </trkpt>
      <trkpt lat="29.16589365340769290924072265625" lon="120.30708809383213520050048828125">
        <ele>120.8000030517578125</ele>
        <time>2016-04-28T12:01:17.000Z</time>
        <extensions>
          <ns3:TrackPointExtension>
            <ns3:hr>162</ns3:hr>
            <ns3:cad>99</ns3:cad>
          </ns3:TrackPointExtension>
        </extensions>
      </trkpt>
      <trkpt lat="29.16588828898966312408447265625" lon="120.3070556558668613433837890625">
        <ele>120.59999847412109375</ele>
        <time>2016-04-28T12:01:18.000Z</time>
        <extensions>
          <ns3:TrackPointExtension>
            <ns3:hr>162</ns3:hr>
            <ns3:cad>99</ns3:cad>
          </ns3:TrackPointExtension>
        </extensions>
      </trkpt>
      <trkpt lat="29.16588560678064823150634765625" lon="120.307022966444492340087890625">
        <ele>120.59999847412109375</ele>
        <time>2016-04-28T12:01:19.000Z</time>
        <extensions>
          <ns3:TrackPointExtension>
            <ns3:hr>162</ns3:hr>
            <ns3:cad>99</ns3:cad>
          </ns3:TrackPointExtension>
        </extensions>
      </trkpt>
      <trkpt lat="29.16588443331420421600341796875" lon="120.3069875948131084442138671875">
        <ele>120.40000152587890625</ele>
        <time>2016-04-28T12:01:20.000Z</time>
        <extensions>
          <ns3:TrackPointExtension>
            <ns3:hr>162</ns3:hr>
            <ns3:cad>99</ns3:cad>
          </ns3:TrackPointExtension>
        </extensions>
      </trkpt>
      <trkpt lat="29.16588284075260162353515625" lon="120.3069537319242954254150390625">
        <ele>120.40000152587890625</ele>
        <time>2016-04-28T12:01:21.000Z</time>
        <extensions>
          <ns3:TrackPointExtension>
            <ns3:hr>162</ns3:hr>
            <ns3:cad>99</ns3:cad>
          </ns3:TrackPointExtension>
        </extensions>
      </trkpt>
      <trkpt lat="29.16587722487747669219970703125" lon="120.3068853355944156646728515625">
        <ele>120</ele>
        <time>2016-04-28T12:01:22.000Z</time>
        <extensions>
          <ns3:TrackPointExtension>
            <ns3:hr>162</ns3:hr>
            <ns3:cad>98</ns3:cad>
          </ns3:TrackPointExtension>
        </extensions>
      </trkpt>
      <trkpt lat="29.16587722487747669219970703125" lon="120.3068853355944156646728515625">
        <ele>120</ele>
        <time>2016-04-28T12:01:23.000Z</time>
        <extensions>
          <ns3:TrackPointExtension>
            <ns3:hr>161</ns3:hr>
            <ns3:cad>98</ns3:cad>
          </ns3:TrackPointExtension>
        </extensions>
      </trkpt>
      <trkpt lat="29.1658742912113666534423828125" lon="120.30685298144817352294921875">
        <ele>120</ele>
        <time>2016-04-28T12:01:24.000Z</time>
        <extensions>
          <ns3:TrackPointExtension>
            <ns3:hr>162</ns3:hr>
            <ns3:cad>99</ns3:cad>
          </ns3:TrackPointExtension>
        </extensions>
      </trkpt>
      <trkpt lat="29.16587219573557376861572265625" lon="120.3068206273019313812255859375">
        <ele>120</ele>
        <time>2016-04-28T12:01:25.000Z</time>
        <extensions>
          <ns3:TrackPointExtension>
            <ns3:hr>162</ns3:hr>
            <ns3:cad>100</ns3:cad>
          </ns3:TrackPointExtension>
        </extensions>
      </trkpt>
      <trkpt lat="29.1658649034798145294189453125" lon="120.306760109961032867431640625">
        <ele>120</ele>
        <time>2016-04-28T12:01:26.000Z</time>
        <extensions>
          <ns3:TrackPointExtension>
            <ns3:hr>162</ns3:hr>
            <ns3:cad>99</ns3:cad>
          </ns3:TrackPointExtension>
        </extensions>
      </trkpt>
      <trkpt lat="29.1658649034798145294189453125" lon="120.306760109961032867431640625">
        <ele>120</ele>
        <time>2016-04-28T12:01:27.000Z</time>
        <extensions>
          <ns3:TrackPointExtension>
            <ns3:hr>163</ns3:hr>
            <ns3:cad>99</ns3:cad>
          </ns3:TrackPointExtension>
        </extensions>
      </trkpt>
      <trkpt lat="29.165857024490833282470703125" lon="120.3067280910909175872802734375">
        <ele>120</ele>
        <time>2016-04-28T12:01:28.000Z</time>
        <extensions>
          <ns3:TrackPointExtension>
            <ns3:hr>164</ns3:hr>
            <ns3:cad>99</ns3:cad>
          </ns3:TrackPointExtension>
        </extensions>
      </trkpt>
      <trkpt lat="29.16585358791053295135498046875" lon="120.30669347383081912994384765625">
        <ele>120</ele>
        <time>2016-04-28T12:01:29.000Z</time>
        <extensions>
          <ns3:TrackPointExtension>
            <ns3:hr>165</ns3:hr>
            <ns3:cad>99</ns3:cad>
          </ns3:TrackPointExtension>
        </extensions>
      </trkpt>
      <trkpt lat="29.165850318968296051025390625" lon="120.30665877275168895721435546875">
        <ele>120</ele>
        <time>2016-04-28T12:01:30.000Z</time>
        <extensions>
          <ns3:TrackPointExtension>
            <ns3:hr>164</ns3:hr>
            <ns3:cad>99</ns3:cad>
          </ns3:TrackPointExtension>
        </extensions>
      </trkpt>
      <trkpt lat="29.1658444516360759735107421875" lon="120.306625328958034515380859375">
        <ele>120</ele>
        <time>2016-04-28T12:01:31.000Z</time>
        <extensions>
          <ns3:TrackPointExtension>
            <ns3:hr>162</ns3:hr>
            <ns3:cad>99</ns3:cad>
          </ns3:TrackPointExtension>
        </extensions>
      </trkpt>
      <trkpt lat="29.1658404283225536346435546875" lon="120.30659012496471405029296875">
        <ele>120</ele>
        <time>2016-04-28T12:01:32.000Z</time>
        <extensions>
          <ns3:TrackPointExtension>
            <ns3:hr>162</ns3:hr>
            <ns3:cad>99</ns3:cad>
          </ns3:TrackPointExtension>
        </extensions>
      </trkpt>
      <trkpt lat="29.1658347286283969879150390625" lon="120.30655466951429843902587890625">
        <ele>120.40000152587890625</ele>
        <time>2016-04-28T12:01:33.000Z</time>
        <extensions>
          <ns3:TrackPointExtension>
            <ns3:hr>162</ns3:hr>
            <ns3:cad>99</ns3:cad>
          </ns3:TrackPointExtension>
        </extensions>
      </trkpt>
      <trkpt lat="29.1658218204975128173828125" lon="120.30651678331196308135986328125">
        <ele>120.8000030517578125</ele>
        <time>2016-04-28T12:01:34.000Z</time>
        <extensions>
          <ns3:TrackPointExtension>
            <ns3:hr>162</ns3:hr>
            <ns3:cad>99</ns3:cad>
          </ns3:TrackPointExtension>
        </extensions>
      </trkpt>
      <trkpt lat="29.16581486351788043975830078125" lon="120.3064809925854206085205078125">
        <ele>121.1999969482421875</ele>
        <time>2016-04-28T12:01:35.000Z</time>
        <extensions>
          <ns3:TrackPointExtension>
            <ns3:hr>163</ns3:hr>
            <ns3:cad>99</ns3:cad>
          </ns3:TrackPointExtension>
        </extensions>
      </trkpt>
      <trkpt lat="29.165808074176311492919921875" lon="120.30644620768725872039794921875">
        <ele>121.59999847412109375</ele>
        <time>2016-04-28T12:01:36.000Z</time>
        <extensions>
          <ns3:TrackPointExtension>
            <ns3:hr>164</ns3:hr>
            <ns3:cad>99</ns3:cad>
          </ns3:TrackPointExtension>
        </extensions>
      </trkpt>
      <trkpt lat="29.1657978482544422149658203125" lon="120.3064119257032871246337890625">
        <ele>121.8000030517578125</ele>
        <time>2016-04-28T12:01:37.000Z</time>
        <extensions>
          <ns3:TrackPointExtension>
            <ns3:hr>165</ns3:hr>
            <ns3:cad>99</ns3:cad>
          </ns3:TrackPointExtension>
        </extensions>
      </trkpt>
      <trkpt lat="29.16578887961804866790771484375" lon="120.3063787333667278289794921875">
        <ele>122.1999969482421875</ele>
        <time>2016-04-28T12:01:38.000Z</time>
        <extensions>
          <ns3:TrackPointExtension>
            <ns3:hr>165</ns3:hr>
            <ns3:cad>99</ns3:cad>
          </ns3:TrackPointExtension>
        </extensions>
      </trkpt>
      <trkpt lat="29.16578049771487712860107421875" lon="120.306348390877246856689453125">
        <ele>122.59999847412109375</ele>
        <time>2016-04-28T12:01:39.000Z</time>
        <extensions>
          <ns3:TrackPointExtension>
            <ns3:hr>164</ns3:hr>
            <ns3:cad>100</ns3:cad>
          </ns3:TrackPointExtension>
        </extensions>
      </trkpt>
      <trkpt lat="29.16576993651688098907470703125" lon="120.3063183836638927459716796875">
        <ele>122.8000030517578125</ele>
        <time>2016-04-28T12:01:40.000Z</time>
        <extensions>
          <ns3:TrackPointExtension>
            <ns3:hr>165</ns3:hr>
            <ns3:cad>100</ns3:cad>
          </ns3:TrackPointExtension>
        </extensions>
      </trkpt>
      <trkpt lat="29.16576188988983631134033203125" lon="120.306286029517650604248046875">
        <ele>123.1999969482421875</ele>
        <time>2016-04-28T12:01:41.000Z</time>
        <extensions>
          <ns3:TrackPointExtension>
            <ns3:hr>165</ns3:hr>
            <ns3:cad>99</ns3:cad>
          </ns3:TrackPointExtension>
        </extensions>
      </trkpt>
      <trkpt lat="29.16575350798666477203369140625" lon="120.3062530048191547393798828125">
        <ele>123.40000152587890625</ele>
        <time>2016-04-28T12:01:42.000Z</time>
        <extensions>
          <ns3:TrackPointExtension>
            <ns3:hr>165</ns3:hr>
            <ns3:cad>99</ns3:cad>
          </ns3:TrackPointExtension>
        </extensions>
      </trkpt>
      <trkpt lat="29.16574596427381038665771484375" lon="120.3062201477587223052978515625">
        <ele>123.59999847412109375</ele>
        <time>2016-04-28T12:01:43.000Z</time>
        <extensions>
          <ns3:TrackPointExtension>
            <ns3:hr>165</ns3:hr>
            <ns3:cad>99</ns3:cad>
          </ns3:TrackPointExtension>
        </extensions>
      </trkpt>
      <trkpt lat="29.1657374985516071319580078125" lon="120.30618770979344844818115234375">
        <ele>123.8000030517578125</ele>
        <time>2016-04-28T12:01:44.000Z</time>
        <extensions>
          <ns3:TrackPointExtension>
            <ns3:hr>166</ns3:hr>
            <ns3:cad>100</ns3:cad>
          </ns3:TrackPointExtension>
        </extensions>
      </trkpt>
      <trkpt lat="29.1657284460961818695068359375" lon="120.30615602619946002960205078125">
        <ele>124</ele>
        <time>2016-04-28T12:01:45.000Z</time>
        <extensions>
          <ns3:TrackPointExtension>
            <ns3:hr>166</ns3:hr>
            <ns3:cad>100</ns3:cad>
          </ns3:TrackPointExtension>
        </extensions>
      </trkpt>
      <trkpt lat="29.165720902383327484130859375" lon="120.30612518079578876495361328125">
        <ele>124.40000152587890625</ele>
        <time>2016-04-28T12:01:46.000Z</time>
        <extensions>
          <ns3:TrackPointExtension>
            <ns3:hr>166</ns3:hr>
            <ns3:cad>100</ns3:cad>
          </ns3:TrackPointExtension>
        </extensions>
      </trkpt>
      <trkpt lat="29.1657133586704730987548828125" lon="120.30609500594437122344970703125">
        <ele>124.59999847412109375</ele>
        <time>2016-04-28T12:01:47.000Z</time>
        <extensions>
          <ns3:TrackPointExtension>
            <ns3:hr>166</ns3:hr>
            <ns3:cad>100</ns3:cad>
          </ns3:TrackPointExtension>
        </extensions>
      </trkpt>
      <trkpt lat="29.16570439003407955169677734375" lon="120.306065082550048828125">
        <ele>124.8000030517578125</ele>
        <time>2016-04-28T12:01:48.000Z</time>
        <extensions>
          <ns3:TrackPointExtension>
            <ns3:hr>165</ns3:hr>
            <ns3:cad>100</ns3:cad>
          </ns3:TrackPointExtension>
        </extensions>
      </trkpt>
      <trkpt lat="29.16569064371287822723388671875" lon="120.30600414611399173736572265625">
        <ele>125</ele>
        <time>2016-04-28T12:01:49.000Z</time>
        <extensions>
          <ns3:TrackPointExtension>
            <ns3:hr>165</ns3:hr>
            <ns3:cad>100</ns3:cad>
          </ns3:TrackPointExtension>
        </extensions>
      </trkpt>
      <trkpt lat="29.16569064371287822723388671875" lon="120.30600414611399173736572265625">
        <ele>125</ele>
        <time>2016-04-28T12:01:50.000Z</time>
        <extensions>
          <ns3:TrackPointExtension>
            <ns3:hr>165</ns3:hr>
            <ns3:cad>100</ns3:cad>
          </ns3:TrackPointExtension>
        </extensions>
      </trkpt>
      <trkpt lat="29.16568410582840442657470703125" lon="120.305973552167415618896484375">
        <ele>125</ele>
        <time>2016-04-28T12:01:51.000Z</time>
        <extensions>
          <ns3:TrackPointExtension>
            <ns3:hr>166</ns3:hr>
            <ns3:cad>100</ns3:cad>
          </ns3:TrackPointExtension>
        </extensions>
      </trkpt>
      <trkpt lat="29.1656781546771526336669921875" lon="120.30594371259212493896484375">
        <ele>125</ele>
        <time>2016-04-28T12:01:52.000Z</time>
        <extensions>
          <ns3:TrackPointExtension>
            <ns3:hr>166</ns3:hr>
            <ns3:cad>100</ns3:cad>
          </ns3:TrackPointExtension>
        </extensions>
      </trkpt>
      <trkpt lat="29.16567069478332996368408203125" lon="120.3059143759310245513916015625">
        <ele>125</ele>
        <time>2016-04-28T12:01:53.000Z</time>
        <extensions>
          <ns3:TrackPointExtension>
            <ns3:hr>166</ns3:hr>
            <ns3:cad>100</ns3:cad>
          </ns3:TrackPointExtension>
        </extensions>
      </trkpt>
      <trkpt lat="29.16566264815628528594970703125" lon="120.305885039269924163818359375">
        <ele>125</ele>
        <time>2016-04-28T12:01:54.000Z</time>
        <extensions>
          <ns3:TrackPointExtension>
            <ns3:hr>165</ns3:hr>
            <ns3:cad>100</ns3:cad>
          </ns3:TrackPointExtension>
        </extensions>
      </trkpt>
      <trkpt lat="29.1656582057476043701171875" lon="120.30585394240915775299072265625">
        <ele>125</ele>
        <time>2016-04-28T12:01:55.000Z</time>
        <extensions>
          <ns3:TrackPointExtension>
            <ns3:hr>165</ns3:hr>
            <ns3:cad>100</ns3:cad>
          </ns3:TrackPointExtension>
        </extensions>
      </trkpt>
      <trkpt lat="29.16565258987247943878173828125" lon="120.30582427047193050384521484375">
        <ele>125</ele>
        <time>2016-04-28T12:01:56.000Z</time>
        <extensions>
          <ns3:TrackPointExtension>
            <ns3:hr>167</ns3:hr>
            <ns3:cad>99</ns3:cad>
          </ns3:TrackPointExtension>
        </extensions>
      </trkpt>
      <trkpt lat="29.165642447769641876220703125" lon="120.30579862184822559356689453125">
        <ele>125</ele>
        <time>2016-04-28T12:01:57.000Z</time>
        <extensions>
          <ns3:TrackPointExtension>
            <ns3:hr>169</ns3:hr>
            <ns3:cad>98</ns3:cad>
          </ns3:TrackPointExtension>
        </extensions>
      </trkpt>
      <trkpt lat="29.16563381440937519073486328125" lon="120.30577112920582294464111328125">
        <ele>125</ele>
        <time>2016-04-28T12:01:58.000Z</time>
        <extensions>
          <ns3:TrackPointExtension>
            <ns3:hr>168</ns3:hr>
            <ns3:cad>98</ns3:cad>
          </ns3:TrackPointExtension>
        </extensions>
      </trkpt>
      <trkpt lat="29.16561663150787353515625" lon="120.30571999959647655487060546875">
        <ele>124.8000030517578125</ele>
        <time>2016-04-28T12:01:59.000Z</time>
        <extensions>
          <ns3:TrackPointExtension>
            <ns3:hr>168</ns3:hr>
            <ns3:cad>98</ns3:cad>
          </ns3:TrackPointExtension>
        </extensions>
      </trkpt>
      <trkpt lat="29.16561663150787353515625" lon="120.30571999959647655487060546875">
        <ele>124.8000030517578125</ele>
        <time>2016-04-28T12:02:00.000Z</time>
        <extensions>
          <ns3:TrackPointExtension>
            <ns3:hr>168</ns3:hr>
            <ns3:cad>98</ns3:cad>
          </ns3:TrackPointExtension>
        </extensions>
      </trkpt>
      <trkpt lat="29.16560565121471881866455078125" lon="120.3056927584111690521240234375">
        <ele>124.8000030517578125</ele>
        <time>2016-04-28T12:02:01.000Z</time>
        <extensions>
          <ns3:TrackPointExtension>
            <ns3:hr>168</ns3:hr>
            <ns3:cad>99</ns3:cad>
          </ns3:TrackPointExtension>
        </extensions>
      </trkpt>
      <trkpt lat="29.16558972559869289398193359375" lon="120.30563400126993656158447265625">
        <ele>124.59999847412109375</ele>
        <time>2016-04-28T12:02:02.000Z</time>
        <extensions>
          <ns3:TrackPointExtension>
            <ns3:hr>167</ns3:hr>
            <ns3:cad>100</ns3:cad>
          </ns3:TrackPointExtension>
        </extensions>
      </trkpt>
      <trkpt lat="29.16558972559869289398193359375" lon="120.30563400126993656158447265625">
        <ele>124.59999847412109375</ele>
        <time>2016-04-28T12:02:03.000Z</time>
        <extensions>
          <ns3:TrackPointExtension>
            <ns3:hr>167</ns3:hr>
            <ns3:cad>100</ns3:cad>
          </ns3:TrackPointExtension>
        </extensions>
      </trkpt>
      <trkpt lat="29.16557849384844303131103515625" lon="120.3056050837039947509765625">
        <ele>124.40000152587890625</ele>
        <time>2016-04-28T12:02:04.000Z</time>
        <extensions>
          <ns3:TrackPointExtension>
            <ns3:hr>167</ns3:hr>
            <ns3:cad>100</ns3:cad>
          </ns3:TrackPointExtension>
        </extensions>
      </trkpt>
      <trkpt lat="29.1655748896300792694091796875" lon="120.30557180754840373992919921875">
        <ele>124.40000152587890625</ele>
        <time>2016-04-28T12:02:05.000Z</time>
        <extensions>
          <ns3:TrackPointExtension>
            <ns3:hr>167</ns3:hr>
            <ns3:cad>100</ns3:cad>
          </ns3:TrackPointExtension>
        </extensions>
      </trkpt>
      <trkpt lat="29.16556927375495433807373046875" lon="120.305539034307003021240234375">
        <ele>124.1999969482421875</ele>
        <time>2016-04-28T12:02:06.000Z</time>
        <extensions>
          <ns3:TrackPointExtension>
            <ns3:hr>166</ns3:hr>
            <ns3:cad>100</ns3:cad>
          </ns3:TrackPointExtension>
        </extensions>
      </trkpt>
      <trkpt lat="29.16556156240403652191162109375" lon="120.30550944618880748748779296875">
        <ele>124.1999969482421875</ele>
        <time>2016-04-28T12:02:07.000Z</time>
        <extensions>
          <ns3:TrackPointExtension>
            <ns3:hr>166</ns3:hr>
            <ns3:cad>101</ns3:cad>
          </ns3:TrackPointExtension>
        </extensions>
      </trkpt>
      <trkpt lat="29.1655557788908481597900390625" lon="120.30547977425158023834228515625">
        <ele>124</ele>
        <time>2016-04-28T12:02:08.000Z</time>
        <extensions>
          <ns3:TrackPointExtension>
            <ns3:hr>166</ns3:hr>
            <ns3:cad>101</ns3:cad>
          </ns3:TrackPointExtension>
        </extensions>
      </trkpt>
      <trkpt lat="29.1655500791966915130615234375" lon="120.305449850857257843017578125">
        <ele>123.8000030517578125</ele>
        <time>2016-04-28T12:02:09.000Z</time>
        <extensions>
          <ns3:TrackPointExtension>
            <ns3:hr>166</ns3:hr>
            <ns3:cad>100</ns3:cad>
          </ns3:TrackPointExtension>
        </extensions>
      </trkpt>
      <trkpt lat="29.1655467264354228973388671875" lon="120.30541892163455486297607421875">
        <ele>123.59999847412109375</ele>
        <time>2016-04-28T12:02:10.000Z</time>
        <extensions>
          <ns3:TrackPointExtension>
            <ns3:hr>166</ns3:hr>
            <ns3:cad>100</ns3:cad>
          </ns3:TrackPointExtension>
        </extensions>
      </trkpt>
      <trkpt lat="29.16554178111255168914794921875" lon="120.305388830602169036865234375">
        <ele>123.40000152587890625</ele>
        <time>2016-04-28T12:02:11.000Z</time>
        <extensions>
          <ns3:TrackPointExtension>
            <ns3:hr>166</ns3:hr>
            <ns3:cad>100</ns3:cad>
          </ns3:TrackPointExtension>
        </extensions>
      </trkpt>
      <trkpt lat="29.16553759016096591949462890625" lon="120.30535840429365634918212890625">
        <ele>123.1999969482421875</ele>
        <time>2016-04-28T12:02:12.000Z</time>
        <extensions>
          <ns3:TrackPointExtension>
            <ns3:hr>166</ns3:hr>
            <ns3:cad>100</ns3:cad>
          </ns3:TrackPointExtension>
        </extensions>
      </trkpt>
      <trkpt lat="29.165533147752285003662109375" lon="120.30532755888998508453369140625">
        <ele>123</ele>
        <time>2016-04-28T12:02:13.000Z</time>
        <extensions>
          <ns3:TrackPointExtension>
            <ns3:hr>166</ns3:hr>
            <ns3:cad>99</ns3:cad>
          </ns3:TrackPointExtension>
        </extensions>
      </trkpt>
      <trkpt lat="29.16552937589585781097412109375" lon="120.30529604293406009674072265625">
        <ele>122.8000030517578125</ele>
        <time>2016-04-28T12:02:14.000Z</time>
        <extensions>
          <ns3:TrackPointExtension>
            <ns3:hr>165</ns3:hr>
            <ns3:cad>99</ns3:cad>
          </ns3:TrackPointExtension>
        </extensions>
      </trkpt>
      <trkpt lat="29.16552468203008174896240234375" lon="120.305264107882976531982421875">
        <ele>122.59999847412109375</ele>
        <time>2016-04-28T12:02:15.000Z</time>
        <extensions>
          <ns3:TrackPointExtension>
            <ns3:hr>166</ns3:hr>
            <ns3:cad>100</ns3:cad>
          </ns3:TrackPointExtension>
        </extensions>
      </trkpt>
      <trkpt lat="29.1655192337930202484130859375" lon="120.30519830994307994842529296875">
        <ele>122.40000152587890625</ele>
        <time>2016-04-28T12:02:16.000Z</time>
        <extensions>
          <ns3:TrackPointExtension>
            <ns3:hr>166</ns3:hr>
            <ns3:cad>100</ns3:cad>
          </ns3:TrackPointExtension>
        </extensions>
      </trkpt>
      <trkpt lat="29.1655192337930202484130859375" lon="120.30519830994307994842529296875">
        <ele>122.40000152587890625</ele>
        <time>2016-04-28T12:02:17.000Z</time>
        <extensions>
          <ns3:TrackPointExtension>
            <ns3:hr>166</ns3:hr>
            <ns3:cad>100</ns3:cad>
          </ns3:TrackPointExtension>
        </extensions>
      </trkpt>
      <trkpt lat="29.16551596485078334808349609375" lon="120.3051663748919963836669921875">
        <ele>122.1999969482421875</ele>
        <time>2016-04-28T12:02:18.000Z</time>
        <extensions>
          <ns3:TrackPointExtension>
            <ns3:hr>166</ns3:hr>
            <ns3:cad>100</ns3:cad>
          </ns3:TrackPointExtension>
        </extensions>
      </trkpt>
      <trkpt lat="29.16551311500370502471923828125" lon="120.30513360165059566497802734375">
        <ele>122</ele>
        <time>2016-04-28T12:02:19.000Z</time>
        <extensions>
          <ns3:TrackPointExtension>
            <ns3:hr>166</ns3:hr>
            <ns3:cad>100</ns3:cad>
          </ns3:TrackPointExtension>
        </extensions>
      </trkpt>
      <trkpt lat="29.16550842113792896270751953125" lon="120.30510091222822666168212890625">
        <ele>122</ele>
        <time>2016-04-28T12:02:20.000Z</time>
        <extensions>
          <ns3:TrackPointExtension>
            <ns3:hr>166</ns3:hr>
            <ns3:cad>100</ns3:cad>
          </ns3:TrackPointExtension>
        </extensions>
      </trkpt>
      <trkpt lat="29.16550490073859691619873046875" lon="120.30506797134876251220703125">
        <ele>121.8000030517578125</ele>
        <time>2016-04-28T12:02:21.000Z</time>
        <extensions>
          <ns3:TrackPointExtension>
            <ns3:hr>165</ns3:hr>
            <ns3:cad>100</ns3:cad>
          </ns3:TrackPointExtension>
        </extensions>
      </trkpt>
      <trkpt lat="29.1655017994344234466552734375" lon="120.30503444373607635498046875">
        <ele>121.59999847412109375</ele>
        <time>2016-04-28T12:02:22.000Z</time>
        <extensions>
          <ns3:TrackPointExtension>
            <ns3:hr>165</ns3:hr>
            <ns3:cad>99</ns3:cad>
          </ns3:TrackPointExtension>
        </extensions>
      </trkpt>
      <trkpt lat="29.1654981113970279693603515625" lon="120.3050017543137073516845703125">
        <ele>121.59999847412109375</ele>
        <time>2016-04-28T12:02:23.000Z</time>
        <extensions>
          <ns3:TrackPointExtension>
            <ns3:hr>165</ns3:hr>
            <ns3:cad>99</ns3:cad>
          </ns3:TrackPointExtension>
        </extensions>
      </trkpt>
      <trkpt lat="29.165495932102203369140625" lon="120.30497032217681407928466796875">
        <ele>121.40000152587890625</ele>
        <time>2016-04-28T12:02:24.000Z</time>
        <extensions>
          <ns3:TrackPointExtension>
            <ns3:hr>165</ns3:hr>
            <ns3:cad>99</ns3:cad>
          </ns3:TrackPointExtension>
        </extensions>
      </trkpt>
      <trkpt lat="29.16549165733158588409423828125" lon="120.30493813566863536834716796875">
        <ele>121.1999969482421875</ele>
        <time>2016-04-28T12:02:25.000Z</time>
        <extensions>
          <ns3:TrackPointExtension>
            <ns3:hr>165</ns3:hr>
            <ns3:cad>99</ns3:cad>
          </ns3:TrackPointExtension>
        </extensions>
      </trkpt>
      <trkpt lat="29.16548763401806354522705078125" lon="120.3049055300652980804443359375">
        <ele>121.1999969482421875</ele>
        <time>2016-04-28T12:02:26.000Z</time>
        <extensions>
          <ns3:TrackPointExtension>
            <ns3:hr>165</ns3:hr>
            <ns3:cad>99</ns3:cad>
          </ns3:TrackPointExtension>
        </extensions>
      </trkpt>
      <trkpt lat="29.1654863767325878143310546875" lon="120.3048726730048656463623046875">
        <ele>121.1999969482421875</ele>
        <time>2016-04-28T12:02:27.000Z</time>
        <extensions>
          <ns3:TrackPointExtension>
            <ns3:hr>165</ns3:hr>
            <ns3:cad>99</ns3:cad>
          </ns3:TrackPointExtension>
        </extensions>
      </trkpt>
      <trkpt lat="29.16548143140971660614013671875" lon="120.30483864247798919677734375">
        <ele>121.1999969482421875</ele>
        <time>2016-04-28T12:02:28.000Z</time>
        <extensions>
          <ns3:TrackPointExtension>
            <ns3:hr>165</ns3:hr>
            <ns3:cad>99</ns3:cad>
          </ns3:TrackPointExtension>
        </extensions>
      </trkpt>
      <trkpt lat="29.16547589935362339019775390625" lon="120.3048052825033664703369140625">
        <ele>121.1999969482421875</ele>
        <time>2016-04-28T12:02:29.000Z</time>
        <extensions>
          <ns3:TrackPointExtension>
            <ns3:hr>165</ns3:hr>
            <ns3:cad>100</ns3:cad>
          </ns3:TrackPointExtension>
        </extensions>
      </trkpt>
      <trkpt lat="29.1654704511165618896484375" lon="120.30477317981421947479248046875">
        <ele>121.1999969482421875</ele>
        <time>2016-04-28T12:02:30.000Z</time>
        <extensions>
          <ns3:TrackPointExtension>
            <ns3:hr>164</ns3:hr>
            <ns3:cad>100</ns3:cad>
          </ns3:TrackPointExtension>
        </extensions>
      </trkpt>
      <trkpt lat="29.16546416468918323516845703125" lon="120.30473965220153331756591796875">
        <ele>121.1999969482421875</ele>
        <time>2016-04-28T12:02:31.000Z</time>
        <extensions>
          <ns3:TrackPointExtension>
            <ns3:hr>164</ns3:hr>
            <ns3:cad>99</ns3:cad>
          </ns3:TrackPointExtension>
        </extensions>
      </trkpt>
      <trkpt lat="29.16546165011823177337646484375" lon="120.30470595695078372955322265625">
        <ele>121.1999969482421875</ele>
        <time>2016-04-28T12:02:32.000Z</time>
        <extensions>
          <ns3:TrackPointExtension>
            <ns3:hr>166</ns3:hr>
            <ns3:cad>99</ns3:cad>
          </ns3:TrackPointExtension>
        </extensions>
      </trkpt>
      <trkpt lat="29.16545771062374114990234375" lon="120.30467544682323932647705078125">
        <ele>121.1999969482421875</ele>
        <time>2016-04-28T12:02:33.000Z</time>
        <extensions>
          <ns3:TrackPointExtension>
            <ns3:hr>166</ns3:hr>
            <ns3:cad>99</ns3:cad>
          </ns3:TrackPointExtension>
        </extensions>
      </trkpt>
      <trkpt lat="29.16545108892023563385009765625" lon="120.3046446852385997772216796875">
        <ele>121.1999969482421875</ele>
        <time>2016-04-28T12:02:34.000Z</time>
        <extensions>
          <ns3:TrackPointExtension>
            <ns3:hr>166</ns3:hr>
            <ns3:cad>100</ns3:cad>
          </ns3:TrackPointExtension>
        </extensions>
      </trkpt>
      <trkpt lat="29.1654471494257450103759765625" lon="120.304613672196865081787109375">
        <ele>121.1999969482421875</ele>
        <time>2016-04-28T12:02:35.000Z</time>
        <extensions>
          <ns3:TrackPointExtension>
            <ns3:hr>167</ns3:hr>
            <ns3:cad>100</ns3:cad>
          </ns3:TrackPointExtension>
        </extensions>
      </trkpt>
      <trkpt lat="29.16544287465512752532958984375" lon="120.30458274297416210174560546875">
        <ele>121.40000152587890625</ele>
        <time>2016-04-28T12:02:36.000Z</time>
        <extensions>
          <ns3:TrackPointExtension>
            <ns3:hr>166</ns3:hr>
            <ns3:cad>100</ns3:cad>
          </ns3:TrackPointExtension>
        </extensions>
      </trkpt>
      <trkpt lat="29.16543767787516117095947265625" lon="120.304551981389522552490234375">
        <ele>121.40000152587890625</ele>
        <time>2016-04-28T12:02:37.000Z</time>
        <extensions>
          <ns3:TrackPointExtension>
            <ns3:hr>165</ns3:hr>
            <ns3:cad>99</ns3:cad>
          </ns3:TrackPointExtension>
        </extensions>
      </trkpt>
      <trkpt lat="29.165435247123241424560546875" lon="120.30452105216681957244873046875">
        <ele>121.40000152587890625</ele>
        <time>2016-04-28T12:02:38.000Z</time>
        <extensions>
          <ns3:TrackPointExtension>
            <ns3:hr>166</ns3:hr>
            <ns3:cad>99</ns3:cad>
          </ns3:TrackPointExtension>
        </extensions>
      </trkpt>
      <trkpt lat="29.16543130762875080108642578125" lon="120.3044907934963703155517578125">
        <ele>121.59999847412109375</ele>
        <time>2016-04-28T12:02:39.000Z</time>
        <extensions>
          <ns3:TrackPointExtension>
            <ns3:hr>166</ns3:hr>
            <ns3:cad>99</ns3:cad>
          </ns3:TrackPointExtension>
        </extensions>
      </trkpt>
      <trkpt lat="29.16542778722941875457763671875" lon="120.3044602833688259124755859375">
        <ele>121.59999847412109375</ele>
        <time>2016-04-28T12:02:40.000Z</time>
        <extensions>
          <ns3:TrackPointExtension>
            <ns3:hr>166</ns3:hr>
            <ns3:cad>99</ns3:cad>
          </ns3:TrackPointExtension>
        </extensions>
      </trkpt>
      <trkpt lat="29.1654253564774990081787109375" lon="120.3044277615845203399658203125">
        <ele>121.8000030517578125</ele>
        <time>2016-04-28T12:02:41.000Z</time>
        <extensions>
          <ns3:TrackPointExtension>
            <ns3:hr>166</ns3:hr>
            <ns3:cad>99</ns3:cad>
          </ns3:TrackPointExtension>
        </extensions>
      </trkpt>
      <trkpt lat="29.165421165525913238525390625" lon="120.30439767055213451385498046875">
        <ele>121.8000030517578125</ele>
        <time>2016-04-28T12:02:42.000Z</time>
        <extensions>
          <ns3:TrackPointExtension>
            <ns3:hr>166</ns3:hr>
            <ns3:cad>100</ns3:cad>
          </ns3:TrackPointExtension>
        </extensions>
      </trkpt>
      <trkpt lat="29.1654163040220737457275390625" lon="120.30436716042459011077880859375">
        <ele>122</ele>
        <time>2016-04-28T12:02:43.000Z</time>
        <extensions>
          <ns3:TrackPointExtension>
            <ns3:hr>167</ns3:hr>
            <ns3:cad>100</ns3:cad>
          </ns3:TrackPointExtension>
        </extensions>
      </trkpt>
      <trkpt lat="29.165411777794361114501953125" lon="120.30433681793510913848876953125">
        <ele>121.8000030517578125</ele>
        <time>2016-04-28T12:02:44.000Z</time>
        <extensions>
          <ns3:TrackPointExtension>
            <ns3:hr>167</ns3:hr>
            <ns3:cad>100</ns3:cad>
          </ns3:TrackPointExtension>
        </extensions>
      </trkpt>
      <trkpt lat="29.16540062986314296722412109375" lon="120.30428216792643070220947265625">
        <ele>121.8000030517578125</ele>
        <time>2016-04-28T12:02:45.000Z</time>
        <extensions>
          <ns3:TrackPointExtension>
            <ns3:hr>165</ns3:hr>
            <ns3:cad>100</ns3:cad>
          </ns3:TrackPointExtension>
        </extensions>
      </trkpt>
      <trkpt lat="29.16540062986314296722412109375" lon="120.30428216792643070220947265625">
        <ele>121.8000030517578125</ele>
        <time>2016-04-28T12:02:46.000Z</time>
        <extensions>
          <ns3:TrackPointExtension>
            <ns3:hr>164</ns3:hr>
            <ns3:cad>100</ns3:cad>
          </ns3:TrackPointExtension>
        </extensions>
      </trkpt>
      <trkpt lat="29.16539660654962062835693359375" lon="120.30425434000790119171142578125">
        <ele>121.8000030517578125</ele>
        <time>2016-04-28T12:02:47.000Z</time>
        <extensions>
          <ns3:TrackPointExtension>
            <ns3:hr>164</ns3:hr>
            <ns3:cad>100</ns3:cad>
          </ns3:TrackPointExtension>
        </extensions>
      </trkpt>
      <trkpt lat="29.16539325378835201263427734375" lon="120.304227434098720550537109375">
        <ele>121.8000030517578125</ele>
        <time>2016-04-28T12:02:48.000Z</time>
        <extensions>
          <ns3:TrackPointExtension>
            <ns3:hr>164</ns3:hr>
            <ns3:cad>100</ns3:cad>
          </ns3:TrackPointExtension>
        </extensions>
      </trkpt>
      <trkpt lat="29.16538805700838565826416015625" lon="120.30420136637985706329345703125">
        <ele>121.8000030517578125</ele>
        <time>2016-04-28T12:02:49.000Z</time>
        <extensions>
          <ns3:TrackPointExtension>
            <ns3:hr>163</ns3:hr>
            <ns3:cad>100</ns3:cad>
          </ns3:TrackPointExtension>
        </extensions>
      </trkpt>
      <trkpt lat="29.16538369841873645782470703125" lon="120.304177142679691314697265625">
        <ele>121.59999847412109375</ele>
        <time>2016-04-28T12:02:50.000Z</time>
        <extensions>
          <ns3:TrackPointExtension>
            <ns3:hr>163</ns3:hr>
            <ns3:cad>100</ns3:cad>
          </ns3:TrackPointExtension>
        </extensions>
      </trkpt>
      <trkpt lat="29.16537950746715068817138671875" lon="120.304150320589542388916015625">
        <ele>121.59999847412109375</ele>
        <time>2016-04-28T12:02:51.000Z</time>
        <extensions>
          <ns3:TrackPointExtension>
            <ns3:hr>163</ns3:hr>
            <ns3:cad>100</ns3:cad>
          </ns3:TrackPointExtension>
        </extensions>
      </trkpt>
      <trkpt lat="29.16537313722074031829833984375" lon="120.3041236661374568939208984375">
        <ele>121.59999847412109375</ele>
        <time>2016-04-28T12:02:52.000Z</time>
        <extensions>
          <ns3:TrackPointExtension>
            <ns3:hr>163</ns3:hr>
            <ns3:cad>100</ns3:cad>
          </ns3:TrackPointExtension>
        </extensions>
      </trkpt>
      <trkpt lat="29.1653663478791713714599609375" lon="120.30409558676183223724365234375">
        <ele>121.59999847412109375</ele>
        <time>2016-04-28T12:02:53.000Z</time>
        <extensions>
          <ns3:TrackPointExtension>
            <ns3:hr>163</ns3:hr>
            <ns3:cad>100</ns3:cad>
          </ns3:TrackPointExtension>
        </extensions>
      </trkpt>
      <trkpt lat="29.1653609834611415863037109375" lon="120.3040654957294464111328125">
        <ele>121.59999847412109375</ele>
        <time>2016-04-28T12:02:54.000Z</time>
        <extensions>
          <ns3:TrackPointExtension>
            <ns3:hr>164</ns3:hr>
            <ns3:cad>99</ns3:cad>
          </ns3:TrackPointExtension>
        </extensions>
      </trkpt>
      <trkpt lat="29.1653505899012088775634765625" lon="120.30400673858821392059326171875">
        <ele>121.40000152587890625</ele>
        <time>2016-04-28T12:02:55.000Z</time>
        <extensions>
          <ns3:TrackPointExtension>
            <ns3:hr>164</ns3:hr>
            <ns3:cad>99</ns3:cad>
          </ns3:TrackPointExtension>
        </extensions>
      </trkpt>
      <trkpt lat="29.1653505899012088775634765625" lon="120.30400673858821392059326171875">
        <ele>121.40000152587890625</ele>
        <time>2016-04-28T12:02:56.000Z</time>
        <extensions>
          <ns3:TrackPointExtension>
            <ns3:hr>164</ns3:hr>
            <ns3:cad>100</ns3:cad>
          </ns3:TrackPointExtension>
        </extensions>
      </trkpt>
      <trkpt lat="29.16534799151122570037841796875" lon="120.30397706665098667144775390625">
        <ele>121.40000152587890625</ele>
        <time>2016-04-28T12:02:57.000Z</time>
        <extensions>
          <ns3:TrackPointExtension>
            <ns3:hr>165</ns3:hr>
            <ns3:cad>100</ns3:cad>
          </ns3:TrackPointExtension>
        </extensions>
      </trkpt>
      <trkpt lat="29.1653442196547985076904296875" lon="120.303946472704410552978515625">
        <ele>121.40000152587890625</ele>
        <time>2016-04-28T12:02:58.000Z</time>
        <extensions>
          <ns3:TrackPointExtension>
            <ns3:hr>166</ns3:hr>
            <ns3:cad>100</ns3:cad>
          </ns3:TrackPointExtension>
        </extensions>
      </trkpt>
      <trkpt lat="29.1653388552367687225341796875" lon="120.30391604639589786529541015625">
        <ele>121.40000152587890625</ele>
        <time>2016-04-28T12:02:59.000Z</time>
        <extensions>
          <ns3:TrackPointExtension>
            <ns3:hr>166</ns3:hr>
            <ns3:cad>100</ns3:cad>
          </ns3:TrackPointExtension>
        </extensions>
      </trkpt>
      <trkpt lat="29.16533525101840496063232421875" lon="120.30388704501092433929443359375">
        <ele>121.40000152587890625</ele>
        <time>2016-04-28T12:03:00.000Z</time>
        <extensions>
          <ns3:TrackPointExtension>
            <ns3:hr>165</ns3:hr>
            <ns3:cad>99</ns3:cad>
          </ns3:TrackPointExtension>
        </extensions>
      </trkpt>
      <trkpt lat="29.16533030569553375244140625" lon="120.3038591332733631134033203125">
        <ele>121.1999969482421875</ele>
        <time>2016-04-28T12:03:01.000Z</time>
        <extensions>
          <ns3:TrackPointExtension>
            <ns3:hr>165</ns3:hr>
            <ns3:cad>100</ns3:cad>
          </ns3:TrackPointExtension>
        </extensions>
      </trkpt>
      <trkpt lat="29.16532468982040882110595703125" lon="120.303830467164516448974609375">
        <ele>121.1999969482421875</ele>
        <time>2016-04-28T12:03:02.000Z</time>
        <extensions>
          <ns3:TrackPointExtension>
            <ns3:hr>165</ns3:hr>
            <ns3:cad>99</ns3:cad>
          </ns3:TrackPointExtension>
        </extensions>
      </trkpt>
      <trkpt lat="29.1653202474117279052734375" lon="120.30380037613213062286376953125">
        <ele>121.1999969482421875</ele>
        <time>2016-04-28T12:03:03.000Z</time>
        <extensions>
          <ns3:TrackPointExtension>
            <ns3:hr>164</ns3:hr>
            <ns3:cad>100</ns3:cad>
          </ns3:TrackPointExtension>
        </extensions>
      </trkpt>
      <trkpt lat="29.1653150506317615509033203125" lon="120.3037699498236179351806640625">
        <ele>121.40000152587890625</ele>
        <time>2016-04-28T12:03:04.000Z</time>
        <extensions>
          <ns3:TrackPointExtension>
            <ns3:hr>164</ns3:hr>
            <ns3:cad>100</ns3:cad>
          </ns3:TrackPointExtension>
        </extensions>
      </trkpt>
      <trkpt lat="29.16530624963343143463134765625" lon="120.3037139587104320526123046875">
        <ele>121.40000152587890625</ele>
        <time>2016-04-28T12:03:05.000Z</time>
        <extensions>
          <ns3:TrackPointExtension>
            <ns3:hr>166</ns3:hr>
            <ns3:cad>100</ns3:cad>
          </ns3:TrackPointExtension>
        </extensions>
      </trkpt>
      <trkpt lat="29.16530624963343143463134765625" lon="120.3037139587104320526123046875">
        <ele>121.40000152587890625</ele>
        <time>2016-04-28T12:03:06.000Z</time>
        <extensions>
          <ns3:TrackPointExtension>
            <ns3:hr>167</ns3:hr>
            <ns3:cad>100</ns3:cad>
          </ns3:TrackPointExtension>
        </extensions>
      </trkpt>
      <trkpt lat="29.16530239395797252655029296875" lon="120.30368554405868053436279296875">
        <ele>121.59999847412109375</ele>
        <time>2016-04-28T12:03:07.000Z</time>
        <extensions>
          <ns3:TrackPointExtension>
            <ns3:hr>166</ns3:hr>
            <ns3:cad>100</ns3:cad>
          </ns3:TrackPointExtension>
        </extensions>
      </trkpt>
      <trkpt lat="29.165296442806720733642578125" lon="120.30365503393113613128662109375">
        <ele>121.59999847412109375</ele>
        <time>2016-04-28T12:03:08.000Z</time>
        <extensions>
          <ns3:TrackPointExtension>
            <ns3:hr>166</ns3:hr>
            <ns3:cad>99</ns3:cad>
          </ns3:TrackPointExtension>
        </extensions>
      </trkpt>
      <trkpt lat="29.165289066731929779052734375" lon="120.30362905003130435943603515625">
        <ele>121.59999847412109375</ele>
        <time>2016-04-28T12:03:09.000Z</time>
        <extensions>
          <ns3:TrackPointExtension>
            <ns3:hr>166</ns3:hr>
            <ns3:cad>99</ns3:cad>
          </ns3:TrackPointExtension>
        </extensions>
      </trkpt>
      <trkpt lat="29.165283702313899993896484375" lon="120.30360289849340915679931640625">
        <ele>121.59999847412109375</ele>
        <time>2016-04-28T12:03:10.000Z</time>
        <extensions>
          <ns3:TrackPointExtension>
            <ns3:hr>166</ns3:hr>
            <ns3:cad>99</ns3:cad>
          </ns3:TrackPointExtension>
        </extensions>
      </trkpt>
      <trkpt lat="29.16527925990521907806396484375" lon="120.30357532203197479248046875">
        <ele>121.8000030517578125</ele>
        <time>2016-04-28T12:03:11.000Z</time>
        <extensions>
          <ns3:TrackPointExtension>
            <ns3:hr>165</ns3:hr>
            <ns3:cad>99</ns3:cad>
          </ns3:TrackPointExtension>
        </extensions>
      </trkpt>
      <trkpt lat="29.16527397930622100830078125" lon="120.3035483323037624359130859375">
        <ele>121.8000030517578125</ele>
        <time>2016-04-28T12:03:12.000Z</time>
        <extensions>
          <ns3:TrackPointExtension>
            <ns3:hr>166</ns3:hr>
            <ns3:cad>99</ns3:cad>
          </ns3:TrackPointExtension>
        </extensions>
      </trkpt>
      <trkpt lat="29.16527188383042812347412109375" lon="120.30351975001394748687744140625">
        <ele>121.8000030517578125</ele>
        <time>2016-04-28T12:03:13.000Z</time>
        <extensions>
          <ns3:TrackPointExtension>
            <ns3:hr>165</ns3:hr>
            <ns3:cad>99</ns3:cad>
          </ns3:TrackPointExtension>
        </extensions>
      </trkpt>
      <trkpt lat="29.165279679000377655029296875" lon="120.303455293178558349609375">
        <ele>121.40000152587890625</ele>
        <time>2016-04-28T12:03:14.000Z</time>
        <extensions>
          <ns3:TrackPointExtension>
            <ns3:hr>166</ns3:hr>
            <ns3:cad>99</ns3:cad>
          </ns3:TrackPointExtension>
        </extensions>
      </trkpt>
      <trkpt lat="29.165279679000377655029296875" lon="120.303455293178558349609375">
        <ele>121.40000152587890625</ele>
        <time>2016-04-28T12:03:15.000Z</time>
        <extensions>
          <ns3:TrackPointExtension>
            <ns3:hr>168</ns3:hr>
            <ns3:cad>99</ns3:cad>
          </ns3:TrackPointExtension>
        </extensions>
      </trkpt>
      <trkpt lat="29.165283702313899993896484375" lon="120.30342134647071361541748046875">
        <ele>121.1999969482421875</ele>
        <time>2016-04-28T12:03:16.000Z</time>
        <extensions>
          <ns3:TrackPointExtension>
            <ns3:hr>167</ns3:hr>
            <ns3:cad>99</ns3:cad>
          </ns3:TrackPointExtension>
        </extensions>
      </trkpt>
      <trkpt lat="29.16528646834194660186767578125" lon="120.3033895790576934814453125">
        <ele>121</ele>
        <time>2016-04-28T12:03:17.000Z</time>
        <extensions>
          <ns3:TrackPointExtension>
            <ns3:hr>167</ns3:hr>
            <ns3:cad>99</ns3:cad>
          </ns3:TrackPointExtension>
        </extensions>
      </trkpt>
      <trkpt lat="29.16528713889420032501220703125" lon="120.3033600747585296630859375">
        <ele>120.8000030517578125</ele>
        <time>2016-04-28T12:03:18.000Z</time>
        <extensions>
          <ns3:TrackPointExtension>
            <ns3:hr>167</ns3:hr>
            <ns3:cad>97</ns3:cad>
          </ns3:TrackPointExtension>
        </extensions>
      </trkpt>
      <trkpt lat="29.1652888990938663482666015625" lon="120.30332981608808040618896484375">
        <ele>120.8000030517578125</ele>
        <time>2016-04-28T12:03:19.000Z</time>
        <extensions>
          <ns3:TrackPointExtension>
            <ns3:hr>168</ns3:hr>
            <ns3:cad>97</ns3:cad>
          </ns3:TrackPointExtension>
        </extensions>
      </trkpt>
      <trkpt lat="29.165289402008056640625" lon="120.30329947359859943389892578125">
        <ele>120.59999847412109375</ele>
        <time>2016-04-28T12:03:20.000Z</time>
        <extensions>
          <ns3:TrackPointExtension>
            <ns3:hr>169</ns3:hr>
            <ns3:cad>97</ns3:cad>
          </ns3:TrackPointExtension>
        </extensions>
      </trkpt>
      <trkpt lat="29.165291748940944671630859375" lon="120.30326946638524532318115234375">
        <ele>120.59999847412109375</ele>
        <time>2016-04-28T12:03:21.000Z</time>
        <extensions>
          <ns3:TrackPointExtension>
            <ns3:hr>169</ns3:hr>
            <ns3:cad>99</ns3:cad>
          </ns3:TrackPointExtension>
        </extensions>
      </trkpt>
      <trkpt lat="29.16529770009219646453857421875" lon="120.30323677696287631988525390625">
        <ele>120.40000152587890625</ele>
        <time>2016-04-28T12:03:22.000Z</time>
        <extensions>
          <ns3:TrackPointExtension>
            <ns3:hr>169</ns3:hr>
            <ns3:cad>99</ns3:cad>
          </ns3:TrackPointExtension>
        </extensions>
      </trkpt>
      <trkpt lat="29.16530574671924114227294921875" lon="120.303206183016300201416015625">
        <ele>120.1999969482421875</ele>
        <time>2016-04-28T12:03:23.000Z</time>
        <extensions>
          <ns3:TrackPointExtension>
            <ns3:hr>169</ns3:hr>
            <ns3:cad>98</ns3:cad>
          </ns3:TrackPointExtension>
        </extensions>
      </trkpt>
      <trkpt lat="29.16531630791723728179931640625" lon="120.30317558906972408294677734375">
        <ele>120.1999969482421875</ele>
        <time>2016-04-28T12:03:24.000Z</time>
        <extensions>
          <ns3:TrackPointExtension>
            <ns3:hr>169</ns3:hr>
            <ns3:cad>98</ns3:cad>
          </ns3:TrackPointExtension>
        </extensions>
      </trkpt>
      <trkpt lat="29.1653281264007091522216796875" lon="120.303143821656703948974609375">
        <ele>120.1999969482421875</ele>
        <time>2016-04-28T12:03:25.000Z</time>
        <extensions>
          <ns3:TrackPointExtension>
            <ns3:hr>168</ns3:hr>
            <ns3:cad>98</ns3:cad>
          </ns3:TrackPointExtension>
        </extensions>
      </trkpt>
      <trkpt lat="29.165340699255466461181640625" lon="120.3031138144433498382568359375">
        <ele>120.1999969482421875</ele>
        <time>2016-04-28T12:03:26.000Z</time>
        <extensions>
          <ns3:TrackPointExtension>
            <ns3:hr>168</ns3:hr>
            <ns3:cad>98</ns3:cad>
          </ns3:TrackPointExtension>
        </extensions>
      </trkpt>
      <trkpt lat="29.16535369120538234710693359375" lon="120.30308556742966175079345703125">
        <ele>120.1999969482421875</ele>
        <time>2016-04-28T12:03:27.000Z</time>
        <extensions>
          <ns3:TrackPointExtension>
            <ns3:hr>168</ns3:hr>
            <ns3:cad>99</ns3:cad>
          </ns3:TrackPointExtension>
        </extensions>
      </trkpt>
      <trkpt lat="29.16536877863109111785888671875" lon="120.3030571527779102325439453125">
        <ele>120.40000152587890625</ele>
        <time>2016-04-28T12:03:28.000Z</time>
        <extensions>
          <ns3:TrackPointExtension>
            <ns3:hr>168</ns3:hr>
            <ns3:cad>99</ns3:cad>
          </ns3:TrackPointExtension>
        </extensions>
      </trkpt>
      <trkpt lat="29.1653851233422756195068359375" lon="120.30303393490612506866455078125">
        <ele>120.59999847412109375</ele>
        <time>2016-04-28T12:03:29.000Z</time>
        <extensions>
          <ns3:TrackPointExtension>
            <ns3:hr>166</ns3:hr>
            <ns3:cad>98</ns3:cad>
          </ns3:TrackPointExtension>
        </extensions>
      </trkpt>
      <trkpt lat="29.16540364734828472137451171875" lon="120.30301365070044994354248046875">
        <ele>120.8000030517578125</ele>
        <time>2016-04-28T12:03:30.000Z</time>
        <extensions>
          <ns3:TrackPointExtension>
            <ns3:hr>164</ns3:hr>
            <ns3:cad>98</ns3:cad>
          </ns3:TrackPointExtension>
        </extensions>
      </trkpt>
      <trkpt lat="29.1654246859252452850341796875" lon="120.30299571342766284942626953125">
        <ele>121</ele>
        <time>2016-04-28T12:03:31.000Z</time>
        <extensions>
          <ns3:TrackPointExtension>
            <ns3:hr>163</ns3:hr>
            <ns3:cad>98</ns3:cad>
          </ns3:TrackPointExtension>
        </extensions>
      </trkpt>
      <trkpt lat="29.16544337756931781768798828125" lon="120.30297492630779743194580078125">
        <ele>121.1999969482421875</ele>
        <time>2016-04-28T12:03:32.000Z</time>
        <extensions>
          <ns3:TrackPointExtension>
            <ns3:hr>163</ns3:hr>
            <ns3:cad>98</ns3:cad>
          </ns3:TrackPointExtension>
        </extensions>
      </trkpt>
      <trkpt lat="29.165464751422405242919921875" lon="120.30295548029243946075439453125">
        <ele>121.40000152587890625</ele>
        <time>2016-04-28T12:03:33.000Z</time>
        <extensions>
          <ns3:TrackPointExtension>
            <ns3:hr>163</ns3:hr>
            <ns3:cad>98</ns3:cad>
          </ns3:TrackPointExtension>
        </extensions>
      </trkpt>
      <trkpt lat="29.165486879646778106689453125" lon="120.30293829739093780517578125">
        <ele>121.8000030517578125</ele>
        <time>2016-04-28T12:03:34.000Z</time>
        <extensions>
          <ns3:TrackPointExtension>
            <ns3:hr>162</ns3:hr>
            <ns3:cad>98</ns3:cad>
          </ns3:TrackPointExtension>
        </extensions>
      </trkpt>
      <trkpt lat="29.16550708003342151641845703125" lon="120.3029206953942775726318359375">
        <ele>122</ele>
        <time>2016-04-28T12:03:35.000Z</time>
        <extensions>
          <ns3:TrackPointExtension>
            <ns3:hr>164</ns3:hr>
            <ns3:cad>98</ns3:cad>
          </ns3:TrackPointExtension>
        </extensions>
      </trkpt>
      <trkpt lat="29.1655269451439380645751953125" lon="120.30290368013083934783935546875">
        <ele>122.40000152587890625</ele>
        <time>2016-04-28T12:03:36.000Z</time>
        <extensions>
          <ns3:TrackPointExtension>
            <ns3:hr>164</ns3:hr>
            <ns3:cad>98</ns3:cad>
          </ns3:TrackPointExtension>
        </extensions>
      </trkpt>
      <trkpt lat="29.16554580442607402801513671875" lon="120.3028854914009571075439453125">
        <ele>122.59999847412109375</ele>
        <time>2016-04-28T12:03:37.000Z</time>
        <extensions>
          <ns3:TrackPointExtension>
            <ns3:hr>162</ns3:hr>
            <ns3:cad>98</ns3:cad>
          </ns3:TrackPointExtension>
        </extensions>
      </trkpt>
      <trkpt lat="29.165565669536590576171875" lon="120.3028657101094722747802734375">
        <ele>123</ele>
        <time>2016-04-28T12:03:38.000Z</time>
        <extensions>
          <ns3:TrackPointExtension>
            <ns3:hr>162</ns3:hr>
            <ns3:cad>97</ns3:cad>
          </ns3:TrackPointExtension>
        </extensions>
      </trkpt>
      <trkpt lat="29.16558436118066310882568359375" lon="120.30284869484603404998779296875">
        <ele>123.1999969482421875</ele>
        <time>2016-04-28T12:03:39.000Z</time>
        <extensions>
          <ns3:TrackPointExtension>
            <ns3:hr>162</ns3:hr>
            <ns3:cad>97</ns3:cad>
          </ns3:TrackPointExtension>
        </extensions>
      </trkpt>
      <trkpt lat="29.1656027175486087799072265625" lon="120.30283461324870586395263671875">
        <ele>123.1999969482421875</ele>
        <time>2016-04-28T12:03:40.000Z</time>
        <extensions>
          <ns3:TrackPointExtension>
            <ns3:hr>161</ns3:hr>
            <ns3:cad>97</ns3:cad>
          </ns3:TrackPointExtension>
        </extensions>
      </trkpt>
      <trkpt lat="29.1656429506838321685791015625" lon="120.3028063662350177764892578125">
        <ele>123.1999969482421875</ele>
        <time>2016-04-28T12:03:41.000Z</time>
        <extensions>
          <ns3:TrackPointExtension>
            <ns3:hr>162</ns3:hr>
            <ns3:cad>97</ns3:cad>
          </ns3:TrackPointExtension>
        </extensions>
      </trkpt>
      <trkpt lat="29.1656429506838321685791015625" lon="120.3028063662350177764892578125">
        <ele>123.1999969482421875</ele>
        <time>2016-04-28T12:03:42.000Z</time>
        <extensions>
          <ns3:TrackPointExtension>
            <ns3:hr>162</ns3:hr>
            <ns3:cad>97</ns3:cad>
          </ns3:TrackPointExtension>
        </extensions>
      </trkpt>
      <trkpt lat="29.16566315107047557830810546875" lon="120.30279748141765594482421875">
        <ele>123.40000152587890625</ele>
        <time>2016-04-28T12:03:43.000Z</time>
        <extensions>
          <ns3:TrackPointExtension>
            <ns3:hr>162</ns3:hr>
            <ns3:cad>97</ns3:cad>
          </ns3:TrackPointExtension>
        </extensions>
      </trkpt>
      <trkpt lat="29.16568343527615070343017578125" lon="120.3027860820293426513671875">
        <ele>123.40000152587890625</ele>
        <time>2016-04-28T12:03:44.000Z</time>
        <extensions>
          <ns3:TrackPointExtension>
            <ns3:hr>162</ns3:hr>
            <ns3:cad>97</ns3:cad>
          </ns3:TrackPointExtension>
        </extensions>
      </trkpt>
      <trkpt lat="29.16570581495761871337890625" lon="120.302770994603633880615234375">
        <ele>123.40000152587890625</ele>
        <time>2016-04-28T12:03:45.000Z</time>
        <extensions>
          <ns3:TrackPointExtension>
            <ns3:hr>161</ns3:hr>
            <ns3:cad>96</ns3:cad>
          </ns3:TrackPointExtension>
        </extensions>
      </trkpt>
      <trkpt lat="29.16572886519134044647216796875" lon="120.30275515280663967132568359375">
        <ele>123.40000152587890625</ele>
        <time>2016-04-28T12:03:46.000Z</time>
        <extensions>
          <ns3:TrackPointExtension>
            <ns3:hr>161</ns3:hr>
            <ns3:cad>96</ns3:cad>
          </ns3:TrackPointExtension>
        </extensions>
      </trkpt>
      <trkpt lat="29.1657519154250621795654296875" lon="120.30274023301899433135986328125">
        <ele>123.1999969482421875</ele>
        <time>2016-04-28T12:03:47.000Z</time>
        <extensions>
          <ns3:TrackPointExtension>
            <ns3:hr>161</ns3:hr>
            <ns3:cad>96</ns3:cad>
          </ns3:TrackPointExtension>
        </extensions>
      </trkpt>
      <trkpt lat="29.1657762229442596435546875" lon="120.30272413976490497589111328125">
        <ele>123</ele>
        <time>2016-04-28T12:03:48.000Z</time>
        <extensions>
          <ns3:TrackPointExtension>
            <ns3:hr>160</ns3:hr>
            <ns3:cad>96</ns3:cad>
          </ns3:TrackPointExtension>
        </extensions>
      </trkpt>
      <trkpt lat="29.16579835116863250732421875" lon="120.30270955525338649749755859375">
        <ele>122.8000030517578125</ele>
        <time>2016-04-28T12:03:49.000Z</time>
        <extensions>
          <ns3:TrackPointExtension>
            <ns3:hr>161</ns3:hr>
            <ns3:cad>96</ns3:cad>
          </ns3:TrackPointExtension>
        </extensions>
      </trkpt>
      <trkpt lat="29.1658203117549419403076171875" lon="120.30269446782767772674560546875">
        <ele>122.59999847412109375</ele>
        <time>2016-04-28T12:03:50.000Z</time>
        <extensions>
          <ns3:TrackPointExtension>
            <ns3:hr>161</ns3:hr>
            <ns3:cad>96</ns3:cad>
          </ns3:TrackPointExtension>
        </extensions>
      </trkpt>
      <trkpt lat="29.16584101505577564239501953125" lon="120.302680470049381256103515625">
        <ele>122.59999847412109375</ele>
        <time>2016-04-28T12:03:51.000Z</time>
        <extensions>
          <ns3:TrackPointExtension>
            <ns3:hr>161</ns3:hr>
            <ns3:cad>96</ns3:cad>
          </ns3:TrackPointExtension>
        </extensions>
      </trkpt>
      <trkpt lat="29.165861718356609344482421875" lon="120.30267250724136829376220703125">
        <ele>122.40000152587890625</ele>
        <time>2016-04-28T12:03:52.000Z</time>
        <extensions>
          <ns3:TrackPointExtension>
            <ns3:hr>161</ns3:hr>
            <ns3:cad>97</ns3:cad>
          </ns3:TrackPointExtension>
        </extensions>
      </trkpt>
      <trkpt lat="29.1658794879913330078125" lon="120.30266714282333850860595703125">
        <ele>122.40000152587890625</ele>
        <time>2016-04-28T12:03:53.000Z</time>
        <extensions>
          <ns3:TrackPointExtension>
            <ns3:hr>162</ns3:hr>
            <ns3:cad>97</ns3:cad>
          </ns3:TrackPointExtension>
        </extensions>
      </trkpt>
    </trkseg>
  </trk>
</gpx>
