<gpx xmlns:ns3="http://www.garmin.com/xmlschemas/TrackPointExtension/v1" xmlns="http://www.topografix.com/GPX/1/1" xmlns:xsi="http://www.w3.org/2001/XMLSchema-instance" xmlns:ns2="http://www.garmin.com/xmlschemas/GpxExtensions/v3" creator="Garmin Connect" version="1.1" xsi:schemaLocation="http://www.topografix.com/GPX/1/1 http://www.topografix.com/GPX/11.xsd">
  <extensions>
<distance>5000.4</distance>
<average_hr>140.0</average_hr>
<average_speed>2.6158178406477077</average_speed>
<start_time>2016-07-16T11:42:42+00:00</start_time>
<end_time>2016-07-16T12:14:33.601000+00:00</end_time>
<moving_time>1899.0</moving_time>
<elapsed_time>1914.539</elapsed_time>
</extensions>
<metadata>
    <link href="connect.garmin.com">
      <text>Garmin Connect</text>
    </link>
    <time>2016-07-16T11:42:42.000Z</time>
  </metadata>
  <trk>
    <name>跑步</name>
    <type>running</type>
    <trkseg>
      <trkpt lat="29.14901602081954479217529296875" lon="120.32821183092892169952392578125">
        <ele>143.1999969482421875</ele>
        <time>2016-07-16T11:42:42.000Z</time>
        <extensions>
          <ns3:TrackPointExtension>
            <ns3:cad>0</ns3:cad>
          </ns3:TrackPointExtension>
        </extensions>
      </trkpt>
      <trkpt lat="29.148991964757442474365234375" lon="120.32820495776832103729248046875">
        <ele>143</ele>
        <time>2016-07-16T11:42:43.000Z</time>
        <extensions>
          <ns3:TrackPointExtension>
            <ns3:cad>95</ns3:cad>
          </ns3:TrackPointExtension>
        </extensions>
      </trkpt>
      <trkpt lat="29.1489713452756404876708984375" lon="120.3282015211880207061767578125">
        <ele>143</ele>
        <time>2016-07-16T11:42:44.000Z</time>
        <extensions>
          <ns3:TrackPointExtension>
            <ns3:cad>95</ns3:cad>
          </ns3:TrackPointExtension>
        </extensions>
      </trkpt>
      <trkpt lat="29.1489458642899990081787109375" lon="120.32819339074194431304931640625">
        <ele>143</ele>
        <time>2016-07-16T11:42:45.000Z</time>
        <extensions>
          <ns3:TrackPointExtension>
            <ns3:cad>95</ns3:cad>
          </ns3:TrackPointExtension>
        </extensions>
      </trkpt>
      <trkpt lat="29.148934967815876007080078125" lon="120.32822272740304470062255859375">
        <ele>142.8000030517578125</ele>
        <time>2016-07-16T11:42:46.000Z</time>
        <extensions>
          <ns3:TrackPointExtension>
            <ns3:cad>95</ns3:cad>
          </ns3:TrackPointExtension>
        </extensions>
      </trkpt>
      <trkpt lat="29.14890688844025135040283203125" lon="120.32820797525346279144287109375">
        <ele>142.8000030517578125</ele>
        <time>2016-07-16T11:42:47.000Z</time>
        <extensions>
          <ns3:TrackPointExtension>
            <ns3:cad>96</ns3:cad>
          </ns3:TrackPointExtension>
        </extensions>
      </trkpt>
      <trkpt lat="29.148886688053607940673828125" lon="120.328196994960308074951171875">
        <ele>142.600006103515625</ele>
        <time>2016-07-16T11:42:48.000Z</time>
        <extensions>
          <ns3:TrackPointExtension>
            <ns3:cad>96</ns3:cad>
          </ns3:TrackPointExtension>
        </extensions>
      </trkpt>
      <trkpt lat="29.14886916987597942352294921875" lon="120.32818852923810482025146484375">
        <ele>142.600006103515625</ele>
        <time>2016-07-16T11:42:49.000Z</time>
        <extensions>
          <ns3:TrackPointExtension>
            <ns3:cad>96</ns3:cad>
          </ns3:TrackPointExtension>
        </extensions>
      </trkpt>
      <trkpt lat="29.148851148784160614013671875" lon="120.32818056643009185791015625">
        <ele>142.600006103515625</ele>
        <time>2016-07-16T11:42:50.000Z</time>
        <extensions>
          <ns3:TrackPointExtension>
            <ns3:cad>96</ns3:cad>
          </ns3:TrackPointExtension>
        </extensions>
      </trkpt>
      <trkpt lat="29.14883337914943695068359375" lon="120.32817159779369831085205078125">
        <ele>142.600006103515625</ele>
        <time>2016-07-16T11:42:51.000Z</time>
        <extensions>
          <ns3:TrackPointExtension>
            <ns3:cad>95</ns3:cad>
          </ns3:TrackPointExtension>
        </extensions>
      </trkpt>
      <trkpt lat="29.14881200529634952545166015625" lon="120.32816715538501739501953125">
        <ele>142.600006103515625</ele>
        <time>2016-07-16T11:42:52.000Z</time>
        <extensions>
          <ns3:TrackPointExtension>
            <ns3:cad>95</ns3:cad>
          </ns3:TrackPointExtension>
        </extensions>
      </trkpt>
      <trkpt lat="29.14879046380519866943359375" lon="120.32816019840538501739501953125">
        <ele>142.399993896484375</ele>
        <time>2016-07-16T11:42:53.000Z</time>
        <extensions>
          <ns3:TrackPointExtension>
            <ns3:cad>94</ns3:cad>
          </ns3:TrackPointExtension>
        </extensions>
      </trkpt>
      <trkpt lat="29.148770011961460113525390625" lon="120.328152067959308624267578125">
        <ele>142.399993896484375</ele>
        <time>2016-07-16T11:42:54.000Z</time>
        <extensions>
          <ns3:TrackPointExtension>
            <ns3:cad>94</ns3:cad>
          </ns3:TrackPointExtension>
        </extensions>
      </trkpt>
      <trkpt lat="29.14874930866062641143798828125" lon="120.32814393751323223114013671875">
        <ele>142.399993896484375</ele>
        <time>2016-07-16T11:42:55.000Z</time>
        <extensions>
          <ns3:TrackPointExtension>
            <ns3:cad>94</ns3:cad>
          </ns3:TrackPointExtension>
        </extensions>
      </trkpt>
      <trkpt lat="29.14872768335044384002685546875" lon="120.32813522033393383026123046875">
        <ele>142.399993896484375</ele>
        <time>2016-07-16T11:42:56.000Z</time>
        <extensions>
          <ns3:TrackPointExtension>
            <ns3:cad>95</ns3:cad>
          </ns3:TrackPointExtension>
        </extensions>
      </trkpt>
      <trkpt lat="29.14870672859251499176025390625" lon="120.3281274251639842987060546875">
        <ele>142.399993896484375</ele>
        <time>2016-07-16T11:42:57.000Z</time>
        <extensions>
          <ns3:TrackPointExtension>
            <ns3:cad>95</ns3:cad>
          </ns3:TrackPointExtension>
        </extensions>
      </trkpt>
      <trkpt lat="29.148685522377490997314453125" lon="120.32811929471790790557861328125">
        <ele>142.399993896484375</ele>
        <time>2016-07-16T11:42:58.000Z</time>
        <extensions>
          <ns3:TrackPointExtension>
            <ns3:cad>96</ns3:cad>
          </ns3:TrackPointExtension>
        </extensions>
      </trkpt>
      <trkpt lat="29.14866230450570583343505859375" lon="120.32811325974762439727783203125">
        <ele>142.399993896484375</ele>
        <time>2016-07-16T11:42:59.000Z</time>
        <extensions>
          <ns3:TrackPointExtension>
            <ns3:cad>96</ns3:cad>
          </ns3:TrackPointExtension>
        </extensions>
      </trkpt>
      <trkpt lat="29.148639924824237823486328125" lon="120.32810605131089687347412109375">
        <ele>142.399993896484375</ele>
        <time>2016-07-16T11:43:00.000Z</time>
        <extensions>
          <ns3:TrackPointExtension>
            <ns3:cad>95</ns3:cad>
          </ns3:TrackPointExtension>
        </extensions>
      </trkpt>
      <trkpt lat="29.1486162878572940826416015625" lon="120.3280999325215816497802734375">
        <ele>142.399993896484375</ele>
        <time>2016-07-16T11:43:01.000Z</time>
        <extensions>
          <ns3:TrackPointExtension>
            <ns3:cad>95</ns3:cad>
          </ns3:TrackPointExtension>
        </extensions>
      </trkpt>
      <trkpt lat="29.14859306998550891876220703125" lon="120.32809783704578876495361328125">
        <ele>142.399993896484375</ele>
        <time>2016-07-16T11:43:02.000Z</time>
        <extensions>
          <ns3:TrackPointExtension>
            <ns3:hr>144</ns3:hr>
            <ns3:cad>94</ns3:cad>
          </ns3:TrackPointExtension>
        </extensions>
      </trkpt>
      <trkpt lat="29.14855166338384151458740234375" lon="120.328103117644786834716796875">
        <ele>142.399993896484375</ele>
        <time>2016-07-16T11:43:03.000Z</time>
        <extensions>
          <ns3:TrackPointExtension>
            <ns3:hr>141</ns3:hr>
            <ns3:cad>94</ns3:cad>
          </ns3:TrackPointExtension>
        </extensions>
      </trkpt>
      <trkpt lat="29.148521907627582550048828125" lon="120.32810538075864315032958984375">
        <ele>142.399993896484375</ele>
        <time>2016-07-16T11:43:04.000Z</time>
        <extensions>
          <ns3:TrackPointExtension>
            <ns3:hr>136</ns3:hr>
            <ns3:cad>94</ns3:cad>
          </ns3:TrackPointExtension>
        </extensions>
      </trkpt>
      <trkpt lat="29.14849081076681613922119140625" lon="120.328109823167324066162109375">
        <ele>142.399993896484375</ele>
        <time>2016-07-16T11:43:05.000Z</time>
        <extensions>
          <ns3:TrackPointExtension>
            <ns3:hr>131</ns3:hr>
            <ns3:cad>94</ns3:cad>
          </ns3:TrackPointExtension>
        </extensions>
      </trkpt>
      <trkpt lat="29.14845518767833709716796875" lon="120.32811619341373443603515625">
        <ele>142.399993896484375</ele>
        <time>2016-07-16T11:43:06.000Z</time>
        <extensions>
          <ns3:TrackPointExtension>
            <ns3:hr>126</ns3:hr>
            <ns3:cad>95</ns3:cad>
          </ns3:TrackPointExtension>
        </extensions>
      </trkpt>
      <trkpt lat="29.1484261862933635711669921875" lon="120.32812281511723995208740234375">
        <ele>142.399993896484375</ele>
        <time>2016-07-16T11:43:07.000Z</time>
        <extensions>
          <ns3:TrackPointExtension>
            <ns3:hr>123</ns3:hr>
            <ns3:cad>95</ns3:cad>
          </ns3:TrackPointExtension>
        </extensions>
      </trkpt>
      <trkpt lat="29.14839810691773891448974609375" lon="120.32813086174428462982177734375">
        <ele>142.399993896484375</ele>
        <time>2016-07-16T11:43:08.000Z</time>
        <extensions>
          <ns3:TrackPointExtension>
            <ns3:hr>124</ns3:hr>
            <ns3:cad>95</ns3:cad>
          </ns3:TrackPointExtension>
        </extensions>
      </trkpt>
      <trkpt lat="29.1483713686466217041015625" lon="120.32813924364745616912841796875">
        <ele>142.399993896484375</ele>
        <time>2016-07-16T11:43:09.000Z</time>
        <extensions>
          <ns3:TrackPointExtension>
            <ns3:hr>126</ns3:hr>
            <ns3:cad>95</ns3:cad>
          </ns3:TrackPointExtension>
        </extensions>
      </trkpt>
      <trkpt lat="29.14834655821323394775390625" lon="120.328145362436771392822265625">
        <ele>142.399993896484375</ele>
        <time>2016-07-16T11:43:10.000Z</time>
        <extensions>
          <ns3:TrackPointExtension>
            <ns3:hr>126</ns3:hr>
            <ns3:cad>96</ns3:cad>
          </ns3:TrackPointExtension>
        </extensions>
      </trkpt>
      <trkpt lat="29.1483209095895290374755859375" lon="120.3281542472541332244873046875">
        <ele>142.399993896484375</ele>
        <time>2016-07-16T11:43:11.000Z</time>
        <extensions>
          <ns3:TrackPointExtension>
            <ns3:hr>126</ns3:hr>
            <ns3:cad>96</ns3:cad>
          </ns3:TrackPointExtension>
        </extensions>
      </trkpt>
      <trkpt lat="29.14830029010772705078125" lon="120.32816355116665363311767578125">
        <ele>142.600006103515625</ele>
        <time>2016-07-16T11:43:12.000Z</time>
        <extensions>
          <ns3:TrackPointExtension>
            <ns3:hr>126</ns3:hr>
            <ns3:cad>96</ns3:cad>
          </ns3:TrackPointExtension>
        </extensions>
      </trkpt>
      <trkpt lat="29.1482801735401153564453125" lon="120.3281746990978717803955078125">
        <ele>142.600006103515625</ele>
        <time>2016-07-16T11:43:13.000Z</time>
        <extensions>
          <ns3:TrackPointExtension>
            <ns3:hr>126</ns3:hr>
            <ns3:cad>96</ns3:cad>
          </ns3:TrackPointExtension>
        </extensions>
      </trkpt>
      <trkpt lat="29.14826072752475738525390625" lon="120.32818735577166080474853515625">
        <ele>142.600006103515625</ele>
        <time>2016-07-16T11:43:14.000Z</time>
        <extensions>
          <ns3:TrackPointExtension>
            <ns3:hr>126</ns3:hr>
            <ns3:cad>96</ns3:cad>
          </ns3:TrackPointExtension>
        </extensions>
      </trkpt>
      <trkpt lat="29.1482414491474628448486328125" lon="120.328201688826084136962890625">
        <ele>142.8000030517578125</ele>
        <time>2016-07-16T11:43:15.000Z</time>
        <extensions>
          <ns3:TrackPointExtension>
            <ns3:hr>126</ns3:hr>
            <ns3:cad>96</ns3:cad>
          </ns3:TrackPointExtension>
        </extensions>
      </trkpt>
      <trkpt lat="29.14822225458920001983642578125" lon="120.32821753062307834625244140625">
        <ele>142.8000030517578125</ele>
        <time>2016-07-16T11:43:16.000Z</time>
        <extensions>
          <ns3:TrackPointExtension>
            <ns3:hr>126</ns3:hr>
            <ns3:cad>96</ns3:cad>
          </ns3:TrackPointExtension>
        </extensions>
      </trkpt>
      <trkpt lat="29.14820448495447635650634765625" lon="120.328233875334262847900390625">
        <ele>142.8000030517578125</ele>
        <time>2016-07-16T11:43:17.000Z</time>
        <extensions>
          <ns3:TrackPointExtension>
            <ns3:hr>126</ns3:hr>
            <ns3:cad>96</ns3:cad>
          </ns3:TrackPointExtension>
        </extensions>
      </trkpt>
      <trkpt lat="29.1481871344149112701416015625" lon="120.32825156114995479583740234375">
        <ele>143</ele>
        <time>2016-07-16T11:43:18.000Z</time>
        <extensions>
          <ns3:TrackPointExtension>
            <ns3:hr>126</ns3:hr>
            <ns3:cad>96</ns3:cad>
          </ns3:TrackPointExtension>
        </extensions>
      </trkpt>
      <trkpt lat="29.14817062206566333770751953125" lon="120.328271426260471343994140625">
        <ele>143</ele>
        <time>2016-07-16T11:43:19.000Z</time>
        <extensions>
          <ns3:TrackPointExtension>
            <ns3:hr>129</ns3:hr>
            <ns3:cad>96</ns3:cad>
          </ns3:TrackPointExtension>
        </extensions>
      </trkpt>
      <trkpt lat="29.1481556184589862823486328125" lon="120.328292213380336761474609375">
        <ele>143</ele>
        <time>2016-07-16T11:43:20.000Z</time>
        <extensions>
          <ns3:TrackPointExtension>
            <ns3:hr>129</ns3:hr>
            <ns3:cad>96</ns3:cad>
          </ns3:TrackPointExtension>
        </extensions>
      </trkpt>
      <trkpt lat="29.14814011193811893463134765625" lon="120.32831140793859958648681640625">
        <ele>143.1999969482421875</ele>
        <time>2016-07-16T11:43:21.000Z</time>
        <extensions>
          <ns3:TrackPointExtension>
            <ns3:hr>128</ns3:hr>
            <ns3:cad>96</ns3:cad>
          </ns3:TrackPointExtension>
        </extensions>
      </trkpt>
      <trkpt lat="29.14812770672142505645751953125" lon="120.32833387143909931182861328125">
        <ele>143.1999969482421875</ele>
        <time>2016-07-16T11:43:22.000Z</time>
        <extensions>
          <ns3:TrackPointExtension>
            <ns3:hr>127</ns3:hr>
            <ns3:cad>96</ns3:cad>
          </ns3:TrackPointExtension>
        </extensions>
      </trkpt>
      <trkpt lat="29.148115552961826324462890625" lon="120.32835348509252071380615234375">
        <ele>143.1999969482421875</ele>
        <time>2016-07-16T11:43:23.000Z</time>
        <extensions>
          <ns3:TrackPointExtension>
            <ns3:hr>126</ns3:hr>
            <ns3:cad>96</ns3:cad>
          </ns3:TrackPointExtension>
        </extensions>
      </trkpt>
      <trkpt lat="29.14810591377317905426025390625" lon="120.32837611623108386993408203125">
        <ele>143.1999969482421875</ele>
        <time>2016-07-16T11:43:24.000Z</time>
        <extensions>
          <ns3:TrackPointExtension>
            <ns3:hr>126</ns3:hr>
            <ns3:cad>96</ns3:cad>
          </ns3:TrackPointExtension>
        </extensions>
      </trkpt>
      <trkpt lat="29.1480935923755168914794921875" lon="120.32839925028383731842041015625">
        <ele>143.1999969482421875</ele>
        <time>2016-07-16T11:43:25.000Z</time>
        <extensions>
          <ns3:TrackPointExtension>
            <ns3:hr>126</ns3:hr>
            <ns3:cad>96</ns3:cad>
          </ns3:TrackPointExtension>
        </extensions>
      </trkpt>
      <trkpt lat="29.1480838693678379058837890625" lon="120.32842271961271762847900390625">
        <ele>143.399993896484375</ele>
        <time>2016-07-16T11:43:26.000Z</time>
        <extensions>
          <ns3:TrackPointExtension>
            <ns3:hr>126</ns3:hr>
            <ns3:cad>96</ns3:cad>
          </ns3:TrackPointExtension>
        </extensions>
      </trkpt>
      <trkpt lat="29.14807523600757122039794921875" lon="120.32844744622707366943359375">
        <ele>143.399993896484375</ele>
        <time>2016-07-16T11:43:27.000Z</time>
        <extensions>
          <ns3:TrackPointExtension>
            <ns3:hr>126</ns3:hr>
            <ns3:cad>95</ns3:cad>
          </ns3:TrackPointExtension>
        </extensions>
      </trkpt>
      <trkpt lat="29.14806769229471683502197265625" lon="120.32847384922206401824951171875">
        <ele>143.399993896484375</ele>
        <time>2016-07-16T11:43:28.000Z</time>
        <extensions>
          <ns3:TrackPointExtension>
            <ns3:hr>127</ns3:hr>
            <ns3:cad>97</ns3:cad>
          </ns3:TrackPointExtension>
        </extensions>
      </trkpt>
      <trkpt lat="29.14806098677217960357666015625" lon="120.32849916256964206695556640625">
        <ele>143.399993896484375</ele>
        <time>2016-07-16T11:43:29.000Z</time>
        <extensions>
          <ns3:TrackPointExtension>
            <ns3:hr>127</ns3:hr>
            <ns3:cad>97</ns3:cad>
          </ns3:TrackPointExtension>
        </extensions>
      </trkpt>
      <trkpt lat="29.14805687963962554931640625" lon="120.32852447591722011566162109375">
        <ele>143.600006103515625</ele>
        <time>2016-07-16T11:43:30.000Z</time>
        <extensions>
          <ns3:TrackPointExtension>
            <ns3:hr>127</ns3:hr>
            <ns3:cad>97</ns3:cad>
          </ns3:TrackPointExtension>
        </extensions>
      </trkpt>
      <trkpt lat="29.1480530239641666412353515625" lon="120.32854610122740268707275390625">
        <ele>143.8000030517578125</ele>
        <time>2016-07-16T11:43:31.000Z</time>
        <extensions>
          <ns3:TrackPointExtension>
            <ns3:hr>127</ns3:hr>
            <ns3:cad>97</ns3:cad>
          </ns3:TrackPointExtension>
        </extensions>
      </trkpt>
      <trkpt lat="29.14804958738386631011962890625" lon="120.32856906764209270477294921875">
        <ele>143.8000030517578125</ele>
        <time>2016-07-16T11:43:32.000Z</time>
        <extensions>
          <ns3:TrackPointExtension>
            <ns3:hr>127</ns3:hr>
            <ns3:cad>97</ns3:cad>
          </ns3:TrackPointExtension>
        </extensions>
      </trkpt>
      <trkpt lat="29.1480468213558197021484375" lon="120.32857661135494709014892578125">
        <ele>144</ele>
        <time>2016-07-16T11:43:33.000Z</time>
        <extensions>
          <ns3:TrackPointExtension>
            <ns3:hr>126</ns3:hr>
            <ns3:cad>96</ns3:cad>
          </ns3:TrackPointExtension>
        </extensions>
      </trkpt>
      <trkpt lat="29.14804615080356597900390625" lon="120.3285857476294040679931640625">
        <ele>144</ele>
        <time>2016-07-16T11:43:34.000Z</time>
        <extensions>
          <ns3:TrackPointExtension>
            <ns3:hr>127</ns3:hr>
            <ns3:cad>96</ns3:cad>
          </ns3:TrackPointExtension>
        </extensions>
      </trkpt>
      <trkpt lat="29.14804556407034397125244140625" lon="120.32860276289284229278564453125">
        <ele>144.1999969482421875</ele>
        <time>2016-07-16T11:43:35.000Z</time>
        <extensions>
          <ns3:TrackPointExtension>
            <ns3:hr>127</ns3:hr>
            <ns3:cad>96</ns3:cad>
          </ns3:TrackPointExtension>
        </extensions>
      </trkpt>
      <trkpt lat="29.14804707281291484832763671875" lon="120.32862053252756595611572265625">
        <ele>144.1999969482421875</ele>
        <time>2016-07-16T11:43:36.000Z</time>
        <extensions>
          <ns3:TrackPointExtension>
            <ns3:hr>127</ns3:hr>
            <ns3:cad>95</ns3:cad>
          </ns3:TrackPointExtension>
        </extensions>
      </trkpt>
      <trkpt lat="29.1480469889938831329345703125" lon="120.328640230000019073486328125">
        <ele>144.399993896484375</ele>
        <time>2016-07-16T11:43:37.000Z</time>
        <extensions>
          <ns3:TrackPointExtension>
            <ns3:hr>127</ns3:hr>
            <ns3:cad>95</ns3:cad>
          </ns3:TrackPointExtension>
        </extensions>
      </trkpt>
      <trkpt lat="29.148050509393215179443359375" lon="120.3286618553102016448974609375">
        <ele>144.600006103515625</ele>
        <time>2016-07-16T11:43:38.000Z</time>
        <extensions>
          <ns3:TrackPointExtension>
            <ns3:hr>127</ns3:hr>
            <ns3:cad>95</ns3:cad>
          </ns3:TrackPointExtension>
        </extensions>
      </trkpt>
      <trkpt lat="29.14805411361157894134521484375" lon="120.32868389971554279327392578125">
        <ele>144.600006103515625</ele>
        <time>2016-07-16T11:43:39.000Z</time>
        <extensions>
          <ns3:TrackPointExtension>
            <ns3:hr>127</ns3:hr>
            <ns3:cad>95</ns3:cad>
          </ns3:TrackPointExtension>
        </extensions>
      </trkpt>
      <trkpt lat="29.148059226572513580322265625" lon="120.3287064470350742340087890625">
        <ele>144.8000030517578125</ele>
        <time>2016-07-16T11:43:40.000Z</time>
        <extensions>
          <ns3:TrackPointExtension>
            <ns3:hr>129</ns3:hr>
            <ns3:cad>95</ns3:cad>
          </ns3:TrackPointExtension>
        </extensions>
      </trkpt>
      <trkpt lat="29.148066937923431396484375" lon="120.32872798852622509002685546875">
        <ele>144.8000030517578125</ele>
        <time>2016-07-16T11:43:41.000Z</time>
        <extensions>
          <ns3:TrackPointExtension>
            <ns3:hr>129</ns3:hr>
            <ns3:cad>95</ns3:cad>
          </ns3:TrackPointExtension>
        </extensions>
      </trkpt>
      <trkpt lat="29.1480724699795246124267578125" lon="120.328748524188995361328125">
        <ele>144.8000030517578125</ele>
        <time>2016-07-16T11:43:42.000Z</time>
        <extensions>
          <ns3:TrackPointExtension>
            <ns3:hr>129</ns3:hr>
            <ns3:cad>95</ns3:cad>
          </ns3:TrackPointExtension>
        </extensions>
      </trkpt>
      <trkpt lat="29.14807967841625213623046875" lon="120.32876838929951190948486328125">
        <ele>145</ele>
        <time>2016-07-16T11:43:43.000Z</time>
        <extensions>
          <ns3:TrackPointExtension>
            <ns3:hr>129</ns3:hr>
            <ns3:cad>95</ns3:cad>
          </ns3:TrackPointExtension>
        </extensions>
      </trkpt>
      <trkpt lat="29.14808831177651882171630859375" lon="120.32879001460969448089599609375">
        <ele>145</ele>
        <time>2016-07-16T11:43:44.000Z</time>
        <extensions>
          <ns3:TrackPointExtension>
            <ns3:hr>128</ns3:hr>
            <ns3:cad>95</ns3:cad>
          </ns3:TrackPointExtension>
        </extensions>
      </trkpt>
      <trkpt lat="29.14810256101191043853759765625" lon="120.328813232481479644775390625">
        <ele>145</ele>
        <time>2016-07-16T11:43:45.000Z</time>
        <extensions>
          <ns3:TrackPointExtension>
            <ns3:hr>128</ns3:hr>
            <ns3:cad>95</ns3:cad>
          </ns3:TrackPointExtension>
        </extensions>
      </trkpt>
      <trkpt lat="29.14811798371374607086181640625" lon="120.3288372047245502471923828125">
        <ele>145</ele>
        <time>2016-07-16T11:43:46.000Z</time>
        <extensions>
          <ns3:TrackPointExtension>
            <ns3:hr>127</ns3:hr>
            <ns3:cad>95</ns3:cad>
          </ns3:TrackPointExtension>
        </extensions>
      </trkpt>
      <trkpt lat="29.14813022129237651824951171875" lon="120.328860841691493988037109375">
        <ele>145</ele>
        <time>2016-07-16T11:43:47.000Z</time>
        <extensions>
          <ns3:TrackPointExtension>
            <ns3:hr>127</ns3:hr>
            <ns3:cad>96</ns3:cad>
          </ns3:TrackPointExtension>
        </extensions>
      </trkpt>
      <trkpt lat="29.1481442190706729888916015625" lon="120.32888271845877170562744140625">
        <ele>145</ele>
        <time>2016-07-16T11:43:48.000Z</time>
        <extensions>
          <ns3:TrackPointExtension>
            <ns3:hr>127</ns3:hr>
            <ns3:cad>96</ns3:cad>
          </ns3:TrackPointExtension>
        </extensions>
      </trkpt>
      <trkpt lat="29.14815855212509632110595703125" lon="120.32890300266444683074951171875">
        <ele>145</ele>
        <time>2016-07-16T11:43:49.000Z</time>
        <extensions>
          <ns3:TrackPointExtension>
            <ns3:hr>128</ns3:hr>
            <ns3:cad>96</ns3:cad>
          </ns3:TrackPointExtension>
        </extensions>
      </trkpt>
      <trkpt lat="29.14817380718886852264404296875" lon="120.32892211340367794036865234375">
        <ele>145</ele>
        <time>2016-07-16T11:43:50.000Z</time>
        <extensions>
          <ns3:TrackPointExtension>
            <ns3:hr>128</ns3:hr>
            <ns3:cad>97</ns3:cad>
          </ns3:TrackPointExtension>
        </extensions>
      </trkpt>
      <trkpt lat="29.148190654814243316650390625" lon="120.328937955200672149658203125">
        <ele>145</ele>
        <time>2016-07-16T11:43:51.000Z</time>
        <extensions>
          <ns3:TrackPointExtension>
            <ns3:hr>128</ns3:hr>
            <ns3:cad>97</ns3:cad>
          </ns3:TrackPointExtension>
        </extensions>
      </trkpt>
      <trkpt lat="29.148209430277347564697265625" lon="120.3289542160928249359130859375">
        <ele>144.8000030517578125</ele>
        <time>2016-07-16T11:43:52.000Z</time>
        <extensions>
          <ns3:TrackPointExtension>
            <ns3:hr>128</ns3:hr>
            <ns3:cad>97</ns3:cad>
          </ns3:TrackPointExtension>
        </extensions>
      </trkpt>
      <trkpt lat="29.1482277028262615203857421875" lon="120.328969471156597137451171875">
        <ele>144.8000030517578125</ele>
        <time>2016-07-16T11:43:53.000Z</time>
        <extensions>
          <ns3:TrackPointExtension>
            <ns3:hr>129</ns3:hr>
            <ns3:cad>96</ns3:cad>
          </ns3:TrackPointExtension>
        </extensions>
      </trkpt>
      <trkpt lat="29.14824756793677806854248046875" lon="120.32898045144975185394287109375">
        <ele>144.8000030517578125</ele>
        <time>2016-07-16T11:43:54.000Z</time>
        <extensions>
          <ns3:TrackPointExtension>
            <ns3:hr>129</ns3:hr>
            <ns3:cad>96</ns3:cad>
          </ns3:TrackPointExtension>
        </extensions>
      </trkpt>
      <trkpt lat="29.14826634339988231658935546875" lon="120.32899235375225543975830078125">
        <ele>144.600006103515625</ele>
        <time>2016-07-16T11:43:55.000Z</time>
        <extensions>
          <ns3:TrackPointExtension>
            <ns3:hr>128</ns3:hr>
            <ns3:cad>97</ns3:cad>
          </ns3:TrackPointExtension>
        </extensions>
      </trkpt>
      <trkpt lat="29.1482846997678279876708984375" lon="120.32899939455091953277587890625">
        <ele>144.600006103515625</ele>
        <time>2016-07-16T11:43:56.000Z</time>
        <extensions>
          <ns3:TrackPointExtension>
            <ns3:hr>128</ns3:hr>
            <ns3:cad>97</ns3:cad>
          </ns3:TrackPointExtension>
        </extensions>
      </trkpt>
      <trkpt lat="29.14830490015447139739990234375" lon="120.329006016254425048828125">
        <ele>144.600006103515625</ele>
        <time>2016-07-16T11:43:57.000Z</time>
        <extensions>
          <ns3:TrackPointExtension>
            <ns3:hr>128</ns3:hr>
            <ns3:cad>96</ns3:cad>
          </ns3:TrackPointExtension>
        </extensions>
      </trkpt>
      <trkpt lat="29.14832417853176593780517578125" lon="120.32901397906243801116943359375">
        <ele>144.399993896484375</ele>
        <time>2016-07-16T11:43:58.000Z</time>
        <extensions>
          <ns3:TrackPointExtension>
            <ns3:hr>128</ns3:hr>
            <ns3:cad>96</ns3:cad>
          </ns3:TrackPointExtension>
        </extensions>
      </trkpt>
      <trkpt lat="29.1483450494706630706787109375" lon="120.32902202568948268890380859375">
        <ele>144.399993896484375</ele>
        <time>2016-07-16T11:43:59.000Z</time>
        <extensions>
          <ns3:TrackPointExtension>
            <ns3:hr>128</ns3:hr>
            <ns3:cad>96</ns3:cad>
          </ns3:TrackPointExtension>
        </extensions>
      </trkpt>
      <trkpt lat="29.1483665071427822113037109375" lon="120.32903124578297138214111328125">
        <ele>144.1999969482421875</ele>
        <time>2016-07-16T11:44:00.000Z</time>
        <extensions>
          <ns3:TrackPointExtension>
            <ns3:hr>128</ns3:hr>
            <ns3:cad>96</ns3:cad>
          </ns3:TrackPointExtension>
        </extensions>
      </trkpt>
      <trkpt lat="29.1483866237103939056396484375" lon="120.32903946004807949066162109375">
        <ele>144.1999969482421875</ele>
        <time>2016-07-16T11:44:01.000Z</time>
        <extensions>
          <ns3:TrackPointExtension>
            <ns3:hr>128</ns3:hr>
            <ns3:cad>98</ns3:cad>
          </ns3:TrackPointExtension>
        </extensions>
      </trkpt>
      <trkpt lat="29.148409254848957061767578125" lon="120.329047925770282745361328125">
        <ele>144.1999969482421875</ele>
        <time>2016-07-16T11:44:02.000Z</time>
        <extensions>
          <ns3:TrackPointExtension>
            <ns3:hr>127</ns3:hr>
            <ns3:cad>98</ns3:cad>
          </ns3:TrackPointExtension>
        </extensions>
      </trkpt>
      <trkpt lat="29.14843146689236164093017578125" lon="120.32905555330216884613037109375">
        <ele>144</ele>
        <time>2016-07-16T11:44:03.000Z</time>
        <extensions>
          <ns3:TrackPointExtension>
            <ns3:hr>127</ns3:hr>
            <ns3:cad>98</ns3:cad>
          </ns3:TrackPointExtension>
        </extensions>
      </trkpt>
      <trkpt lat="29.14845242165029048919677734375" lon="120.32906259410083293914794921875">
        <ele>144</ele>
        <time>2016-07-16T11:44:04.000Z</time>
        <extensions>
          <ns3:TrackPointExtension>
            <ns3:hr>127</ns3:hr>
            <ns3:cad>96</ns3:cad>
          </ns3:TrackPointExtension>
        </extensions>
      </trkpt>
      <trkpt lat="29.14847438223659992218017578125" lon="120.3290688805282115936279296875">
        <ele>143.600006103515625</ele>
        <time>2016-07-16T11:44:05.000Z</time>
        <extensions>
          <ns3:TrackPointExtension>
            <ns3:hr>127</ns3:hr>
            <ns3:cad>96</ns3:cad>
          </ns3:TrackPointExtension>
        </extensions>
      </trkpt>
      <trkpt lat="29.1484945826232433319091796875" lon="120.32907432876527309417724609375">
        <ele>143.1999969482421875</ele>
        <time>2016-07-16T11:44:06.000Z</time>
        <extensions>
          <ns3:TrackPointExtension>
            <ns3:hr>128</ns3:hr>
            <ns3:cad>96</ns3:cad>
          </ns3:TrackPointExtension>
        </extensions>
      </trkpt>
      <trkpt lat="29.14851830340921878814697265625" lon="120.32907667569816112518310546875">
        <ele>142.8000030517578125</ele>
        <time>2016-07-16T11:44:07.000Z</time>
        <extensions>
          <ns3:TrackPointExtension>
            <ns3:hr>129</ns3:hr>
            <ns3:cad>96</ns3:cad>
          </ns3:TrackPointExtension>
        </extensions>
      </trkpt>
      <trkpt lat="29.14854101836681365966796875" lon="120.329080782830715179443359375">
        <ele>142.399993896484375</ele>
        <time>2016-07-16T11:44:08.000Z</time>
        <extensions>
          <ns3:TrackPointExtension>
            <ns3:hr>129</ns3:hr>
            <ns3:cad>96</ns3:cad>
          </ns3:TrackPointExtension>
        </extensions>
      </trkpt>
      <trkpt lat="29.14856272749602794647216796875" lon="120.32908891327679157257080078125">
        <ele>142</ele>
        <time>2016-07-16T11:44:09.000Z</time>
        <extensions>
          <ns3:TrackPointExtension>
            <ns3:hr>129</ns3:hr>
            <ns3:cad>96</ns3:cad>
          </ns3:TrackPointExtension>
        </extensions>
      </trkpt>
      <trkpt lat="29.14858384989202022552490234375" lon="120.329099558293819427490234375">
        <ele>141.600006103515625</ele>
        <time>2016-07-16T11:44:10.000Z</time>
        <extensions>
          <ns3:TrackPointExtension>
            <ns3:hr>128</ns3:hr>
            <ns3:cad>96</ns3:cad>
          </ns3:TrackPointExtension>
        </extensions>
      </trkpt>
      <trkpt lat="29.14860069751739501953125" lon="120.329111628234386444091796875">
        <ele>141.399993896484375</ele>
        <time>2016-07-16T11:44:11.000Z</time>
        <extensions>
          <ns3:TrackPointExtension>
            <ns3:hr>127</ns3:hr>
            <ns3:cad>96</ns3:cad>
          </ns3:TrackPointExtension>
        </extensions>
      </trkpt>
      <trkpt lat="29.1486234962940216064453125" lon="120.3291205130517482757568359375">
        <ele>141</ele>
        <time>2016-07-16T11:44:12.000Z</time>
        <extensions>
          <ns3:TrackPointExtension>
            <ns3:hr>127</ns3:hr>
            <ns3:cad>98</ns3:cad>
          </ns3:TrackPointExtension>
        </extensions>
      </trkpt>
      <trkpt lat="29.14864604361355304718017578125" lon="120.32912964932620525360107421875">
        <ele>140.600006103515625</ele>
        <time>2016-07-16T11:44:13.000Z</time>
        <extensions>
          <ns3:TrackPointExtension>
            <ns3:hr>127</ns3:hr>
            <ns3:cad>98</ns3:cad>
          </ns3:TrackPointExtension>
        </extensions>
      </trkpt>
      <trkpt lat="29.14866984821856021881103515625" lon="120.329138450324535369873046875">
        <ele>140.1999969482421875</ele>
        <time>2016-07-16T11:44:14.000Z</time>
        <extensions>
          <ns3:TrackPointExtension>
            <ns3:hr>127</ns3:hr>
            <ns3:cad>98</ns3:cad>
          </ns3:TrackPointExtension>
        </extensions>
      </trkpt>
      <trkpt lat="29.1486917249858379364013671875" lon="120.32914741896092891693115234375">
        <ele>139.8000030517578125</ele>
        <time>2016-07-16T11:44:15.000Z</time>
        <extensions>
          <ns3:TrackPointExtension>
            <ns3:hr>127</ns3:hr>
            <ns3:cad>96</ns3:cad>
          </ns3:TrackPointExtension>
        </extensions>
      </trkpt>
      <trkpt lat="29.14871259592473506927490234375" lon="120.3291573934257030487060546875">
        <ele>139.600006103515625</ele>
        <time>2016-07-16T11:44:16.000Z</time>
        <extensions>
          <ns3:TrackPointExtension>
            <ns3:hr>126</ns3:hr>
            <ns3:cad>96</ns3:cad>
          </ns3:TrackPointExtension>
        </extensions>
      </trkpt>
      <trkpt lat="29.14873321540653705596923828125" lon="120.3291677869856357574462890625">
        <ele>139.399993896484375</ele>
        <time>2016-07-16T11:44:17.000Z</time>
        <extensions>
          <ns3:TrackPointExtension>
            <ns3:hr>127</ns3:hr>
            <ns3:cad>96</ns3:cad>
          </ns3:TrackPointExtension>
        </extensions>
      </trkpt>
      <trkpt lat="29.1487537510693073272705078125" lon="120.32917826436460018157958984375">
        <ele>139.1999969482421875</ele>
        <time>2016-07-16T11:44:18.000Z</time>
        <extensions>
          <ns3:TrackPointExtension>
            <ns3:hr>129</ns3:hr>
            <ns3:cad>97</ns3:cad>
          </ns3:TrackPointExtension>
        </extensions>
      </trkpt>
      <trkpt lat="29.1487752087414264678955078125" lon="120.3291868977248668670654296875">
        <ele>139</ele>
        <time>2016-07-16T11:44:19.000Z</time>
        <extensions>
          <ns3:TrackPointExtension>
            <ns3:hr>129</ns3:hr>
            <ns3:cad>97</ns3:cad>
          </ns3:TrackPointExtension>
        </extensions>
      </trkpt>
      <trkpt lat="29.14879582822322845458984375" lon="120.32919586636126041412353515625">
        <ele>139</ele>
        <time>2016-07-16T11:44:20.000Z</time>
        <extensions>
          <ns3:TrackPointExtension>
            <ns3:hr>128</ns3:hr>
            <ns3:cad>97</ns3:cad>
          </ns3:TrackPointExtension>
        </extensions>
      </trkpt>
      <trkpt lat="29.14881619624793529510498046875" lon="120.32920441590249538421630859375">
        <ele>138.8000030517578125</ele>
        <time>2016-07-16T11:44:21.000Z</time>
        <extensions>
          <ns3:TrackPointExtension>
            <ns3:hr>128</ns3:hr>
            <ns3:cad>97</ns3:cad>
          </ns3:TrackPointExtension>
        </extensions>
      </trkpt>
      <trkpt lat="29.14883631281554698944091796875" lon="120.32921061851084232330322265625">
        <ele>138.8000030517578125</ele>
        <time>2016-07-16T11:44:22.000Z</time>
        <extensions>
          <ns3:TrackPointExtension>
            <ns3:hr>128</ns3:hr>
            <ns3:cad>97</ns3:cad>
          </ns3:TrackPointExtension>
        </extensions>
      </trkpt>
      <trkpt lat="29.14885751903057098388671875" lon="120.329218916594982147216796875">
        <ele>138.600006103515625</ele>
        <time>2016-07-16T11:44:23.000Z</time>
        <extensions>
          <ns3:TrackPointExtension>
            <ns3:hr>125</ns3:hr>
            <ns3:cad>97</ns3:cad>
          </ns3:TrackPointExtension>
        </extensions>
      </trkpt>
      <trkpt lat="29.14887973107397556304931640625" lon="120.32922671176493167877197265625">
        <ele>138.399993896484375</ele>
        <time>2016-07-16T11:44:24.000Z</time>
        <extensions>
          <ns3:TrackPointExtension>
            <ns3:hr>125</ns3:hr>
            <ns3:cad>98</ns3:cad>
          </ns3:TrackPointExtension>
        </extensions>
      </trkpt>
      <trkpt lat="29.1488997638225555419921875" lon="120.32923526130616664886474609375">
        <ele>138.399993896484375</ele>
        <time>2016-07-16T11:44:25.000Z</time>
        <extensions>
          <ns3:TrackPointExtension>
            <ns3:hr>126</ns3:hr>
            <ns3:cad>98</ns3:cad>
          </ns3:TrackPointExtension>
        </extensions>
      </trkpt>
      <trkpt lat="29.14892080239951610565185546875" lon="120.3292433917522430419921875">
        <ele>138.1999969482421875</ele>
        <time>2016-07-16T11:44:26.000Z</time>
        <extensions>
          <ns3:TrackPointExtension>
            <ns3:hr>125</ns3:hr>
            <ns3:cad>98</ns3:cad>
          </ns3:TrackPointExtension>
        </extensions>
      </trkpt>
      <trkpt lat="29.1489425115287303924560546875" lon="120.32925051636993885040283203125">
        <ele>138.1999969482421875</ele>
        <time>2016-07-16T11:44:27.000Z</time>
        <extensions>
          <ns3:TrackPointExtension>
            <ns3:hr>126</ns3:hr>
            <ns3:cad>98</ns3:cad>
          </ns3:TrackPointExtension>
        </extensions>
      </trkpt>
      <trkpt lat="29.1489641368389129638671875" lon="120.32925789244472980499267578125">
        <ele>138</ele>
        <time>2016-07-16T11:44:28.000Z</time>
        <extensions>
          <ns3:TrackPointExtension>
            <ns3:hr>126</ns3:hr>
            <ns3:cad>98</ns3:cad>
          </ns3:TrackPointExtension>
        </extensions>
      </trkpt>
      <trkpt lat="29.1489857621490955352783203125" lon="120.32926593907177448272705078125">
        <ele>137.8000030517578125</ele>
        <time>2016-07-16T11:44:29.000Z</time>
        <extensions>
          <ns3:TrackPointExtension>
            <ns3:hr>129</ns3:hr>
            <ns3:cad>98</ns3:cad>
          </ns3:TrackPointExtension>
        </extensions>
      </trkpt>
      <trkpt lat="29.1490082256495952606201171875" lon="120.329267866909503936767578125">
        <ele>137.8000030517578125</ele>
        <time>2016-07-16T11:44:30.000Z</time>
        <extensions>
          <ns3:TrackPointExtension>
            <ns3:hr>129</ns3:hr>
            <ns3:cad>98</ns3:cad>
          </ns3:TrackPointExtension>
        </extensions>
      </trkpt>
      <trkpt lat="29.149030856788158416748046875" lon="120.32927180640399456024169921875">
        <ele>138</ele>
        <time>2016-07-16T11:44:31.000Z</time>
        <extensions>
          <ns3:TrackPointExtension>
            <ns3:hr>129</ns3:hr>
            <ns3:cad>98</ns3:cad>
          </ns3:TrackPointExtension>
        </extensions>
      </trkpt>
      <trkpt lat="29.14905273355543613433837890625" lon="120.32927758991718292236328125">
        <ele>138.1999969482421875</ele>
        <time>2016-07-16T11:44:32.000Z</time>
        <extensions>
          <ns3:TrackPointExtension>
            <ns3:hr>129</ns3:hr>
            <ns3:cad>97</ns3:cad>
          </ns3:TrackPointExtension>
        </extensions>
      </trkpt>
      <trkpt lat="29.1490739397704601287841796875" lon="120.32928387634456157684326171875">
        <ele>138.399993896484375</ele>
        <time>2016-07-16T11:44:33.000Z</time>
        <extensions>
          <ns3:TrackPointExtension>
            <ns3:hr>129</ns3:hr>
            <ns3:cad>97</ns3:cad>
          </ns3:TrackPointExtension>
        </extensions>
      </trkpt>
      <trkpt lat="29.1490964032709598541259765625" lon="120.3292898274958133697509765625">
        <ele>138.600006103515625</ele>
        <time>2016-07-16T11:44:34.000Z</time>
        <extensions>
          <ns3:TrackPointExtension>
            <ns3:hr>129</ns3:hr>
            <ns3:cad>96</ns3:cad>
          </ns3:TrackPointExtension>
        </extensions>
      </trkpt>
      <trkpt lat="29.149118363857269287109375" lon="120.3292925097048282623291015625">
        <ele>138.600006103515625</ele>
        <time>2016-07-16T11:44:35.000Z</time>
        <extensions>
          <ns3:TrackPointExtension>
            <ns3:hr>129</ns3:hr>
            <ns3:cad>96</ns3:cad>
          </ns3:TrackPointExtension>
        </extensions>
      </trkpt>
      <trkpt lat="29.14914141409099102020263671875" lon="120.3292951919138431549072265625">
        <ele>138.8000030517578125</ele>
        <time>2016-07-16T11:44:36.000Z</time>
        <extensions>
          <ns3:TrackPointExtension>
            <ns3:hr>130</ns3:hr>
            <ns3:cad>96</ns3:cad>
          </ns3:TrackPointExtension>
        </extensions>
      </trkpt>
      <trkpt lat="29.14916588924825191497802734375" lon="120.32929309643805027008056640625">
        <ele>139</ele>
        <time>2016-07-16T11:44:37.000Z</time>
        <extensions>
          <ns3:TrackPointExtension>
            <ns3:hr>131</ns3:hr>
            <ns3:cad>96</ns3:cad>
          </ns3:TrackPointExtension>
        </extensions>
      </trkpt>
      <trkpt lat="29.1491902805864810943603515625" lon="120.3292901627719402313232421875">
        <ele>139.1999969482421875</ele>
        <time>2016-07-16T11:44:38.000Z</time>
        <extensions>
          <ns3:TrackPointExtension>
            <ns3:hr>130</ns3:hr>
            <ns3:cad>98</ns3:cad>
          </ns3:TrackPointExtension>
        </extensions>
      </trkpt>
      <trkpt lat="29.1492144204676151275634765625" lon="120.3292854689061641693115234375">
        <ele>139.399993896484375</ele>
        <time>2016-07-16T11:44:39.000Z</time>
        <extensions>
          <ns3:TrackPointExtension>
            <ns3:hr>130</ns3:hr>
            <ns3:cad>98</ns3:cad>
          </ns3:TrackPointExtension>
        </extensions>
      </trkpt>
      <trkpt lat="29.14923830889165401458740234375" lon="120.32927851192653179168701171875">
        <ele>139.600006103515625</ele>
        <time>2016-07-16T11:44:40.000Z</time>
        <extensions>
          <ns3:TrackPointExtension>
            <ns3:hr>131</ns3:hr>
            <ns3:cad>98</ns3:cad>
          </ns3:TrackPointExtension>
        </extensions>
      </trkpt>
      <trkpt lat="29.14926387369632720947265625" lon="120.32927264459431171417236328125">
        <ele>139.8000030517578125</ele>
        <time>2016-07-16T11:44:41.000Z</time>
        <extensions>
          <ns3:TrackPointExtension>
            <ns3:hr>132</ns3:hr>
            <ns3:cad>97</ns3:cad>
          </ns3:TrackPointExtension>
        </extensions>
      </trkpt>
      <trkpt lat="29.14928801357746124267578125" lon="120.32926551997661590576171875">
        <ele>140</ele>
        <time>2016-07-16T11:44:42.000Z</time>
        <extensions>
          <ns3:TrackPointExtension>
            <ns3:hr>132</ns3:hr>
            <ns3:cad>97</ns3:cad>
          </ns3:TrackPointExtension>
        </extensions>
      </trkpt>
      <trkpt lat="29.14930921979248523712158203125" lon="120.329255126416683197021484375">
        <ele>140.1999969482421875</ele>
        <time>2016-07-16T11:44:43.000Z</time>
        <extensions>
          <ns3:TrackPointExtension>
            <ns3:hr>132</ns3:hr>
            <ns3:cad>97</ns3:cad>
          </ns3:TrackPointExtension>
        </extensions>
      </trkpt>
      <trkpt lat="29.14933218620717525482177734375" lon="120.32924515195190906524658203125">
        <ele>140.1999969482421875</ele>
        <time>2016-07-16T11:44:44.000Z</time>
        <extensions>
          <ns3:TrackPointExtension>
            <ns3:hr>132</ns3:hr>
            <ns3:cad>96</ns3:cad>
          </ns3:TrackPointExtension>
        </extensions>
      </trkpt>
      <trkpt lat="29.1493535600602626800537109375" lon="120.3292338363826274871826171875">
        <ele>140.1999969482421875</ele>
        <time>2016-07-16T11:44:45.000Z</time>
        <extensions>
          <ns3:TrackPointExtension>
            <ns3:hr>130</ns3:hr>
            <ns3:cad>96</ns3:cad>
          </ns3:TrackPointExtension>
        </extensions>
      </trkpt>
      <trkpt lat="29.149374850094318389892578125" lon="120.329220928251743316650390625">
        <ele>140.399993896484375</ele>
        <time>2016-07-16T11:44:46.000Z</time>
        <extensions>
          <ns3:TrackPointExtension>
            <ns3:hr>130</ns3:hr>
            <ns3:cad>96</ns3:cad>
          </ns3:TrackPointExtension>
        </extensions>
      </trkpt>
      <trkpt lat="29.14939463138580322265625" lon="120.3292076848447322845458984375">
        <ele>140.399993896484375</ele>
        <time>2016-07-16T11:44:47.000Z</time>
        <extensions>
          <ns3:TrackPointExtension>
            <ns3:hr>130</ns3:hr>
            <ns3:cad>98</ns3:cad>
          </ns3:TrackPointExtension>
        </extensions>
      </trkpt>
      <trkpt lat="29.14941365830600261688232421875" lon="120.32919100485742092132568359375">
        <ele>140.399993896484375</ele>
        <time>2016-07-16T11:44:48.000Z</time>
        <extensions>
          <ns3:TrackPointExtension>
            <ns3:hr>130</ns3:hr>
            <ns3:cad>98</ns3:cad>
          </ns3:TrackPointExtension>
        </extensions>
      </trkpt>
      <trkpt lat="29.1494306735694408416748046875" lon="120.32917424105107784271240234375">
        <ele>140.600006103515625</ele>
        <time>2016-07-16T11:44:49.000Z</time>
        <extensions>
          <ns3:TrackPointExtension>
            <ns3:hr>131</ns3:hr>
            <ns3:cad>98</ns3:cad>
          </ns3:TrackPointExtension>
        </extensions>
      </trkpt>
      <trkpt lat="29.149448610842227935791015625" lon="120.32915697433054447174072265625">
        <ele>140.8000030517578125</ele>
        <time>2016-07-16T11:44:50.000Z</time>
        <extensions>
          <ns3:TrackPointExtension>
            <ns3:hr>132</ns3:hr>
            <ns3:cad>97</ns3:cad>
          </ns3:TrackPointExtension>
        </extensions>
      </trkpt>
      <trkpt lat="29.1494675539433956146240234375" lon="120.329139791429042816162109375">
        <ele>141</ele>
        <time>2016-07-16T11:44:51.000Z</time>
        <extensions>
          <ns3:TrackPointExtension>
            <ns3:hr>131</ns3:hr>
            <ns3:cad>97</ns3:cad>
          </ns3:TrackPointExtension>
        </extensions>
      </trkpt>
      <trkpt lat="29.14948381483554840087890625" lon="120.32911925576627254486083984375">
        <ele>141.1999969482421875</ele>
        <time>2016-07-16T11:44:52.000Z</time>
        <extensions>
          <ns3:TrackPointExtension>
            <ns3:hr>131</ns3:hr>
            <ns3:cad>97</ns3:cad>
          </ns3:TrackPointExtension>
        </extensions>
      </trkpt>
      <trkpt lat="29.14949798025190830230712890625" lon="120.32909796573221683502197265625">
        <ele>141.399993896484375</ele>
        <time>2016-07-16T11:44:53.000Z</time>
        <extensions>
          <ns3:TrackPointExtension>
            <ns3:hr>132</ns3:hr>
            <ns3:cad>97</ns3:cad>
          </ns3:TrackPointExtension>
        </extensions>
      </trkpt>
      <trkpt lat="29.14951197803020477294921875" lon="120.329076759517192840576171875">
        <ele>141.600006103515625</ele>
        <time>2016-07-16T11:44:54.000Z</time>
        <extensions>
          <ns3:TrackPointExtension>
            <ns3:hr>132</ns3:hr>
            <ns3:cad>97</ns3:cad>
          </ns3:TrackPointExtension>
        </extensions>
      </trkpt>
      <trkpt lat="29.14951197803020477294921875" lon="120.329076759517192840576171875">
        <ele>141.600006103515625</ele>
        <time>2016-07-16T11:44:55.000Z</time>
        <extensions>
          <ns3:TrackPointExtension>
            <ns3:hr>132</ns3:hr>
            <ns3:cad>96</ns3:cad>
          </ns3:TrackPointExtension>
        </extensions>
      </trkpt>
      <trkpt lat="29.149534441530704498291015625" lon="120.329033844172954559326171875">
        <ele>142</ele>
        <time>2016-07-16T11:44:56.000Z</time>
        <extensions>
          <ns3:TrackPointExtension>
            <ns3:hr>132</ns3:hr>
            <ns3:cad>96</ns3:cad>
          </ns3:TrackPointExtension>
        </extensions>
      </trkpt>
      <trkpt lat="29.149534441530704498291015625" lon="120.329033844172954559326171875">
        <ele>142</ele>
        <time>2016-07-16T11:44:57.000Z</time>
        <extensions>
          <ns3:TrackPointExtension>
            <ns3:hr>132</ns3:hr>
            <ns3:cad>96</ns3:cad>
          </ns3:TrackPointExtension>
        </extensions>
      </trkpt>
      <trkpt lat="29.14955229498445987701416015625" lon="120.32898665405809879302978515625">
        <ele>142.1999969482421875</ele>
        <time>2016-07-16T11:44:58.000Z</time>
        <extensions>
          <ns3:TrackPointExtension>
            <ns3:hr>132</ns3:hr>
            <ns3:cad>96</ns3:cad>
          </ns3:TrackPointExtension>
        </extensions>
      </trkpt>
      <trkpt lat="29.14955782704055309295654296875" lon="120.32895974814891815185546875">
        <ele>142.399993896484375</ele>
        <time>2016-07-16T11:44:59.000Z</time>
        <extensions>
          <ns3:TrackPointExtension>
            <ns3:hr>134</ns3:hr>
            <ns3:cad>97</ns3:cad>
          </ns3:TrackPointExtension>
        </extensions>
      </trkpt>
      <trkpt lat="29.1495607607066631317138671875" lon="120.32893359661102294921875">
        <ele>142.600006103515625</ele>
        <time>2016-07-16T11:45:00.000Z</time>
        <extensions>
          <ns3:TrackPointExtension>
            <ns3:hr>134</ns3:hr>
            <ns3:cad>97</ns3:cad>
          </ns3:TrackPointExtension>
        </extensions>
      </trkpt>
      <trkpt lat="29.1495607607066631317138671875" lon="120.32893359661102294921875">
        <ele>142.600006103515625</ele>
        <time>2016-07-16T11:45:01.000Z</time>
        <extensions>
          <ns3:TrackPointExtension>
            <ns3:hr>134</ns3:hr>
            <ns3:cad>98</ns3:cad>
          </ns3:TrackPointExtension>
        </extensions>
      </trkpt>
      <trkpt lat="29.1495622694492340087890625" lon="120.32890752889215946197509765625">
        <ele>142.600006103515625</ele>
        <time>2016-07-16T11:45:02.000Z</time>
        <extensions>
          <ns3:TrackPointExtension>
            <ns3:hr>134</ns3:hr>
            <ns3:cad>98</ns3:cad>
          </ns3:TrackPointExtension>
        </extensions>
      </trkpt>
      <trkpt lat="29.14956386201083660125732421875" lon="120.32884977757930755615234375">
        <ele>142.8000030517578125</ele>
        <time>2016-07-16T11:45:03.000Z</time>
        <extensions>
          <ns3:TrackPointExtension>
            <ns3:hr>135</ns3:hr>
            <ns3:cad>98</ns3:cad>
          </ns3:TrackPointExtension>
        </extensions>
      </trkpt>
      <trkpt lat="29.14956386201083660125732421875" lon="120.32884977757930755615234375">
        <ele>142.8000030517578125</ele>
        <time>2016-07-16T11:45:04.000Z</time>
        <extensions>
          <ns3:TrackPointExtension>
            <ns3:hr>135</ns3:hr>
            <ns3:cad>96</ns3:cad>
          </ns3:TrackPointExtension>
        </extensions>
      </trkpt>
      <trkpt lat="29.14956553839147090911865234375" lon="120.32882320694625377655029296875">
        <ele>143</ele>
        <time>2016-07-16T11:45:05.000Z</time>
        <extensions>
          <ns3:TrackPointExtension>
            <ns3:hr>135</ns3:hr>
            <ns3:cad>96</ns3:cad>
          </ns3:TrackPointExtension>
        </extensions>
      </trkpt>
      <trkpt lat="29.149565286934375762939453125" lon="120.32879672013223171234130859375">
        <ele>143</ele>
        <time>2016-07-16T11:45:06.000Z</time>
        <extensions>
          <ns3:TrackPointExtension>
            <ns3:hr>135</ns3:hr>
            <ns3:cad>96</ns3:cad>
          </ns3:TrackPointExtension>
        </extensions>
      </trkpt>
      <trkpt lat="29.1495600901544094085693359375" lon="120.32876973040401935577392578125">
        <ele>143.1999969482421875</ele>
        <time>2016-07-16T11:45:07.000Z</time>
        <extensions>
          <ns3:TrackPointExtension>
            <ns3:hr>136</ns3:hr>
            <ns3:cad>97</ns3:cad>
          </ns3:TrackPointExtension>
        </extensions>
      </trkpt>
      <trkpt lat="29.14955313317477703094482421875" lon="120.32871424220502376556396484375">
        <ele>143.600006103515625</ele>
        <time>2016-07-16T11:45:08.000Z</time>
        <extensions>
          <ns3:TrackPointExtension>
            <ns3:hr>136</ns3:hr>
            <ns3:cad>97</ns3:cad>
          </ns3:TrackPointExtension>
        </extensions>
      </trkpt>
      <trkpt lat="29.14955313317477703094482421875" lon="120.32871424220502376556396484375">
        <ele>143.600006103515625</ele>
        <time>2016-07-16T11:45:09.000Z</time>
        <extensions>
          <ns3:TrackPointExtension>
            <ns3:hr>136</ns3:hr>
            <ns3:cad>97</ns3:cad>
          </ns3:TrackPointExtension>
        </extensions>
      </trkpt>
      <trkpt lat="29.14954676292836666107177734375" lon="120.3286893479526042938232421875">
        <ele>143.8000030517578125</ele>
        <time>2016-07-16T11:45:10.000Z</time>
        <extensions>
          <ns3:TrackPointExtension>
            <ns3:hr>136</ns3:hr>
            <ns3:cad>98</ns3:cad>
          </ns3:TrackPointExtension>
        </extensions>
      </trkpt>
      <trkpt lat="29.149539135396480560302734375" lon="120.3286625258624553680419921875">
        <ele>144</ele>
        <time>2016-07-16T11:45:11.000Z</time>
        <extensions>
          <ns3:TrackPointExtension>
            <ns3:hr>136</ns3:hr>
            <ns3:cad>98</ns3:cad>
          </ns3:TrackPointExtension>
        </extensions>
      </trkpt>
      <trkpt lat="29.14952765218913555145263671875" lon="120.328636206686496734619140625">
        <ele>144.1999969482421875</ele>
        <time>2016-07-16T11:45:12.000Z</time>
        <extensions>
          <ns3:TrackPointExtension>
            <ns3:hr>136</ns3:hr>
            <ns3:cad>96</ns3:cad>
          </ns3:TrackPointExtension>
        </extensions>
      </trkpt>
      <trkpt lat="29.149515330791473388671875" lon="120.3286088816821575164794921875">
        <ele>144.1999969482421875</ele>
        <time>2016-07-16T11:45:13.000Z</time>
        <extensions>
          <ns3:TrackPointExtension>
            <ns3:hr>135</ns3:hr>
            <ns3:cad>96</ns3:cad>
          </ns3:TrackPointExtension>
        </extensions>
      </trkpt>
      <trkpt lat="29.14950183592736721038818359375" lon="120.32858298160135746002197265625">
        <ele>144.399993896484375</ele>
        <time>2016-07-16T11:45:14.000Z</time>
        <extensions>
          <ns3:TrackPointExtension>
            <ns3:hr>135</ns3:hr>
            <ns3:cad>96</ns3:cad>
          </ns3:TrackPointExtension>
        </extensions>
      </trkpt>
      <trkpt lat="29.14948917925357818603515625" lon="120.3285575844347476959228515625">
        <ele>144.399993896484375</ele>
        <time>2016-07-16T11:45:15.000Z</time>
        <extensions>
          <ns3:TrackPointExtension>
            <ns3:hr>135</ns3:hr>
            <ns3:cad>96</ns3:cad>
          </ns3:TrackPointExtension>
        </extensions>
      </trkpt>
      <trkpt lat="29.14947601966559886932373046875" lon="120.328532271087169647216796875">
        <ele>144.600006103515625</ele>
        <time>2016-07-16T11:45:16.000Z</time>
        <extensions>
          <ns3:TrackPointExtension>
            <ns3:hr>134</ns3:hr>
            <ns3:cad>96</ns3:cad>
          </ns3:TrackPointExtension>
        </extensions>
      </trkpt>
      <trkpt lat="29.14946026168763637542724609375" lon="120.32850938849151134490966796875">
        <ele>144.600006103515625</ele>
        <time>2016-07-16T11:45:17.000Z</time>
        <extensions>
          <ns3:TrackPointExtension>
            <ns3:hr>134</ns3:hr>
            <ns3:cad>96</ns3:cad>
          </ns3:TrackPointExtension>
        </extensions>
      </trkpt>
      <trkpt lat="29.14944366551935672760009765625" lon="120.32848658971488475799560546875">
        <ele>144.600006103515625</ele>
        <time>2016-07-16T11:45:18.000Z</time>
        <extensions>
          <ns3:TrackPointExtension>
            <ns3:hr>137</ns3:hr>
            <ns3:cad>96</ns3:cad>
          </ns3:TrackPointExtension>
        </extensions>
      </trkpt>
      <trkpt lat="29.14942757226526737213134765625" lon="120.32846580259501934051513671875">
        <ele>144.600006103515625</ele>
        <time>2016-07-16T11:45:19.000Z</time>
        <extensions>
          <ns3:TrackPointExtension>
            <ns3:hr>137</ns3:hr>
            <ns3:cad>96</ns3:cad>
          </ns3:TrackPointExtension>
        </extensions>
      </trkpt>
      <trkpt lat="29.1494088806211948394775390625" lon="120.328448452055454254150390625">
        <ele>144.399993896484375</ele>
        <time>2016-07-16T11:45:20.000Z</time>
        <extensions>
          <ns3:TrackPointExtension>
            <ns3:hr>137</ns3:hr>
            <ns3:cad>96</ns3:cad>
          </ns3:TrackPointExtension>
        </extensions>
      </trkpt>
      <trkpt lat="29.1493906080722808837890625" lon="120.32843026332557201385498046875">
        <ele>144.399993896484375</ele>
        <time>2016-07-16T11:45:21.000Z</time>
        <extensions>
          <ns3:TrackPointExtension>
            <ns3:hr>137</ns3:hr>
            <ns3:cad>97</ns3:cad>
          </ns3:TrackPointExtension>
        </extensions>
      </trkpt>
      <trkpt lat="29.1493713296949863433837890625" lon="120.328412912786006927490234375">
        <ele>144.399993896484375</ele>
        <time>2016-07-16T11:45:22.000Z</time>
        <extensions>
          <ns3:TrackPointExtension>
            <ns3:hr>137</ns3:hr>
            <ns3:cad>97</ns3:cad>
          </ns3:TrackPointExtension>
        </extensions>
      </trkpt>
      <trkpt lat="29.14935012347996234893798828125" lon="120.32839824445545673370361328125">
        <ele>144.1999969482421875</ele>
        <time>2016-07-16T11:45:23.000Z</time>
        <extensions>
          <ns3:TrackPointExtension>
            <ns3:hr>137</ns3:hr>
            <ns3:cad>97</ns3:cad>
          </ns3:TrackPointExtension>
        </extensions>
      </trkpt>
      <trkpt lat="29.149325899779796600341796875" lon="120.32838575541973114013671875">
        <ele>144</ele>
        <time>2016-07-16T11:45:24.000Z</time>
        <extensions>
          <ns3:TrackPointExtension>
            <ns3:hr>137</ns3:hr>
            <ns3:cad>97</ns3:cad>
          </ns3:TrackPointExtension>
        </extensions>
      </trkpt>
      <trkpt lat="29.1493009217083454132080078125" lon="120.3283758647739887237548828125">
        <ele>143.600006103515625</ele>
        <time>2016-07-16T11:45:25.000Z</time>
        <extensions>
          <ns3:TrackPointExtension>
            <ns3:hr>137</ns3:hr>
            <ns3:cad>97</ns3:cad>
          </ns3:TrackPointExtension>
        </extensions>
      </trkpt>
      <trkpt lat="29.14925021119415760040283203125" lon="120.32835834659636020660400390625">
        <ele>143.399993896484375</ele>
        <time>2016-07-16T11:45:26.000Z</time>
        <extensions>
          <ns3:TrackPointExtension>
            <ns3:hr>137</ns3:hr>
            <ns3:cad>97</ns3:cad>
          </ns3:TrackPointExtension>
        </extensions>
      </trkpt>
      <trkpt lat="29.14925021119415760040283203125" lon="120.32835834659636020660400390625">
        <ele>143.399993896484375</ele>
        <time>2016-07-16T11:45:27.000Z</time>
        <extensions>
          <ns3:TrackPointExtension>
            <ns3:hr>137</ns3:hr>
            <ns3:cad>97</ns3:cad>
          </ns3:TrackPointExtension>
        </extensions>
      </trkpt>
      <trkpt lat="29.14922405965626239776611328125" lon="120.32835264690220355987548828125">
        <ele>143.1999969482421875</ele>
        <time>2016-07-16T11:45:28.000Z</time>
        <extensions>
          <ns3:TrackPointExtension>
            <ns3:hr>137</ns3:hr>
            <ns3:cad>97</ns3:cad>
          </ns3:TrackPointExtension>
        </extensions>
      </trkpt>
      <trkpt lat="29.14919815957546234130859375" lon="120.32834694720804691314697265625">
        <ele>143.1999969482421875</ele>
        <time>2016-07-16T11:45:29.000Z</time>
        <extensions>
          <ns3:TrackPointExtension>
            <ns3:hr>138</ns3:hr>
            <ns3:cad>97</ns3:cad>
          </ns3:TrackPointExtension>
        </extensions>
      </trkpt>
      <trkpt lat="29.1491738520562648773193359375" lon="120.32833940349519252777099609375">
        <ele>143</ele>
        <time>2016-07-16T11:45:30.000Z</time>
        <extensions>
          <ns3:TrackPointExtension>
            <ns3:hr>138</ns3:hr>
            <ns3:cad>97</ns3:cad>
          </ns3:TrackPointExtension>
        </extensions>
      </trkpt>
      <trkpt lat="29.14915029890835285186767578125" lon="120.328330434858798980712890625">
        <ele>143</ele>
        <time>2016-07-16T11:45:31.000Z</time>
        <extensions>
          <ns3:TrackPointExtension>
            <ns3:hr>138</ns3:hr>
            <ns3:cad>97</ns3:cad>
          </ns3:TrackPointExtension>
        </extensions>
      </trkpt>
      <trkpt lat="29.14912599138915538787841796875" lon="120.328323058784008026123046875">
        <ele>142.8000030517578125</ele>
        <time>2016-07-16T11:45:32.000Z</time>
        <extensions>
          <ns3:TrackPointExtension>
            <ns3:hr>138</ns3:hr>
            <ns3:cad>97</ns3:cad>
          </ns3:TrackPointExtension>
        </extensions>
      </trkpt>
      <trkpt lat="29.1491009294986724853515625" lon="120.32831861637532711029052734375">
        <ele>142.8000030517578125</ele>
        <time>2016-07-16T11:45:33.000Z</time>
        <extensions>
          <ns3:TrackPointExtension>
            <ns3:hr>138</ns3:hr>
            <ns3:cad>97</ns3:cad>
          </ns3:TrackPointExtension>
        </extensions>
      </trkpt>
      <trkpt lat="29.1490742750465869903564453125" lon="120.328310988843441009521484375">
        <ele>142.600006103515625</ele>
        <time>2016-07-16T11:45:34.000Z</time>
        <extensions>
          <ns3:TrackPointExtension>
            <ns3:hr>138</ns3:hr>
            <ns3:cad>97</ns3:cad>
          </ns3:TrackPointExtension>
        </extensions>
      </trkpt>
      <trkpt lat="29.14904820732772350311279296875" lon="120.3283004276454448699951171875">
        <ele>142.399993896484375</ele>
        <time>2016-07-16T11:45:35.000Z</time>
        <extensions>
          <ns3:TrackPointExtension>
            <ns3:hr>138</ns3:hr>
            <ns3:cad>97</ns3:cad>
          </ns3:TrackPointExtension>
        </extensions>
      </trkpt>
      <trkpt lat="29.14902247488498687744140625" lon="120.32828911207616329193115234375">
        <ele>142.399993896484375</ele>
        <time>2016-07-16T11:45:36.000Z</time>
        <extensions>
          <ns3:TrackPointExtension>
            <ns3:hr>138</ns3:hr>
            <ns3:cad>97</ns3:cad>
          </ns3:TrackPointExtension>
        </extensions>
      </trkpt>
      <trkpt lat="29.1489978320896625518798828125" lon="120.32827771268784999847412109375">
        <ele>142.1999969482421875</ele>
        <time>2016-07-16T11:45:37.000Z</time>
        <extensions>
          <ns3:TrackPointExtension>
            <ns3:hr>139</ns3:hr>
            <ns3:cad>97</ns3:cad>
          </ns3:TrackPointExtension>
        </extensions>
      </trkpt>
      <trkpt lat="29.14894871413707733154296875" lon="120.32825809903442859649658203125">
        <ele>142.399993896484375</ele>
        <time>2016-07-16T11:45:38.000Z</time>
        <extensions>
          <ns3:TrackPointExtension>
            <ns3:hr>140</ns3:hr>
            <ns3:cad>97</ns3:cad>
          </ns3:TrackPointExtension>
        </extensions>
      </trkpt>
      <trkpt lat="29.14894871413707733154296875" lon="120.32825809903442859649658203125">
        <ele>142.399993896484375</ele>
        <time>2016-07-16T11:45:39.000Z</time>
        <extensions>
          <ns3:TrackPointExtension>
            <ns3:hr>140</ns3:hr>
            <ns3:cad>97</ns3:cad>
          </ns3:TrackPointExtension>
        </extensions>
      </trkpt>
      <trkpt lat="29.14892264641821384429931640625" lon="120.328249298036098480224609375">
        <ele>142.399993896484375</ele>
        <time>2016-07-16T11:45:40.000Z</time>
        <extensions>
          <ns3:TrackPointExtension>
            <ns3:hr>140</ns3:hr>
            <ns3:cad>97</ns3:cad>
          </ns3:TrackPointExtension>
        </extensions>
      </trkpt>
      <trkpt lat="29.14887084625661373138427734375" lon="120.32823144458234310150146484375">
        <ele>142.399993896484375</ele>
        <time>2016-07-16T11:45:41.000Z</time>
        <extensions>
          <ns3:TrackPointExtension>
            <ns3:hr>139</ns3:hr>
            <ns3:cad>97</ns3:cad>
          </ns3:TrackPointExtension>
        </extensions>
      </trkpt>
      <trkpt lat="29.14884586818516254425048828125" lon="120.328223146498203277587890625">
        <ele>142.399993896484375</ele>
        <time>2016-07-16T11:45:42.000Z</time>
        <extensions>
          <ns3:TrackPointExtension>
            <ns3:hr>139</ns3:hr>
            <ns3:cad>97</ns3:cad>
          </ns3:TrackPointExtension>
        </extensions>
      </trkpt>
      <trkpt lat="29.14884586818516254425048828125" lon="120.328223146498203277587890625">
        <ele>142.399993896484375</ele>
        <time>2016-07-16T11:45:43.000Z</time>
        <extensions>
          <ns3:TrackPointExtension>
            <ns3:hr>139</ns3:hr>
            <ns3:cad>97</ns3:cad>
          </ns3:TrackPointExtension>
        </extensions>
      </trkpt>
      <trkpt lat="29.14882265031337738037109375" lon="120.328212417662143707275390625">
        <ele>142.399993896484375</ele>
        <time>2016-07-16T11:45:44.000Z</time>
        <extensions>
          <ns3:TrackPointExtension>
            <ns3:hr>139</ns3:hr>
            <ns3:cad>97</ns3:cad>
          </ns3:TrackPointExtension>
        </extensions>
      </trkpt>
      <trkpt lat="29.148798845708370208740234375" lon="120.328201353549957275390625">
        <ele>142.399993896484375</ele>
        <time>2016-07-16T11:45:45.000Z</time>
        <extensions>
          <ns3:TrackPointExtension>
            <ns3:hr>139</ns3:hr>
            <ns3:cad>97</ns3:cad>
          </ns3:TrackPointExtension>
        </extensions>
      </trkpt>
      <trkpt lat="29.14875115267932415008544921875" lon="120.32818165607750415802001953125">
        <ele>142.1999969482421875</ele>
        <time>2016-07-16T11:45:46.000Z</time>
        <extensions>
          <ns3:TrackPointExtension>
            <ns3:hr>139</ns3:hr>
            <ns3:cad>97</ns3:cad>
          </ns3:TrackPointExtension>
        </extensions>
      </trkpt>
      <trkpt lat="29.14875115267932415008544921875" lon="120.32818165607750415802001953125">
        <ele>142.1999969482421875</ele>
        <time>2016-07-16T11:45:47.000Z</time>
        <extensions>
          <ns3:TrackPointExtension>
            <ns3:hr>138</ns3:hr>
            <ns3:cad>97</ns3:cad>
          </ns3:TrackPointExtension>
        </extensions>
      </trkpt>
      <trkpt lat="29.14872818626463413238525390625" lon="120.32817226834595203399658203125">
        <ele>142.1999969482421875</ele>
        <time>2016-07-16T11:45:48.000Z</time>
        <extensions>
          <ns3:TrackPointExtension>
            <ns3:hr>139</ns3:hr>
            <ns3:cad>97</ns3:cad>
          </ns3:TrackPointExtension>
        </extensions>
      </trkpt>
      <trkpt lat="29.14870555512607097625732421875" lon="120.32816422171890735626220703125">
        <ele>142.1999969482421875</ele>
        <time>2016-07-16T11:45:49.000Z</time>
        <extensions>
          <ns3:TrackPointExtension>
            <ns3:hr>138</ns3:hr>
            <ns3:cad>97</ns3:cad>
          </ns3:TrackPointExtension>
        </extensions>
      </trkpt>
      <trkpt lat="29.148682840168476104736328125" lon="120.3281544148921966552734375">
        <ele>142.1999969482421875</ele>
        <time>2016-07-16T11:45:50.000Z</time>
        <extensions>
          <ns3:TrackPointExtension>
            <ns3:hr>138</ns3:hr>
            <ns3:cad>97</ns3:cad>
          </ns3:TrackPointExtension>
        </extensions>
      </trkpt>
      <trkpt lat="29.14865978993475437164306640625" lon="120.32814511097967624664306640625">
        <ele>142.399993896484375</ele>
        <time>2016-07-16T11:45:51.000Z</time>
        <extensions>
          <ns3:TrackPointExtension>
            <ns3:hr>138</ns3:hr>
            <ns3:cad>97</ns3:cad>
          </ns3:TrackPointExtension>
        </extensions>
      </trkpt>
      <trkpt lat="29.1486357338726520538330078125" lon="120.3281383216381072998046875">
        <ele>142.399993896484375</ele>
        <time>2016-07-16T11:45:52.000Z</time>
        <extensions>
          <ns3:TrackPointExtension>
            <ns3:hr>138</ns3:hr>
            <ns3:cad>97</ns3:cad>
          </ns3:TrackPointExtension>
        </extensions>
      </trkpt>
      <trkpt lat="29.14861075580120086669921875" lon="120.32812851481139659881591796875">
        <ele>142.399993896484375</ele>
        <time>2016-07-16T11:45:53.000Z</time>
        <extensions>
          <ns3:TrackPointExtension>
            <ns3:hr>138</ns3:hr>
            <ns3:cad>97</ns3:cad>
          </ns3:TrackPointExtension>
        </extensions>
      </trkpt>
      <trkpt lat="29.148586280643939971923828125" lon="120.32811946235597133636474609375">
        <ele>142.399993896484375</ele>
        <time>2016-07-16T11:45:54.000Z</time>
        <extensions>
          <ns3:TrackPointExtension>
            <ns3:hr>137</ns3:hr>
            <ns3:cad>97</ns3:cad>
          </ns3:TrackPointExtension>
        </extensions>
      </trkpt>
      <trkpt lat="29.14856138639152050018310546875" lon="120.3281099908053874969482421875">
        <ele>142.399993896484375</ele>
        <time>2016-07-16T11:45:55.000Z</time>
        <extensions>
          <ns3:TrackPointExtension>
            <ns3:hr>137</ns3:hr>
            <ns3:cad>97</ns3:cad>
          </ns3:TrackPointExtension>
        </extensions>
      </trkpt>
      <trkpt lat="29.14853691123425960540771484375" lon="120.32810051925480365753173828125">
        <ele>142.399993896484375</ele>
        <time>2016-07-16T11:45:56.000Z</time>
        <extensions>
          <ns3:TrackPointExtension>
            <ns3:hr>137</ns3:hr>
            <ns3:cad>97</ns3:cad>
          </ns3:TrackPointExtension>
        </extensions>
      </trkpt>
      <trkpt lat="29.1485126875340938568115234375" lon="120.3280918858945369720458984375">
        <ele>142.399993896484375</ele>
        <time>2016-07-16T11:45:57.000Z</time>
        <extensions>
          <ns3:TrackPointExtension>
            <ns3:hr>137</ns3:hr>
            <ns3:cad>97</ns3:cad>
          </ns3:TrackPointExtension>
        </extensions>
      </trkpt>
      <trkpt lat="29.14848745800554752349853515625" lon="120.3280845098197460174560546875">
        <ele>142.600006103515625</ele>
        <time>2016-07-16T11:45:58.000Z</time>
        <extensions>
          <ns3:TrackPointExtension>
            <ns3:hr>137</ns3:hr>
            <ns3:cad>97</ns3:cad>
          </ns3:TrackPointExtension>
        </extensions>
      </trkpt>
      <trkpt lat="29.14846247993409633636474609375" lon="120.3280811570584774017333984375">
        <ele>142.600006103515625</ele>
        <time>2016-07-16T11:45:59.000Z</time>
        <extensions>
          <ns3:TrackPointExtension>
            <ns3:hr>136</ns3:hr>
            <ns3:cad>99</ns3:cad>
          </ns3:TrackPointExtension>
        </extensions>
      </trkpt>
      <trkpt lat="29.1484382562339305877685546875" lon="120.32807822339236736297607421875">
        <ele>142.600006103515625</ele>
        <time>2016-07-16T11:46:00.000Z</time>
        <extensions>
          <ns3:TrackPointExtension>
            <ns3:hr>136</ns3:hr>
            <ns3:cad>98</ns3:cad>
          </ns3:TrackPointExtension>
        </extensions>
      </trkpt>
      <trkpt lat="29.1484142839908599853515625" lon="120.3280771337449550628662109375">
        <ele>142.600006103515625</ele>
        <time>2016-07-16T11:46:01.000Z</time>
        <extensions>
          <ns3:TrackPointExtension>
            <ns3:hr>136</ns3:hr>
            <ns3:cad>98</ns3:cad>
          </ns3:TrackPointExtension>
        </extensions>
      </trkpt>
      <trkpt lat="29.14839223958551883697509765625" lon="120.32807788811624050140380859375">
        <ele>142.600006103515625</ele>
        <time>2016-07-16T11:46:02.000Z</time>
        <extensions>
          <ns3:TrackPointExtension>
            <ns3:hr>136</ns3:hr>
            <ns3:cad>96</ns3:cad>
          </ns3:TrackPointExtension>
        </extensions>
      </trkpt>
      <trkpt lat="29.1483688540756702423095703125" lon="120.32808073796331882476806640625">
        <ele>142.600006103515625</ele>
        <time>2016-07-16T11:46:03.000Z</time>
        <extensions>
          <ns3:TrackPointExtension>
            <ns3:hr>136</ns3:hr>
            <ns3:cad>97</ns3:cad>
          </ns3:TrackPointExtension>
        </extensions>
      </trkpt>
      <trkpt lat="29.14834630675613880157470703125" lon="120.32808534801006317138671875">
        <ele>142.600006103515625</ele>
        <time>2016-07-16T11:46:04.000Z</time>
        <extensions>
          <ns3:TrackPointExtension>
            <ns3:hr>136</ns3:hr>
            <ns3:cad>97</ns3:cad>
          </ns3:TrackPointExtension>
        </extensions>
      </trkpt>
      <trkpt lat="29.14832241833209991455078125" lon="120.32809230498969554901123046875">
        <ele>142.399993896484375</ele>
        <time>2016-07-16T11:46:05.000Z</time>
        <extensions>
          <ns3:TrackPointExtension>
            <ns3:hr>135</ns3:hr>
            <ns3:cad>97</ns3:cad>
          </ns3:TrackPointExtension>
        </extensions>
      </trkpt>
      <trkpt lat="29.148297607898712158203125" lon="120.328100435435771942138671875">
        <ele>142.600006103515625</ele>
        <time>2016-07-16T11:46:06.000Z</time>
        <extensions>
          <ns3:TrackPointExtension>
            <ns3:hr>135</ns3:hr>
            <ns3:cad>97</ns3:cad>
          </ns3:TrackPointExtension>
        </extensions>
      </trkpt>
      <trkpt lat="29.14827455766499042510986328125" lon="120.3281099908053874969482421875">
        <ele>142.600006103515625</ele>
        <time>2016-07-16T11:46:07.000Z</time>
        <extensions>
          <ns3:TrackPointExtension>
            <ns3:hr>135</ns3:hr>
            <ns3:cad>97</ns3:cad>
          </ns3:TrackPointExtension>
        </extensions>
      </trkpt>
      <trkpt lat="29.14825175888836383819580078125" lon="120.3281187079846858978271484375">
        <ele>142.8000030517578125</ele>
        <time>2016-07-16T11:46:08.000Z</time>
        <extensions>
          <ns3:TrackPointExtension>
            <ns3:hr>135</ns3:hr>
            <ns3:cad>97</ns3:cad>
          </ns3:TrackPointExtension>
        </extensions>
      </trkpt>
      <trkpt lat="29.14822778664529323577880859375" lon="120.328129269182682037353515625">
        <ele>142.8000030517578125</ele>
        <time>2016-07-16T11:46:09.000Z</time>
        <extensions>
          <ns3:TrackPointExtension>
            <ns3:hr>135</ns3:hr>
            <ns3:cad>97</ns3:cad>
          </ns3:TrackPointExtension>
        </extensions>
      </trkpt>
      <trkpt lat="29.14820666424930095672607421875" lon="120.32814293168485164642333984375">
        <ele>142.8000030517578125</ele>
        <time>2016-07-16T11:46:10.000Z</time>
        <extensions>
          <ns3:TrackPointExtension>
            <ns3:hr>135</ns3:hr>
            <ns3:cad>97</ns3:cad>
          </ns3:TrackPointExtension>
        </extensions>
      </trkpt>
      <trkpt lat="29.14818638004362583160400390625" lon="120.32815776765346527099609375">
        <ele>143</ele>
        <time>2016-07-16T11:46:11.000Z</time>
        <extensions>
          <ns3:TrackPointExtension>
            <ns3:hr>135</ns3:hr>
            <ns3:cad>97</ns3:cad>
          </ns3:TrackPointExtension>
        </extensions>
      </trkpt>
      <trkpt lat="29.1481673531234264373779296875" lon="120.32817109487950801849365234375">
        <ele>143</ele>
        <time>2016-07-16T11:46:12.000Z</time>
        <extensions>
          <ns3:TrackPointExtension>
            <ns3:hr>135</ns3:hr>
            <ns3:cad>97</ns3:cad>
          </ns3:TrackPointExtension>
        </extensions>
      </trkpt>
      <trkpt lat="29.14814799092710018157958984375" lon="120.32818400301039218902587890625">
        <ele>143</ele>
        <time>2016-07-16T11:46:13.000Z</time>
        <extensions>
          <ns3:TrackPointExtension>
            <ns3:hr>135</ns3:hr>
            <ns3:cad>97</ns3:cad>
          </ns3:TrackPointExtension>
        </extensions>
      </trkpt>
      <trkpt lat="29.1481264494359493255615234375" lon="120.32819992862641811370849609375">
        <ele>143</ele>
        <time>2016-07-16T11:46:14.000Z</time>
        <extensions>
          <ns3:TrackPointExtension>
            <ns3:hr>135</ns3:hr>
            <ns3:cad>98</ns3:cad>
          </ns3:TrackPointExtension>
        </extensions>
      </trkpt>
      <trkpt lat="29.14810842834413051605224609375" lon="120.328216440975666046142578125">
        <ele>143.1999969482421875</ele>
        <time>2016-07-16T11:46:15.000Z</time>
        <extensions>
          <ns3:TrackPointExtension>
            <ns3:hr>135</ns3:hr>
            <ns3:cad>98</ns3:cad>
          </ns3:TrackPointExtension>
        </extensions>
      </trkpt>
      <trkpt lat="29.14809082634747028350830078125" lon="120.3282343782484531402587890625">
        <ele>143.1999969482421875</ele>
        <time>2016-07-16T11:46:16.000Z</time>
        <extensions>
          <ns3:TrackPointExtension>
            <ns3:hr>135</ns3:hr>
            <ns3:cad>97</ns3:cad>
          </ns3:TrackPointExtension>
        </extensions>
      </trkpt>
      <trkpt lat="29.14807188324630260467529296875" lon="120.3282555006444454193115234375">
        <ele>143.399993896484375</ele>
        <time>2016-07-16T11:46:17.000Z</time>
        <extensions>
          <ns3:TrackPointExtension>
            <ns3:hr>136</ns3:hr>
            <ns3:cad>96</ns3:cad>
          </ns3:TrackPointExtension>
        </extensions>
      </trkpt>
      <trkpt lat="29.1480516828596591949462890625" lon="120.32827888615429401397705078125">
        <ele>143.399993896484375</ele>
        <time>2016-07-16T11:46:18.000Z</time>
        <extensions>
          <ns3:TrackPointExtension>
            <ns3:hr>136</ns3:hr>
            <ns3:cad>96</ns3:cad>
          </ns3:TrackPointExtension>
        </extensions>
      </trkpt>
      <trkpt lat="29.148032404482364654541015625" lon="120.32830260694026947021484375">
        <ele>143.399993896484375</ele>
        <time>2016-07-16T11:46:19.000Z</time>
        <extensions>
          <ns3:TrackPointExtension>
            <ns3:hr>136</ns3:hr>
            <ns3:cad>96</ns3:cad>
          </ns3:TrackPointExtension>
        </extensions>
      </trkpt>
      <trkpt lat="29.14801807142794132232666015625" lon="120.3283260762691497802734375">
        <ele>143.600006103515625</ele>
        <time>2016-07-16T11:46:20.000Z</time>
        <extensions>
          <ns3:TrackPointExtension>
            <ns3:hr>136</ns3:hr>
            <ns3:cad>98</ns3:cad>
          </ns3:TrackPointExtension>
        </extensions>
      </trkpt>
      <trkpt lat="29.1480070911347866058349609375" lon="120.32835029996931552886962890625">
        <ele>143.600006103515625</ele>
        <time>2016-07-16T11:46:21.000Z</time>
        <extensions>
          <ns3:TrackPointExtension>
            <ns3:hr>136</ns3:hr>
            <ns3:cad>98</ns3:cad>
          </ns3:TrackPointExtension>
        </extensions>
      </trkpt>
      <trkpt lat="29.14799644611775875091552734375" lon="120.32837569713592529296875">
        <ele>143.600006103515625</ele>
        <time>2016-07-16T11:46:22.000Z</time>
        <extensions>
          <ns3:TrackPointExtension>
            <ns3:hr>136</ns3:hr>
            <ns3:cad>98</ns3:cad>
          </ns3:TrackPointExtension>
        </extensions>
      </trkpt>
      <trkpt lat="29.147988148033618927001953125" lon="120.328399837017059326171875">
        <ele>143.600006103515625</ele>
        <time>2016-07-16T11:46:23.000Z</time>
        <extensions>
          <ns3:TrackPointExtension>
            <ns3:hr>136</ns3:hr>
            <ns3:cad>97</ns3:cad>
          </ns3:TrackPointExtension>
        </extensions>
      </trkpt>
      <trkpt lat="29.14797431789338588714599609375" lon="120.32844937406480312347412109375">
        <ele>143.8000030517578125</ele>
        <time>2016-07-16T11:46:24.000Z</time>
        <extensions>
          <ns3:TrackPointExtension>
            <ns3:hr>135</ns3:hr>
            <ns3:cad>97</ns3:cad>
          </ns3:TrackPointExtension>
        </extensions>
      </trkpt>
      <trkpt lat="29.14797431789338588714599609375" lon="120.32844937406480312347412109375">
        <ele>143.8000030517578125</ele>
        <time>2016-07-16T11:46:25.000Z</time>
        <extensions>
          <ns3:TrackPointExtension>
            <ns3:hr>135</ns3:hr>
            <ns3:cad>97</ns3:cad>
          </ns3:TrackPointExtension>
        </extensions>
      </trkpt>
      <trkpt lat="29.14797046221792697906494140625" lon="120.3284730948507785797119140625">
        <ele>143.8000030517578125</ele>
        <time>2016-07-16T11:46:26.000Z</time>
        <extensions>
          <ns3:TrackPointExtension>
            <ns3:hr>134</ns3:hr>
            <ns3:cad>97</ns3:cad>
          </ns3:TrackPointExtension>
        </extensions>
      </trkpt>
      <trkpt lat="29.1479651816189289093017578125" lon="120.32852263189852237701416015625">
        <ele>143.8000030517578125</ele>
        <time>2016-07-16T11:46:27.000Z</time>
        <extensions>
          <ns3:TrackPointExtension>
            <ns3:hr>134</ns3:hr>
            <ns3:cad>97</ns3:cad>
          </ns3:TrackPointExtension>
        </extensions>
      </trkpt>
      <trkpt lat="29.1479651816189289093017578125" lon="120.32852263189852237701416015625">
        <ele>143.8000030517578125</ele>
        <time>2016-07-16T11:46:28.000Z</time>
        <extensions>
          <ns3:TrackPointExtension>
            <ns3:hr>133</ns3:hr>
            <ns3:cad>97</ns3:cad>
          </ns3:TrackPointExtension>
        </extensions>
      </trkpt>
      <trkpt lat="29.14796392433345317840576171875" lon="120.32854668796062469482421875">
        <ele>144</ele>
        <time>2016-07-16T11:46:29.000Z</time>
        <extensions>
          <ns3:TrackPointExtension>
            <ns3:hr>133</ns3:hr>
            <ns3:cad>97</ns3:cad>
          </ns3:TrackPointExtension>
        </extensions>
      </trkpt>
      <trkpt lat="29.14796409197151660919189453125" lon="120.328597314655780792236328125">
        <ele>144.399993896484375</ele>
        <time>2016-07-16T11:46:30.000Z</time>
        <extensions>
          <ns3:TrackPointExtension>
            <ns3:hr>132</ns3:hr>
            <ns3:cad>97</ns3:cad>
          </ns3:TrackPointExtension>
        </extensions>
      </trkpt>
      <trkpt lat="29.147968702018260955810546875" lon="120.3286212868988513946533203125">
        <ele>144.399993896484375</ele>
        <time>2016-07-16T11:46:31.000Z</time>
        <extensions>
          <ns3:TrackPointExtension>
            <ns3:hr>132</ns3:hr>
            <ns3:cad>97</ns3:cad>
          </ns3:TrackPointExtension>
        </extensions>
      </trkpt>
      <trkpt lat="29.14797507226467132568359375" lon="120.328645594418048858642578125">
        <ele>144.600006103515625</ele>
        <time>2016-07-16T11:46:32.000Z</time>
        <extensions>
          <ns3:TrackPointExtension>
            <ns3:hr>132</ns3:hr>
            <ns3:cad>97</ns3:cad>
          </ns3:TrackPointExtension>
        </extensions>
      </trkpt>
      <trkpt lat="29.14797507226467132568359375" lon="120.328645594418048858642578125">
        <ele>144.600006103515625</ele>
        <time>2016-07-16T11:46:33.000Z</time>
        <extensions>
          <ns3:TrackPointExtension>
            <ns3:hr>132</ns3:hr>
            <ns3:cad>97</ns3:cad>
          </ns3:TrackPointExtension>
        </extensions>
      </trkpt>
      <trkpt lat="29.147982113063335418701171875" lon="120.32867199741303920745849609375">
        <ele>144.600006103515625</ele>
        <time>2016-07-16T11:46:34.000Z</time>
        <extensions>
          <ns3:TrackPointExtension>
            <ns3:hr>129</ns3:hr>
            <ns3:cad>97</ns3:cad>
          </ns3:TrackPointExtension>
        </extensions>
      </trkpt>
      <trkpt lat="29.14799778722226619720458984375" lon="120.32872631214559078216552734375">
        <ele>144.8000030517578125</ele>
        <time>2016-07-16T11:46:35.000Z</time>
        <extensions>
          <ns3:TrackPointExtension>
            <ns3:hr>129</ns3:hr>
            <ns3:cad>97</ns3:cad>
          </ns3:TrackPointExtension>
        </extensions>
      </trkpt>
      <trkpt lat="29.1480084322392940521240234375" lon="120.32875229604542255401611328125">
        <ele>144.8000030517578125</ele>
        <time>2016-07-16T11:46:36.000Z</time>
        <extensions>
          <ns3:TrackPointExtension>
            <ns3:hr>124</ns3:hr>
            <ns3:cad>97</ns3:cad>
          </ns3:TrackPointExtension>
        </extensions>
      </trkpt>
      <trkpt lat="29.1480084322392940521240234375" lon="120.32875229604542255401611328125">
        <ele>144.8000030517578125</ele>
        <time>2016-07-16T11:46:37.000Z</time>
        <extensions>
          <ns3:TrackPointExtension>
            <ns3:hr>126</ns3:hr>
            <ns3:cad>97</ns3:cad>
          </ns3:TrackPointExtension>
        </extensions>
      </trkpt>
      <trkpt lat="29.14801622740924358367919921875" lon="120.32877601683139801025390625">
        <ele>145</ele>
        <time>2016-07-16T11:46:38.000Z</time>
        <extensions>
          <ns3:TrackPointExtension>
            <ns3:hr>125</ns3:hr>
            <ns3:cad>98</ns3:cad>
          </ns3:TrackPointExtension>
        </extensions>
      </trkpt>
      <trkpt lat="29.1480312310159206390380859375" lon="120.328799150884151458740234375">
        <ele>145</ele>
        <time>2016-07-16T11:46:39.000Z</time>
        <extensions>
          <ns3:TrackPointExtension>
            <ns3:hr>122</ns3:hr>
            <ns3:cad>98</ns3:cad>
          </ns3:TrackPointExtension>
        </extensions>
      </trkpt>
      <trkpt lat="29.14804807864129543304443359375" lon="120.3288234584033489227294921875">
        <ele>145</ele>
        <time>2016-07-16T11:46:40.000Z</time>
        <extensions>
          <ns3:TrackPointExtension>
            <ns3:hr>122</ns3:hr>
            <ns3:cad>96</ns3:cad>
          </ns3:TrackPointExtension>
        </extensions>
      </trkpt>
      <trkpt lat="29.1480677761137485504150390625" lon="120.32884768210351467132568359375">
        <ele>145</ele>
        <time>2016-07-16T11:46:41.000Z</time>
        <extensions>
          <ns3:TrackPointExtension>
            <ns3:hr>122</ns3:hr>
            <ns3:cad>96</ns3:cad>
          </ns3:TrackPointExtension>
        </extensions>
      </trkpt>
      <trkpt lat="29.14810708723962306976318359375" lon="120.32889562658965587615966796875">
        <ele>145</ele>
        <time>2016-07-16T11:46:42.000Z</time>
        <extensions>
          <ns3:TrackPointExtension>
            <ns3:hr>123</ns3:hr>
            <ns3:cad>96</ns3:cad>
          </ns3:TrackPointExtension>
        </extensions>
      </trkpt>
      <trkpt lat="29.14812753908336162567138671875" lon="120.32891524024307727813720703125">
        <ele>145</ele>
        <time>2016-07-16T11:46:43.000Z</time>
        <extensions>
          <ns3:TrackPointExtension>
            <ns3:hr>124</ns3:hr>
            <ns3:cad>97</ns3:cad>
          </ns3:TrackPointExtension>
        </extensions>
      </trkpt>
      <trkpt lat="29.14812753908336162567138671875" lon="120.32891524024307727813720703125">
        <ele>145</ele>
        <time>2016-07-16T11:46:44.000Z</time>
        <extensions>
          <ns3:TrackPointExtension>
            <ns3:hr>123</ns3:hr>
            <ns3:cad>97</ns3:cad>
          </ns3:TrackPointExtension>
        </extensions>
      </trkpt>
      <trkpt lat="29.14814748801290988922119140625" lon="120.32893317751586437225341796875">
        <ele>145</ele>
        <time>2016-07-16T11:46:45.000Z</time>
        <extensions>
          <ns3:TrackPointExtension>
            <ns3:hr>123</ns3:hr>
            <ns3:cad>97</ns3:cad>
          </ns3:TrackPointExtension>
        </extensions>
      </trkpt>
      <trkpt lat="29.148168526589870452880859375" lon="120.3289501927793025970458984375">
        <ele>145</ele>
        <time>2016-07-16T11:46:46.000Z</time>
        <extensions>
          <ns3:TrackPointExtension>
            <ns3:hr>124</ns3:hr>
            <ns3:cad>97</ns3:cad>
          </ns3:TrackPointExtension>
        </extensions>
      </trkpt>
      <trkpt lat="29.148210771381855010986328125" lon="120.3289786912500858306884765625">
        <ele>144.8000030517578125</ele>
        <time>2016-07-16T11:46:47.000Z</time>
        <extensions>
          <ns3:TrackPointExtension>
            <ns3:hr>123</ns3:hr>
            <ns3:cad>97</ns3:cad>
          </ns3:TrackPointExtension>
        </extensions>
      </trkpt>
      <trkpt lat="29.148210771381855010986328125" lon="120.3289786912500858306884765625">
        <ele>144.8000030517578125</ele>
        <time>2016-07-16T11:46:48.000Z</time>
        <extensions>
          <ns3:TrackPointExtension>
            <ns3:hr>123</ns3:hr>
            <ns3:cad>97</ns3:cad>
          </ns3:TrackPointExtension>
        </extensions>
      </trkpt>
      <trkpt lat="29.14823432452976703643798828125" lon="120.3289904259145259857177734375">
        <ele>144.8000030517578125</ele>
        <time>2016-07-16T11:46:49.000Z</time>
        <extensions>
          <ns3:TrackPointExtension>
            <ns3:hr>123</ns3:hr>
            <ns3:cad>97</ns3:cad>
          </ns3:TrackPointExtension>
        </extensions>
      </trkpt>
      <trkpt lat="29.1482828557491302490234375" lon="120.32901179976761341094970703125">
        <ele>144.600006103515625</ele>
        <time>2016-07-16T11:46:50.000Z</time>
        <extensions>
          <ns3:TrackPointExtension>
            <ns3:hr>123</ns3:hr>
            <ns3:cad>97</ns3:cad>
          </ns3:TrackPointExtension>
        </extensions>
      </trkpt>
      <trkpt lat="29.14830640889704227447509765625" lon="120.329020433127880096435546875">
        <ele>144.600006103515625</ele>
        <time>2016-07-16T11:46:51.000Z</time>
        <extensions>
          <ns3:TrackPointExtension>
            <ns3:hr>122</ns3:hr>
            <ns3:cad>97</ns3:cad>
          </ns3:TrackPointExtension>
        </extensions>
      </trkpt>
      <trkpt lat="29.14830640889704227447509765625" lon="120.329020433127880096435546875">
        <ele>144.600006103515625</ele>
        <time>2016-07-16T11:46:52.000Z</time>
        <extensions>
          <ns3:TrackPointExtension>
            <ns3:hr>122</ns3:hr>
            <ns3:cad>98</ns3:cad>
          </ns3:TrackPointExtension>
        </extensions>
      </trkpt>
      <trkpt lat="29.148329459130764007568359375" lon="120.3290289826691150665283203125">
        <ele>144.399993896484375</ele>
        <time>2016-07-16T11:46:53.000Z</time>
        <extensions>
          <ns3:TrackPointExtension>
            <ns3:hr>122</ns3:hr>
            <ns3:cad>98</ns3:cad>
          </ns3:TrackPointExtension>
        </extensions>
      </trkpt>
      <trkpt lat="29.1483534313738346099853515625" lon="120.3290395438671112060546875">
        <ele>144.399993896484375</ele>
        <time>2016-07-16T11:46:54.000Z</time>
        <extensions>
          <ns3:TrackPointExtension>
            <ns3:hr>122</ns3:hr>
            <ns3:cad>98</ns3:cad>
          </ns3:TrackPointExtension>
        </extensions>
      </trkpt>
      <trkpt lat="29.14837514050304889678955078125" lon="120.32904901541769504547119140625">
        <ele>144.1999969482421875</ele>
        <time>2016-07-16T11:46:55.000Z</time>
        <extensions>
          <ns3:TrackPointExtension>
            <ns3:hr>122</ns3:hr>
            <ns3:cad>98</ns3:cad>
          </ns3:TrackPointExtension>
        </extensions>
      </trkpt>
      <trkpt lat="29.14839743636548519134521484375" lon="120.32905689440667629241943359375">
        <ele>144.1999969482421875</ele>
        <time>2016-07-16T11:46:56.000Z</time>
        <extensions>
          <ns3:TrackPointExtension>
            <ns3:hr>123</ns3:hr>
            <ns3:cad>98</ns3:cad>
          </ns3:TrackPointExtension>
        </extensions>
      </trkpt>
      <trkpt lat="29.14842040278017520904541015625" lon="120.32906477339565753936767578125">
        <ele>144</ele>
        <time>2016-07-16T11:46:57.000Z</time>
        <extensions>
          <ns3:TrackPointExtension>
            <ns3:hr>123</ns3:hr>
            <ns3:cad>99</ns3:cad>
          </ns3:TrackPointExtension>
        </extensions>
      </trkpt>
      <trkpt lat="29.1484437882900238037109375" lon="120.3290718980133533477783203125">
        <ele>144</ele>
        <time>2016-07-16T11:46:58.000Z</time>
        <extensions>
          <ns3:TrackPointExtension>
            <ns3:hr>123</ns3:hr>
            <ns3:cad>99</ns3:cad>
          </ns3:TrackPointExtension>
        </extensions>
      </trkpt>
      <trkpt lat="29.14846700616180896759033203125" lon="120.3290797770023345947265625">
        <ele>143.8000030517578125</ele>
        <time>2016-07-16T11:46:59.000Z</time>
        <extensions>
          <ns3:TrackPointExtension>
            <ns3:hr>124</ns3:hr>
            <ns3:cad>99</ns3:cad>
          </ns3:TrackPointExtension>
        </extensions>
      </trkpt>
      <trkpt lat="29.1484898887574672698974609375" lon="120.32908715307712554931640625">
        <ele>143.399993896484375</ele>
        <time>2016-07-16T11:47:00.000Z</time>
        <extensions>
          <ns3:TrackPointExtension>
            <ns3:hr>124</ns3:hr>
            <ns3:cad>98</ns3:cad>
          </ns3:TrackPointExtension>
        </extensions>
      </trkpt>
      <trkpt lat="29.14853422902524471282958984375" lon="120.32910366542637348175048828125">
        <ele>142.600006103515625</ele>
        <time>2016-07-16T11:47:01.000Z</time>
        <extensions>
          <ns3:TrackPointExtension>
            <ns3:hr>126</ns3:hr>
            <ns3:cad>97</ns3:cad>
          </ns3:TrackPointExtension>
        </extensions>
      </trkpt>
      <trkpt lat="29.14853422902524471282958984375" lon="120.32910366542637348175048828125">
        <ele>142.600006103515625</ele>
        <time>2016-07-16T11:47:02.000Z</time>
        <extensions>
          <ns3:TrackPointExtension>
            <ns3:hr>126</ns3:hr>
            <ns3:cad>97</ns3:cad>
          </ns3:TrackPointExtension>
        </extensions>
      </trkpt>
      <trkpt lat="29.14855669252574443817138671875" lon="120.32911204732954502105712890625">
        <ele>142.1999969482421875</ele>
        <time>2016-07-16T11:47:03.000Z</time>
        <extensions>
          <ns3:TrackPointExtension>
            <ns3:hr>127</ns3:hr>
            <ns3:cad>97</ns3:cad>
          </ns3:TrackPointExtension>
        </extensions>
      </trkpt>
      <trkpt lat="29.14857923984527587890625" lon="120.3291215188801288604736328125">
        <ele>141.8000030517578125</ele>
        <time>2016-07-16T11:47:04.000Z</time>
        <extensions>
          <ns3:TrackPointExtension>
            <ns3:hr>127</ns3:hr>
            <ns3:cad>96</ns3:cad>
          </ns3:TrackPointExtension>
        </extensions>
      </trkpt>
      <trkpt lat="29.148601703345775604248046875" lon="120.329131074249744415283203125">
        <ele>141.399993896484375</ele>
        <time>2016-07-16T11:47:05.000Z</time>
        <extensions>
          <ns3:TrackPointExtension>
            <ns3:hr>128</ns3:hr>
            <ns3:cad>96</ns3:cad>
          </ns3:TrackPointExtension>
        </extensions>
      </trkpt>
      <trkpt lat="29.14864235557615756988525390625" lon="120.3291490115225315093994140625">
        <ele>140.8000030517578125</ele>
        <time>2016-07-16T11:47:06.000Z</time>
        <extensions>
          <ns3:TrackPointExtension>
            <ns3:hr>129</ns3:hr>
            <ns3:cad>96</ns3:cad>
          </ns3:TrackPointExtension>
        </extensions>
      </trkpt>
      <trkpt lat="29.14864235557615756988525390625" lon="120.3291490115225315093994140625">
        <ele>140.8000030517578125</ele>
        <time>2016-07-16T11:47:07.000Z</time>
        <extensions>
          <ns3:TrackPointExtension>
            <ns3:hr>129</ns3:hr>
            <ns3:cad>97</ns3:cad>
          </ns3:TrackPointExtension>
        </extensions>
      </trkpt>
      <trkpt lat="29.14866314269602298736572265625" lon="120.329157896339893341064453125">
        <ele>140.399993896484375</ele>
        <time>2016-07-16T11:47:08.000Z</time>
        <extensions>
          <ns3:TrackPointExtension>
            <ns3:hr>129</ns3:hr>
            <ns3:cad>97</ns3:cad>
          </ns3:TrackPointExtension>
        </extensions>
      </trkpt>
      <trkpt lat="29.14868543855845928192138671875" lon="120.329168625175952911376953125">
        <ele>140</ele>
        <time>2016-07-16T11:47:09.000Z</time>
        <extensions>
          <ns3:TrackPointExtension>
            <ns3:hr>130</ns3:hr>
            <ns3:cad>97</ns3:cad>
          </ns3:TrackPointExtension>
        </extensions>
      </trkpt>
      <trkpt lat="29.1487068124115467071533203125" lon="120.32917809672653675079345703125">
        <ele>139.8000030517578125</ele>
        <time>2016-07-16T11:47:10.000Z</time>
        <extensions>
          <ns3:TrackPointExtension>
            <ns3:hr>131</ns3:hr>
            <ns3:cad>99</ns3:cad>
          </ns3:TrackPointExtension>
        </extensions>
      </trkpt>
      <trkpt lat="29.14872701279819011688232421875" lon="120.3291882388293743133544921875">
        <ele>139.399993896484375</ele>
        <time>2016-07-16T11:47:11.000Z</time>
        <extensions>
          <ns3:TrackPointExtension>
            <ns3:hr>132</ns3:hr>
            <ns3:cad>99</ns3:cad>
          </ns3:TrackPointExtension>
        </extensions>
      </trkpt>
      <trkpt lat="29.14874880574643611907958984375" lon="120.32919670455157756805419921875">
        <ele>139.399993896484375</ele>
        <time>2016-07-16T11:47:12.000Z</time>
        <extensions>
          <ns3:TrackPointExtension>
            <ns3:hr>132</ns3:hr>
            <ns3:cad>97</ns3:cad>
          </ns3:TrackPointExtension>
        </extensions>
      </trkpt>
      <trkpt lat="29.1487715207040309906005859375" lon="120.32920458354055881500244140625">
        <ele>139.1999969482421875</ele>
        <time>2016-07-16T11:47:13.000Z</time>
        <extensions>
          <ns3:TrackPointExtension>
            <ns3:hr>132</ns3:hr>
            <ns3:cad>97</ns3:cad>
          </ns3:TrackPointExtension>
        </extensions>
      </trkpt>
      <trkpt lat="29.14879490621387958526611328125" lon="120.329212881624698638916015625">
        <ele>139</ele>
        <time>2016-07-16T11:47:14.000Z</time>
        <extensions>
          <ns3:TrackPointExtension>
            <ns3:hr>132</ns3:hr>
            <ns3:cad>97</ns3:cad>
          </ns3:TrackPointExtension>
        </extensions>
      </trkpt>
      <trkpt lat="29.148818291723728179931640625" lon="120.32922185026109218597412109375">
        <ele>139</ele>
        <time>2016-07-16T11:47:15.000Z</time>
        <extensions>
          <ns3:TrackPointExtension>
            <ns3:hr>132</ns3:hr>
            <ns3:cad>97</ns3:cad>
          </ns3:TrackPointExtension>
        </extensions>
      </trkpt>
      <trkpt lat="29.14884117431938648223876953125" lon="120.32923006452620029449462890625">
        <ele>138.8000030517578125</ele>
        <time>2016-07-16T11:47:16.000Z</time>
        <extensions>
          <ns3:TrackPointExtension>
            <ns3:hr>132</ns3:hr>
            <ns3:cad>97</ns3:cad>
          </ns3:TrackPointExtension>
        </extensions>
      </trkpt>
      <trkpt lat="29.14886430837213993072509765625" lon="120.32923961989581584930419921875">
        <ele>138.600006103515625</ele>
        <time>2016-07-16T11:47:17.000Z</time>
        <extensions>
          <ns3:TrackPointExtension>
            <ns3:hr>133</ns3:hr>
            <ns3:cad>97</ns3:cad>
          </ns3:TrackPointExtension>
        </extensions>
      </trkpt>
      <trkpt lat="29.1488885320723056793212890625" lon="120.32924942672252655029296875">
        <ele>138.399993896484375</ele>
        <time>2016-07-16T11:47:18.000Z</time>
        <extensions>
          <ns3:TrackPointExtension>
            <ns3:hr>133</ns3:hr>
            <ns3:cad>97</ns3:cad>
          </ns3:TrackPointExtension>
        </extensions>
      </trkpt>
      <trkpt lat="29.1489354707300662994384765625" lon="120.3292675316333770751953125">
        <ele>138.1999969482421875</ele>
        <time>2016-07-16T11:47:19.000Z</time>
        <extensions>
          <ns3:TrackPointExtension>
            <ns3:hr>133</ns3:hr>
            <ns3:cad>97</ns3:cad>
          </ns3:TrackPointExtension>
        </extensions>
      </trkpt>
      <trkpt lat="29.1489354707300662994384765625" lon="120.3292675316333770751953125">
        <ele>138.1999969482421875</ele>
        <time>2016-07-16T11:47:20.000Z</time>
        <extensions>
          <ns3:TrackPointExtension>
            <ns3:hr>133</ns3:hr>
            <ns3:cad>97</ns3:cad>
          </ns3:TrackPointExtension>
        </extensions>
      </trkpt>
      <trkpt lat="29.1489569284021854400634765625" lon="120.32927415333688259124755859375">
        <ele>138</ele>
        <time>2016-07-16T11:47:21.000Z</time>
        <extensions>
          <ns3:TrackPointExtension>
            <ns3:hr>133</ns3:hr>
            <ns3:cad>98</ns3:cad>
          </ns3:TrackPointExtension>
        </extensions>
      </trkpt>
      <trkpt lat="29.14897955954074859619140625" lon="120.32928161323070526123046875">
        <ele>138</ele>
        <time>2016-07-16T11:47:22.000Z</time>
        <extensions>
          <ns3:TrackPointExtension>
            <ns3:hr>133</ns3:hr>
            <ns3:cad>98</ns3:cad>
          </ns3:TrackPointExtension>
        </extensions>
      </trkpt>
      <trkpt lat="29.1490025259554386138916015625" lon="120.329290665686130523681640625">
        <ele>137.8000030517578125</ele>
        <time>2016-07-16T11:47:23.000Z</time>
        <extensions>
          <ns3:TrackPointExtension>
            <ns3:hr>133</ns3:hr>
            <ns3:cad>98</ns3:cad>
          </ns3:TrackPointExtension>
        </extensions>
      </trkpt>
      <trkpt lat="29.14902649819850921630859375" lon="120.329297371208667755126953125">
        <ele>138</ele>
        <time>2016-07-16T11:47:24.000Z</time>
        <extensions>
          <ns3:TrackPointExtension>
            <ns3:hr>133</ns3:hr>
            <ns3:cad>96</ns3:cad>
          </ns3:TrackPointExtension>
        </extensions>
      </trkpt>
      <trkpt lat="29.14905156008899211883544921875" lon="120.32930307090282440185546875">
        <ele>138.1999969482421875</ele>
        <time>2016-07-16T11:47:25.000Z</time>
        <extensions>
          <ns3:TrackPointExtension>
            <ns3:hr>132</ns3:hr>
            <ns3:cad>96</ns3:cad>
          </ns3:TrackPointExtension>
        </extensions>
      </trkpt>
      <trkpt lat="29.1490781307220458984375" lon="120.3293035738170146942138671875">
        <ele>138.399993896484375</ele>
        <time>2016-07-16T11:47:26.000Z</time>
        <extensions>
          <ns3:TrackPointExtension>
            <ns3:hr>132</ns3:hr>
            <ns3:cad>96</ns3:cad>
          </ns3:TrackPointExtension>
        </extensions>
      </trkpt>
      <trkpt lat="29.14910352788865566253662109375" lon="120.3293032385408878326416015625">
        <ele>138.600006103515625</ele>
        <time>2016-07-16T11:47:27.000Z</time>
        <extensions>
          <ns3:TrackPointExtension>
            <ns3:hr>131</ns3:hr>
            <ns3:cad>96</ns3:cad>
          </ns3:TrackPointExtension>
        </extensions>
      </trkpt>
      <trkpt lat="29.1491302661597728729248046875" lon="120.32930332235991954803466796875">
        <ele>138.8000030517578125</ele>
        <time>2016-07-16T11:47:28.000Z</time>
        <extensions>
          <ns3:TrackPointExtension>
            <ns3:hr>131</ns3:hr>
            <ns3:cad>97</ns3:cad>
          </ns3:TrackPointExtension>
        </extensions>
      </trkpt>
      <trkpt lat="29.14915499277412891387939453125" lon="120.32930281944572925567626953125">
        <ele>139</ele>
        <time>2016-07-16T11:47:29.000Z</time>
        <extensions>
          <ns3:TrackPointExtension>
            <ns3:hr>130</ns3:hr>
            <ns3:cad>97</ns3:cad>
          </ns3:TrackPointExtension>
        </extensions>
      </trkpt>
      <trkpt lat="29.14918030612170696258544921875" lon="120.3293002210557460784912109375">
        <ele>139.1999969482421875</ele>
        <time>2016-07-16T11:47:30.000Z</time>
        <extensions>
          <ns3:TrackPointExtension>
            <ns3:hr>131</ns3:hr>
            <ns3:cad>97</ns3:cad>
          </ns3:TrackPointExtension>
        </extensions>
      </trkpt>
      <trkpt lat="29.14920293726027011871337890625" lon="120.329294688999652862548828125">
        <ele>139.1999969482421875</ele>
        <time>2016-07-16T11:47:31.000Z</time>
        <extensions>
          <ns3:TrackPointExtension>
            <ns3:hr>131</ns3:hr>
            <ns3:cad>97</ns3:cad>
          </ns3:TrackPointExtension>
        </extensions>
      </trkpt>
      <trkpt lat="29.149222634732723236083984375" lon="120.3292894922196865081787109375">
        <ele>139.399993896484375</ele>
        <time>2016-07-16T11:47:32.000Z</time>
        <extensions>
          <ns3:TrackPointExtension>
            <ns3:hr>131</ns3:hr>
            <ns3:cad>98</ns3:cad>
          </ns3:TrackPointExtension>
        </extensions>
      </trkpt>
      <trkpt lat="29.1492432542145252227783203125" lon="120.32928354106843471527099609375">
        <ele>139.600006103515625</ele>
        <time>2016-07-16T11:47:33.000Z</time>
        <extensions>
          <ns3:TrackPointExtension>
            <ns3:hr>131</ns3:hr>
            <ns3:cad>98</ns3:cad>
          </ns3:TrackPointExtension>
        </extensions>
      </trkpt>
      <trkpt lat="29.14926387369632720947265625" lon="120.3292737342417240142822265625">
        <ele>139.8000030517578125</ele>
        <time>2016-07-16T11:47:34.000Z</time>
        <extensions>
          <ns3:TrackPointExtension>
            <ns3:hr>132</ns3:hr>
            <ns3:cad>98</ns3:cad>
          </ns3:TrackPointExtension>
        </extensions>
      </trkpt>
      <trkpt lat="29.149285666644573211669921875" lon="120.32926392741501331329345703125">
        <ele>140</ele>
        <time>2016-07-16T11:47:35.000Z</time>
        <extensions>
          <ns3:TrackPointExtension>
            <ns3:hr>132</ns3:hr>
            <ns3:cad>97</ns3:cad>
          </ns3:TrackPointExtension>
        </extensions>
      </trkpt>
      <trkpt lat="29.1493074595928192138671875" lon="120.32925269566476345062255859375">
        <ele>140.1999969482421875</ele>
        <time>2016-07-16T11:47:36.000Z</time>
        <extensions>
          <ns3:TrackPointExtension>
            <ns3:hr>132</ns3:hr>
            <ns3:cad>97</ns3:cad>
          </ns3:TrackPointExtension>
        </extensions>
      </trkpt>
      <trkpt lat="29.1493270732462406158447265625" lon="120.329239368438720703125">
        <ele>140.1999969482421875</ele>
        <time>2016-07-16T11:47:37.000Z</time>
        <extensions>
          <ns3:TrackPointExtension>
            <ns3:hr>132</ns3:hr>
            <ns3:cad>95</ns3:cad>
          </ns3:TrackPointExtension>
        </extensions>
      </trkpt>
      <trkpt lat="29.149348028004169464111328125" lon="120.3292246162891387939453125">
        <ele>140.1999969482421875</ele>
        <time>2016-07-16T11:47:38.000Z</time>
        <extensions>
          <ns3:TrackPointExtension>
            <ns3:hr>133</ns3:hr>
            <ns3:cad>95</ns3:cad>
          </ns3:TrackPointExtension>
        </extensions>
      </trkpt>
      <trkpt lat="29.1493683122098445892333984375" lon="120.3292056731879711151123046875">
        <ele>140.399993896484375</ele>
        <time>2016-07-16T11:47:39.000Z</time>
        <extensions>
          <ns3:TrackPointExtension>
            <ns3:hr>133</ns3:hr>
            <ns3:cad>96</ns3:cad>
          </ns3:TrackPointExtension>
        </extensions>
      </trkpt>
      <trkpt lat="29.14938834495842456817626953125" lon="120.3291882388293743133544921875">
        <ele>140.399993896484375</ele>
        <time>2016-07-16T11:47:40.000Z</time>
        <extensions>
          <ns3:TrackPointExtension>
            <ns3:hr>136</ns3:hr>
            <ns3:cad>96</ns3:cad>
          </ns3:TrackPointExtension>
        </extensions>
      </trkpt>
      <trkpt lat="29.14940737187862396240234375" lon="120.32916971482336521148681640625">
        <ele>140.600006103515625</ele>
        <time>2016-07-16T11:47:41.000Z</time>
        <extensions>
          <ns3:TrackPointExtension>
            <ns3:hr>136</ns3:hr>
            <ns3:cad>97</ns3:cad>
          </ns3:TrackPointExtension>
        </extensions>
      </trkpt>
      <trkpt lat="29.14942271076142787933349609375" lon="120.32914884388446807861328125">
        <ele>140.8000030517578125</ele>
        <time>2016-07-16T11:47:42.000Z</time>
        <extensions>
          <ns3:TrackPointExtension>
            <ns3:hr>137</ns3:hr>
            <ns3:cad>98</ns3:cad>
          </ns3:TrackPointExtension>
        </extensions>
      </trkpt>
      <trkpt lat="29.14943846873939037322998046875" lon="120.3291282244026660919189453125">
        <ele>141</ele>
        <time>2016-07-16T11:47:43.000Z</time>
        <extensions>
          <ns3:TrackPointExtension>
            <ns3:hr>139</ns3:hr>
            <ns3:cad>98</ns3:cad>
          </ns3:TrackPointExtension>
        </extensions>
      </trkpt>
      <trkpt lat="29.1494528017938137054443359375" lon="120.329106263816356658935546875">
        <ele>141</ele>
        <time>2016-07-16T11:47:44.000Z</time>
        <extensions>
          <ns3:TrackPointExtension>
            <ns3:hr>139</ns3:hr>
            <ns3:cad>96</ns3:cad>
          </ns3:TrackPointExtension>
        </extensions>
      </trkpt>
      <trkpt lat="29.149464704096317291259765625" lon="120.32908237539231777191162109375">
        <ele>141.1999969482421875</ele>
        <time>2016-07-16T11:47:45.000Z</time>
        <extensions>
          <ns3:TrackPointExtension>
            <ns3:hr>139</ns3:hr>
            <ns3:cad>96</ns3:cad>
          </ns3:TrackPointExtension>
        </extensions>
      </trkpt>
      <trkpt lat="29.14947736077010631561279296875" lon="120.32905957661569118499755859375">
        <ele>141.399993896484375</ele>
        <time>2016-07-16T11:47:46.000Z</time>
        <extensions>
          <ns3:TrackPointExtension>
            <ns3:hr>138</ns3:hr>
            <ns3:cad>96</ns3:cad>
          </ns3:TrackPointExtension>
        </extensions>
      </trkpt>
      <trkpt lat="29.1494896821677684783935546875" lon="120.329038202762603759765625">
        <ele>141.600006103515625</ele>
        <time>2016-07-16T11:47:47.000Z</time>
        <extensions>
          <ns3:TrackPointExtension>
            <ns3:hr>138</ns3:hr>
            <ns3:cad>96</ns3:cad>
          </ns3:TrackPointExtension>
        </extensions>
      </trkpt>
      <trkpt lat="29.14949865080416202545166015625" lon="120.32901565544307231903076171875">
        <ele>141.8000030517578125</ele>
        <time>2016-07-16T11:47:48.000Z</time>
        <extensions>
          <ns3:TrackPointExtension>
            <ns3:hr>138</ns3:hr>
            <ns3:cad>97</ns3:cad>
          </ns3:TrackPointExtension>
        </extensions>
      </trkpt>
      <trkpt lat="29.1495067812502384185791015625" lon="120.3289924375712871551513671875">
        <ele>141.8000030517578125</ele>
        <time>2016-07-16T11:47:49.000Z</time>
        <extensions>
          <ns3:TrackPointExtension>
            <ns3:hr>137</ns3:hr>
            <ns3:cad>97</ns3:cad>
          </ns3:TrackPointExtension>
        </extensions>
      </trkpt>
      <trkpt lat="29.14951323531568050384521484375" lon="120.328967459499835968017578125">
        <ele>142</ele>
        <time>2016-07-16T11:47:50.000Z</time>
        <extensions>
          <ns3:TrackPointExtension>
            <ns3:hr>136</ns3:hr>
            <ns3:cad>98</ns3:cad>
          </ns3:TrackPointExtension>
        </extensions>
      </trkpt>
      <trkpt lat="29.14951801300048828125" lon="120.32894072122871875762939453125">
        <ele>142.1999969482421875</ele>
        <time>2016-07-16T11:47:51.000Z</time>
        <extensions>
          <ns3:TrackPointExtension>
            <ns3:hr>136</ns3:hr>
            <ns3:cad>97</ns3:cad>
          </ns3:TrackPointExtension>
        </extensions>
      </trkpt>
      <trkpt lat="29.14952396415174007415771484375" lon="120.32891691662371158599853515625">
        <ele>142.1999969482421875</ele>
        <time>2016-07-16T11:47:52.000Z</time>
        <extensions>
          <ns3:TrackPointExtension>
            <ns3:hr>136</ns3:hr>
            <ns3:cad>97</ns3:cad>
          </ns3:TrackPointExtension>
        </extensions>
      </trkpt>
      <trkpt lat="29.14952941238880157470703125" lon="120.328893363475799560546875">
        <ele>142.399993896484375</ele>
        <time>2016-07-16T11:47:53.000Z</time>
        <extensions>
          <ns3:TrackPointExtension>
            <ns3:hr>135</ns3:hr>
            <ns3:cad>97</ns3:cad>
          </ns3:TrackPointExtension>
        </extensions>
      </trkpt>
      <trkpt lat="29.14953477680683135986328125" lon="120.32886712811887264251708984375">
        <ele>142.600006103515625</ele>
        <time>2016-07-16T11:47:54.000Z</time>
        <extensions>
          <ns3:TrackPointExtension>
            <ns3:hr>135</ns3:hr>
            <ns3:cad>96</ns3:cad>
          </ns3:TrackPointExtension>
        </extensions>
      </trkpt>
      <trkpt lat="29.1495362855494022369384765625" lon="120.3288405574858188629150390625">
        <ele>142.600006103515625</ele>
        <time>2016-07-16T11:47:55.000Z</time>
        <extensions>
          <ns3:TrackPointExtension>
            <ns3:hr>136</ns3:hr>
            <ns3:cad>96</ns3:cad>
          </ns3:TrackPointExtension>
        </extensions>
      </trkpt>
      <trkpt lat="29.14953569881618022918701171875" lon="120.3288134001195430755615234375">
        <ele>142.8000030517578125</ele>
        <time>2016-07-16T11:47:56.000Z</time>
        <extensions>
          <ns3:TrackPointExtension>
            <ns3:hr>136</ns3:hr>
            <ns3:cad>96</ns3:cad>
          </ns3:TrackPointExtension>
        </extensions>
      </trkpt>
      <trkpt lat="29.14953335188329219818115234375" lon="120.328786075115203857421875">
        <ele>142.8000030517578125</ele>
        <time>2016-07-16T11:47:57.000Z</time>
        <extensions>
          <ns3:TrackPointExtension>
            <ns3:hr>137</ns3:hr>
            <ns3:cad>96</ns3:cad>
          </ns3:TrackPointExtension>
        </extensions>
      </trkpt>
      <trkpt lat="29.149529747664928436279296875" lon="120.32876051031053066253662109375">
        <ele>142.8000030517578125</ele>
        <time>2016-07-16T11:47:58.000Z</time>
        <extensions>
          <ns3:TrackPointExtension>
            <ns3:hr>138</ns3:hr>
            <ns3:cad>97</ns3:cad>
          </ns3:TrackPointExtension>
        </extensions>
      </trkpt>
      <trkpt lat="29.149523042142391204833984375" lon="120.3287322632968425750732421875">
        <ele>143</ele>
        <time>2016-07-16T11:47:59.000Z</time>
        <extensions>
          <ns3:TrackPointExtension>
            <ns3:hr>139</ns3:hr>
            <ns3:cad>97</ns3:cad>
          </ns3:TrackPointExtension>
        </extensions>
      </trkpt>
      <trkpt lat="29.14951859973371028900146484375" lon="120.32870829105377197265625">
        <ele>143.1999969482421875</ele>
        <time>2016-07-16T11:48:00.000Z</time>
        <extensions>
          <ns3:TrackPointExtension>
            <ns3:hr>140</ns3:hr>
            <ns3:cad>97</ns3:cad>
          </ns3:TrackPointExtension>
        </extensions>
      </trkpt>
      <trkpt lat="29.1495121456682682037353515625" lon="120.328683815896511077880859375">
        <ele>143.399993896484375</ele>
        <time>2016-07-16T11:48:01.000Z</time>
        <extensions>
          <ns3:TrackPointExtension>
            <ns3:hr>140</ns3:hr>
            <ns3:cad>98</ns3:cad>
          </ns3:TrackPointExtension>
        </extensions>
      </trkpt>
      <trkpt lat="29.14950619451701641082763671875" lon="120.3286586701869964599609375">
        <ele>143.600006103515625</ele>
        <time>2016-07-16T11:48:02.000Z</time>
        <extensions>
          <ns3:TrackPointExtension>
            <ns3:hr>140</ns3:hr>
            <ns3:cad>98</ns3:cad>
          </ns3:TrackPointExtension>
        </extensions>
      </trkpt>
      <trkpt lat="29.14949848316609859466552734375" lon="120.328633524477481842041015625">
        <ele>143.8000030517578125</ele>
        <time>2016-07-16T11:48:03.000Z</time>
        <extensions>
          <ns3:TrackPointExtension>
            <ns3:hr>139</ns3:hr>
            <ns3:cad>96</ns3:cad>
          </ns3:TrackPointExtension>
        </extensions>
      </trkpt>
      <trkpt lat="29.14949362166225910186767578125" lon="120.3286102227866649627685546875">
        <ele>144</ele>
        <time>2016-07-16T11:48:04.000Z</time>
        <extensions>
          <ns3:TrackPointExtension>
            <ns3:hr>139</ns3:hr>
            <ns3:cad>96</ns3:cad>
          </ns3:TrackPointExtension>
        </extensions>
      </trkpt>
      <trkpt lat="29.1494844853878021240234375" lon="120.32858750782907009124755859375">
        <ele>144</ele>
        <time>2016-07-16T11:48:05.000Z</time>
        <extensions>
          <ns3:TrackPointExtension>
            <ns3:hr>139</ns3:hr>
            <ns3:cad>96</ns3:cad>
          </ns3:TrackPointExtension>
        </extensions>
      </trkpt>
      <trkpt lat="29.14947316981852054595947265625" lon="120.3285646252334117889404296875">
        <ele>144.1999969482421875</ele>
        <time>2016-07-16T11:48:06.000Z</time>
        <extensions>
          <ns3:TrackPointExtension>
            <ns3:hr>139</ns3:hr>
            <ns3:cad>97</ns3:cad>
          </ns3:TrackPointExtension>
        </extensions>
      </trkpt>
      <trkpt lat="29.149461351335048675537109375" lon="120.328541658818721771240234375">
        <ele>144.1999969482421875</ele>
        <time>2016-07-16T11:48:07.000Z</time>
        <extensions>
          <ns3:TrackPointExtension>
            <ns3:hr>139</ns3:hr>
            <ns3:cad>97</ns3:cad>
          </ns3:TrackPointExtension>
        </extensions>
      </trkpt>
      <trkpt lat="29.1494497843086719512939453125" lon="120.3285193629562854766845703125">
        <ele>144.1999969482421875</ele>
        <time>2016-07-16T11:48:08.000Z</time>
        <extensions>
          <ns3:TrackPointExtension>
            <ns3:hr>138</ns3:hr>
            <ns3:cad>97</ns3:cad>
          </ns3:TrackPointExtension>
        </extensions>
      </trkpt>
      <trkpt lat="29.14943377487361431121826171875" lon="120.3284982405602931976318359375">
        <ele>144.1999969482421875</ele>
        <time>2016-07-16T11:48:09.000Z</time>
        <extensions>
          <ns3:TrackPointExtension>
            <ns3:hr>138</ns3:hr>
            <ns3:cad>99</ns3:cad>
          </ns3:TrackPointExtension>
        </extensions>
      </trkpt>
      <trkpt lat="29.14941675961017608642578125" lon="120.32847921364009380340576171875">
        <ele>144.1999969482421875</ele>
        <time>2016-07-16T11:48:10.000Z</time>
        <extensions>
          <ns3:TrackPointExtension>
            <ns3:hr>138</ns3:hr>
            <ns3:cad>96</ns3:cad>
          </ns3:TrackPointExtension>
        </extensions>
      </trkpt>
      <trkpt lat="29.1493981517851352691650390625" lon="120.32846177928149700164794921875">
        <ele>144.1999969482421875</ele>
        <time>2016-07-16T11:48:11.000Z</time>
        <extensions>
          <ns3:TrackPointExtension>
            <ns3:hr>138</ns3:hr>
            <ns3:cad>96</ns3:cad>
          </ns3:TrackPointExtension>
        </extensions>
      </trkpt>
      <trkpt lat="29.14938080124557018280029296875" lon="120.328443758189678192138671875">
        <ele>144.1999969482421875</ele>
        <time>2016-07-16T11:48:12.000Z</time>
        <extensions>
          <ns3:TrackPointExtension>
            <ns3:hr>138</ns3:hr>
            <ns3:cad>96</ns3:cad>
          </ns3:TrackPointExtension>
        </extensions>
      </trkpt>
      <trkpt lat="29.14936286397278308868408203125" lon="120.328425653278827667236328125">
        <ele>144</ele>
        <time>2016-07-16T11:48:13.000Z</time>
        <extensions>
          <ns3:TrackPointExtension>
            <ns3:hr>137</ns3:hr>
            <ns3:cad>97</ns3:cad>
          </ns3:TrackPointExtension>
        </extensions>
      </trkpt>
      <trkpt lat="29.1493438370525836944580078125" lon="120.32840779982507228851318359375">
        <ele>144</ele>
        <time>2016-07-16T11:48:14.000Z</time>
        <extensions>
          <ns3:TrackPointExtension>
            <ns3:hr>137</ns3:hr>
            <ns3:cad>97</ns3:cad>
          </ns3:TrackPointExtension>
        </extensions>
      </trkpt>
      <trkpt lat="29.149324893951416015625" lon="120.32839103601872920989990234375">
        <ele>143.8000030517578125</ele>
        <time>2016-07-16T11:48:15.000Z</time>
        <extensions>
          <ns3:TrackPointExtension>
            <ns3:hr>136</ns3:hr>
            <ns3:cad>98</ns3:cad>
          </ns3:TrackPointExtension>
        </extensions>
      </trkpt>
      <trkpt lat="29.14930452592670917510986328125" lon="120.3283775411546230316162109375">
        <ele>143.8000030517578125</ele>
        <time>2016-07-16T11:48:16.000Z</time>
        <extensions>
          <ns3:TrackPointExtension>
            <ns3:hr>136</ns3:hr>
            <ns3:cad>98</ns3:cad>
          </ns3:TrackPointExtension>
        </extensions>
      </trkpt>
      <trkpt lat="29.14928239770233631134033203125" lon="120.3283658064901828765869140625">
        <ele>143.600006103515625</ele>
        <time>2016-07-16T11:48:17.000Z</time>
        <extensions>
          <ns3:TrackPointExtension>
            <ns3:hr>136</ns3:hr>
            <ns3:cad>98</ns3:cad>
          </ns3:TrackPointExtension>
        </extensions>
      </trkpt>
      <trkpt lat="29.14925959892570972442626953125" lon="120.32835616730153560638427734375">
        <ele>143.399993896484375</ele>
        <time>2016-07-16T11:48:18.000Z</time>
        <extensions>
          <ns3:TrackPointExtension>
            <ns3:hr>136</ns3:hr>
            <ns3:cad>98</ns3:cad>
          </ns3:TrackPointExtension>
        </extensions>
      </trkpt>
      <trkpt lat="29.14923562668263912200927734375" lon="120.32834862358868122100830078125">
        <ele>143.399993896484375</ele>
        <time>2016-07-16T11:48:19.000Z</time>
        <extensions>
          <ns3:TrackPointExtension>
            <ns3:hr>136</ns3:hr>
            <ns3:cad>97</ns3:cad>
          </ns3:TrackPointExtension>
        </extensions>
      </trkpt>
      <trkpt lat="29.14921224117279052734375" lon="120.3283413313329219818115234375">
        <ele>143.1999969482421875</ele>
        <time>2016-07-16T11:48:20.000Z</time>
        <extensions>
          <ns3:TrackPointExtension>
            <ns3:hr>136</ns3:hr>
            <ns3:cad>96</ns3:cad>
          </ns3:TrackPointExtension>
        </extensions>
      </trkpt>
      <trkpt lat="29.14918751455843448638916015625" lon="120.32833554781973361968994140625">
        <ele>143.1999969482421875</ele>
        <time>2016-07-16T11:48:21.000Z</time>
        <extensions>
          <ns3:TrackPointExtension>
            <ns3:hr>137</ns3:hr>
            <ns3:cad>96</ns3:cad>
          </ns3:TrackPointExtension>
        </extensions>
      </trkpt>
      <trkpt lat="29.1491626203060150146484375" lon="120.32833035103976726531982421875">
        <ele>143</ele>
        <time>2016-07-16T11:48:22.000Z</time>
        <extensions>
          <ns3:TrackPointExtension>
            <ns3:hr>137</ns3:hr>
            <ns3:cad>96</ns3:cad>
          </ns3:TrackPointExtension>
        </extensions>
      </trkpt>
      <trkpt lat="29.14913856424391269683837890625" lon="120.32832414843142032623291015625">
        <ele>143</ele>
        <time>2016-07-16T11:48:23.000Z</time>
        <extensions>
          <ns3:TrackPointExtension>
            <ns3:hr>137</ns3:hr>
            <ns3:cad>96</ns3:cad>
          </ns3:TrackPointExtension>
        </extensions>
      </trkpt>
      <trkpt lat="29.1491138376295566558837890625" lon="120.32831911928951740264892578125">
        <ele>142.8000030517578125</ele>
        <time>2016-07-16T11:48:24.000Z</time>
        <extensions>
          <ns3:TrackPointExtension>
            <ns3:hr>137</ns3:hr>
            <ns3:cad>96</ns3:cad>
          </ns3:TrackPointExtension>
        </extensions>
      </trkpt>
      <trkpt lat="29.149091541767120361328125" lon="120.32831199467182159423828125">
        <ele>142.8000030517578125</ele>
        <time>2016-07-16T11:48:25.000Z</time>
        <extensions>
          <ns3:TrackPointExtension>
            <ns3:hr>137</ns3:hr>
            <ns3:cad>97</ns3:cad>
          </ns3:TrackPointExtension>
        </extensions>
      </trkpt>
      <trkpt lat="29.14906966499984264373779296875" lon="120.32830453477799892425537109375">
        <ele>142.600006103515625</ele>
        <time>2016-07-16T11:48:26.000Z</time>
        <extensions>
          <ns3:TrackPointExtension>
            <ns3:hr>137</ns3:hr>
            <ns3:cad>97</ns3:cad>
          </ns3:TrackPointExtension>
        </extensions>
      </trkpt>
      <trkpt lat="29.14904720149934291839599609375" lon="120.32829648815095424652099609375">
        <ele>142.399993896484375</ele>
        <time>2016-07-16T11:48:27.000Z</time>
        <extensions>
          <ns3:TrackPointExtension>
            <ns3:hr>136</ns3:hr>
            <ns3:cad>97</ns3:cad>
          </ns3:TrackPointExtension>
        </extensions>
      </trkpt>
      <trkpt lat="29.149024486541748046875" lon="120.3282873518764972686767578125">
        <ele>142.399993896484375</ele>
        <time>2016-07-16T11:48:28.000Z</time>
        <extensions>
          <ns3:TrackPointExtension>
            <ns3:hr>136</ns3:hr>
            <ns3:cad>96</ns3:cad>
          </ns3:TrackPointExtension>
        </extensions>
      </trkpt>
      <trkpt lat="29.149001352488994598388671875" lon="120.3282779641449451446533203125">
        <ele>142.1999969482421875</ele>
        <time>2016-07-16T11:48:29.000Z</time>
        <extensions>
          <ns3:TrackPointExtension>
            <ns3:hr>136</ns3:hr>
            <ns3:cad>96</ns3:cad>
          </ns3:TrackPointExtension>
        </extensions>
      </trkpt>
      <trkpt lat="29.14897846989333629608154296875" lon="120.3282670676708221435546875">
        <ele>142.399993896484375</ele>
        <time>2016-07-16T11:48:30.000Z</time>
        <extensions>
          <ns3:TrackPointExtension>
            <ns3:hr>136</ns3:hr>
            <ns3:cad>96</ns3:cad>
          </ns3:TrackPointExtension>
        </extensions>
      </trkpt>
      <trkpt lat="29.14895600639283657073974609375" lon="120.3282571770250797271728515625">
        <ele>142.399993896484375</ele>
        <time>2016-07-16T11:48:31.000Z</time>
        <extensions>
          <ns3:TrackPointExtension>
            <ns3:hr>135</ns3:hr>
            <ns3:cad>96</ns3:cad>
          </ns3:TrackPointExtension>
        </extensions>
      </trkpt>
      <trkpt lat="29.14893329143524169921875" lon="120.328247956931591033935546875">
        <ele>142.399993896484375</ele>
        <time>2016-07-16T11:48:32.000Z</time>
        <extensions>
          <ns3:TrackPointExtension>
            <ns3:hr>135</ns3:hr>
            <ns3:cad>96</ns3:cad>
          </ns3:TrackPointExtension>
        </extensions>
      </trkpt>
      <trkpt lat="29.14890940301120281219482421875" lon="120.3282402455806732177734375">
        <ele>142.399993896484375</ele>
        <time>2016-07-16T11:48:33.000Z</time>
        <extensions>
          <ns3:TrackPointExtension>
            <ns3:hr>135</ns3:hr>
            <ns3:cad>96</ns3:cad>
          </ns3:TrackPointExtension>
        </extensions>
      </trkpt>
      <trkpt lat="29.14888593368232250213623046875" lon="120.328233540058135986328125">
        <ele>142.600006103515625</ele>
        <time>2016-07-16T11:48:34.000Z</time>
        <extensions>
          <ns3:TrackPointExtension>
            <ns3:hr>135</ns3:hr>
            <ns3:cad>97</ns3:cad>
          </ns3:TrackPointExtension>
        </extensions>
      </trkpt>
      <trkpt lat="29.1488617099821567535400390625" lon="120.32822473905980587005615234375">
        <ele>142.600006103515625</ele>
        <time>2016-07-16T11:48:35.000Z</time>
        <extensions>
          <ns3:TrackPointExtension>
            <ns3:hr>135</ns3:hr>
            <ns3:cad>97</ns3:cad>
          </ns3:TrackPointExtension>
        </extensions>
      </trkpt>
      <trkpt lat="29.1488362289965152740478515625" lon="120.32821719534695148468017578125">
        <ele>142.399993896484375</ele>
        <time>2016-07-16T11:48:36.000Z</time>
        <extensions>
          <ns3:TrackPointExtension>
            <ns3:hr>135</ns3:hr>
            <ns3:cad>97</ns3:cad>
          </ns3:TrackPointExtension>
        </extensions>
      </trkpt>
      <trkpt lat="29.1488124243915081024169921875" lon="120.32820663414895534515380859375">
        <ele>142.399993896484375</ele>
        <time>2016-07-16T11:48:37.000Z</time>
        <extensions>
          <ns3:TrackPointExtension>
            <ns3:hr>135</ns3:hr>
            <ns3:cad>97</ns3:cad>
          </ns3:TrackPointExtension>
        </extensions>
      </trkpt>
      <trkpt lat="29.14878836832940578460693359375" lon="120.3281991742551326751708984375">
        <ele>142.399993896484375</ele>
        <time>2016-07-16T11:48:38.000Z</time>
        <extensions>
          <ns3:TrackPointExtension>
            <ns3:hr>135</ns3:hr>
            <ns3:cad>97</ns3:cad>
          </ns3:TrackPointExtension>
        </extensions>
      </trkpt>
      <trkpt lat="29.14876489900052547454833984375" lon="120.32819397747516632080078125">
        <ele>142.1999969482421875</ele>
        <time>2016-07-16T11:48:39.000Z</time>
        <extensions>
          <ns3:TrackPointExtension>
            <ns3:hr>135</ns3:hr>
            <ns3:cad>97</ns3:cad>
          </ns3:TrackPointExtension>
        </extensions>
      </trkpt>
      <trkpt lat="29.14874075911939144134521484375" lon="120.328191630542278289794921875">
        <ele>142.1999969482421875</ele>
        <time>2016-07-16T11:48:40.000Z</time>
        <extensions>
          <ns3:TrackPointExtension>
            <ns3:hr>135</ns3:hr>
            <ns3:cad>97</ns3:cad>
          </ns3:TrackPointExtension>
        </extensions>
      </trkpt>
      <trkpt lat="29.14871913380920886993408203125" lon="120.32818500883877277374267578125">
        <ele>142.1999969482421875</ele>
        <time>2016-07-16T11:48:41.000Z</time>
        <extensions>
          <ns3:TrackPointExtension>
            <ns3:hr>136</ns3:hr>
            <ns3:cad>97</ns3:cad>
          </ns3:TrackPointExtension>
        </extensions>
      </trkpt>
      <trkpt lat="29.1486970894038677215576171875" lon="120.3281785547733306884765625">
        <ele>142.1999969482421875</ele>
        <time>2016-07-16T11:48:42.000Z</time>
        <extensions>
          <ns3:TrackPointExtension>
            <ns3:hr>136</ns3:hr>
            <ns3:cad>98</ns3:cad>
          </ns3:TrackPointExtension>
        </extensions>
      </trkpt>
      <trkpt lat="29.14867672137916088104248046875" lon="120.32816774211823940277099609375">
        <ele>142.1999969482421875</ele>
        <time>2016-07-16T11:48:43.000Z</time>
        <extensions>
          <ns3:TrackPointExtension>
            <ns3:hr>136</ns3:hr>
            <ns3:cad>98</ns3:cad>
          </ns3:TrackPointExtension>
        </extensions>
      </trkpt>
      <trkpt lat="29.14865442551672458648681640625" lon="120.3281589411199092864990234375">
        <ele>142.1999969482421875</ele>
        <time>2016-07-16T11:48:44.000Z</time>
        <extensions>
          <ns3:TrackPointExtension>
            <ns3:hr>136</ns3:hr>
            <ns3:cad>97</ns3:cad>
          </ns3:TrackPointExtension>
        </extensions>
      </trkpt>
      <trkpt lat="29.1486327163875102996826171875" lon="120.32814879901707172393798828125">
        <ele>142.1999969482421875</ele>
        <time>2016-07-16T11:48:45.000Z</time>
        <extensions>
          <ns3:TrackPointExtension>
            <ns3:hr>136</ns3:hr>
            <ns3:cad>96</ns3:cad>
          </ns3:TrackPointExtension>
        </extensions>
      </trkpt>
      <trkpt lat="29.14861016906797885894775390625" lon="120.32814058475196361541748046875">
        <ele>142.399993896484375</ele>
        <time>2016-07-16T11:48:46.000Z</time>
        <extensions>
          <ns3:TrackPointExtension>
            <ns3:hr>137</ns3:hr>
            <ns3:cad>96</ns3:cad>
          </ns3:TrackPointExtension>
        </extensions>
      </trkpt>
      <trkpt lat="29.14856406860053539276123046875" lon="120.32812298275530338287353515625">
        <ele>142.399993896484375</ele>
        <time>2016-07-16T11:48:47.000Z</time>
        <extensions>
          <ns3:TrackPointExtension>
            <ns3:hr>137</ns3:hr>
            <ns3:cad>97</ns3:cad>
          </ns3:TrackPointExtension>
        </extensions>
      </trkpt>
      <trkpt lat="29.14856406860053539276123046875" lon="120.32812298275530338287353515625">
        <ele>142.399993896484375</ele>
        <time>2016-07-16T11:48:48.000Z</time>
        <extensions>
          <ns3:TrackPointExtension>
            <ns3:hr>137</ns3:hr>
            <ns3:cad>97</ns3:cad>
          </ns3:TrackPointExtension>
        </extensions>
      </trkpt>
      <trkpt lat="29.1485405154526233673095703125" lon="120.328113846480846405029296875">
        <ele>142.399993896484375</ele>
        <time>2016-07-16T11:48:49.000Z</time>
        <extensions>
          <ns3:TrackPointExtension>
            <ns3:hr>137</ns3:hr>
            <ns3:cad>97</ns3:cad>
          </ns3:TrackPointExtension>
        </extensions>
      </trkpt>
      <trkpt lat="29.14851662702858448028564453125" lon="120.32810571603477001190185546875">
        <ele>142.399993896484375</ele>
        <time>2016-07-16T11:48:50.000Z</time>
        <extensions>
          <ns3:TrackPointExtension>
            <ns3:hr>137</ns3:hr>
            <ns3:cad>97</ns3:cad>
          </ns3:TrackPointExtension>
        </extensions>
      </trkpt>
      <trkpt lat="29.1484929062426090240478515625" lon="120.32809549011290073394775390625">
        <ele>142.399993896484375</ele>
        <time>2016-07-16T11:48:51.000Z</time>
        <extensions>
          <ns3:TrackPointExtension>
            <ns3:hr>137</ns3:hr>
            <ns3:cad>97</ns3:cad>
          </ns3:TrackPointExtension>
        </extensions>
      </trkpt>
      <trkpt lat="29.14847002364695072174072265625" lon="120.32808844931423664093017578125">
        <ele>142.600006103515625</ele>
        <time>2016-07-16T11:48:52.000Z</time>
        <extensions>
          <ns3:TrackPointExtension>
            <ns3:hr>137</ns3:hr>
            <ns3:cad>97</ns3:cad>
          </ns3:TrackPointExtension>
        </extensions>
      </trkpt>
      <trkpt lat="29.14844823069870471954345703125" lon="120.328083001077175140380859375">
        <ele>142.600006103515625</ele>
        <time>2016-07-16T11:48:53.000Z</time>
        <extensions>
          <ns3:TrackPointExtension>
            <ns3:hr>136</ns3:hr>
            <ns3:cad>97</ns3:cad>
          </ns3:TrackPointExtension>
        </extensions>
      </trkpt>
      <trkpt lat="29.14842559956014156341552734375" lon="120.32808132469654083251953125">
        <ele>142.600006103515625</ele>
        <time>2016-07-16T11:48:54.000Z</time>
        <extensions>
          <ns3:TrackPointExtension>
            <ns3:hr>136</ns3:hr>
            <ns3:cad>97</ns3:cad>
          </ns3:TrackPointExtension>
        </extensions>
      </trkpt>
      <trkpt lat="29.14840313605964183807373046875" lon="120.3280824981629848480224609375">
        <ele>142.600006103515625</ele>
        <time>2016-07-16T11:48:55.000Z</time>
        <extensions>
          <ns3:TrackPointExtension>
            <ns3:hr>136</ns3:hr>
            <ns3:cad>97</ns3:cad>
          </ns3:TrackPointExtension>
        </extensions>
      </trkpt>
      <trkpt lat="29.14838100783526897430419921875" lon="120.3280851803719997406005859375">
        <ele>142.600006103515625</ele>
        <time>2016-07-16T11:48:56.000Z</time>
        <extensions>
          <ns3:TrackPointExtension>
            <ns3:hr>136</ns3:hr>
            <ns3:cad>97</ns3:cad>
          </ns3:TrackPointExtension>
        </extensions>
      </trkpt>
      <trkpt lat="29.148358963429927825927734375" lon="120.328087694942951202392578125">
        <ele>142.600006103515625</ele>
        <time>2016-07-16T11:48:57.000Z</time>
        <extensions>
          <ns3:TrackPointExtension>
            <ns3:hr>136</ns3:hr>
            <ns3:cad>97</ns3:cad>
          </ns3:TrackPointExtension>
        </extensions>
      </trkpt>
      <trkpt lat="29.148335158824920654296875" lon="120.32809205353260040283203125">
        <ele>142.399993896484375</ele>
        <time>2016-07-16T11:48:58.000Z</time>
        <extensions>
          <ns3:TrackPointExtension>
            <ns3:hr>136</ns3:hr>
            <ns3:cad>97</ns3:cad>
          </ns3:TrackPointExtension>
        </extensions>
      </trkpt>
      <trkpt lat="29.14831110276281833648681640625" lon="120.32809750176966190338134765625">
        <ele>142.399993896484375</ele>
        <time>2016-07-16T11:48:59.000Z</time>
        <extensions>
          <ns3:TrackPointExtension>
            <ns3:hr>135</ns3:hr>
            <ns3:cad>97</ns3:cad>
          </ns3:TrackPointExtension>
        </extensions>
      </trkpt>
      <trkpt lat="29.1482877172529697418212890625" lon="120.3281029500067234039306640625">
        <ele>142.600006103515625</ele>
        <time>2016-07-16T11:49:00.000Z</time>
        <extensions>
          <ns3:TrackPointExtension>
            <ns3:hr>135</ns3:hr>
            <ns3:cad>97</ns3:cad>
          </ns3:TrackPointExtension>
        </extensions>
      </trkpt>
      <trkpt lat="29.14826550520956516265869140625" lon="120.32810990698635578155517578125">
        <ele>142.600006103515625</ele>
        <time>2016-07-16T11:49:01.000Z</time>
        <extensions>
          <ns3:TrackPointExtension>
            <ns3:hr>135</ns3:hr>
            <ns3:cad>97</ns3:cad>
          </ns3:TrackPointExtension>
        </extensions>
      </trkpt>
      <trkpt lat="29.14824329316616058349609375" lon="120.328118540346622467041015625">
        <ele>142.8000030517578125</ele>
        <time>2016-07-16T11:49:02.000Z</time>
        <extensions>
          <ns3:TrackPointExtension>
            <ns3:hr>135</ns3:hr>
            <ns3:cad>97</ns3:cad>
          </ns3:TrackPointExtension>
        </extensions>
      </trkpt>
      <trkpt lat="29.1482230089604854583740234375" lon="120.3281287662684917449951171875">
        <ele>142.8000030517578125</ele>
        <time>2016-07-16T11:49:03.000Z</time>
        <extensions>
          <ns3:TrackPointExtension>
            <ns3:hr>135</ns3:hr>
            <ns3:cad>97</ns3:cad>
          </ns3:TrackPointExtension>
        </extensions>
      </trkpt>
      <trkpt lat="29.14820146746933460235595703125" lon="120.3281394951045513153076171875">
        <ele>142.8000030517578125</ele>
        <time>2016-07-16T11:49:04.000Z</time>
        <extensions>
          <ns3:TrackPointExtension>
            <ns3:hr>141</ns3:hr>
            <ns3:cad>98</ns3:cad>
          </ns3:TrackPointExtension>
        </extensions>
      </trkpt>
      <trkpt lat="29.148179590702056884765625" lon="120.32815298996865749359130859375">
        <ele>143</ele>
        <time>2016-07-16T11:49:05.000Z</time>
        <extensions>
          <ns3:TrackPointExtension>
            <ns3:hr>141</ns3:hr>
            <ns3:cad>98</ns3:cad>
          </ns3:TrackPointExtension>
        </extensions>
      </trkpt>
      <trkpt lat="29.14815888740122318267822265625" lon="120.32816723920404911041259765625">
        <ele>143</ele>
        <time>2016-07-16T11:49:06.000Z</time>
        <extensions>
          <ns3:TrackPointExtension>
            <ns3:hr>141</ns3:hr>
            <ns3:cad>97</ns3:cad>
          </ns3:TrackPointExtension>
        </extensions>
      </trkpt>
      <trkpt lat="29.14813742972910404205322265625" lon="120.32818383537232875823974609375">
        <ele>143</ele>
        <time>2016-07-16T11:49:07.000Z</time>
        <extensions>
          <ns3:TrackPointExtension>
            <ns3:hr>141</ns3:hr>
            <ns3:cad>97</ns3:cad>
          </ns3:TrackPointExtension>
        </extensions>
      </trkpt>
      <trkpt lat="29.14811781607568264007568359375" lon="120.32820202410221099853515625">
        <ele>143</ele>
        <time>2016-07-16T11:49:08.000Z</time>
        <extensions>
          <ns3:TrackPointExtension>
            <ns3:hr>141</ns3:hr>
            <ns3:cad>97</ns3:cad>
          </ns3:TrackPointExtension>
        </extensions>
      </trkpt>
      <trkpt lat="29.148098789155483245849609375" lon="120.32822214066982269287109375">
        <ele>143.1999969482421875</ele>
        <time>2016-07-16T11:49:09.000Z</time>
        <extensions>
          <ns3:TrackPointExtension>
            <ns3:hr>141</ns3:hr>
            <ns3:cad>97</ns3:cad>
          </ns3:TrackPointExtension>
        </extensions>
      </trkpt>
      <trkpt lat="29.14808101952075958251953125" lon="120.32824669964611530303955078125">
        <ele>143.399993896484375</ele>
        <time>2016-07-16T11:49:10.000Z</time>
        <extensions>
          <ns3:TrackPointExtension>
            <ns3:hr>141</ns3:hr>
            <ns3:cad>98</ns3:cad>
          </ns3:TrackPointExtension>
        </extensions>
      </trkpt>
      <trkpt lat="29.1480629146099090576171875" lon="120.32827083952724933624267578125">
        <ele>143.399993896484375</ele>
        <time>2016-07-16T11:49:11.000Z</time>
        <extensions>
          <ns3:TrackPointExtension>
            <ns3:hr>141</ns3:hr>
            <ns3:cad>98</ns3:cad>
          </ns3:TrackPointExtension>
        </extensions>
      </trkpt>
      <trkpt lat="29.148045144975185394287109375" lon="120.3282933868467807769775390625">
        <ele>143.399993896484375</ele>
        <time>2016-07-16T11:49:12.000Z</time>
        <extensions>
          <ns3:TrackPointExtension>
            <ns3:hr>141</ns3:hr>
            <ns3:cad>97</ns3:cad>
          </ns3:TrackPointExtension>
        </extensions>
      </trkpt>
      <trkpt lat="29.14802846498787403106689453125" lon="120.32831677235662937164306640625">
        <ele>143.600006103515625</ele>
        <time>2016-07-16T11:49:13.000Z</time>
        <extensions>
          <ns3:TrackPointExtension>
            <ns3:hr>141</ns3:hr>
            <ns3:cad>97</ns3:cad>
          </ns3:TrackPointExtension>
        </extensions>
      </trkpt>
      <trkpt lat="29.1480146348476409912109375" lon="120.32833940349519252777099609375">
        <ele>143.600006103515625</ele>
        <time>2016-07-16T11:49:14.000Z</time>
        <extensions>
          <ns3:TrackPointExtension>
            <ns3:hr>141</ns3:hr>
            <ns3:cad>97</ns3:cad>
          </ns3:TrackPointExtension>
        </extensions>
      </trkpt>
      <trkpt lat="29.1480030678212642669677734375" lon="120.32836253754794597625732421875">
        <ele>143.600006103515625</ele>
        <time>2016-07-16T11:49:15.000Z</time>
        <extensions>
          <ns3:TrackPointExtension>
            <ns3:hr>141</ns3:hr>
            <ns3:cad>97</ns3:cad>
          </ns3:TrackPointExtension>
        </extensions>
      </trkpt>
      <trkpt lat="29.1479930095374584197998046875" lon="120.32838617451488971710205078125">
        <ele>143.600006103515625</ele>
        <time>2016-07-16T11:49:16.000Z</time>
        <extensions>
          <ns3:TrackPointExtension>
            <ns3:hr>141</ns3:hr>
            <ns3:cad>97</ns3:cad>
          </ns3:TrackPointExtension>
        </extensions>
      </trkpt>
      <trkpt lat="29.14798739366233348846435546875" lon="120.32840997911989688873291015625">
        <ele>143.600006103515625</ele>
        <time>2016-07-16T11:49:17.000Z</time>
        <extensions>
          <ns3:TrackPointExtension>
            <ns3:hr>141</ns3:hr>
            <ns3:cad>98</ns3:cad>
          </ns3:TrackPointExtension>
        </extensions>
      </trkpt>
      <trkpt lat="29.14798068813979625701904296875" lon="120.328435041010379791259765625">
        <ele>143.600006103515625</ele>
        <time>2016-07-16T11:49:18.000Z</time>
        <extensions>
          <ns3:TrackPointExtension>
            <ns3:hr>140</ns3:hr>
            <ns3:cad>98</ns3:cad>
          </ns3:TrackPointExtension>
        </extensions>
      </trkpt>
      <trkpt lat="29.14797549135982990264892578125" lon="120.328459180891513824462890625">
        <ele>143.8000030517578125</ele>
        <time>2016-07-16T11:49:19.000Z</time>
        <extensions>
          <ns3:TrackPointExtension>
            <ns3:hr>140</ns3:hr>
            <ns3:cad>98</ns3:cad>
          </ns3:TrackPointExtension>
        </extensions>
      </trkpt>
      <trkpt lat="29.1479698754847049713134765625" lon="120.32848457805812358856201171875">
        <ele>143.8000030517578125</ele>
        <time>2016-07-16T11:49:20.000Z</time>
        <extensions>
          <ns3:TrackPointExtension>
            <ns3:hr>140</ns3:hr>
            <ns3:cad>97</ns3:cad>
          </ns3:TrackPointExtension>
        </extensions>
      </trkpt>
      <trkpt lat="29.1479678638279438018798828125" lon="120.32853453420102596282958984375">
        <ele>144</ele>
        <time>2016-07-16T11:49:21.000Z</time>
        <extensions>
          <ns3:TrackPointExtension>
            <ns3:hr>140</ns3:hr>
            <ns3:cad>97</ns3:cad>
          </ns3:TrackPointExtension>
        </extensions>
      </trkpt>
      <trkpt lat="29.1479678638279438018798828125" lon="120.32853453420102596282958984375">
        <ele>144</ele>
        <time>2016-07-16T11:49:22.000Z</time>
        <extensions>
          <ns3:TrackPointExtension>
            <ns3:hr>139</ns3:hr>
            <ns3:cad>97</ns3:cad>
          </ns3:TrackPointExtension>
        </extensions>
      </trkpt>
      <trkpt lat="29.14796912111341953277587890625" lon="120.32856035046279430389404296875">
        <ele>144.1999969482421875</ele>
        <time>2016-07-16T11:49:23.000Z</time>
        <extensions>
          <ns3:TrackPointExtension>
            <ns3:hr>139</ns3:hr>
            <ns3:cad>97</ns3:cad>
          </ns3:TrackPointExtension>
        </extensions>
      </trkpt>
      <trkpt lat="29.147970713675022125244140625" lon="120.32858717255294322967529296875">
        <ele>144.1999969482421875</ele>
        <time>2016-07-16T11:49:24.000Z</time>
        <extensions>
          <ns3:TrackPointExtension>
            <ns3:hr>139</ns3:hr>
            <ns3:cad>97</ns3:cad>
          </ns3:TrackPointExtension>
        </extensions>
      </trkpt>
      <trkpt lat="29.14797280915081501007080078125" lon="120.32861332409083843231201171875">
        <ele>144.399993896484375</ele>
        <time>2016-07-16T11:49:25.000Z</time>
        <extensions>
          <ns3:TrackPointExtension>
            <ns3:hr>139</ns3:hr>
            <ns3:cad>97</ns3:cad>
          </ns3:TrackPointExtension>
        </extensions>
      </trkpt>
      <trkpt lat="29.14798219688236713409423828125" lon="120.3286615200340747833251953125">
        <ele>144.600006103515625</ele>
        <time>2016-07-16T11:49:26.000Z</time>
        <extensions>
          <ns3:TrackPointExtension>
            <ns3:hr>140</ns3:hr>
            <ns3:cad>97</ns3:cad>
          </ns3:TrackPointExtension>
        </extensions>
      </trkpt>
      <trkpt lat="29.14799024350941181182861328125" lon="120.32868490554392337799072265625">
        <ele>144.600006103515625</ele>
        <time>2016-07-16T11:49:27.000Z</time>
        <extensions>
          <ns3:TrackPointExtension>
            <ns3:hr>139</ns3:hr>
            <ns3:cad>97</ns3:cad>
          </ns3:TrackPointExtension>
        </extensions>
      </trkpt>
      <trkpt lat="29.14799845777451992034912109375" lon="120.32870854251086711883544921875">
        <ele>144.8000030517578125</ele>
        <time>2016-07-16T11:49:28.000Z</time>
        <extensions>
          <ns3:TrackPointExtension>
            <ns3:hr>139</ns3:hr>
            <ns3:cad>97</ns3:cad>
          </ns3:TrackPointExtension>
        </extensions>
      </trkpt>
      <trkpt lat="29.1480080969631671905517578125" lon="120.32873201183974742889404296875">
        <ele>144.8000030517578125</ele>
        <time>2016-07-16T11:49:29.000Z</time>
        <extensions>
          <ns3:TrackPointExtension>
            <ns3:hr>139</ns3:hr>
            <ns3:cad>97</ns3:cad>
          </ns3:TrackPointExtension>
        </extensions>
      </trkpt>
      <trkpt lat="29.1480080969631671905517578125" lon="120.32873201183974742889404296875">
        <ele>144.8000030517578125</ele>
        <time>2016-07-16T11:49:30.000Z</time>
        <extensions>
          <ns3:TrackPointExtension>
            <ns3:hr>139</ns3:hr>
            <ns3:cad>98</ns3:cad>
          </ns3:TrackPointExtension>
        </extensions>
      </trkpt>
      <trkpt lat="29.148017652332782745361328125" lon="120.32875648699700832366943359375">
        <ele>145</ele>
        <time>2016-07-16T11:49:31.000Z</time>
        <extensions>
          <ns3:TrackPointExtension>
            <ns3:hr>139</ns3:hr>
            <ns3:cad>98</ns3:cad>
          </ns3:TrackPointExtension>
        </extensions>
      </trkpt>
      <trkpt lat="29.14802947081625461578369140625" lon="120.3287818841636180877685546875">
        <ele>145</ele>
        <time>2016-07-16T11:49:32.000Z</time>
        <extensions>
          <ns3:TrackPointExtension>
            <ns3:hr>139</ns3:hr>
            <ns3:cad>98</ns3:cad>
          </ns3:TrackPointExtension>
        </extensions>
      </trkpt>
      <trkpt lat="29.14805687963962554931640625" lon="120.3288308344781398773193359375">
        <ele>145</ele>
        <time>2016-07-16T11:49:33.000Z</time>
        <extensions>
          <ns3:TrackPointExtension>
            <ns3:hr>140</ns3:hr>
            <ns3:cad>98</ns3:cad>
          </ns3:TrackPointExtension>
        </extensions>
      </trkpt>
      <trkpt lat="29.1480728052556514739990234375" lon="120.32885489054024219512939453125">
        <ele>145</ele>
        <time>2016-07-16T11:49:34.000Z</time>
        <extensions>
          <ns3:TrackPointExtension>
            <ns3:hr>140</ns3:hr>
            <ns3:cad>98</ns3:cad>
          </ns3:TrackPointExtension>
        </extensions>
      </trkpt>
      <trkpt lat="29.1480905748903751373291015625" lon="120.32887601293623447418212890625">
        <ele>145</ele>
        <time>2016-07-16T11:49:35.000Z</time>
        <extensions>
          <ns3:TrackPointExtension>
            <ns3:hr>140</ns3:hr>
            <ns3:cad>98</ns3:cad>
          </ns3:TrackPointExtension>
        </extensions>
      </trkpt>
      <trkpt lat="29.14811077527701854705810546875" lon="120.3288965485990047454833984375">
        <ele>145</ele>
        <time>2016-07-16T11:49:36.000Z</time>
        <extensions>
          <ns3:TrackPointExtension>
            <ns3:hr>141</ns3:hr>
            <ns3:cad>98</ns3:cad>
          </ns3:TrackPointExtension>
        </extensions>
      </trkpt>
      <trkpt lat="29.14813206531107425689697265625" lon="120.3289149887859821319580078125">
        <ele>145</ele>
        <time>2016-07-16T11:49:37.000Z</time>
        <extensions>
          <ns3:TrackPointExtension>
            <ns3:hr>141</ns3:hr>
            <ns3:cad>98</ns3:cad>
          </ns3:TrackPointExtension>
        </extensions>
      </trkpt>
      <trkpt lat="29.14813206531107425689697265625" lon="120.3289149887859821319580078125">
        <ele>145</ele>
        <time>2016-07-16T11:49:38.000Z</time>
        <extensions>
          <ns3:TrackPointExtension>
            <ns3:hr>141</ns3:hr>
            <ns3:cad>98</ns3:cad>
          </ns3:TrackPointExtension>
        </extensions>
      </trkpt>
      <trkpt lat="29.148153103888034820556640625" lon="120.3289317525923252105712890625">
        <ele>145</ele>
        <time>2016-07-16T11:49:39.000Z</time>
        <extensions>
          <ns3:TrackPointExtension>
            <ns3:hr>140</ns3:hr>
            <ns3:cad>98</ns3:cad>
          </ns3:TrackPointExtension>
        </extensions>
      </trkpt>
      <trkpt lat="29.14819501340389251708984375" lon="120.32896377146244049072265625">
        <ele>145</ele>
        <time>2016-07-16T11:49:40.000Z</time>
        <extensions>
          <ns3:TrackPointExtension>
            <ns3:hr>140</ns3:hr>
            <ns3:cad>98</ns3:cad>
          </ns3:TrackPointExtension>
        </extensions>
      </trkpt>
      <trkpt lat="29.14819501340389251708984375" lon="120.32896377146244049072265625">
        <ele>145</ele>
        <time>2016-07-16T11:49:41.000Z</time>
        <extensions>
          <ns3:TrackPointExtension>
            <ns3:hr>139</ns3:hr>
            <ns3:cad>97</ns3:cad>
          </ns3:TrackPointExtension>
        </extensions>
      </trkpt>
      <trkpt lat="29.14821538142859935760498046875" lon="120.32897927798330783843994140625">
        <ele>144.8000030517578125</ele>
        <time>2016-07-16T11:49:42.000Z</time>
        <extensions>
          <ns3:TrackPointExtension>
            <ns3:hr>139</ns3:hr>
            <ns3:cad>97</ns3:cad>
          </ns3:TrackPointExtension>
        </extensions>
      </trkpt>
      <trkpt lat="29.14823683910071849822998046875" lon="120.32899168320000171661376953125">
        <ele>144.8000030517578125</ele>
        <time>2016-07-16T11:49:43.000Z</time>
        <extensions>
          <ns3:TrackPointExtension>
            <ns3:hr>139</ns3:hr>
            <ns3:cad>97</ns3:cad>
          </ns3:TrackPointExtension>
        </extensions>
      </trkpt>
      <trkpt lat="29.14825611747801303863525390625" lon="120.32900207675993442535400390625">
        <ele>144.600006103515625</ele>
        <time>2016-07-16T11:49:44.000Z</time>
        <extensions>
          <ns3:TrackPointExtension>
            <ns3:hr>139</ns3:hr>
            <ns3:cad>97</ns3:cad>
          </ns3:TrackPointExtension>
        </extensions>
      </trkpt>
      <trkpt lat="29.14827707223594188690185546875" lon="120.32901297323405742645263671875">
        <ele>144.600006103515625</ele>
        <time>2016-07-16T11:49:45.000Z</time>
        <extensions>
          <ns3:TrackPointExtension>
            <ns3:hr>139</ns3:hr>
            <ns3:cad>97</ns3:cad>
          </ns3:TrackPointExtension>
        </extensions>
      </trkpt>
      <trkpt lat="29.14829961955547332763671875" lon="120.32902101986110210418701171875">
        <ele>144.600006103515625</ele>
        <time>2016-07-16T11:49:46.000Z</time>
        <extensions>
          <ns3:TrackPointExtension>
            <ns3:hr>139</ns3:hr>
            <ns3:cad>97</ns3:cad>
          </ns3:TrackPointExtension>
        </extensions>
      </trkpt>
      <trkpt lat="29.14832216687500476837158203125" lon="120.3290289826691150665283203125">
        <ele>144.399993896484375</ele>
        <time>2016-07-16T11:49:47.000Z</time>
        <extensions>
          <ns3:TrackPointExtension>
            <ns3:hr>139</ns3:hr>
            <ns3:cad>98</ns3:cad>
          </ns3:TrackPointExtension>
        </extensions>
      </trkpt>
      <trkpt lat="29.14834463037550449371337890625" lon="120.32903677783906459808349609375">
        <ele>144.399993896484375</ele>
        <time>2016-07-16T11:49:48.000Z</time>
        <extensions>
          <ns3:TrackPointExtension>
            <ns3:hr>139</ns3:hr>
            <ns3:cad>98</ns3:cad>
          </ns3:TrackPointExtension>
        </extensions>
      </trkpt>
      <trkpt lat="29.1483665071427822113037109375" lon="120.329042561352252960205078125">
        <ele>144.1999969482421875</ele>
        <time>2016-07-16T11:49:49.000Z</time>
        <extensions>
          <ns3:TrackPointExtension>
            <ns3:hr>139</ns3:hr>
            <ns3:cad>96</ns3:cad>
          </ns3:TrackPointExtension>
        </extensions>
      </trkpt>
      <trkpt lat="29.1483876295387744903564453125" lon="120.3290504403412342071533203125">
        <ele>144.1999969482421875</ele>
        <time>2016-07-16T11:49:50.000Z</time>
        <extensions>
          <ns3:TrackPointExtension>
            <ns3:hr>139</ns3:hr>
            <ns3:cad>96</ns3:cad>
          </ns3:TrackPointExtension>
        </extensions>
      </trkpt>
      <trkpt lat="29.14841118268668651580810546875" lon="120.3290561400353908538818359375">
        <ele>144.1999969482421875</ele>
        <time>2016-07-16T11:49:51.000Z</time>
        <extensions>
          <ns3:TrackPointExtension>
            <ns3:hr>139</ns3:hr>
            <ns3:cad>96</ns3:cad>
          </ns3:TrackPointExtension>
        </extensions>
      </trkpt>
      <trkpt lat="29.1484344005584716796875" lon="120.32906242646276950836181640625">
        <ele>144</ele>
        <time>2016-07-16T11:49:52.000Z</time>
        <extensions>
          <ns3:TrackPointExtension>
            <ns3:hr>139</ns3:hr>
            <ns3:cad>96</ns3:cad>
          </ns3:TrackPointExtension>
        </extensions>
      </trkpt>
      <trkpt lat="29.14845828898251056671142578125" lon="120.329072065651416778564453125">
        <ele>143.8000030517578125</ele>
        <time>2016-07-16T11:49:53.000Z</time>
        <extensions>
          <ns3:TrackPointExtension>
            <ns3:hr>139</ns3:hr>
            <ns3:cad>97</ns3:cad>
          </ns3:TrackPointExtension>
        </extensions>
      </trkpt>
      <trkpt lat="29.148481674492359161376953125" lon="120.32907885499298572540283203125">
        <ele>143.399993896484375</ele>
        <time>2016-07-16T11:49:54.000Z</time>
        <extensions>
          <ns3:TrackPointExtension>
            <ns3:hr>139</ns3:hr>
            <ns3:cad>96</ns3:cad>
          </ns3:TrackPointExtension>
        </extensions>
      </trkpt>
      <trkpt lat="29.148503132164478302001953125" lon="120.32908673398196697235107421875">
        <ele>143</ele>
        <time>2016-07-16T11:49:55.000Z</time>
        <extensions>
          <ns3:TrackPointExtension>
            <ns3:hr>139</ns3:hr>
            <ns3:cad>96</ns3:cad>
          </ns3:TrackPointExtension>
        </extensions>
      </trkpt>
      <trkpt lat="29.1485247574746608734130859375" lon="120.3290943615138530731201171875">
        <ele>142.8000030517578125</ele>
        <time>2016-07-16T11:49:56.000Z</time>
        <extensions>
          <ns3:TrackPointExtension>
            <ns3:hr>139</ns3:hr>
            <ns3:cad>97</ns3:cad>
          </ns3:TrackPointExtension>
        </extensions>
      </trkpt>
      <trkpt lat="29.14854638278484344482421875" lon="120.32910064794123172760009765625">
        <ele>142.399993896484375</ele>
        <time>2016-07-16T11:49:57.000Z</time>
        <extensions>
          <ns3:TrackPointExtension>
            <ns3:hr>139</ns3:hr>
            <ns3:cad>97</ns3:cad>
          </ns3:TrackPointExtension>
        </extensions>
      </trkpt>
      <trkpt lat="29.14856918156147003173828125" lon="120.32910936512053012847900390625">
        <ele>142</ele>
        <time>2016-07-16T11:49:58.000Z</time>
        <extensions>
          <ns3:TrackPointExtension>
            <ns3:hr>138</ns3:hr>
            <ns3:cad>97</ns3:cad>
          </ns3:TrackPointExtension>
        </extensions>
      </trkpt>
      <trkpt lat="29.14859256707131862640380859375" lon="120.32911607064306735992431640625">
        <ele>141.600006103515625</ele>
        <time>2016-07-16T11:49:59.000Z</time>
        <extensions>
          <ns3:TrackPointExtension>
            <ns3:hr>138</ns3:hr>
            <ns3:cad>97</ns3:cad>
          </ns3:TrackPointExtension>
        </extensions>
      </trkpt>
      <trkpt lat="29.148615784943103790283203125" lon="120.32912277616560459136962890625">
        <ele>141.1999969482421875</ele>
        <time>2016-07-16T11:50:00.000Z</time>
        <extensions>
          <ns3:TrackPointExtension>
            <ns3:hr>138</ns3:hr>
            <ns3:cad>97</ns3:cad>
          </ns3:TrackPointExtension>
        </extensions>
      </trkpt>
      <trkpt lat="29.14863984100520610809326171875" lon="120.32913199625909328460693359375">
        <ele>140.8000030517578125</ele>
        <time>2016-07-16T11:50:01.000Z</time>
        <extensions>
          <ns3:TrackPointExtension>
            <ns3:hr>138</ns3:hr>
            <ns3:cad>97</ns3:cad>
          </ns3:TrackPointExtension>
        </extensions>
      </trkpt>
      <trkpt lat="29.14866171777248382568359375" lon="120.32914079725742340087890625">
        <ele>140.399993896484375</ele>
        <time>2016-07-16T11:50:02.000Z</time>
        <extensions>
          <ns3:TrackPointExtension>
            <ns3:hr>137</ns3:hr>
            <ns3:cad>98</ns3:cad>
          </ns3:TrackPointExtension>
        </extensions>
      </trkpt>
      <trkpt lat="29.148683845996856689453125" lon="120.329150520265102386474609375">
        <ele>140</ele>
        <time>2016-07-16T11:50:03.000Z</time>
        <extensions>
          <ns3:TrackPointExtension>
            <ns3:hr>137</ns3:hr>
            <ns3:cad>98</ns3:cad>
          </ns3:TrackPointExtension>
        </extensions>
      </trkpt>
      <trkpt lat="29.1487081535160541534423828125" lon="120.32915982417762279510498046875">
        <ele>139.600006103515625</ele>
        <time>2016-07-16T11:50:04.000Z</time>
        <extensions>
          <ns3:TrackPointExtension>
            <ns3:hr>137</ns3:hr>
            <ns3:cad>98</ns3:cad>
          </ns3:TrackPointExtension>
        </extensions>
      </trkpt>
      <trkpt lat="29.1487309522926807403564453125" lon="120.329170636832714080810546875">
        <ele>139.399993896484375</ele>
        <time>2016-07-16T11:50:05.000Z</time>
        <extensions>
          <ns3:TrackPointExtension>
            <ns3:hr>137</ns3:hr>
            <ns3:cad>97</ns3:cad>
          </ns3:TrackPointExtension>
        </extensions>
      </trkpt>
      <trkpt lat="29.14875400252640247344970703125" lon="120.3291801922023296356201171875">
        <ele>139.1999969482421875</ele>
        <time>2016-07-16T11:50:06.000Z</time>
        <extensions>
          <ns3:TrackPointExtension>
            <ns3:hr>137</ns3:hr>
            <ns3:cad>96</ns3:cad>
          </ns3:TrackPointExtension>
        </extensions>
      </trkpt>
      <trkpt lat="29.14877797476947307586669921875" lon="120.32918714918196201324462890625">
        <ele>139</ele>
        <time>2016-07-16T11:50:07.000Z</time>
        <extensions>
          <ns3:TrackPointExtension>
            <ns3:hr>137</ns3:hr>
            <ns3:cad>96</ns3:cad>
          </ns3:TrackPointExtension>
        </extensions>
      </trkpt>
      <trkpt lat="29.148801863193511962890625" lon="120.32919335179030895233154296875">
        <ele>139</ele>
        <time>2016-07-16T11:50:08.000Z</time>
        <extensions>
          <ns3:TrackPointExtension>
            <ns3:hr>138</ns3:hr>
            <ns3:cad>96</ns3:cad>
          </ns3:TrackPointExtension>
        </extensions>
      </trkpt>
      <trkpt lat="29.14884821511805057525634765625" lon="120.32920978032052516937255859375">
        <ele>138.600006103515625</ele>
        <time>2016-07-16T11:50:09.000Z</time>
        <extensions>
          <ns3:TrackPointExtension>
            <ns3:hr>138</ns3:hr>
            <ns3:cad>96</ns3:cad>
          </ns3:TrackPointExtension>
        </extensions>
      </trkpt>
      <trkpt lat="29.14884821511805057525634765625" lon="120.32920978032052516937255859375">
        <ele>138.600006103515625</ele>
        <time>2016-07-16T11:50:10.000Z</time>
        <extensions>
          <ns3:TrackPointExtension>
            <ns3:hr>138</ns3:hr>
            <ns3:cad>97</ns3:cad>
          </ns3:TrackPointExtension>
        </extensions>
      </trkpt>
      <trkpt lat="29.14887218736112117767333984375" lon="120.3292174078524112701416015625">
        <ele>138.399993896484375</ele>
        <time>2016-07-16T11:50:11.000Z</time>
        <extensions>
          <ns3:TrackPointExtension>
            <ns3:hr>138</ns3:hr>
            <ns3:cad>97</ns3:cad>
          </ns3:TrackPointExtension>
        </extensions>
      </trkpt>
      <trkpt lat="29.1488969139754772186279296875" lon="120.32922252081334590911865234375">
        <ele>138.399993896484375</ele>
        <time>2016-07-16T11:50:12.000Z</time>
        <extensions>
          <ns3:TrackPointExtension>
            <ns3:hr>139</ns3:hr>
            <ns3:cad>97</ns3:cad>
          </ns3:TrackPointExtension>
        </extensions>
      </trkpt>
      <trkpt lat="29.14892180822789669036865234375" lon="120.32922662794589996337890625">
        <ele>138.1999969482421875</ele>
        <time>2016-07-16T11:50:13.000Z</time>
        <extensions>
          <ns3:TrackPointExtension>
            <ns3:hr>139</ns3:hr>
            <ns3:cad>97</ns3:cad>
          </ns3:TrackPointExtension>
        </extensions>
      </trkpt>
      <trkpt lat="29.14894477464258670806884765625" lon="120.329235009849071502685546875">
        <ele>138</ele>
        <time>2016-07-16T11:50:14.000Z</time>
        <extensions>
          <ns3:TrackPointExtension>
            <ns3:hr>139</ns3:hr>
            <ns3:cad>97</ns3:cad>
          </ns3:TrackPointExtension>
        </extensions>
      </trkpt>
      <trkpt lat="29.1489666514098644256591796875" lon="120.3292435593903064727783203125">
        <ele>138</ele>
        <time>2016-07-16T11:50:15.000Z</time>
        <extensions>
          <ns3:TrackPointExtension>
            <ns3:hr>139</ns3:hr>
            <ns3:cad>96</ns3:cad>
          </ns3:TrackPointExtension>
        </extensions>
      </trkpt>
      <trkpt lat="29.14898701943457126617431640625" lon="120.32925219275057315826416015625">
        <ele>137.8000030517578125</ele>
        <time>2016-07-16T11:50:16.000Z</time>
        <extensions>
          <ns3:TrackPointExtension>
            <ns3:hr>140</ns3:hr>
            <ns3:cad>96</ns3:cad>
          </ns3:TrackPointExtension>
        </extensions>
      </trkpt>
      <trkpt lat="29.1490099020302295684814453125" lon="120.329261831939220428466796875">
        <ele>137.8000030517578125</ele>
        <time>2016-07-16T11:50:17.000Z</time>
        <extensions>
          <ns3:TrackPointExtension>
            <ns3:hr>140</ns3:hr>
            <ns3:cad>97</ns3:cad>
          </ns3:TrackPointExtension>
        </extensions>
      </trkpt>
      <trkpt lat="29.14903186261653900146484375" lon="120.329268872737884521484375">
        <ele>138</ele>
        <time>2016-07-16T11:50:18.000Z</time>
        <extensions>
          <ns3:TrackPointExtension>
            <ns3:hr>139</ns3:hr>
            <ns3:cad>97</ns3:cad>
          </ns3:TrackPointExtension>
        </extensions>
      </trkpt>
      <trkpt lat="29.14905508048832416534423828125" lon="120.32927566207945346832275390625">
        <ele>138.1999969482421875</ele>
        <time>2016-07-16T11:50:19.000Z</time>
        <extensions>
          <ns3:TrackPointExtension>
            <ns3:hr>139</ns3:hr>
            <ns3:cad>99</ns3:cad>
          </ns3:TrackPointExtension>
        </extensions>
      </trkpt>
      <trkpt lat="29.1490799747407436370849609375" lon="120.329279936850070953369140625">
        <ele>138.399993896484375</ele>
        <time>2016-07-16T11:50:20.000Z</time>
        <extensions>
          <ns3:TrackPointExtension>
            <ns3:hr>139</ns3:hr>
            <ns3:cad>99</ns3:cad>
          </ns3:TrackPointExtension>
        </extensions>
      </trkpt>
      <trkpt lat="29.14910570718348026275634765625" lon="120.3292817808687686920166015625">
        <ele>138.600006103515625</ele>
        <time>2016-07-16T11:50:21.000Z</time>
        <extensions>
          <ns3:TrackPointExtension>
            <ns3:hr>139</ns3:hr>
            <ns3:cad>97</ns3:cad>
          </ns3:TrackPointExtension>
        </extensions>
      </trkpt>
      <trkpt lat="29.149132110178470611572265625" lon="120.32928370870649814605712890625">
        <ele>138.8000030517578125</ele>
        <time>2016-07-16T11:50:22.000Z</time>
        <extensions>
          <ns3:TrackPointExtension>
            <ns3:hr>139</ns3:hr>
            <ns3:cad>96</ns3:cad>
          </ns3:TrackPointExtension>
        </extensions>
      </trkpt>
      <trkpt lat="29.1491572558879852294921875" lon="120.32928069122135639190673828125">
        <ele>139</ele>
        <time>2016-07-16T11:50:23.000Z</time>
        <extensions>
          <ns3:TrackPointExtension>
            <ns3:hr>139</ns3:hr>
            <ns3:cad>96</ns3:cad>
          </ns3:TrackPointExtension>
        </extensions>
      </trkpt>
      <trkpt lat="29.1491808928549289703369140625" lon="120.32927834428846836090087890625">
        <ele>139</ele>
        <time>2016-07-16T11:50:24.000Z</time>
        <extensions>
          <ns3:TrackPointExtension>
            <ns3:hr>139</ns3:hr>
            <ns3:cad>96</ns3:cad>
          </ns3:TrackPointExtension>
        </extensions>
      </trkpt>
      <trkpt lat="29.14920478127896785736083984375" lon="120.32927432097494602203369140625">
        <ele>139.1999969482421875</ele>
        <time>2016-07-16T11:50:25.000Z</time>
        <extensions>
          <ns3:TrackPointExtension>
            <ns3:hr>139</ns3:hr>
            <ns3:cad>97</ns3:cad>
          </ns3:TrackPointExtension>
        </extensions>
      </trkpt>
      <trkpt lat="29.14922690950334072113037109375" lon="120.32926686108112335205078125">
        <ele>139.399993896484375</ele>
        <time>2016-07-16T11:50:26.000Z</time>
        <extensions>
          <ns3:TrackPointExtension>
            <ns3:hr>139</ns3:hr>
            <ns3:cad>97</ns3:cad>
          </ns3:TrackPointExtension>
        </extensions>
      </trkpt>
      <trkpt lat="29.149248786270618438720703125" lon="120.32925873063504695892333984375">
        <ele>139.600006103515625</ele>
        <time>2016-07-16T11:50:27.000Z</time>
        <extensions>
          <ns3:TrackPointExtension>
            <ns3:hr>139</ns3:hr>
            <ns3:cad>97</ns3:cad>
          </ns3:TrackPointExtension>
        </extensions>
      </trkpt>
      <trkpt lat="29.14927057921886444091796875" lon="120.3292492590844631195068359375">
        <ele>140</ele>
        <time>2016-07-16T11:50:28.000Z</time>
        <extensions>
          <ns3:TrackPointExtension>
            <ns3:hr>139</ns3:hr>
            <ns3:cad>97</ns3:cad>
          </ns3:TrackPointExtension>
        </extensions>
      </trkpt>
      <trkpt lat="29.14929228834807872772216796875" lon="120.3292418830096721649169921875">
        <ele>140</ele>
        <time>2016-07-16T11:50:29.000Z</time>
        <extensions>
          <ns3:TrackPointExtension>
            <ns3:hr>139</ns3:hr>
            <ns3:cad>97</ns3:cad>
          </ns3:TrackPointExtension>
        </extensions>
      </trkpt>
      <trkpt lat="29.14931357838213443756103515625" lon="120.329231657087802886962890625">
        <ele>140.1999969482421875</ele>
        <time>2016-07-16T11:50:30.000Z</time>
        <extensions>
          <ns3:TrackPointExtension>
            <ns3:hr>139</ns3:hr>
            <ns3:cad>97</ns3:cad>
          </ns3:TrackPointExtension>
        </extensions>
      </trkpt>
      <trkpt lat="29.14933252148330211639404296875" lon="120.32922000624239444732666015625">
        <ele>140.1999969482421875</ele>
        <time>2016-07-16T11:50:31.000Z</time>
        <extensions>
          <ns3:TrackPointExtension>
            <ns3:hr>140</ns3:hr>
            <ns3:cad>97</ns3:cad>
          </ns3:TrackPointExtension>
        </extensions>
      </trkpt>
      <trkpt lat="29.1493518836796283721923828125" lon="120.32920743338763713836669921875">
        <ele>140.1999969482421875</ele>
        <time>2016-07-16T11:50:32.000Z</time>
        <extensions>
          <ns3:TrackPointExtension>
            <ns3:hr>140</ns3:hr>
            <ns3:cad>97</ns3:cad>
          </ns3:TrackPointExtension>
        </extensions>
      </trkpt>
      <trkpt lat="29.149372167885303497314453125" lon="120.329193770885467529296875">
        <ele>140.399993896484375</ele>
        <time>2016-07-16T11:50:33.000Z</time>
        <extensions>
          <ns3:TrackPointExtension>
            <ns3:hr>140</ns3:hr>
            <ns3:cad>97</ns3:cad>
          </ns3:TrackPointExtension>
        </extensions>
      </trkpt>
      <trkpt lat="29.14939018897712230682373046875" lon="120.329175330698490142822265625">
        <ele>140.399993896484375</ele>
        <time>2016-07-16T11:50:34.000Z</time>
        <extensions>
          <ns3:TrackPointExtension>
            <ns3:hr>141</ns3:hr>
            <ns3:cad>97</ns3:cad>
          </ns3:TrackPointExtension>
        </extensions>
      </trkpt>
      <trkpt lat="29.149408377707004547119140625" lon="120.32915831543505191802978515625">
        <ele>140.600006103515625</ele>
        <time>2016-07-16T11:50:35.000Z</time>
        <extensions>
          <ns3:TrackPointExtension>
            <ns3:hr>141</ns3:hr>
            <ns3:cad>97</ns3:cad>
          </ns3:TrackPointExtension>
        </extensions>
      </trkpt>
      <trkpt lat="29.14942505769431591033935546875" lon="120.3291409648954868316650390625">
        <ele>140.8000030517578125</ele>
        <time>2016-07-16T11:50:36.000Z</time>
        <extensions>
          <ns3:TrackPointExtension>
            <ns3:hr>141</ns3:hr>
            <ns3:cad>97</ns3:cad>
          </ns3:TrackPointExtension>
        </extensions>
      </trkpt>
      <trkpt lat="29.14943997748196125030517578125" lon="120.3291211836040019989013671875">
        <ele>141</ele>
        <time>2016-07-16T11:50:37.000Z</time>
        <extensions>
          <ns3:TrackPointExtension>
            <ns3:hr>141</ns3:hr>
            <ns3:cad>97</ns3:cad>
          </ns3:TrackPointExtension>
        </extensions>
      </trkpt>
      <trkpt lat="29.1494551487267017364501953125" lon="120.32910098321735858917236328125">
        <ele>141.1999969482421875</ele>
        <time>2016-07-16T11:50:38.000Z</time>
        <extensions>
          <ns3:TrackPointExtension>
            <ns3:hr>141</ns3:hr>
            <ns3:cad>97</ns3:cad>
          </ns3:TrackPointExtension>
        </extensions>
      </trkpt>
      <trkpt lat="29.1494678892195224761962890625" lon="120.329079441726207733154296875">
        <ele>141.1999969482421875</ele>
        <time>2016-07-16T11:50:39.000Z</time>
        <extensions>
          <ns3:TrackPointExtension>
            <ns3:hr>142</ns3:hr>
            <ns3:cad>97</ns3:cad>
          </ns3:TrackPointExtension>
        </extensions>
      </trkpt>
      <trkpt lat="29.14948071353137493133544921875" lon="120.3290574811398983001708984375">
        <ele>141.399993896484375</ele>
        <time>2016-07-16T11:50:40.000Z</time>
        <extensions>
          <ns3:TrackPointExtension>
            <ns3:hr>142</ns3:hr>
            <ns3:cad>97</ns3:cad>
          </ns3:TrackPointExtension>
        </extensions>
      </trkpt>
      <trkpt lat="29.14949278347194194793701171875" lon="120.3290340118110179901123046875">
        <ele>141.600006103515625</ele>
        <time>2016-07-16T11:50:41.000Z</time>
        <extensions>
          <ns3:TrackPointExtension>
            <ns3:hr>142</ns3:hr>
            <ns3:cad>97</ns3:cad>
          </ns3:TrackPointExtension>
        </extensions>
      </trkpt>
      <trkpt lat="29.1495020873844623565673828125" lon="120.32901062630116939544677734375">
        <ele>141.8000030517578125</ele>
        <time>2016-07-16T11:50:42.000Z</time>
        <extensions>
          <ns3:TrackPointExtension>
            <ns3:hr>143</ns3:hr>
            <ns3:cad>97</ns3:cad>
          </ns3:TrackPointExtension>
        </extensions>
      </trkpt>
      <trkpt lat="29.149510972201824188232421875" lon="120.328985564410686492919921875">
        <ele>142</ele>
        <time>2016-07-16T11:50:43.000Z</time>
        <extensions>
          <ns3:TrackPointExtension>
            <ns3:hr>144</ns3:hr>
            <ns3:cad>99</ns3:cad>
          </ns3:TrackPointExtension>
        </extensions>
      </trkpt>
      <trkpt lat="29.149518348276615142822265625" lon="120.328960753977298736572265625">
        <ele>142</ele>
        <time>2016-07-16T11:50:44.000Z</time>
        <extensions>
          <ns3:TrackPointExtension>
            <ns3:hr>144</ns3:hr>
            <ns3:cad>99</ns3:cad>
          </ns3:TrackPointExtension>
        </extensions>
      </trkpt>
      <trkpt lat="29.1495228745043277740478515625" lon="120.32893686555325984954833984375">
        <ele>142.1999969482421875</ele>
        <time>2016-07-16T11:50:45.000Z</time>
        <extensions>
          <ns3:TrackPointExtension>
            <ns3:hr>143</ns3:hr>
            <ns3:cad>98</ns3:cad>
          </ns3:TrackPointExtension>
        </extensions>
      </trkpt>
      <trkpt lat="29.14952681399881839752197265625" lon="120.32891239039599895477294921875">
        <ele>142.399993896484375</ele>
        <time>2016-07-16T11:50:46.000Z</time>
        <extensions>
          <ns3:TrackPointExtension>
            <ns3:hr>143</ns3:hr>
            <ns3:cad>98</ns3:cad>
          </ns3:TrackPointExtension>
        </extensions>
      </trkpt>
      <trkpt lat="29.14952899329364299774169921875" lon="120.3288874961435794830322265625">
        <ele>142.399993896484375</ele>
        <time>2016-07-16T11:50:47.000Z</time>
        <extensions>
          <ns3:TrackPointExtension>
            <ns3:hr>143</ns3:hr>
            <ns3:cad>98</ns3:cad>
          </ns3:TrackPointExtension>
        </extensions>
      </trkpt>
      <trkpt lat="29.1495309211313724517822265625" lon="120.3288610093295574188232421875">
        <ele>142.600006103515625</ele>
        <time>2016-07-16T11:50:48.000Z</time>
        <extensions>
          <ns3:TrackPointExtension>
            <ns3:hr>143</ns3:hr>
            <ns3:cad>98</ns3:cad>
          </ns3:TrackPointExtension>
        </extensions>
      </trkpt>
      <trkpt lat="29.1495312564074993133544921875" lon="120.32883175648748874664306640625">
        <ele>142.600006103515625</ele>
        <time>2016-07-16T11:50:49.000Z</time>
        <extensions>
          <ns3:TrackPointExtension>
            <ns3:hr>143</ns3:hr>
            <ns3:cad>96</ns3:cad>
          </ns3:TrackPointExtension>
        </extensions>
      </trkpt>
      <trkpt lat="29.1495305858552455902099609375" lon="120.32880325801670551300048828125">
        <ele>142.8000030517578125</ele>
        <time>2016-07-16T11:50:50.000Z</time>
        <extensions>
          <ns3:TrackPointExtension>
            <ns3:hr>144</ns3:hr>
            <ns3:cad>96</ns3:cad>
          </ns3:TrackPointExtension>
        </extensions>
      </trkpt>
      <trkpt lat="29.14952681399881839752197265625" lon="120.3287728317081928253173828125">
        <ele>142.8000030517578125</ele>
        <time>2016-07-16T11:50:51.000Z</time>
        <extensions>
          <ns3:TrackPointExtension>
            <ns3:hr>144</ns3:hr>
            <ns3:cad>96</ns3:cad>
          </ns3:TrackPointExtension>
        </extensions>
      </trkpt>
      <trkpt lat="29.1495218686759471893310546875" lon="120.328744165599346160888671875">
        <ele>143</ele>
        <time>2016-07-16T11:50:52.000Z</time>
        <extensions>
          <ns3:TrackPointExtension>
            <ns3:hr>144</ns3:hr>
            <ns3:cad>97</ns3:cad>
          </ns3:TrackPointExtension>
        </extensions>
      </trkpt>
      <trkpt lat="29.14951574988663196563720703125" lon="120.3287181816995143890380859375">
        <ele>143</ele>
        <time>2016-07-16T11:50:53.000Z</time>
        <extensions>
          <ns3:TrackPointExtension>
            <ns3:hr>145</ns3:hr>
            <ns3:cad>97</ns3:cad>
          </ns3:TrackPointExtension>
        </extensions>
      </trkpt>
      <trkpt lat="29.14950795471668243408203125" lon="120.32869094051420688629150390625">
        <ele>143.1999969482421875</ele>
        <time>2016-07-16T11:50:54.000Z</time>
        <extensions>
          <ns3:TrackPointExtension>
            <ns3:hr>144</ns3:hr>
            <ns3:cad>97</ns3:cad>
          </ns3:TrackPointExtension>
        </extensions>
      </trkpt>
      <trkpt lat="29.14949856698513031005859375" lon="120.3286662138998508453369140625">
        <ele>143.399993896484375</ele>
        <time>2016-07-16T11:50:55.000Z</time>
        <extensions>
          <ns3:TrackPointExtension>
            <ns3:hr>144</ns3:hr>
            <ns3:cad>97</ns3:cad>
          </ns3:TrackPointExtension>
        </extensions>
      </trkpt>
      <trkpt lat="29.14948792196810245513916015625" lon="120.3286397270858287811279296875">
        <ele>143.600006103515625</ele>
        <time>2016-07-16T11:50:56.000Z</time>
        <extensions>
          <ns3:TrackPointExtension>
            <ns3:hr>144</ns3:hr>
            <ns3:cad>97</ns3:cad>
          </ns3:TrackPointExtension>
        </extensions>
      </trkpt>
      <trkpt lat="29.149479456245899200439453125" lon="120.32861332409083843231201171875">
        <ele>143.8000030517578125</ele>
        <time>2016-07-16T11:50:57.000Z</time>
        <extensions>
          <ns3:TrackPointExtension>
            <ns3:hr>144</ns3:hr>
            <ns3:cad>97</ns3:cad>
          </ns3:TrackPointExtension>
        </extensions>
      </trkpt>
      <trkpt lat="29.1494715772569179534912109375" lon="120.3285867534577846527099609375">
        <ele>143.8000030517578125</ele>
        <time>2016-07-16T11:50:58.000Z</time>
        <extensions>
          <ns3:TrackPointExtension>
            <ns3:hr>144</ns3:hr>
            <ns3:cad>97</ns3:cad>
          </ns3:TrackPointExtension>
        </extensions>
      </trkpt>
      <trkpt lat="29.149460680782794952392578125" lon="120.32856001518666744232177734375">
        <ele>144</ele>
        <time>2016-07-16T11:50:59.000Z</time>
        <extensions>
          <ns3:TrackPointExtension>
            <ns3:hr>145</ns3:hr>
            <ns3:cad>97</ns3:cad>
          </ns3:TrackPointExtension>
        </extensions>
      </trkpt>
      <trkpt lat="29.14944894611835479736328125" lon="120.32853604294359683990478515625">
        <ele>144</ele>
        <time>2016-07-16T11:51:00.000Z</time>
        <extensions>
          <ns3:TrackPointExtension>
            <ns3:hr>145</ns3:hr>
            <ns3:cad>97</ns3:cad>
          </ns3:TrackPointExtension>
        </extensions>
      </trkpt>
      <trkpt lat="29.149433858692646026611328125" lon="120.3285139985382556915283203125">
        <ele>144.1999969482421875</ele>
        <time>2016-07-16T11:51:01.000Z</time>
        <extensions>
          <ns3:TrackPointExtension>
            <ns3:hr>145</ns3:hr>
            <ns3:cad>97</ns3:cad>
          </ns3:TrackPointExtension>
        </extensions>
      </trkpt>
      <trkpt lat="29.1494189389050006866455078125" lon="120.3284925408661365509033203125">
        <ele>144.1999969482421875</ele>
        <time>2016-07-16T11:51:02.000Z</time>
        <extensions>
          <ns3:TrackPointExtension>
            <ns3:hr>144</ns3:hr>
            <ns3:cad>97</ns3:cad>
          </ns3:TrackPointExtension>
        </extensions>
      </trkpt>
      <trkpt lat="29.14940360002219676971435546875" lon="120.3284714184701442718505859375">
        <ele>144.1999969482421875</ele>
        <time>2016-07-16T11:51:03.000Z</time>
        <extensions>
          <ns3:TrackPointExtension>
            <ns3:hr>144</ns3:hr>
            <ns3:cad>97</ns3:cad>
          </ns3:TrackPointExtension>
        </extensions>
      </trkpt>
      <trkpt lat="29.14938599802553653717041015625" lon="120.3284521400928497314453125">
        <ele>144</ele>
        <time>2016-07-16T11:51:04.000Z</time>
        <extensions>
          <ns3:TrackPointExtension>
            <ns3:hr>143</ns3:hr>
            <ns3:cad>97</ns3:cad>
          </ns3:TrackPointExtension>
        </extensions>
      </trkpt>
      <trkpt lat="29.14936655201017856597900390625" lon="120.32843462191522121429443359375">
        <ele>144</ele>
        <time>2016-07-16T11:51:05.000Z</time>
        <extensions>
          <ns3:TrackPointExtension>
            <ns3:hr>143</ns3:hr>
            <ns3:cad>97</ns3:cad>
          </ns3:TrackPointExtension>
        </extensions>
      </trkpt>
      <trkpt lat="29.14934643544256687164306640625" lon="120.32841970212757587432861328125">
        <ele>143.8000030517578125</ele>
        <time>2016-07-16T11:51:06.000Z</time>
        <extensions>
          <ns3:TrackPointExtension>
            <ns3:hr>143</ns3:hr>
            <ns3:cad>97</ns3:cad>
          </ns3:TrackPointExtension>
        </extensions>
      </trkpt>
      <trkpt lat="29.1493267379701137542724609375" lon="120.3284043632447719573974609375">
        <ele>143.8000030517578125</ele>
        <time>2016-07-16T11:51:07.000Z</time>
        <extensions>
          <ns3:TrackPointExtension>
            <ns3:hr>142</ns3:hr>
            <ns3:cad>98</ns3:cad>
          </ns3:TrackPointExtension>
        </extensions>
      </trkpt>
      <trkpt lat="29.1493069566786289215087890625" lon="120.3283909521996974945068359375">
        <ele>143.600006103515625</ele>
        <time>2016-07-16T11:51:08.000Z</time>
        <extensions>
          <ns3:TrackPointExtension>
            <ns3:hr>142</ns3:hr>
            <ns3:cad>98</ns3:cad>
          </ns3:TrackPointExtension>
        </extensions>
      </trkpt>
      <trkpt lat="29.1492821462452411651611328125" lon="120.32838164828717708587646484375">
        <ele>143.399993896484375</ele>
        <time>2016-07-16T11:51:09.000Z</time>
        <extensions>
          <ns3:TrackPointExtension>
            <ns3:hr>143</ns3:hr>
            <ns3:cad>97</ns3:cad>
          </ns3:TrackPointExtension>
        </extensions>
      </trkpt>
      <trkpt lat="29.1492543183267116546630859375" lon="120.32837175764143466949462890625">
        <ele>143.1999969482421875</ele>
        <time>2016-07-16T11:51:10.000Z</time>
        <extensions>
          <ns3:TrackPointExtension>
            <ns3:hr>143</ns3:hr>
            <ns3:cad>97</ns3:cad>
          </ns3:TrackPointExtension>
        </extensions>
      </trkpt>
      <trkpt lat="29.14923126809298992156982421875" lon="120.3283634595572948455810546875">
        <ele>143.1999969482421875</ele>
        <time>2016-07-16T11:51:11.000Z</time>
        <extensions>
          <ns3:TrackPointExtension>
            <ns3:hr>142</ns3:hr>
            <ns3:cad>97</ns3:cad>
          </ns3:TrackPointExtension>
        </extensions>
      </trkpt>
      <trkpt lat="29.14920545183122158050537109375" lon="120.3283564187586307525634765625">
        <ele>143</ele>
        <time>2016-07-16T11:51:12.000Z</time>
        <extensions>
          <ns3:TrackPointExtension>
            <ns3:hr>142</ns3:hr>
            <ns3:cad>97</ns3:cad>
          </ns3:TrackPointExtension>
        </extensions>
      </trkpt>
      <trkpt lat="29.14917645044624805450439453125" lon="120.32834946177899837493896484375">
        <ele>143</ele>
        <time>2016-07-16T11:51:13.000Z</time>
        <extensions>
          <ns3:TrackPointExtension>
            <ns3:hr>143</ns3:hr>
            <ns3:cad>97</ns3:cad>
          </ns3:TrackPointExtension>
        </extensions>
      </trkpt>
      <trkpt lat="29.14915080182254314422607421875" lon="120.32834191806614398956298828125">
        <ele>142.8000030517578125</ele>
        <time>2016-07-16T11:51:14.000Z</time>
        <extensions>
          <ns3:TrackPointExtension>
            <ns3:hr>142</ns3:hr>
            <ns3:cad>97</ns3:cad>
          </ns3:TrackPointExtension>
        </extensions>
      </trkpt>
      <trkpt lat="29.14912314154207706451416015625" lon="120.328334458172321319580078125">
        <ele>142.8000030517578125</ele>
        <time>2016-07-16T11:51:15.000Z</time>
        <extensions>
          <ns3:TrackPointExtension>
            <ns3:hr>141</ns3:hr>
            <ns3:cad>97</ns3:cad>
          </ns3:TrackPointExtension>
        </extensions>
      </trkpt>
      <trkpt lat="29.1490970738232135772705078125" lon="120.32832699827849864959716796875">
        <ele>142.600006103515625</ele>
        <time>2016-07-16T11:51:16.000Z</time>
        <extensions>
          <ns3:TrackPointExtension>
            <ns3:hr>141</ns3:hr>
            <ns3:cad>97</ns3:cad>
          </ns3:TrackPointExtension>
        </extensions>
      </trkpt>
      <trkpt lat="29.14907318539917469024658203125" lon="120.32831945456564426422119140625">
        <ele>142.399993896484375</ele>
        <time>2016-07-16T11:51:17.000Z</time>
        <extensions>
          <ns3:TrackPointExtension>
            <ns3:hr>141</ns3:hr>
            <ns3:cad>97</ns3:cad>
          </ns3:TrackPointExtension>
        </extensions>
      </trkpt>
      <trkpt lat="29.1490497998893260955810546875" lon="120.32831073738634586334228515625">
        <ele>142.399993896484375</ele>
        <time>2016-07-16T11:51:18.000Z</time>
        <extensions>
          <ns3:TrackPointExtension>
            <ns3:hr>141</ns3:hr>
            <ns3:cad>97</ns3:cad>
          </ns3:TrackPointExtension>
        </extensions>
      </trkpt>
      <trkpt lat="29.14902540855109691619873046875" lon="120.32830386422574520111083984375">
        <ele>142.1999969482421875</ele>
        <time>2016-07-16T11:51:19.000Z</time>
        <extensions>
          <ns3:TrackPointExtension>
            <ns3:hr>142</ns3:hr>
            <ns3:cad>98</ns3:cad>
          </ns3:TrackPointExtension>
        </extensions>
      </trkpt>
      <trkpt lat="29.149001352488994598388671875" lon="120.3282947279512882232666015625">
        <ele>142</ele>
        <time>2016-07-16T11:51:20.000Z</time>
        <extensions>
          <ns3:TrackPointExtension>
            <ns3:hr>143</ns3:hr>
            <ns3:cad>98</ns3:cad>
          </ns3:TrackPointExtension>
        </extensions>
      </trkpt>
      <trkpt lat="29.1489767096936702728271484375" lon="120.3282860107719898223876953125">
        <ele>142</ele>
        <time>2016-07-16T11:51:21.000Z</time>
        <extensions>
          <ns3:TrackPointExtension>
            <ns3:hr>143</ns3:hr>
            <ns3:cad>98</ns3:cad>
          </ns3:TrackPointExtension>
        </extensions>
      </trkpt>
      <trkpt lat="29.14895273745059967041015625" lon="120.3282777965068817138671875">
        <ele>142.1999969482421875</ele>
        <time>2016-07-16T11:51:22.000Z</time>
        <extensions>
          <ns3:TrackPointExtension>
            <ns3:hr>143</ns3:hr>
            <ns3:cad>98</ns3:cad>
          </ns3:TrackPointExtension>
        </extensions>
      </trkpt>
      <trkpt lat="29.14892868138849735260009765625" lon="120.32826916314661502838134765625">
        <ele>142.1999969482421875</ele>
        <time>2016-07-16T11:51:23.000Z</time>
        <extensions>
          <ns3:TrackPointExtension>
            <ns3:hr>142</ns3:hr>
            <ns3:cad>97</ns3:cad>
          </ns3:TrackPointExtension>
        </extensions>
      </trkpt>
      <trkpt lat="29.148904122412204742431640625" lon="120.3282612003386020660400390625">
        <ele>142.1999969482421875</ele>
        <time>2016-07-16T11:51:24.000Z</time>
        <extensions>
          <ns3:TrackPointExtension>
            <ns3:hr>143</ns3:hr>
            <ns3:cad>97</ns3:cad>
          </ns3:TrackPointExtension>
        </extensions>
      </trkpt>
      <trkpt lat="29.14888123981654644012451171875" lon="120.32825239934027194976806640625">
        <ele>142.1999969482421875</ele>
        <time>2016-07-16T11:51:25.000Z</time>
        <extensions>
          <ns3:TrackPointExtension>
            <ns3:hr>141</ns3:hr>
            <ns3:cad>98</ns3:cad>
          </ns3:TrackPointExtension>
        </extensions>
      </trkpt>
      <trkpt lat="29.14885693229734897613525390625" lon="120.3282424248754978179931640625">
        <ele>142.1999969482421875</ele>
        <time>2016-07-16T11:51:26.000Z</time>
        <extensions>
          <ns3:TrackPointExtension>
            <ns3:hr>141</ns3:hr>
            <ns3:cad>98</ns3:cad>
          </ns3:TrackPointExtension>
        </extensions>
      </trkpt>
      <trkpt lat="29.14883363060653209686279296875" lon="120.32823161222040653228759765625">
        <ele>142.399993896484375</ele>
        <time>2016-07-16T11:51:27.000Z</time>
        <extensions>
          <ns3:TrackPointExtension>
            <ns3:hr>140</ns3:hr>
            <ns3:cad>98</ns3:cad>
          </ns3:TrackPointExtension>
        </extensions>
      </trkpt>
      <trkpt lat="29.148810915648937225341796875" lon="120.3282209672033786773681640625">
        <ele>142.399993896484375</ele>
        <time>2016-07-16T11:51:28.000Z</time>
        <extensions>
          <ns3:TrackPointExtension>
            <ns3:hr>140</ns3:hr>
            <ns3:cad>98</ns3:cad>
          </ns3:TrackPointExtension>
        </extensions>
      </trkpt>
      <trkpt lat="29.14878669194877147674560546875" lon="120.32820965163409709930419921875">
        <ele>142.1999969482421875</ele>
        <time>2016-07-16T11:51:29.000Z</time>
        <extensions>
          <ns3:TrackPointExtension>
            <ns3:hr>139</ns3:hr>
            <ns3:cad>98</ns3:cad>
          </ns3:TrackPointExtension>
        </extensions>
      </trkpt>
      <trkpt lat="29.14876188151538372039794921875" lon="120.3282005153596401214599609375">
        <ele>142.1999969482421875</ele>
        <time>2016-07-16T11:51:30.000Z</time>
        <extensions>
          <ns3:TrackPointExtension>
            <ns3:hr>140</ns3:hr>
            <ns3:cad>98</ns3:cad>
          </ns3:TrackPointExtension>
        </extensions>
      </trkpt>
      <trkpt lat="29.14873723872005939483642578125" lon="120.32819322310388088226318359375">
        <ele>142.1999969482421875</ele>
        <time>2016-07-16T11:51:31.000Z</time>
        <extensions>
          <ns3:TrackPointExtension>
            <ns3:hr>140</ns3:hr>
            <ns3:cad>98</ns3:cad>
          </ns3:TrackPointExtension>
        </extensions>
      </trkpt>
      <trkpt lat="29.14869113825261592864990234375" lon="120.32817712984979152679443359375">
        <ele>142.1999969482421875</ele>
        <time>2016-07-16T11:51:32.000Z</time>
        <extensions>
          <ns3:TrackPointExtension>
            <ns3:hr>139</ns3:hr>
            <ns3:cad>98</ns3:cad>
          </ns3:TrackPointExtension>
        </extensions>
      </trkpt>
      <trkpt lat="29.14869113825261592864990234375" lon="120.32817712984979152679443359375">
        <ele>142.1999969482421875</ele>
        <time>2016-07-16T11:51:33.000Z</time>
        <extensions>
          <ns3:TrackPointExtension>
            <ns3:hr>139</ns3:hr>
            <ns3:cad>98</ns3:cad>
          </ns3:TrackPointExtension>
        </extensions>
      </trkpt>
      <trkpt lat="29.14866867475211620330810546875" lon="120.32816790975630283355712890625">
        <ele>142.1999969482421875</ele>
        <time>2016-07-16T11:51:34.000Z</time>
        <extensions>
          <ns3:TrackPointExtension>
            <ns3:hr>140</ns3:hr>
            <ns3:cad>98</ns3:cad>
          </ns3:TrackPointExtension>
        </extensions>
      </trkpt>
      <trkpt lat="29.14864696562290191650390625" lon="120.3281582705676555633544921875">
        <ele>142.1999969482421875</ele>
        <time>2016-07-16T11:51:35.000Z</time>
        <extensions>
          <ns3:TrackPointExtension>
            <ns3:hr>139</ns3:hr>
            <ns3:cad>97</ns3:cad>
          </ns3:TrackPointExtension>
        </extensions>
      </trkpt>
      <trkpt lat="29.1486229933798313140869140625" lon="120.32815198414027690887451171875">
        <ele>142.1999969482421875</ele>
        <time>2016-07-16T11:51:36.000Z</time>
        <extensions>
          <ns3:TrackPointExtension>
            <ns3:hr>141</ns3:hr>
            <ns3:cad>97</ns3:cad>
          </ns3:TrackPointExtension>
        </extensions>
      </trkpt>
      <trkpt lat="29.1485988534986972808837890625" lon="120.32814435660839080810546875">
        <ele>142.399993896484375</ele>
        <time>2016-07-16T11:51:37.000Z</time>
        <extensions>
          <ns3:TrackPointExtension>
            <ns3:hr>141</ns3:hr>
            <ns3:cad>97</ns3:cad>
          </ns3:TrackPointExtension>
        </extensions>
      </trkpt>
      <trkpt lat="29.148576557636260986328125" lon="120.3281361423432826995849609375">
        <ele>142.399993896484375</ele>
        <time>2016-07-16T11:51:38.000Z</time>
        <extensions>
          <ns3:TrackPointExtension>
            <ns3:hr>141</ns3:hr>
            <ns3:cad>97</ns3:cad>
          </ns3:TrackPointExtension>
        </extensions>
      </trkpt>
      <trkpt lat="29.1485525853931903839111328125" lon="120.328129269182682037353515625">
        <ele>142.399993896484375</ele>
        <time>2016-07-16T11:51:39.000Z</time>
        <extensions>
          <ns3:TrackPointExtension>
            <ns3:hr>140</ns3:hr>
            <ns3:cad>97</ns3:cad>
          </ns3:TrackPointExtension>
        </extensions>
      </trkpt>
      <trkpt lat="29.14852752350270748138427734375" lon="120.3281222283840179443359375">
        <ele>142.399993896484375</ele>
        <time>2016-07-16T11:51:40.000Z</time>
        <extensions>
          <ns3:TrackPointExtension>
            <ns3:hr>140</ns3:hr>
            <ns3:cad>97</ns3:cad>
          </ns3:TrackPointExtension>
        </extensions>
      </trkpt>
      <trkpt lat="29.14850346744060516357421875" lon="120.32811124809086322784423828125">
        <ele>142.399993896484375</ele>
        <time>2016-07-16T11:51:41.000Z</time>
        <extensions>
          <ns3:TrackPointExtension>
            <ns3:hr>141</ns3:hr>
            <ns3:cad>97</ns3:cad>
          </ns3:TrackPointExtension>
        </extensions>
      </trkpt>
      <trkpt lat="29.14847941137850284576416015625" lon="120.32810219563543796539306640625">
        <ele>142.399993896484375</ele>
        <time>2016-07-16T11:51:42.000Z</time>
        <extensions>
          <ns3:TrackPointExtension>
            <ns3:hr>141</ns3:hr>
            <ns3:cad>97</ns3:cad>
          </ns3:TrackPointExtension>
        </extensions>
      </trkpt>
      <trkpt lat="29.1484573669731616973876953125" lon="120.32809473574161529541015625">
        <ele>142.399993896484375</ele>
        <time>2016-07-16T11:51:43.000Z</time>
        <extensions>
          <ns3:TrackPointExtension>
            <ns3:hr>141</ns3:hr>
            <ns3:cad>97</ns3:cad>
          </ns3:TrackPointExtension>
        </extensions>
      </trkpt>
      <trkpt lat="29.14843565784394741058349609375" lon="120.32808727584779262542724609375">
        <ele>142.600006103515625</ele>
        <time>2016-07-16T11:51:44.000Z</time>
        <extensions>
          <ns3:TrackPointExtension>
            <ns3:hr>141</ns3:hr>
            <ns3:cad>97</ns3:cad>
          </ns3:TrackPointExtension>
        </extensions>
      </trkpt>
      <trkpt lat="29.14841319434344768524169921875" lon="120.32808124087750911712646484375">
        <ele>142.600006103515625</ele>
        <time>2016-07-16T11:51:45.000Z</time>
        <extensions>
          <ns3:TrackPointExtension>
            <ns3:hr>141</ns3:hr>
            <ns3:cad>97</ns3:cad>
          </ns3:TrackPointExtension>
        </extensions>
      </trkpt>
      <trkpt lat="29.148390479385852813720703125" lon="120.32807872630655765533447265625">
        <ele>142.600006103515625</ele>
        <time>2016-07-16T11:51:46.000Z</time>
        <extensions>
          <ns3:TrackPointExtension>
            <ns3:hr>141</ns3:hr>
            <ns3:cad>97</ns3:cad>
          </ns3:TrackPointExtension>
        </extensions>
      </trkpt>
      <trkpt lat="29.14836793206632137298583984375" lon="120.32807671464979648590087890625">
        <ele>142.600006103515625</ele>
        <time>2016-07-16T11:51:47.000Z</time>
        <extensions>
          <ns3:TrackPointExtension>
            <ns3:hr>141</ns3:hr>
            <ns3:cad>97</ns3:cad>
          </ns3:TrackPointExtension>
        </extensions>
      </trkpt>
      <trkpt lat="29.1483470611274242401123046875" lon="120.32807755284011363983154296875">
        <ele>142.600006103515625</ele>
        <time>2016-07-16T11:51:48.000Z</time>
        <extensions>
          <ns3:TrackPointExtension>
            <ns3:hr>140</ns3:hr>
            <ns3:cad>97</ns3:cad>
          </ns3:TrackPointExtension>
        </extensions>
      </trkpt>
      <trkpt lat="29.1483256034553050994873046875" lon="120.32807998359203338623046875">
        <ele>142.600006103515625</ele>
        <time>2016-07-16T11:51:49.000Z</time>
        <extensions>
          <ns3:TrackPointExtension>
            <ns3:hr>140</ns3:hr>
            <ns3:cad>98</ns3:cad>
          </ns3:TrackPointExtension>
        </extensions>
      </trkpt>
      <trkpt lat="29.14830238558351993560791015625" lon="120.32808409072458744049072265625">
        <ele>142.600006103515625</ele>
        <time>2016-07-16T11:51:50.000Z</time>
        <extensions>
          <ns3:TrackPointExtension>
            <ns3:hr>141</ns3:hr>
            <ns3:cad>98</ns3:cad>
          </ns3:TrackPointExtension>
        </extensions>
      </trkpt>
      <trkpt lat="29.14828176610171794891357421875" lon="120.32808911986649036407470703125">
        <ele>142.600006103515625</ele>
        <time>2016-07-16T11:51:51.000Z</time>
        <extensions>
          <ns3:TrackPointExtension>
            <ns3:hr>139</ns3:hr>
            <ns3:cad>98</ns3:cad>
          </ns3:TrackPointExtension>
        </extensions>
      </trkpt>
      <trkpt lat="29.14826131425797939300537109375" lon="120.3280942328274250030517578125">
        <ele>142.600006103515625</ele>
        <time>2016-07-16T11:51:52.000Z</time>
        <extensions>
          <ns3:TrackPointExtension>
            <ns3:hr>140</ns3:hr>
            <ns3:cad>96</ns3:cad>
          </ns3:TrackPointExtension>
        </extensions>
      </trkpt>
      <trkpt lat="29.14823868311941623687744140625" lon="120.32810202799737453460693359375">
        <ele>142.8000030517578125</ele>
        <time>2016-07-16T11:51:53.000Z</time>
        <extensions>
          <ns3:TrackPointExtension>
            <ns3:hr>139</ns3:hr>
            <ns3:cad>96</ns3:cad>
          </ns3:TrackPointExtension>
        </extensions>
      </trkpt>
      <trkpt lat="29.14822091348469257354736328125" lon="120.3281114995479583740234375">
        <ele>142.8000030517578125</ele>
        <time>2016-07-16T11:51:54.000Z</time>
        <extensions>
          <ns3:TrackPointExtension>
            <ns3:hr>138</ns3:hr>
            <ns3:cad>96</ns3:cad>
          </ns3:TrackPointExtension>
        </extensions>
      </trkpt>
      <trkpt lat="29.1482038982212543487548828125" lon="120.328123234212398529052734375">
        <ele>142.8000030517578125</ele>
        <time>2016-07-16T11:51:55.000Z</time>
        <extensions>
          <ns3:TrackPointExtension>
            <ns3:hr>138</ns3:hr>
            <ns3:cad>96</ns3:cad>
          </ns3:TrackPointExtension>
        </extensions>
      </trkpt>
      <trkpt lat="29.148190654814243316650390625" lon="120.328131951391696929931640625">
        <ele>143</ele>
        <time>2016-07-16T11:51:56.000Z</time>
        <extensions>
          <ns3:TrackPointExtension>
            <ns3:hr>137</ns3:hr>
            <ns3:cad>96</ns3:cad>
          </ns3:TrackPointExtension>
        </extensions>
      </trkpt>
      <trkpt lat="29.14817531593143939971923828125" lon="120.3281468711793422698974609375">
        <ele>143</ele>
        <time>2016-07-16T11:51:57.000Z</time>
        <extensions>
          <ns3:TrackPointExtension>
            <ns3:hr>138</ns3:hr>
            <ns3:cad>97</ns3:cad>
          </ns3:TrackPointExtension>
        </extensions>
      </trkpt>
      <trkpt lat="29.14815637283027172088623046875" lon="120.328161455690860748291015625">
        <ele>143</ele>
        <time>2016-07-16T11:51:58.000Z</time>
        <extensions>
          <ns3:TrackPointExtension>
            <ns3:hr>139</ns3:hr>
            <ns3:cad>97</ns3:cad>
          </ns3:TrackPointExtension>
        </extensions>
      </trkpt>
      <trkpt lat="29.148136340081691741943359375" lon="120.32817545346915721893310546875">
        <ele>143</ele>
        <time>2016-07-16T11:51:59.000Z</time>
        <extensions>
          <ns3:TrackPointExtension>
            <ns3:hr>139</ns3:hr>
            <ns3:cad>97</ns3:cad>
          </ns3:TrackPointExtension>
        </extensions>
      </trkpt>
      <trkpt lat="29.148116223514080047607421875" lon="120.32819087617099285125732421875">
        <ele>143</ele>
        <time>2016-07-16T11:52:00.000Z</time>
        <extensions>
          <ns3:TrackPointExtension>
            <ns3:hr>139</ns3:hr>
            <ns3:cad>96</ns3:cad>
          </ns3:TrackPointExtension>
        </extensions>
      </trkpt>
      <trkpt lat="29.14809820242226123809814453125" lon="120.32820881344377994537353515625">
        <ele>143.1999969482421875</ele>
        <time>2016-07-16T11:52:01.000Z</time>
        <extensions>
          <ns3:TrackPointExtension>
            <ns3:hr>139</ns3:hr>
            <ns3:cad>95</ns3:cad>
          </ns3:TrackPointExtension>
        </extensions>
      </trkpt>
      <trkpt lat="29.14808328263461589813232421875" lon="120.328229181468486785888671875">
        <ele>143.399993896484375</ele>
        <time>2016-07-16T11:52:02.000Z</time>
        <extensions>
          <ns3:TrackPointExtension>
            <ns3:hr>139</ns3:hr>
            <ns3:cad>95</ns3:cad>
          </ns3:TrackPointExtension>
        </extensions>
      </trkpt>
      <trkpt lat="29.14806894958019256591796875" lon="120.3282518126070499420166015625">
        <ele>143.399993896484375</ele>
        <time>2016-07-16T11:52:03.000Z</time>
        <extensions>
          <ns3:TrackPointExtension>
            <ns3:hr>140</ns3:hr>
            <ns3:cad>96</ns3:cad>
          </ns3:TrackPointExtension>
        </extensions>
      </trkpt>
      <trkpt lat="29.14805578999221324920654296875" lon="120.32827435992658138275146484375">
        <ele>143.399993896484375</ele>
        <time>2016-07-16T11:52:04.000Z</time>
        <extensions>
          <ns3:TrackPointExtension>
            <ns3:hr>142</ns3:hr>
            <ns3:cad>97</ns3:cad>
          </ns3:TrackPointExtension>
        </extensions>
      </trkpt>
      <trkpt lat="29.14804221130907535552978515625" lon="120.3282974101603031158447265625">
        <ele>143.399993896484375</ele>
        <time>2016-07-16T11:52:05.000Z</time>
        <extensions>
          <ns3:TrackPointExtension>
            <ns3:hr>143</ns3:hr>
            <ns3:cad>97</ns3:cad>
          </ns3:TrackPointExtension>
        </extensions>
      </trkpt>
      <trkpt lat="29.14802997373044490814208984375" lon="120.3283207118511199951171875">
        <ele>143.600006103515625</ele>
        <time>2016-07-16T11:52:06.000Z</time>
        <extensions>
          <ns3:TrackPointExtension>
            <ns3:hr>144</ns3:hr>
            <ns3:cad>97</ns3:cad>
          </ns3:TrackPointExtension>
        </extensions>
      </trkpt>
      <trkpt lat="29.1480191610753536224365234375" lon="120.32834409736096858978271484375">
        <ele>143.600006103515625</ele>
        <time>2016-07-16T11:52:07.000Z</time>
        <extensions>
          <ns3:TrackPointExtension>
            <ns3:hr>144</ns3:hr>
            <ns3:cad>97</ns3:cad>
          </ns3:TrackPointExtension>
        </extensions>
      </trkpt>
      <trkpt lat="29.1480080969631671905517578125" lon="120.32836806960403919219970703125">
        <ele>143.600006103515625</ele>
        <time>2016-07-16T11:52:08.000Z</time>
        <extensions>
          <ns3:TrackPointExtension>
            <ns3:hr>144</ns3:hr>
            <ns3:cad>97</ns3:cad>
          </ns3:TrackPointExtension>
        </extensions>
      </trkpt>
      <trkpt lat="29.147998876869678497314453125" lon="120.32839137129485607147216796875">
        <ele>143.600006103515625</ele>
        <time>2016-07-16T11:52:09.000Z</time>
        <extensions>
          <ns3:TrackPointExtension>
            <ns3:hr>143</ns3:hr>
            <ns3:cad>97</ns3:cad>
          </ns3:TrackPointExtension>
        </extensions>
      </trkpt>
      <trkpt lat="29.14799242280423641204833984375" lon="120.32841668464243412017822265625">
        <ele>143.600006103515625</ele>
        <time>2016-07-16T11:52:10.000Z</time>
        <extensions>
          <ns3:TrackPointExtension>
            <ns3:hr>143</ns3:hr>
            <ns3:cad>97</ns3:cad>
          </ns3:TrackPointExtension>
        </extensions>
      </trkpt>
      <trkpt lat="29.14798605255782604217529296875" lon="120.32844333909451961517333984375">
        <ele>143.600006103515625</ele>
        <time>2016-07-16T11:52:11.000Z</time>
        <extensions>
          <ns3:TrackPointExtension>
            <ns3:hr>143</ns3:hr>
            <ns3:cad>97</ns3:cad>
          </ns3:TrackPointExtension>
        </extensions>
      </trkpt>
      <trkpt lat="29.14798152633011341094970703125" lon="120.32846882008016109466552734375">
        <ele>143.600006103515625</ele>
        <time>2016-07-16T11:52:12.000Z</time>
        <extensions>
          <ns3:TrackPointExtension>
            <ns3:hr>143</ns3:hr>
            <ns3:cad>97</ns3:cad>
          </ns3:TrackPointExtension>
        </extensions>
      </trkpt>
      <trkpt lat="29.147976078093051910400390625" lon="120.32849279232323169708251953125">
        <ele>143.600006103515625</ele>
        <time>2016-07-16T11:52:13.000Z</time>
        <extensions>
          <ns3:TrackPointExtension>
            <ns3:hr>142</ns3:hr>
            <ns3:cad>97</ns3:cad>
          </ns3:TrackPointExtension>
        </extensions>
      </trkpt>
      <trkpt lat="29.1479738987982273101806640625" lon="120.32851986587047576904296875">
        <ele>143.8000030517578125</ele>
        <time>2016-07-16T11:52:14.000Z</time>
        <extensions>
          <ns3:TrackPointExtension>
            <ns3:hr>143</ns3:hr>
            <ns3:cad>97</ns3:cad>
          </ns3:TrackPointExtension>
        </extensions>
      </trkpt>
      <trkpt lat="29.1479735635221004486083984375" lon="120.32854643650352954864501953125">
        <ele>144</ele>
        <time>2016-07-16T11:52:15.000Z</time>
        <extensions>
          <ns3:TrackPointExtension>
            <ns3:hr>143</ns3:hr>
            <ns3:cad>99</ns3:cad>
          </ns3:TrackPointExtension>
        </extensions>
      </trkpt>
      <trkpt lat="29.147974066436290740966796875" lon="120.3285743482410907745361328125">
        <ele>144.1999969482421875</ele>
        <time>2016-07-16T11:52:16.000Z</time>
        <extensions>
          <ns3:TrackPointExtension>
            <ns3:hr>141</ns3:hr>
            <ns3:cad>99</ns3:cad>
          </ns3:TrackPointExtension>
        </extensions>
      </trkpt>
      <trkpt lat="29.14797532372176647186279296875" lon="120.32860108651220798492431640625">
        <ele>144.399993896484375</ele>
        <time>2016-07-16T11:52:17.000Z</time>
        <extensions>
          <ns3:TrackPointExtension>
            <ns3:hr>140</ns3:hr>
            <ns3:cad>97</ns3:cad>
          </ns3:TrackPointExtension>
        </extensions>
      </trkpt>
      <trkpt lat="29.14798068813979625701904296875" lon="120.3286544792354106903076171875">
        <ele>144.600006103515625</ele>
        <time>2016-07-16T11:52:18.000Z</time>
        <extensions>
          <ns3:TrackPointExtension>
            <ns3:hr>141</ns3:hr>
            <ns3:cad>97</ns3:cad>
          </ns3:TrackPointExtension>
        </extensions>
      </trkpt>
      <trkpt lat="29.14798068813979625701904296875" lon="120.3286544792354106903076171875">
        <ele>144.600006103515625</ele>
        <time>2016-07-16T11:52:19.000Z</time>
        <extensions>
          <ns3:TrackPointExtension>
            <ns3:hr>140</ns3:hr>
            <ns3:cad>96</ns3:cad>
          </ns3:TrackPointExtension>
        </extensions>
      </trkpt>
      <trkpt lat="29.14798848330974578857421875" lon="120.32867945730686187744140625">
        <ele>144.600006103515625</ele>
        <time>2016-07-16T11:52:20.000Z</time>
        <extensions>
          <ns3:TrackPointExtension>
            <ns3:hr>141</ns3:hr>
            <ns3:cad>96</ns3:cad>
          </ns3:TrackPointExtension>
        </extensions>
      </trkpt>
      <trkpt lat="29.147996865212917327880859375" lon="120.32870301045477390289306640625">
        <ele>144.8000030517578125</ele>
        <time>2016-07-16T11:52:21.000Z</time>
        <extensions>
          <ns3:TrackPointExtension>
            <ns3:hr>142</ns3:hr>
            <ns3:cad>96</ns3:cad>
          </ns3:TrackPointExtension>
        </extensions>
      </trkpt>
      <trkpt lat="29.14800818078219890594482421875" lon="120.32872631214559078216552734375">
        <ele>144.8000030517578125</ele>
        <time>2016-07-16T11:52:22.000Z</time>
        <extensions>
          <ns3:TrackPointExtension>
            <ns3:hr>142</ns3:hr>
            <ns3:cad>96</ns3:cad>
          </ns3:TrackPointExtension>
        </extensions>
      </trkpt>
      <trkpt lat="29.14801874198019504547119140625" lon="120.328751541674137115478515625">
        <ele>144.8000030517578125</ele>
        <time>2016-07-16T11:52:23.000Z</time>
        <extensions>
          <ns3:TrackPointExtension>
            <ns3:hr>141</ns3:hr>
            <ns3:cad>96</ns3:cad>
          </ns3:TrackPointExtension>
        </extensions>
      </trkpt>
      <trkpt lat="29.14803114719688892364501953125" lon="120.32877878285944461822509765625">
        <ele>145</ele>
        <time>2016-07-16T11:52:24.000Z</time>
        <extensions>
          <ns3:TrackPointExtension>
            <ns3:hr>142</ns3:hr>
            <ns3:cad>96</ns3:cad>
          </ns3:TrackPointExtension>
        </extensions>
      </trkpt>
      <trkpt lat="29.14804573170840740203857421875" lon="120.32880359329283237457275390625">
        <ele>145</ele>
        <time>2016-07-16T11:52:25.000Z</time>
        <extensions>
          <ns3:TrackPointExtension>
            <ns3:hr>143</ns3:hr>
            <ns3:cad>97</ns3:cad>
          </ns3:TrackPointExtension>
        </extensions>
      </trkpt>
      <trkpt lat="29.1480620764195919036865234375" lon="120.3288288228213787078857421875">
        <ele>145</ele>
        <time>2016-07-16T11:52:26.000Z</time>
        <extensions>
          <ns3:TrackPointExtension>
            <ns3:hr>143</ns3:hr>
            <ns3:cad>97</ns3:cad>
          </ns3:TrackPointExtension>
        </extensions>
      </trkpt>
      <trkpt lat="29.1480795107781887054443359375" lon="120.32885338179767131805419921875">
        <ele>145</ele>
        <time>2016-07-16T11:52:27.000Z</time>
        <extensions>
          <ns3:TrackPointExtension>
            <ns3:hr>145</ns3:hr>
            <ns3:cad>97</ns3:cad>
          </ns3:TrackPointExtension>
        </extensions>
      </trkpt>
      <trkpt lat="29.14809619076550006866455078125" lon="120.32887668348848819732666015625">
        <ele>145</ele>
        <time>2016-07-16T11:52:28.000Z</time>
        <extensions>
          <ns3:TrackPointExtension>
            <ns3:hr>145</ns3:hr>
            <ns3:cad>97</ns3:cad>
          </ns3:TrackPointExtension>
        </extensions>
      </trkpt>
      <trkpt lat="29.14811546914279460906982421875" lon="120.3288988955318927764892578125">
        <ele>145</ele>
        <time>2016-07-16T11:52:29.000Z</time>
        <extensions>
          <ns3:TrackPointExtension>
            <ns3:hr>143</ns3:hr>
            <ns3:cad>97</ns3:cad>
          </ns3:TrackPointExtension>
        </extensions>
      </trkpt>
      <trkpt lat="29.148134998977184295654296875" lon="120.32891691662371158599853515625">
        <ele>145</ele>
        <time>2016-07-16T11:52:30.000Z</time>
        <extensions>
          <ns3:TrackPointExtension>
            <ns3:hr>143</ns3:hr>
            <ns3:cad>97</ns3:cad>
          </ns3:TrackPointExtension>
        </extensions>
      </trkpt>
      <trkpt lat="29.14815369062125682830810546875" lon="120.3289330936968326568603515625">
        <ele>145</ele>
        <time>2016-07-16T11:52:31.000Z</time>
        <extensions>
          <ns3:TrackPointExtension>
            <ns3:hr>142</ns3:hr>
            <ns3:cad>97</ns3:cad>
          </ns3:TrackPointExtension>
        </extensions>
      </trkpt>
      <trkpt lat="29.14817447774112224578857421875" lon="120.32894977368414402008056640625">
        <ele>145</ele>
        <time>2016-07-16T11:52:32.000Z</time>
        <extensions>
          <ns3:TrackPointExtension>
            <ns3:hr>143</ns3:hr>
            <ns3:cad>97</ns3:cad>
          </ns3:TrackPointExtension>
        </extensions>
      </trkpt>
      <trkpt lat="29.148198030889034271240234375" lon="120.32896385528147220611572265625">
        <ele>144.8000030517578125</ele>
        <time>2016-07-16T11:52:33.000Z</time>
        <extensions>
          <ns3:TrackPointExtension>
            <ns3:hr>143</ns3:hr>
            <ns3:cad>97</ns3:cad>
          </ns3:TrackPointExtension>
        </extensions>
      </trkpt>
      <trkpt lat="29.14822158403694629669189453125" lon="120.32897718250751495361328125">
        <ele>144.8000030517578125</ele>
        <time>2016-07-16T11:52:34.000Z</time>
        <extensions>
          <ns3:TrackPointExtension>
            <ns3:hr>143</ns3:hr>
            <ns3:cad>96</ns3:cad>
          </ns3:TrackPointExtension>
        </extensions>
      </trkpt>
      <trkpt lat="29.14824438281357288360595703125" lon="120.32898883335292339324951171875">
        <ele>144.8000030517578125</ele>
        <time>2016-07-16T11:52:35.000Z</time>
        <extensions>
          <ns3:TrackPointExtension>
            <ns3:hr>143</ns3:hr>
            <ns3:cad>96</ns3:cad>
          </ns3:TrackPointExtension>
        </extensions>
      </trkpt>
      <trkpt lat="29.14826609194278717041015625" lon="120.3289988078176975250244140625">
        <ele>144.600006103515625</ele>
        <time>2016-07-16T11:52:36.000Z</time>
        <extensions>
          <ns3:TrackPointExtension>
            <ns3:hr>143</ns3:hr>
            <ns3:cad>97</ns3:cad>
          </ns3:TrackPointExtension>
        </extensions>
      </trkpt>
      <trkpt lat="29.1482900641858577728271484375" lon="120.3290108777582645416259765625">
        <ele>144.600006103515625</ele>
        <time>2016-07-16T11:52:37.000Z</time>
        <extensions>
          <ns3:TrackPointExtension>
            <ns3:hr>143</ns3:hr>
            <ns3:cad>97</ns3:cad>
          </ns3:TrackPointExtension>
        </extensions>
      </trkpt>
      <trkpt lat="29.1483162157237529754638671875" lon="120.32902034930884838104248046875">
        <ele>144.399993896484375</ele>
        <time>2016-07-16T11:52:38.000Z</time>
        <extensions>
          <ns3:TrackPointExtension>
            <ns3:hr>143</ns3:hr>
            <ns3:cad>97</ns3:cad>
          </ns3:TrackPointExtension>
        </extensions>
      </trkpt>
      <trkpt lat="29.14833876304328441619873046875" lon="120.3290296532213687896728515625">
        <ele>144.399993896484375</ele>
        <time>2016-07-16T11:52:39.000Z</time>
        <extensions>
          <ns3:TrackPointExtension>
            <ns3:hr>143</ns3:hr>
            <ns3:cad>97</ns3:cad>
          </ns3:TrackPointExtension>
        </extensions>
      </trkpt>
      <trkpt lat="29.148362986743450164794921875" lon="120.329038538038730621337890625">
        <ele>144.399993896484375</ele>
        <time>2016-07-16T11:52:40.000Z</time>
        <extensions>
          <ns3:TrackPointExtension>
            <ns3:hr>143</ns3:hr>
            <ns3:cad>97</ns3:cad>
          </ns3:TrackPointExtension>
        </extensions>
      </trkpt>
      <trkpt lat="29.1483866237103939056396484375" lon="120.3290447406470775604248046875">
        <ele>144.1999969482421875</ele>
        <time>2016-07-16T11:52:41.000Z</time>
        <extensions>
          <ns3:TrackPointExtension>
            <ns3:hr>143</ns3:hr>
            <ns3:cad>97</ns3:cad>
          </ns3:TrackPointExtension>
        </extensions>
      </trkpt>
      <trkpt lat="29.1484087519347667694091796875" lon="120.3290511108934879302978515625">
        <ele>144.1999969482421875</ele>
        <time>2016-07-16T11:52:42.000Z</time>
        <extensions>
          <ns3:TrackPointExtension>
            <ns3:hr>144</ns3:hr>
            <ns3:cad>97</ns3:cad>
          </ns3:TrackPointExtension>
        </extensions>
      </trkpt>
      <trkpt lat="29.1484328918159008026123046875" lon="120.3290571458637714385986328125">
        <ele>144</ele>
        <time>2016-07-16T11:52:43.000Z</time>
        <extensions>
          <ns3:TrackPointExtension>
            <ns3:hr>145</ns3:hr>
            <ns3:cad>97</ns3:cad>
          </ns3:TrackPointExtension>
        </extensions>
      </trkpt>
      <trkpt lat="29.14845694787800312042236328125" lon="120.32906091772019863128662109375">
        <ele>143.8000030517578125</ele>
        <time>2016-07-16T11:52:44.000Z</time>
        <extensions>
          <ns3:TrackPointExtension>
            <ns3:hr>145</ns3:hr>
            <ns3:cad>96</ns3:cad>
          </ns3:TrackPointExtension>
        </extensions>
      </trkpt>
      <trkpt lat="29.1484821774065494537353515625" lon="120.329067371785640716552734375">
        <ele>143.399993896484375</ele>
        <time>2016-07-16T11:52:45.000Z</time>
        <extensions>
          <ns3:TrackPointExtension>
            <ns3:hr>145</ns3:hr>
            <ns3:cad>97</ns3:cad>
          </ns3:TrackPointExtension>
        </extensions>
      </trkpt>
      <trkpt lat="29.14850883185863494873046875" lon="120.32907466404139995574951171875">
        <ele>143</ele>
        <time>2016-07-16T11:52:46.000Z</time>
        <extensions>
          <ns3:TrackPointExtension>
            <ns3:hr>145</ns3:hr>
            <ns3:cad>97</ns3:cad>
          </ns3:TrackPointExtension>
        </extensions>
      </trkpt>
      <trkpt lat="29.1485331393778324127197265625" lon="120.329082794487476348876953125">
        <ele>142.600006103515625</ele>
        <time>2016-07-16T11:52:47.000Z</time>
        <extensions>
          <ns3:TrackPointExtension>
            <ns3:hr>145</ns3:hr>
            <ns3:cad>97</ns3:cad>
          </ns3:TrackPointExtension>
        </extensions>
      </trkpt>
      <trkpt lat="29.1485564410686492919921875" lon="120.3290923498570919036865234375">
        <ele>142.1999969482421875</ele>
        <time>2016-07-16T11:52:48.000Z</time>
        <extensions>
          <ns3:TrackPointExtension>
            <ns3:hr>145</ns3:hr>
            <ns3:cad>97</ns3:cad>
          </ns3:TrackPointExtension>
        </extensions>
      </trkpt>
      <trkpt lat="29.148580916225910186767578125" lon="120.3291010670363903045654296875">
        <ele>141.8000030517578125</ele>
        <time>2016-07-16T11:52:49.000Z</time>
        <extensions>
          <ns3:TrackPointExtension>
            <ns3:hr>145</ns3:hr>
            <ns3:cad>97</ns3:cad>
          </ns3:TrackPointExtension>
        </extensions>
      </trkpt>
      <trkpt lat="29.14860446937382221221923828125" lon="120.329109616577625274658203125">
        <ele>141.399993896484375</ele>
        <time>2016-07-16T11:52:50.000Z</time>
        <extensions>
          <ns3:TrackPointExtension>
            <ns3:hr>144</ns3:hr>
            <ns3:cad>97</ns3:cad>
          </ns3:TrackPointExtension>
        </extensions>
      </trkpt>
      <trkpt lat="29.1486307047307491302490234375" lon="120.32911799848079681396484375">
        <ele>140.8000030517578125</ele>
        <time>2016-07-16T11:52:51.000Z</time>
        <extensions>
          <ns3:TrackPointExtension>
            <ns3:hr>144</ns3:hr>
            <ns3:cad>97</ns3:cad>
          </ns3:TrackPointExtension>
        </extensions>
      </trkpt>
      <trkpt lat="29.14865543134510517120361328125" lon="120.3291248716413974761962890625">
        <ele>140.399993896484375</ele>
        <time>2016-07-16T11:52:52.000Z</time>
        <extensions>
          <ns3:TrackPointExtension>
            <ns3:hr>144</ns3:hr>
            <ns3:cad>97</ns3:cad>
          </ns3:TrackPointExtension>
        </extensions>
      </trkpt>
      <trkpt lat="29.14867923595011234283447265625" lon="120.3291339240968227386474609375">
        <ele>140</ele>
        <time>2016-07-16T11:52:53.000Z</time>
        <extensions>
          <ns3:TrackPointExtension>
            <ns3:hr>143</ns3:hr>
            <ns3:cad>97</ns3:cad>
          </ns3:TrackPointExtension>
        </extensions>
      </trkpt>
      <trkpt lat="29.1487044654786586761474609375" lon="120.32914356328547000885009765625">
        <ele>139.600006103515625</ele>
        <time>2016-07-16T11:52:54.000Z</time>
        <extensions>
          <ns3:TrackPointExtension>
            <ns3:hr>143</ns3:hr>
            <ns3:cad>97</ns3:cad>
          </ns3:TrackPointExtension>
        </extensions>
      </trkpt>
      <trkpt lat="29.1487281024456024169921875" lon="120.32915362156927585601806640625">
        <ele>139.399993896484375</ele>
        <time>2016-07-16T11:52:55.000Z</time>
        <extensions>
          <ns3:TrackPointExtension>
            <ns3:hr>144</ns3:hr>
            <ns3:cad>97</ns3:cad>
          </ns3:TrackPointExtension>
        </extensions>
      </trkpt>
      <trkpt lat="29.14875199086964130401611328125" lon="120.3291630931198596954345703125">
        <ele>139.1999969482421875</ele>
        <time>2016-07-16T11:52:56.000Z</time>
        <extensions>
          <ns3:TrackPointExtension>
            <ns3:hr>143</ns3:hr>
            <ns3:cad>97</ns3:cad>
          </ns3:TrackPointExtension>
        </extensions>
      </trkpt>
      <trkpt lat="29.14877663366496562957763671875" lon="120.32916988246142864227294921875">
        <ele>139</ele>
        <time>2016-07-16T11:52:57.000Z</time>
        <extensions>
          <ns3:TrackPointExtension>
            <ns3:hr>143</ns3:hr>
            <ns3:cad>97</ns3:cad>
          </ns3:TrackPointExtension>
        </extensions>
      </trkpt>
      <trkpt lat="29.148800186812877655029296875" lon="120.32917792908847332000732421875">
        <ele>138.8000030517578125</ele>
        <time>2016-07-16T11:52:58.000Z</time>
        <extensions>
          <ns3:TrackPointExtension>
            <ns3:hr>143</ns3:hr>
            <ns3:cad>97</ns3:cad>
          </ns3:TrackPointExtension>
        </extensions>
      </trkpt>
      <trkpt lat="29.14882306940853595733642578125" lon="120.3291882388293743133544921875">
        <ele>138.8000030517578125</ele>
        <time>2016-07-16T11:52:59.000Z</time>
        <extensions>
          <ns3:TrackPointExtension>
            <ns3:hr>143</ns3:hr>
            <ns3:cad>97</ns3:cad>
          </ns3:TrackPointExtension>
        </extensions>
      </trkpt>
      <trkpt lat="29.14884486235678195953369140625" lon="120.3291993029415607452392578125">
        <ele>138.600006103515625</ele>
        <time>2016-07-16T11:53:00.000Z</time>
        <extensions>
          <ns3:TrackPointExtension>
            <ns3:hr>143</ns3:hr>
            <ns3:cad>97</ns3:cad>
          </ns3:TrackPointExtension>
        </extensions>
      </trkpt>
      <trkpt lat="29.148867912590503692626953125" lon="120.32921028323471546173095703125">
        <ele>138.600006103515625</ele>
        <time>2016-07-16T11:53:01.000Z</time>
        <extensions>
          <ns3:TrackPointExtension>
            <ns3:hr>143</ns3:hr>
            <ns3:cad>97</ns3:cad>
          </ns3:TrackPointExtension>
        </extensions>
      </trkpt>
      <trkpt lat="29.14889129810035228729248046875" lon="120.32921983860433101654052734375">
        <ele>138.399993896484375</ele>
        <time>2016-07-16T11:53:02.000Z</time>
        <extensions>
          <ns3:TrackPointExtension>
            <ns3:hr>143</ns3:hr>
            <ns3:cad>97</ns3:cad>
          </ns3:TrackPointExtension>
        </extensions>
      </trkpt>
      <trkpt lat="29.14891376160085201263427734375" lon="120.3292298130691051483154296875">
        <ele>138.1999969482421875</ele>
        <time>2016-07-16T11:53:03.000Z</time>
        <extensions>
          <ns3:TrackPointExtension>
            <ns3:hr>143</ns3:hr>
            <ns3:cad>97</ns3:cad>
          </ns3:TrackPointExtension>
        </extensions>
      </trkpt>
      <trkpt lat="29.14893672801554203033447265625" lon="120.3292398713529109954833984375">
        <ele>138.1999969482421875</ele>
        <time>2016-07-16T11:53:04.000Z</time>
        <extensions>
          <ns3:TrackPointExtension>
            <ns3:hr>143</ns3:hr>
            <ns3:cad>97</ns3:cad>
          </ns3:TrackPointExtension>
        </extensions>
      </trkpt>
      <trkpt lat="29.14895935915410518646240234375" lon="120.3292492590844631195068359375">
        <ele>138</ele>
        <time>2016-07-16T11:53:05.000Z</time>
        <extensions>
          <ns3:TrackPointExtension>
            <ns3:hr>143</ns3:hr>
            <ns3:cad>97</ns3:cad>
          </ns3:TrackPointExtension>
        </extensions>
      </trkpt>
      <trkpt lat="29.14898358285427093505859375" lon="120.32926015555858612060546875">
        <ele>137.8000030517578125</ele>
        <time>2016-07-16T11:53:06.000Z</time>
        <extensions>
          <ns3:TrackPointExtension>
            <ns3:hr>143</ns3:hr>
            <ns3:cad>97</ns3:cad>
          </ns3:TrackPointExtension>
        </extensions>
      </trkpt>
      <trkpt lat="29.1490095667541027069091796875" lon="120.329268872737884521484375">
        <ele>137.8000030517578125</ele>
        <time>2016-07-16T11:53:07.000Z</time>
        <extensions>
          <ns3:TrackPointExtension>
            <ns3:hr>141</ns3:hr>
            <ns3:cad>97</ns3:cad>
          </ns3:TrackPointExtension>
        </extensions>
      </trkpt>
      <trkpt lat="29.1490311920642852783203125" lon="120.3292757458984851837158203125">
        <ele>138</ele>
        <time>2016-07-16T11:53:08.000Z</time>
        <extensions>
          <ns3:TrackPointExtension>
            <ns3:hr>142</ns3:hr>
            <ns3:cad>97</ns3:cad>
          </ns3:TrackPointExtension>
        </extensions>
      </trkpt>
      <trkpt lat="29.14905323646962642669677734375" lon="120.32928320579230785369873046875">
        <ele>138.1999969482421875</ele>
        <time>2016-07-16T11:53:09.000Z</time>
        <extensions>
          <ns3:TrackPointExtension>
            <ns3:hr>143</ns3:hr>
            <ns3:cad>98</ns3:cad>
          </ns3:TrackPointExtension>
        </extensions>
      </trkpt>
      <trkpt lat="29.14907854981720447540283203125" lon="120.32928831875324249267578125">
        <ele>138.399993896484375</ele>
        <time>2016-07-16T11:53:10.000Z</time>
        <extensions>
          <ns3:TrackPointExtension>
            <ns3:hr>143</ns3:hr>
            <ns3:cad>98</ns3:cad>
          </ns3:TrackPointExtension>
        </extensions>
      </trkpt>
      <trkpt lat="29.14910319261252880096435546875" lon="120.3292915038764476776123046875">
        <ele>138.600006103515625</ele>
        <time>2016-07-16T11:53:11.000Z</time>
        <extensions>
          <ns3:TrackPointExtension>
            <ns3:hr>144</ns3:hr>
            <ns3:cad>98</ns3:cad>
          </ns3:TrackPointExtension>
        </extensions>
      </trkpt>
      <trkpt lat="29.1491272486746311187744140625" lon="120.32929276116192340850830078125">
        <ele>138.8000030517578125</ele>
        <time>2016-07-16T11:53:12.000Z</time>
        <extensions>
          <ns3:TrackPointExtension>
            <ns3:hr>145</ns3:hr>
            <ns3:cad>97</ns3:cad>
          </ns3:TrackPointExtension>
        </extensions>
      </trkpt>
      <trkpt lat="29.14915096946060657501220703125" lon="120.32929074950516223907470703125">
        <ele>139</ele>
        <time>2016-07-16T11:53:13.000Z</time>
        <extensions>
          <ns3:TrackPointExtension>
            <ns3:hr>144</ns3:hr>
            <ns3:cad>97</ns3:cad>
          </ns3:TrackPointExtension>
        </extensions>
      </trkpt>
      <trkpt lat="29.149173684418201446533203125" lon="120.3292894922196865081787109375">
        <ele>139</ele>
        <time>2016-07-16T11:53:14.000Z</time>
        <extensions>
          <ns3:TrackPointExtension>
            <ns3:hr>144</ns3:hr>
            <ns3:cad>97</ns3:cad>
          </ns3:TrackPointExtension>
        </extensions>
      </trkpt>
      <trkpt lat="29.14919656701385974884033203125" lon="120.3292884863913059234619140625">
        <ele>139.1999969482421875</ele>
        <time>2016-07-16T11:53:15.000Z</time>
        <extensions>
          <ns3:TrackPointExtension>
            <ns3:hr>144</ns3:hr>
            <ns3:cad>97</ns3:cad>
          </ns3:TrackPointExtension>
        </extensions>
      </trkpt>
      <trkpt lat="29.1492176055908203125" lon="120.329284630715847015380859375">
        <ele>139.399993896484375</ele>
        <time>2016-07-16T11:53:16.000Z</time>
        <extensions>
          <ns3:TrackPointExtension>
            <ns3:hr>144</ns3:hr>
            <ns3:cad>96</ns3:cad>
          </ns3:TrackPointExtension>
        </extensions>
      </trkpt>
      <trkpt lat="29.1492385603487491607666015625" lon="120.32927951775491237640380859375">
        <ele>139.600006103515625</ele>
        <time>2016-07-16T11:53:17.000Z</time>
        <extensions>
          <ns3:TrackPointExtension>
            <ns3:hr>144</ns3:hr>
            <ns3:cad>96</ns3:cad>
          </ns3:TrackPointExtension>
        </extensions>
      </trkpt>
      <trkpt lat="29.1492590121924877166748046875" lon="120.32926979474723339080810546875">
        <ele>139.8000030517578125</ele>
        <time>2016-07-16T11:53:18.000Z</time>
        <extensions>
          <ns3:TrackPointExtension>
            <ns3:hr>144</ns3:hr>
            <ns3:cad>97</ns3:cad>
          </ns3:TrackPointExtension>
        </extensions>
      </trkpt>
      <trkpt lat="29.14928072132170200347900390625" lon="120.32925881445407867431640625">
        <ele>140</ele>
        <time>2016-07-16T11:53:19.000Z</time>
        <extensions>
          <ns3:TrackPointExtension>
            <ns3:hr>144</ns3:hr>
            <ns3:cad>98</ns3:cad>
          </ns3:TrackPointExtension>
        </extensions>
      </trkpt>
      <trkpt lat="29.149303436279296875" lon="120.3292460739612579345703125">
        <ele>140</ele>
        <time>2016-07-16T11:53:20.000Z</time>
        <extensions>
          <ns3:TrackPointExtension>
            <ns3:hr>145</ns3:hr>
            <ns3:cad>97</ns3:cad>
          </ns3:TrackPointExtension>
        </extensions>
      </trkpt>
      <trkpt lat="29.14932497777044773101806640625" lon="120.3292328305542469024658203125">
        <ele>140.1999969482421875</ele>
        <time>2016-07-16T11:53:21.000Z</time>
        <extensions>
          <ns3:TrackPointExtension>
            <ns3:hr>144</ns3:hr>
            <ns3:cad>96</ns3:cad>
          </ns3:TrackPointExtension>
        </extensions>
      </trkpt>
      <trkpt lat="29.14934702217578887939453125" lon="120.32921858131885528564453125">
        <ele>140.1999969482421875</ele>
        <time>2016-07-16T11:53:22.000Z</time>
        <extensions>
          <ns3:TrackPointExtension>
            <ns3:hr>145</ns3:hr>
            <ns3:cad>96</ns3:cad>
          </ns3:TrackPointExtension>
        </extensions>
      </trkpt>
      <trkpt lat="29.14936806075274944305419921875" lon="120.32920248806476593017578125">
        <ele>140.399993896484375</ele>
        <time>2016-07-16T11:53:23.000Z</time>
        <extensions>
          <ns3:TrackPointExtension>
            <ns3:hr>145</ns3:hr>
            <ns3:cad>96</ns3:cad>
          </ns3:TrackPointExtension>
        </extensions>
      </trkpt>
      <trkpt lat="29.1493884287774562835693359375" lon="120.32918480224907398223876953125">
        <ele>140.399993896484375</ele>
        <time>2016-07-16T11:53:24.000Z</time>
        <extensions>
          <ns3:TrackPointExtension>
            <ns3:hr>145</ns3:hr>
            <ns3:cad>96</ns3:cad>
          </ns3:TrackPointExtension>
        </extensions>
      </trkpt>
      <trkpt lat="29.14940762333571910858154296875" lon="120.32916569150984287261962890625">
        <ele>140.600006103515625</ele>
        <time>2016-07-16T11:53:25.000Z</time>
        <extensions>
          <ns3:TrackPointExtension>
            <ns3:hr>145</ns3:hr>
            <ns3:cad>97</ns3:cad>
          </ns3:TrackPointExtension>
        </extensions>
      </trkpt>
      <trkpt lat="29.149436540901660919189453125" lon="120.32912059687077999114990234375">
        <ele>141</ele>
        <time>2016-07-16T11:53:26.000Z</time>
        <extensions>
          <ns3:TrackPointExtension>
            <ns3:hr>145</ns3:hr>
            <ns3:cad>97</ns3:cad>
          </ns3:TrackPointExtension>
        </extensions>
      </trkpt>
      <trkpt lat="29.149436540901660919189453125" lon="120.32912059687077999114990234375">
        <ele>141</ele>
        <time>2016-07-16T11:53:27.000Z</time>
        <extensions>
          <ns3:TrackPointExtension>
            <ns3:hr>145</ns3:hr>
            <ns3:cad>97</ns3:cad>
          </ns3:TrackPointExtension>
        </extensions>
      </trkpt>
      <trkpt lat="29.14945120923221111297607421875" lon="120.32909712754189968109130859375">
        <ele>141.1999969482421875</ele>
        <time>2016-07-16T11:53:28.000Z</time>
        <extensions>
          <ns3:TrackPointExtension>
            <ns3:hr>145</ns3:hr>
            <ns3:cad>97</ns3:cad>
          </ns3:TrackPointExtension>
        </extensions>
      </trkpt>
      <trkpt lat="29.1494642011821269989013671875" lon="120.32907265238463878631591796875">
        <ele>141.1999969482421875</ele>
        <time>2016-07-16T11:53:29.000Z</time>
        <extensions>
          <ns3:TrackPointExtension>
            <ns3:hr>145</ns3:hr>
            <ns3:cad>97</ns3:cad>
          </ns3:TrackPointExtension>
        </extensions>
      </trkpt>
      <trkpt lat="29.149477779865264892578125" lon="120.32904884777963161468505859375">
        <ele>141.399993896484375</ele>
        <time>2016-07-16T11:53:30.000Z</time>
        <extensions>
          <ns3:TrackPointExtension>
            <ns3:hr>145</ns3:hr>
            <ns3:cad>96</ns3:cad>
          </ns3:TrackPointExtension>
        </extensions>
      </trkpt>
      <trkpt lat="29.1494903527200222015380859375" lon="120.32902688719332218170166015625">
        <ele>141.600006103515625</ele>
        <time>2016-07-16T11:53:31.000Z</time>
        <extensions>
          <ns3:TrackPointExtension>
            <ns3:hr>145</ns3:hr>
            <ns3:cad>96</ns3:cad>
          </ns3:TrackPointExtension>
        </extensions>
      </trkpt>
      <trkpt lat="29.14950099773705005645751953125" lon="120.3290048427879810333251953125">
        <ele>141.8000030517578125</ele>
        <time>2016-07-16T11:53:32.000Z</time>
        <extensions>
          <ns3:TrackPointExtension>
            <ns3:hr>145</ns3:hr>
            <ns3:cad>98</ns3:cad>
          </ns3:TrackPointExtension>
        </extensions>
      </trkpt>
      <trkpt lat="29.14950988255441188812255859375" lon="120.32898011617362499237060546875">
        <ele>142</ele>
        <time>2016-07-16T11:53:33.000Z</time>
        <extensions>
          <ns3:TrackPointExtension>
            <ns3:hr>145</ns3:hr>
            <ns3:cad>98</ns3:cad>
          </ns3:TrackPointExtension>
        </extensions>
      </trkpt>
      <trkpt lat="29.1495168395340442657470703125" lon="120.32895698212087154388427734375">
        <ele>142</ele>
        <time>2016-07-16T11:53:34.000Z</time>
        <extensions>
          <ns3:TrackPointExtension>
            <ns3:hr>145</ns3:hr>
            <ns3:cad>98</ns3:cad>
          </ns3:TrackPointExtension>
        </extensions>
      </trkpt>
      <trkpt lat="29.14952295832335948944091796875" lon="120.3289334289729595184326171875">
        <ele>142.1999969482421875</ele>
        <time>2016-07-16T11:53:35.000Z</time>
        <extensions>
          <ns3:TrackPointExtension>
            <ns3:hr>145</ns3:hr>
            <ns3:cad>97</ns3:cad>
          </ns3:TrackPointExtension>
        </extensions>
      </trkpt>
      <trkpt lat="29.14952731691300868988037109375" lon="120.32890786416828632354736328125">
        <ele>142.399993896484375</ele>
        <time>2016-07-16T11:53:36.000Z</time>
        <extensions>
          <ns3:TrackPointExtension>
            <ns3:hr>144</ns3:hr>
            <ns3:cad>97</ns3:cad>
          </ns3:TrackPointExtension>
        </extensions>
      </trkpt>
      <trkpt lat="29.149531759321689605712890625" lon="120.3288831375539302825927734375">
        <ele>142.399993896484375</ele>
        <time>2016-07-16T11:53:37.000Z</time>
        <extensions>
          <ns3:TrackPointExtension>
            <ns3:hr>143</ns3:hr>
            <ns3:cad>98</ns3:cad>
          </ns3:TrackPointExtension>
        </extensions>
      </trkpt>
      <trkpt lat="29.149533770978450775146484375" lon="120.32885380089282989501953125">
        <ele>142.600006103515625</ele>
        <time>2016-07-16T11:53:38.000Z</time>
        <extensions>
          <ns3:TrackPointExtension>
            <ns3:hr>143</ns3:hr>
            <ns3:cad>98</ns3:cad>
          </ns3:TrackPointExtension>
        </extensions>
      </trkpt>
      <trkpt lat="29.14953452534973621368408203125" lon="120.32882630825042724609375">
        <ele>142.600006103515625</ele>
        <time>2016-07-16T11:53:39.000Z</time>
        <extensions>
          <ns3:TrackPointExtension>
            <ns3:hr>143</ns3:hr>
            <ns3:cad>98</ns3:cad>
          </ns3:TrackPointExtension>
        </extensions>
      </trkpt>
      <trkpt lat="29.14953385479748249053955078125" lon="120.32880007289350032806396484375">
        <ele>142.8000030517578125</ele>
        <time>2016-07-16T11:53:40.000Z</time>
        <extensions>
          <ns3:TrackPointExtension>
            <ns3:hr>143</ns3:hr>
            <ns3:cad>96</ns3:cad>
          </ns3:TrackPointExtension>
        </extensions>
      </trkpt>
      <trkpt lat="29.14953050203621387481689453125" lon="120.32877157442271709442138671875">
        <ele>142.8000030517578125</ele>
        <time>2016-07-16T11:53:41.000Z</time>
        <extensions>
          <ns3:TrackPointExtension>
            <ns3:hr>144</ns3:hr>
            <ns3:cad>96</ns3:cad>
          </ns3:TrackPointExtension>
        </extensions>
      </trkpt>
      <trkpt lat="29.1495208628475666046142578125" lon="120.32871591858565807342529296875">
        <ele>143.1999969482421875</ele>
        <time>2016-07-16T11:53:42.000Z</time>
        <extensions>
          <ns3:TrackPointExtension>
            <ns3:hr>144</ns3:hr>
            <ns3:cad>96</ns3:cad>
          </ns3:TrackPointExtension>
        </extensions>
      </trkpt>
      <trkpt lat="29.1495208628475666046142578125" lon="120.32871591858565807342529296875">
        <ele>143.1999969482421875</ele>
        <time>2016-07-16T11:53:43.000Z</time>
        <extensions>
          <ns3:TrackPointExtension>
            <ns3:hr>144</ns3:hr>
            <ns3:cad>96</ns3:cad>
          </ns3:TrackPointExtension>
        </extensions>
      </trkpt>
      <trkpt lat="29.1495121456682682037353515625" lon="120.32868842594325542449951171875">
        <ele>143.399993896484375</ele>
        <time>2016-07-16T11:53:44.000Z</time>
        <extensions>
          <ns3:TrackPointExtension>
            <ns3:hr>142</ns3:hr>
            <ns3:cad>96</ns3:cad>
          </ns3:TrackPointExtension>
        </extensions>
      </trkpt>
      <trkpt lat="29.14950384758412837982177734375" lon="120.32866277731955051422119140625">
        <ele>143.600006103515625</ele>
        <time>2016-07-16T11:53:45.000Z</time>
        <extensions>
          <ns3:TrackPointExtension>
            <ns3:hr>142</ns3:hr>
            <ns3:cad>96</ns3:cad>
          </ns3:TrackPointExtension>
        </extensions>
      </trkpt>
      <trkpt lat="29.1494916938245296478271484375" lon="120.3286360390484333038330078125">
        <ele>143.600006103515625</ele>
        <time>2016-07-16T11:53:46.000Z</time>
        <extensions>
          <ns3:TrackPointExtension>
            <ns3:hr>143</ns3:hr>
            <ns3:cad>96</ns3:cad>
          </ns3:TrackPointExtension>
        </extensions>
      </trkpt>
      <trkpt lat="29.149476774036884307861328125" lon="120.3286115638911724090576171875">
        <ele>143.600006103515625</ele>
        <time>2016-07-16T11:53:47.000Z</time>
        <extensions>
          <ns3:TrackPointExtension>
            <ns3:hr>143</ns3:hr>
            <ns3:cad>96</ns3:cad>
          </ns3:TrackPointExtension>
        </extensions>
      </trkpt>
      <trkpt lat="29.149461686611175537109375" lon="120.32858801074326038360595703125">
        <ele>143.8000030517578125</ele>
        <time>2016-07-16T11:53:48.000Z</time>
        <extensions>
          <ns3:TrackPointExtension>
            <ns3:hr>144</ns3:hr>
            <ns3:cad>96</ns3:cad>
          </ns3:TrackPointExtension>
        </extensions>
      </trkpt>
      <trkpt lat="29.1494469344615936279296875" lon="120.32856320030987262725830078125">
        <ele>143.8000030517578125</ele>
        <time>2016-07-16T11:53:49.000Z</time>
        <extensions>
          <ns3:TrackPointExtension>
            <ns3:hr>143</ns3:hr>
            <ns3:cad>96</ns3:cad>
          </ns3:TrackPointExtension>
        </extensions>
      </trkpt>
      <trkpt lat="29.14943109266459941864013671875" lon="120.3285401500761508941650390625">
        <ele>143.8000030517578125</ele>
        <time>2016-07-16T11:53:50.000Z</time>
        <extensions>
          <ns3:TrackPointExtension>
            <ns3:hr>144</ns3:hr>
            <ns3:cad>96</ns3:cad>
          </ns3:TrackPointExtension>
        </extensions>
      </trkpt>
      <trkpt lat="29.14941566996276378631591796875" lon="120.32851659692823886871337890625">
        <ele>143.8000030517578125</ele>
        <time>2016-07-16T11:53:51.000Z</time>
        <extensions>
          <ns3:TrackPointExtension>
            <ns3:hr>143</ns3:hr>
            <ns3:cad>96</ns3:cad>
          </ns3:TrackPointExtension>
        </extensions>
      </trkpt>
      <trkpt lat="29.14939790032804012298583984375" lon="120.3284945525228977203369140625">
        <ele>143.8000030517578125</ele>
        <time>2016-07-16T11:53:52.000Z</time>
        <extensions>
          <ns3:TrackPointExtension>
            <ns3:hr>143</ns3:hr>
            <ns3:cad>96</ns3:cad>
          </ns3:TrackPointExtension>
        </extensions>
      </trkpt>
      <trkpt lat="29.149380885064601898193359375" lon="120.32847292721271514892578125">
        <ele>143.8000030517578125</ele>
        <time>2016-07-16T11:53:53.000Z</time>
        <extensions>
          <ns3:TrackPointExtension>
            <ns3:hr>143</ns3:hr>
            <ns3:cad>98</ns3:cad>
          </ns3:TrackPointExtension>
        </extensions>
      </trkpt>
      <trkpt lat="29.14936437271535396575927734375" lon="120.32845322974026203155517578125">
        <ele>143.8000030517578125</ele>
        <time>2016-07-16T11:53:54.000Z</time>
        <extensions>
          <ns3:TrackPointExtension>
            <ns3:hr>144</ns3:hr>
            <ns3:cad>98</ns3:cad>
          </ns3:TrackPointExtension>
        </extensions>
      </trkpt>
      <trkpt lat="29.14934593252837657928466796875" lon="120.32843629829585552215576171875">
        <ele>143.600006103515625</ele>
        <time>2016-07-16T11:53:55.000Z</time>
        <extensions>
          <ns3:TrackPointExtension>
            <ns3:hr>144</ns3:hr>
            <ns3:cad>98</ns3:cad>
          </ns3:TrackPointExtension>
        </extensions>
      </trkpt>
      <trkpt lat="29.14930569939315319061279296875" lon="120.32840478233993053436279296875">
        <ele>143.399993896484375</ele>
        <time>2016-07-16T11:53:56.000Z</time>
        <extensions>
          <ns3:TrackPointExtension>
            <ns3:hr>146</ns3:hr>
            <ns3:cad>96</ns3:cad>
          </ns3:TrackPointExtension>
        </extensions>
      </trkpt>
      <trkpt lat="29.14930569939315319061279296875" lon="120.32840478233993053436279296875">
        <ele>143.399993896484375</ele>
        <time>2016-07-16T11:53:57.000Z</time>
        <extensions>
          <ns3:TrackPointExtension>
            <ns3:hr>146</ns3:hr>
            <ns3:cad>96</ns3:cad>
          </ns3:TrackPointExtension>
        </extensions>
      </trkpt>
      <trkpt lat="29.1492838226258754730224609375" lon="120.32839271239936351776123046875">
        <ele>143.1999969482421875</ele>
        <time>2016-07-16T11:53:58.000Z</time>
        <extensions>
          <ns3:TrackPointExtension>
            <ns3:hr>146</ns3:hr>
            <ns3:cad>96</ns3:cad>
          </ns3:TrackPointExtension>
        </extensions>
      </trkpt>
      <trkpt lat="29.14926127530634403228759765625" lon="120.3283824026584625244140625">
        <ele>143.1999969482421875</ele>
        <time>2016-07-16T11:53:59.000Z</time>
        <extensions>
          <ns3:TrackPointExtension>
            <ns3:hr>146</ns3:hr>
            <ns3:cad>96</ns3:cad>
          </ns3:TrackPointExtension>
        </extensions>
      </trkpt>
      <trkpt lat="29.149238727986812591552734375" lon="120.32837360166013240814208984375">
        <ele>143.1999969482421875</ele>
        <time>2016-07-16T11:54:00.000Z</time>
        <extensions>
          <ns3:TrackPointExtension>
            <ns3:hr>145</ns3:hr>
            <ns3:cad>98</ns3:cad>
          </ns3:TrackPointExtension>
        </extensions>
      </trkpt>
      <trkpt lat="29.14919505827128887176513671875" lon="120.32835499383509159088134765625">
        <ele>143</ele>
        <time>2016-07-16T11:54:01.000Z</time>
        <extensions>
          <ns3:TrackPointExtension>
            <ns3:hr>145</ns3:hr>
            <ns3:cad>97</ns3:cad>
          </ns3:TrackPointExtension>
        </extensions>
      </trkpt>
      <trkpt lat="29.14919505827128887176513671875" lon="120.32835499383509159088134765625">
        <ele>143</ele>
        <time>2016-07-16T11:54:02.000Z</time>
        <extensions>
          <ns3:TrackPointExtension>
            <ns3:hr>145</ns3:hr>
            <ns3:cad>97</ns3:cad>
          </ns3:TrackPointExtension>
        </extensions>
      </trkpt>
      <trkpt lat="29.14917225949466228485107421875" lon="120.3283475339412689208984375">
        <ele>143</ele>
        <time>2016-07-16T11:54:03.000Z</time>
        <extensions>
          <ns3:TrackPointExtension>
            <ns3:hr>145</ns3:hr>
            <ns3:cad>97</ns3:cad>
          </ns3:TrackPointExtension>
        </extensions>
      </trkpt>
      <trkpt lat="29.14914845488965511322021484375" lon="120.32834015786647796630859375">
        <ele>142.8000030517578125</ele>
        <time>2016-07-16T11:54:04.000Z</time>
        <extensions>
          <ns3:TrackPointExtension>
            <ns3:hr>144</ns3:hr>
            <ns3:cad>97</ns3:cad>
          </ns3:TrackPointExtension>
        </extensions>
      </trkpt>
      <trkpt lat="29.149123728275299072265625" lon="120.3283339552581310272216796875">
        <ele>142.8000030517578125</ele>
        <time>2016-07-16T11:54:05.000Z</time>
        <extensions>
          <ns3:TrackPointExtension>
            <ns3:hr>143</ns3:hr>
            <ns3:cad>96</ns3:cad>
          </ns3:TrackPointExtension>
        </extensions>
      </trkpt>
      <trkpt lat="29.149099253118038177490234375" lon="120.3283279202878475189208984375">
        <ele>142.600006103515625</ele>
        <time>2016-07-16T11:54:06.000Z</time>
        <extensions>
          <ns3:TrackPointExtension>
            <ns3:hr>144</ns3:hr>
            <ns3:cad>96</ns3:cad>
          </ns3:TrackPointExtension>
        </extensions>
      </trkpt>
      <trkpt lat="29.14907603524625301361083984375" lon="120.3283218853175640106201171875">
        <ele>142.399993896484375</ele>
        <time>2016-07-16T11:54:07.000Z</time>
        <extensions>
          <ns3:TrackPointExtension>
            <ns3:hr>143</ns3:hr>
            <ns3:cad>96</ns3:cad>
          </ns3:TrackPointExtension>
        </extensions>
      </trkpt>
      <trkpt lat="29.1490534879267215728759765625" lon="120.32831425778567790985107421875">
        <ele>142.399993896484375</ele>
        <time>2016-07-16T11:54:08.000Z</time>
        <extensions>
          <ns3:TrackPointExtension>
            <ns3:hr>144</ns3:hr>
            <ns3:cad>96</ns3:cad>
          </ns3:TrackPointExtension>
        </extensions>
      </trkpt>
      <trkpt lat="29.14903060533106327056884765625" lon="120.3283064626157283782958984375">
        <ele>142.1999969482421875</ele>
        <time>2016-07-16T11:54:09.000Z</time>
        <extensions>
          <ns3:TrackPointExtension>
            <ns3:hr>144</ns3:hr>
            <ns3:cad>96</ns3:cad>
          </ns3:TrackPointExtension>
        </extensions>
      </trkpt>
      <trkpt lat="29.1490085609257221221923828125" lon="120.32829816453158855438232421875">
        <ele>142</ele>
        <time>2016-07-16T11:54:10.000Z</time>
        <extensions>
          <ns3:TrackPointExtension>
            <ns3:hr>143</ns3:hr>
            <ns3:cad>98</ns3:cad>
          </ns3:TrackPointExtension>
        </extensions>
      </trkpt>
      <trkpt lat="29.14898785762488842010498046875" lon="120.32828919589519500732421875">
        <ele>142</ele>
        <time>2016-07-16T11:54:11.000Z</time>
        <extensions>
          <ns3:TrackPointExtension>
            <ns3:hr>143</ns3:hr>
            <ns3:cad>98</ns3:cad>
          </ns3:TrackPointExtension>
        </extensions>
      </trkpt>
      <trkpt lat="29.14896673522889614105224609375" lon="120.3282823227345943450927734375">
        <ele>142</ele>
        <time>2016-07-16T11:54:12.000Z</time>
        <extensions>
          <ns3:TrackPointExtension>
            <ns3:hr>143</ns3:hr>
            <ns3:cad>97</ns3:cad>
          </ns3:TrackPointExtension>
        </extensions>
      </trkpt>
      <trkpt lat="29.14894611574709415435791015625" lon="120.32827368937432765960693359375">
        <ele>142.1999969482421875</ele>
        <time>2016-07-16T11:54:13.000Z</time>
        <extensions>
          <ns3:TrackPointExtension>
            <ns3:hr>143</ns3:hr>
            <ns3:cad>97</ns3:cad>
          </ns3:TrackPointExtension>
        </extensions>
      </trkpt>
      <trkpt lat="29.148925580084323883056640625" lon="120.3282643854618072509765625">
        <ele>142.1999969482421875</ele>
        <time>2016-07-16T11:54:14.000Z</time>
        <extensions>
          <ns3:TrackPointExtension>
            <ns3:hr>143</ns3:hr>
            <ns3:cad>97</ns3:cad>
          </ns3:TrackPointExtension>
        </extensions>
      </trkpt>
      <trkpt lat="29.14890504442155361175537109375" lon="120.32825407572090625762939453125">
        <ele>142.1999969482421875</ele>
        <time>2016-07-16T11:54:15.000Z</time>
        <extensions>
          <ns3:TrackPointExtension>
            <ns3:hr>143</ns3:hr>
            <ns3:cad>97</ns3:cad>
          </ns3:TrackPointExtension>
        </extensions>
      </trkpt>
      <trkpt lat="29.14888425730168819427490234375" lon="120.328244268894195556640625">
        <ele>142.399993896484375</ele>
        <time>2016-07-16T11:54:16.000Z</time>
        <extensions>
          <ns3:TrackPointExtension>
            <ns3:hr>143</ns3:hr>
            <ns3:cad>96</ns3:cad>
          </ns3:TrackPointExtension>
        </extensions>
      </trkpt>
      <trkpt lat="29.14886246435344219207763671875" lon="120.32823597081005573272705078125">
        <ele>142.399993896484375</ele>
        <time>2016-07-16T11:54:17.000Z</time>
        <extensions>
          <ns3:TrackPointExtension>
            <ns3:hr>142</ns3:hr>
            <ns3:cad>96</ns3:cad>
          </ns3:TrackPointExtension>
        </extensions>
      </trkpt>
      <trkpt lat="29.14884150959551334381103515625" lon="120.32822540961205959320068359375">
        <ele>142.399993896484375</ele>
        <time>2016-07-16T11:54:18.000Z</time>
        <extensions>
          <ns3:TrackPointExtension>
            <ns3:hr>142</ns3:hr>
            <ns3:cad>96</ns3:cad>
          </ns3:TrackPointExtension>
        </extensions>
      </trkpt>
      <trkpt lat="29.14880119264125823974609375" lon="120.32820713706314563751220703125">
        <ele>142.399993896484375</ele>
        <time>2016-07-16T11:54:19.000Z</time>
        <extensions>
          <ns3:TrackPointExtension>
            <ns3:hr>142</ns3:hr>
            <ns3:cad>98</ns3:cad>
          </ns3:TrackPointExtension>
        </extensions>
      </trkpt>
      <trkpt lat="29.14880119264125823974609375" lon="120.32820713706314563751220703125">
        <ele>142.399993896484375</ele>
        <time>2016-07-16T11:54:20.000Z</time>
        <extensions>
          <ns3:TrackPointExtension>
            <ns3:hr>142</ns3:hr>
            <ns3:cad>98</ns3:cad>
          </ns3:TrackPointExtension>
        </extensions>
      </trkpt>
      <trkpt lat="29.14878099225461483001708984375" lon="120.32819808460772037506103515625">
        <ele>142.399993896484375</ele>
        <time>2016-07-16T11:54:21.000Z</time>
        <extensions>
          <ns3:TrackPointExtension>
            <ns3:hr>141</ns3:hr>
            <ns3:cad>98</ns3:cad>
          </ns3:TrackPointExtension>
        </extensions>
      </trkpt>
      <trkpt lat="29.14876054041087627410888671875" lon="120.32818836160004138946533203125">
        <ele>142.1999969482421875</ele>
        <time>2016-07-16T11:54:22.000Z</time>
        <extensions>
          <ns3:TrackPointExtension>
            <ns3:hr>142</ns3:hr>
            <ns3:cad>98</ns3:cad>
          </ns3:TrackPointExtension>
        </extensions>
      </trkpt>
      <trkpt lat="29.1487406753003597259521484375" lon="120.32817780040204524993896484375">
        <ele>142.1999969482421875</ele>
        <time>2016-07-16T11:54:23.000Z</time>
        <extensions>
          <ns3:TrackPointExtension>
            <ns3:hr>141</ns3:hr>
            <ns3:cad>97</ns3:cad>
          </ns3:TrackPointExtension>
        </extensions>
      </trkpt>
      <trkpt lat="29.14871938526630401611328125" lon="120.3281706757843494415283203125">
        <ele>142.1999969482421875</ele>
        <time>2016-07-16T11:54:24.000Z</time>
        <extensions>
          <ns3:TrackPointExtension>
            <ns3:hr>140</ns3:hr>
            <ns3:cad>97</ns3:cad>
          </ns3:TrackPointExtension>
        </extensions>
      </trkpt>
      <trkpt lat="29.1486980952322483062744140625" lon="120.32816455699503421783447265625">
        <ele>142.1999969482421875</ele>
        <time>2016-07-16T11:54:25.000Z</time>
        <extensions>
          <ns3:TrackPointExtension>
            <ns3:hr>141</ns3:hr>
            <ns3:cad>97</ns3:cad>
          </ns3:TrackPointExtension>
        </extensions>
      </trkpt>
      <trkpt lat="29.14867646992206573486328125" lon="120.32815701328217983245849609375">
        <ele>142.1999969482421875</ele>
        <time>2016-07-16T11:54:26.000Z</time>
        <extensions>
          <ns3:TrackPointExtension>
            <ns3:hr>141</ns3:hr>
            <ns3:cad>97</ns3:cad>
          </ns3:TrackPointExtension>
        </extensions>
      </trkpt>
      <trkpt lat="29.14865509606897830963134765625" lon="120.32814879901707172393798828125">
        <ele>142.1999969482421875</ele>
        <time>2016-07-16T11:54:27.000Z</time>
        <extensions>
          <ns3:TrackPointExtension>
            <ns3:hr>141</ns3:hr>
            <ns3:cad>97</ns3:cad>
          </ns3:TrackPointExtension>
        </extensions>
      </trkpt>
      <trkpt lat="29.14863280020654201507568359375" lon="120.328142680227756500244140625">
        <ele>142.399993896484375</ele>
        <time>2016-07-16T11:54:28.000Z</time>
        <extensions>
          <ns3:TrackPointExtension>
            <ns3:hr>141</ns3:hr>
            <ns3:cad>97</ns3:cad>
          </ns3:TrackPointExtension>
        </extensions>
      </trkpt>
      <trkpt lat="29.14861016906797885894775390625" lon="120.328135304152965545654296875">
        <ele>142.399993896484375</ele>
        <time>2016-07-16T11:54:29.000Z</time>
        <extensions>
          <ns3:TrackPointExtension>
            <ns3:hr>141</ns3:hr>
            <ns3:cad>97</ns3:cad>
          </ns3:TrackPointExtension>
        </extensions>
      </trkpt>
      <trkpt lat="29.14858720265328884124755859375" lon="120.3281280957162380218505859375">
        <ele>142.399993896484375</ele>
        <time>2016-07-16T11:54:30.000Z</time>
        <extensions>
          <ns3:TrackPointExtension>
            <ns3:hr>141</ns3:hr>
            <ns3:cad>97</ns3:cad>
          </ns3:TrackPointExtension>
        </extensions>
      </trkpt>
      <trkpt lat="29.148564152419567108154296875" lon="120.32812097109854221343994140625">
        <ele>142.399993896484375</ele>
        <time>2016-07-16T11:54:31.000Z</time>
        <extensions>
          <ns3:TrackPointExtension>
            <ns3:hr>141</ns3:hr>
            <ns3:cad>97</ns3:cad>
          </ns3:TrackPointExtension>
        </extensions>
      </trkpt>
      <trkpt lat="29.1485411860048770904541015625" lon="120.3281114995479583740234375">
        <ele>142.399993896484375</ele>
        <time>2016-07-16T11:54:32.000Z</time>
        <extensions>
          <ns3:TrackPointExtension>
            <ns3:hr>140</ns3:hr>
            <ns3:cad>97</ns3:cad>
          </ns3:TrackPointExtension>
        </extensions>
      </trkpt>
      <trkpt lat="29.14851712994277477264404296875" lon="120.32810487784445285797119140625">
        <ele>142.399993896484375</ele>
        <time>2016-07-16T11:54:33.000Z</time>
        <extensions>
          <ns3:TrackPointExtension>
            <ns3:hr>141</ns3:hr>
            <ns3:cad>97</ns3:cad>
          </ns3:TrackPointExtension>
        </extensions>
      </trkpt>
      <trkpt lat="29.14849248714745044708251953125" lon="120.32809875905513763427734375">
        <ele>142.399993896484375</ele>
        <time>2016-07-16T11:54:34.000Z</time>
        <extensions>
          <ns3:TrackPointExtension>
            <ns3:hr>141</ns3:hr>
            <ns3:cad>97</ns3:cad>
          </ns3:TrackPointExtension>
        </extensions>
      </trkpt>
      <trkpt lat="29.1484680958092212677001953125" lon="120.328093729913234710693359375">
        <ele>142.399993896484375</ele>
        <time>2016-07-16T11:54:35.000Z</time>
        <extensions>
          <ns3:TrackPointExtension>
            <ns3:hr>141</ns3:hr>
            <ns3:cad>97</ns3:cad>
          </ns3:TrackPointExtension>
        </extensions>
      </trkpt>
      <trkpt lat="29.1484196484088897705078125" lon="120.3280878625810146331787109375">
        <ele>142.600006103515625</ele>
        <time>2016-07-16T11:54:36.000Z</time>
        <extensions>
          <ns3:TrackPointExtension>
            <ns3:hr>142</ns3:hr>
            <ns3:cad>97</ns3:cad>
          </ns3:TrackPointExtension>
        </extensions>
      </trkpt>
      <trkpt lat="29.1484196484088897705078125" lon="120.3280878625810146331787109375">
        <ele>142.600006103515625</ele>
        <time>2016-07-16T11:54:37.000Z</time>
        <extensions>
          <ns3:TrackPointExtension>
            <ns3:hr>142</ns3:hr>
            <ns3:cad>97</ns3:cad>
          </ns3:TrackPointExtension>
        </extensions>
      </trkpt>
      <trkpt lat="29.1483955085277557373046875" lon="120.328087694942951202392578125">
        <ele>142.600006103515625</ele>
        <time>2016-07-16T11:54:38.000Z</time>
        <extensions>
          <ns3:TrackPointExtension>
            <ns3:hr>143</ns3:hr>
            <ns3:cad>97</ns3:cad>
          </ns3:TrackPointExtension>
        </extensions>
      </trkpt>
      <trkpt lat="29.1483718715608119964599609375" lon="120.32808794640004634857177734375">
        <ele>142.600006103515625</ele>
        <time>2016-07-16T11:54:39.000Z</time>
        <extensions>
          <ns3:TrackPointExtension>
            <ns3:hr>142</ns3:hr>
            <ns3:cad>97</ns3:cad>
          </ns3:TrackPointExtension>
        </extensions>
      </trkpt>
      <trkpt lat="29.14834882132709026336669921875" lon="120.328090377151966094970703125">
        <ele>142.399993896484375</ele>
        <time>2016-07-16T11:54:40.000Z</time>
        <extensions>
          <ns3:TrackPointExtension>
            <ns3:hr>142</ns3:hr>
            <ns3:cad>96</ns3:cad>
          </ns3:TrackPointExtension>
        </extensions>
      </trkpt>
      <trkpt lat="29.14832702837884426116943359375" lon="120.32809398137032985687255859375">
        <ele>142.399993896484375</ele>
        <time>2016-07-16T11:54:41.000Z</time>
        <extensions>
          <ns3:TrackPointExtension>
            <ns3:hr>142</ns3:hr>
            <ns3:cad>96</ns3:cad>
          </ns3:TrackPointExtension>
        </extensions>
      </trkpt>
      <trkpt lat="29.14830389432609081268310546875" lon="120.3280980885028839111328125">
        <ele>142.600006103515625</ele>
        <time>2016-07-16T11:54:42.000Z</time>
        <extensions>
          <ns3:TrackPointExtension>
            <ns3:hr>142</ns3:hr>
            <ns3:cad>96</ns3:cad>
          </ns3:TrackPointExtension>
        </extensions>
      </trkpt>
      <trkpt lat="29.14828143082559108734130859375" lon="120.32810403965413570404052734375">
        <ele>142.600006103515625</ele>
        <time>2016-07-16T11:54:43.000Z</time>
        <extensions>
          <ns3:TrackPointExtension>
            <ns3:hr>142</ns3:hr>
            <ns3:cad>96</ns3:cad>
          </ns3:TrackPointExtension>
        </extensions>
      </trkpt>
      <trkpt lat="29.14823248051106929779052734375" lon="120.32812155783176422119140625">
        <ele>142.8000030517578125</ele>
        <time>2016-07-16T11:54:44.000Z</time>
        <extensions>
          <ns3:TrackPointExtension>
            <ns3:hr>141</ns3:hr>
            <ns3:cad>96</ns3:cad>
          </ns3:TrackPointExtension>
        </extensions>
      </trkpt>
      <trkpt lat="29.14823248051106929779052734375" lon="120.32812155783176422119140625">
        <ele>142.8000030517578125</ele>
        <time>2016-07-16T11:54:45.000Z</time>
        <extensions>
          <ns3:TrackPointExtension>
            <ns3:hr>141</ns3:hr>
            <ns3:cad>97</ns3:cad>
          </ns3:TrackPointExtension>
        </extensions>
      </trkpt>
      <trkpt lat="29.14821169339120388031005859375" lon="120.32813153229653835296630859375">
        <ele>142.8000030517578125</ele>
        <time>2016-07-16T11:54:46.000Z</time>
        <extensions>
          <ns3:TrackPointExtension>
            <ns3:hr>141</ns3:hr>
            <ns3:cad>96</ns3:cad>
          </ns3:TrackPointExtension>
        </extensions>
      </trkpt>
      <trkpt lat="29.1481901519000530242919921875" lon="120.32814276404678821563720703125">
        <ele>143</ele>
        <time>2016-07-16T11:54:47.000Z</time>
        <extensions>
          <ns3:TrackPointExtension>
            <ns3:hr>141</ns3:hr>
            <ns3:cad>96</ns3:cad>
          </ns3:TrackPointExtension>
        </extensions>
      </trkpt>
      <trkpt lat="29.14817028678953647613525390625" lon="120.32815667800605297088623046875">
        <ele>143</ele>
        <time>2016-07-16T11:54:48.000Z</time>
        <extensions>
          <ns3:TrackPointExtension>
            <ns3:hr>141</ns3:hr>
            <ns3:cad>96</ns3:cad>
          </ns3:TrackPointExtension>
        </extensions>
      </trkpt>
      <trkpt lat="29.14815268479287624359130859375" lon="120.32817075960338115692138671875">
        <ele>143</ele>
        <time>2016-07-16T11:54:49.000Z</time>
        <extensions>
          <ns3:TrackPointExtension>
            <ns3:hr>141</ns3:hr>
            <ns3:cad>96</ns3:cad>
          </ns3:TrackPointExtension>
        </extensions>
      </trkpt>
      <trkpt lat="29.148134998977184295654296875" lon="120.3281867690384387969970703125">
        <ele>143</ele>
        <time>2016-07-16T11:54:50.000Z</time>
        <extensions>
          <ns3:TrackPointExtension>
            <ns3:hr>143</ns3:hr>
            <ns3:cad>98</ns3:cad>
          </ns3:TrackPointExtension>
        </extensions>
      </trkpt>
      <trkpt lat="29.14811865426599979400634765625" lon="120.328204371035099029541015625">
        <ele>143.1999969482421875</ele>
        <time>2016-07-16T11:54:51.000Z</time>
        <extensions>
          <ns3:TrackPointExtension>
            <ns3:hr>143</ns3:hr>
            <ns3:cad>98</ns3:cad>
          </ns3:TrackPointExtension>
        </extensions>
      </trkpt>
      <trkpt lat="29.148101471364498138427734375" lon="120.328222811222076416015625">
        <ele>143.1999969482421875</ele>
        <time>2016-07-16T11:54:52.000Z</time>
        <extensions>
          <ns3:TrackPointExtension>
            <ns3:hr>144</ns3:hr>
            <ns3:cad>98</ns3:cad>
          </ns3:TrackPointExtension>
        </extensions>
      </trkpt>
      <trkpt lat="29.1480865515768527984619140625" lon="120.3282410837709903717041015625">
        <ele>143.399993896484375</ele>
        <time>2016-07-16T11:54:53.000Z</time>
        <extensions>
          <ns3:TrackPointExtension>
            <ns3:hr>143</ns3:hr>
            <ns3:cad>97</ns3:cad>
          </ns3:TrackPointExtension>
        </extensions>
      </trkpt>
      <trkpt lat="29.14807305671274662017822265625" lon="120.32826061360538005828857421875">
        <ele>143.399993896484375</ele>
        <time>2016-07-16T11:54:54.000Z</time>
        <extensions>
          <ns3:TrackPointExtension>
            <ns3:hr>143</ns3:hr>
            <ns3:cad>97</ns3:cad>
          </ns3:TrackPointExtension>
        </extensions>
      </trkpt>
      <trkpt lat="29.1480587236583232879638671875" lon="120.32828223891556262969970703125">
        <ele>143.399993896484375</ele>
        <time>2016-07-16T11:54:55.000Z</time>
        <extensions>
          <ns3:TrackPointExtension>
            <ns3:hr>143</ns3:hr>
            <ns3:cad>97</ns3:cad>
          </ns3:TrackPointExtension>
        </extensions>
      </trkpt>
      <trkpt lat="29.14804606698453426361083984375" lon="120.3283051215112209320068359375">
        <ele>143.399993896484375</ele>
        <time>2016-07-16T11:54:56.000Z</time>
        <extensions>
          <ns3:TrackPointExtension>
            <ns3:hr>143</ns3:hr>
            <ns3:cad>97</ns3:cad>
          </ns3:TrackPointExtension>
        </extensions>
      </trkpt>
      <trkpt lat="29.14803416468203067779541015625" lon="120.32832817174494266510009765625">
        <ele>143.399993896484375</ele>
        <time>2016-07-16T11:54:57.000Z</time>
        <extensions>
          <ns3:TrackPointExtension>
            <ns3:hr>142</ns3:hr>
            <ns3:cad>97</ns3:cad>
          </ns3:TrackPointExtension>
        </extensions>
      </trkpt>
      <trkpt lat="29.1480241902172565460205078125" lon="120.32835046760737895965576171875">
        <ele>143.600006103515625</ele>
        <time>2016-07-16T11:54:58.000Z</time>
        <extensions>
          <ns3:TrackPointExtension>
            <ns3:hr>141</ns3:hr>
            <ns3:cad>97</ns3:cad>
          </ns3:TrackPointExtension>
        </extensions>
      </trkpt>
      <trkpt lat="29.1480137966573238372802734375" lon="120.32837259583175182342529296875">
        <ele>143.600006103515625</ele>
        <time>2016-07-16T11:54:59.000Z</time>
        <extensions>
          <ns3:TrackPointExtension>
            <ns3:hr>142</ns3:hr>
            <ns3:cad>97</ns3:cad>
          </ns3:TrackPointExtension>
        </extensions>
      </trkpt>
      <trkpt lat="29.14800449274480342864990234375" lon="120.32839505933225154876708984375">
        <ele>143.600006103515625</ele>
        <time>2016-07-16T11:55:00.000Z</time>
        <extensions>
          <ns3:TrackPointExtension>
            <ns3:hr>141</ns3:hr>
            <ns3:cad>97</ns3:cad>
          </ns3:TrackPointExtension>
        </extensions>
      </trkpt>
      <trkpt lat="29.1479970328509807586669921875" lon="120.32841869629919528961181640625">
        <ele>143.600006103515625</ele>
        <time>2016-07-16T11:55:01.000Z</time>
        <extensions>
          <ns3:TrackPointExtension>
            <ns3:hr>142</ns3:hr>
            <ns3:cad>97</ns3:cad>
          </ns3:TrackPointExtension>
        </extensions>
      </trkpt>
      <trkpt lat="29.14798940531909465789794921875" lon="120.328467227518558502197265625">
        <ele>143.600006103515625</ele>
        <time>2016-07-16T11:55:02.000Z</time>
        <extensions>
          <ns3:TrackPointExtension>
            <ns3:hr>143</ns3:hr>
            <ns3:cad>97</ns3:cad>
          </ns3:TrackPointExtension>
        </extensions>
      </trkpt>
      <trkpt lat="29.14798940531909465789794921875" lon="120.328467227518558502197265625">
        <ele>143.600006103515625</ele>
        <time>2016-07-16T11:55:03.000Z</time>
        <extensions>
          <ns3:TrackPointExtension>
            <ns3:hr>143</ns3:hr>
            <ns3:cad>96</ns3:cad>
          </ns3:TrackPointExtension>
        </extensions>
      </trkpt>
      <trkpt lat="29.14798571728169918060302734375" lon="120.32849145121872425079345703125">
        <ele>143.600006103515625</ele>
        <time>2016-07-16T11:55:04.000Z</time>
        <extensions>
          <ns3:TrackPointExtension>
            <ns3:hr>142</ns3:hr>
            <ns3:cad>96</ns3:cad>
          </ns3:TrackPointExtension>
        </extensions>
      </trkpt>
      <trkpt lat="29.1479837894439697265625" lon="120.328514836728572845458984375">
        <ele>143.8000030517578125</ele>
        <time>2016-07-16T11:55:05.000Z</time>
        <extensions>
          <ns3:TrackPointExtension>
            <ns3:hr>142</ns3:hr>
            <ns3:cad>95</ns3:cad>
          </ns3:TrackPointExtension>
        </extensions>
      </trkpt>
      <trkpt lat="29.14798236452043056488037109375" lon="120.3285378031432628631591796875">
        <ele>144</ele>
        <time>2016-07-16T11:55:06.000Z</time>
        <extensions>
          <ns3:TrackPointExtension>
            <ns3:hr>142</ns3:hr>
            <ns3:cad>95</ns3:cad>
          </ns3:TrackPointExtension>
        </extensions>
      </trkpt>
      <trkpt lat="29.147981442511081695556640625" lon="120.32856135629117488861083984375">
        <ele>144</ele>
        <time>2016-07-16T11:55:07.000Z</time>
        <extensions>
          <ns3:TrackPointExtension>
            <ns3:hr>141</ns3:hr>
            <ns3:cad>95</ns3:cad>
          </ns3:TrackPointExtension>
        </extensions>
      </trkpt>
      <trkpt lat="29.14798437617719173431396484375" lon="120.32858666963875293731689453125">
        <ele>144.1999969482421875</ele>
        <time>2016-07-16T11:55:08.000Z</time>
        <extensions>
          <ns3:TrackPointExtension>
            <ns3:hr>140</ns3:hr>
            <ns3:cad>95</ns3:cad>
          </ns3:TrackPointExtension>
        </extensions>
      </trkpt>
      <trkpt lat="29.14798622019588947296142578125" lon="120.3286130726337432861328125">
        <ele>144.399993896484375</ele>
        <time>2016-07-16T11:55:09.000Z</time>
        <extensions>
          <ns3:TrackPointExtension>
            <ns3:hr>141</ns3:hr>
            <ns3:cad>95</ns3:cad>
          </ns3:TrackPointExtension>
        </extensions>
      </trkpt>
      <trkpt lat="29.14798923768103122711181640625" lon="120.32863788306713104248046875">
        <ele>144.399993896484375</ele>
        <time>2016-07-16T11:55:10.000Z</time>
        <extensions>
          <ns3:TrackPointExtension>
            <ns3:hr>142</ns3:hr>
            <ns3:cad>96</ns3:cad>
          </ns3:TrackPointExtension>
        </extensions>
      </trkpt>
      <trkpt lat="29.1479923389852046966552734375" lon="120.328662358224391937255859375">
        <ele>144.600006103515625</ele>
        <time>2016-07-16T11:55:11.000Z</time>
        <extensions>
          <ns3:TrackPointExtension>
            <ns3:hr>141</ns3:hr>
            <ns3:cad>96</ns3:cad>
          </ns3:TrackPointExtension>
        </extensions>
      </trkpt>
      <trkpt lat="29.1479985415935516357421875" lon="120.32868758775293827056884765625">
        <ele>144.600006103515625</ele>
        <time>2016-07-16T11:55:12.000Z</time>
        <extensions>
          <ns3:TrackPointExtension>
            <ns3:hr>142</ns3:hr>
            <ns3:cad>96</ns3:cad>
          </ns3:TrackPointExtension>
        </extensions>
      </trkpt>
      <trkpt lat="29.1480070911347866058349609375" lon="120.32871239818632602691650390625">
        <ele>144.8000030517578125</ele>
        <time>2016-07-16T11:55:13.000Z</time>
        <extensions>
          <ns3:TrackPointExtension>
            <ns3:hr>142</ns3:hr>
            <ns3:cad>96</ns3:cad>
          </ns3:TrackPointExtension>
        </extensions>
      </trkpt>
      <trkpt lat="29.1480159759521484375" lon="120.3287359513342380523681640625">
        <ele>144.8000030517578125</ele>
        <time>2016-07-16T11:55:14.000Z</time>
        <extensions>
          <ns3:TrackPointExtension>
            <ns3:hr>142</ns3:hr>
            <ns3:cad>97</ns3:cad>
          </ns3:TrackPointExtension>
        </extensions>
      </trkpt>
      <trkpt lat="29.1480278782546520233154296875" lon="120.3287594206631183624267578125">
        <ele>145</ele>
        <time>2016-07-16T11:55:15.000Z</time>
        <extensions>
          <ns3:TrackPointExtension>
            <ns3:hr>142</ns3:hr>
            <ns3:cad>97</ns3:cad>
          </ns3:TrackPointExtension>
        </extensions>
      </trkpt>
      <trkpt lat="29.14804019965231418609619140625" lon="120.3287835605442523956298828125">
        <ele>145</ele>
        <time>2016-07-16T11:55:16.000Z</time>
        <extensions>
          <ns3:TrackPointExtension>
            <ns3:hr>142</ns3:hr>
            <ns3:cad>96</ns3:cad>
          </ns3:TrackPointExtension>
        </extensions>
      </trkpt>
      <trkpt lat="29.14807439781725406646728515625" lon="120.32883544452488422393798828125">
        <ele>145</ele>
        <time>2016-07-16T11:55:17.000Z</time>
        <extensions>
          <ns3:TrackPointExtension>
            <ns3:hr>143</ns3:hr>
            <ns3:cad>96</ns3:cad>
          </ns3:TrackPointExtension>
        </extensions>
      </trkpt>
      <trkpt lat="29.14807439781725406646728515625" lon="120.32883544452488422393798828125">
        <ele>145</ele>
        <time>2016-07-16T11:55:18.000Z</time>
        <extensions>
          <ns3:TrackPointExtension>
            <ns3:hr>143</ns3:hr>
            <ns3:cad>96</ns3:cad>
          </ns3:TrackPointExtension>
        </extensions>
      </trkpt>
      <trkpt lat="29.14809082634747028350830078125" lon="120.3288586623966693878173828125">
        <ele>145</ele>
        <time>2016-07-16T11:55:19.000Z</time>
        <extensions>
          <ns3:TrackPointExtension>
            <ns3:hr>143</ns3:hr>
            <ns3:cad>98</ns3:cad>
          </ns3:TrackPointExtension>
        </extensions>
      </trkpt>
      <trkpt lat="29.14810909889638423919677734375" lon="120.3288807906210422515869140625">
        <ele>145</ele>
        <time>2016-07-16T11:55:20.000Z</time>
        <extensions>
          <ns3:TrackPointExtension>
            <ns3:hr>143</ns3:hr>
            <ns3:cad>98</ns3:cad>
          </ns3:TrackPointExtension>
        </extensions>
      </trkpt>
      <trkpt lat="29.14812661707401275634765625" lon="120.32890141010284423828125">
        <ele>145</ele>
        <time>2016-07-16T11:55:21.000Z</time>
        <extensions>
          <ns3:TrackPointExtension>
            <ns3:hr>143</ns3:hr>
            <ns3:cad>98</ns3:cad>
          </ns3:TrackPointExtension>
        </extensions>
      </trkpt>
      <trkpt lat="29.1481465660035610198974609375" lon="120.32892161048948764801025390625">
        <ele>145</ele>
        <time>2016-07-16T11:55:22.000Z</time>
        <extensions>
          <ns3:TrackPointExtension>
            <ns3:hr>143</ns3:hr>
            <ns3:cad>98</ns3:cad>
          </ns3:TrackPointExtension>
        </extensions>
      </trkpt>
      <trkpt lat="29.14818755351006984710693359375" lon="120.3289535455405712127685546875">
        <ele>145</ele>
        <time>2016-07-16T11:55:23.000Z</time>
        <extensions>
          <ns3:TrackPointExtension>
            <ns3:hr>145</ns3:hr>
            <ns3:cad>97</ns3:cad>
          </ns3:TrackPointExtension>
        </extensions>
      </trkpt>
      <trkpt lat="29.14818755351006984710693359375" lon="120.3289535455405712127685546875">
        <ele>145</ele>
        <time>2016-07-16T11:55:24.000Z</time>
        <extensions>
          <ns3:TrackPointExtension>
            <ns3:hr>145</ns3:hr>
            <ns3:cad>97</ns3:cad>
          </ns3:TrackPointExtension>
        </extensions>
      </trkpt>
      <trkpt lat="29.14820767007768154144287109375" lon="120.32896687276661396026611328125">
        <ele>144.8000030517578125</ele>
        <time>2016-07-16T11:55:25.000Z</time>
        <extensions>
          <ns3:TrackPointExtension>
            <ns3:hr>144</ns3:hr>
            <ns3:cad>96</ns3:cad>
          </ns3:TrackPointExtension>
        </extensions>
      </trkpt>
      <trkpt lat="29.1482280381023883819580078125" lon="120.32897911034524440765380859375">
        <ele>144.8000030517578125</ele>
        <time>2016-07-16T11:55:26.000Z</time>
        <extensions>
          <ns3:TrackPointExtension>
            <ns3:hr>144</ns3:hr>
            <ns3:cad>96</ns3:cad>
          </ns3:TrackPointExtension>
        </extensions>
      </trkpt>
      <trkpt lat="29.1482488252222537994384765625" lon="120.32899285666644573211669921875">
        <ele>144.8000030517578125</ele>
        <time>2016-07-16T11:55:27.000Z</time>
        <extensions>
          <ns3:TrackPointExtension>
            <ns3:hr>144</ns3:hr>
            <ns3:cad>96</ns3:cad>
          </ns3:TrackPointExtension>
        </extensions>
      </trkpt>
      <trkpt lat="29.14826919324696063995361328125" lon="120.32900668680667877197265625">
        <ele>144.600006103515625</ele>
        <time>2016-07-16T11:55:28.000Z</time>
        <extensions>
          <ns3:TrackPointExtension>
            <ns3:hr>144</ns3:hr>
            <ns3:cad>96</ns3:cad>
          </ns3:TrackPointExtension>
        </extensions>
      </trkpt>
      <trkpt lat="29.14829157292842864990234375" lon="120.329017750918865203857421875">
        <ele>144.600006103515625</ele>
        <time>2016-07-16T11:55:29.000Z</time>
        <extensions>
          <ns3:TrackPointExtension>
            <ns3:hr>143</ns3:hr>
            <ns3:cad>98</ns3:cad>
          </ns3:TrackPointExtension>
        </extensions>
      </trkpt>
      <trkpt lat="29.14831512607634067535400390625" lon="120.32902806065976619720458984375">
        <ele>144.399993896484375</ele>
        <time>2016-07-16T11:55:30.000Z</time>
        <extensions>
          <ns3:TrackPointExtension>
            <ns3:hr>144</ns3:hr>
            <ns3:cad>98</ns3:cad>
          </ns3:TrackPointExtension>
        </extensions>
      </trkpt>
      <trkpt lat="29.1483364999294281005859375" lon="120.32903996296226978302001953125">
        <ele>144.399993896484375</ele>
        <time>2016-07-16T11:55:31.000Z</time>
        <extensions>
          <ns3:TrackPointExtension>
            <ns3:hr>144</ns3:hr>
            <ns3:cad>97</ns3:cad>
          </ns3:TrackPointExtension>
        </extensions>
      </trkpt>
      <trkpt lat="29.1483594663441181182861328125" lon="120.3290501050651073455810546875">
        <ele>144.399993896484375</ele>
        <time>2016-07-16T11:55:32.000Z</time>
        <extensions>
          <ns3:TrackPointExtension>
            <ns3:hr>143</ns3:hr>
            <ns3:cad>97</ns3:cad>
          </ns3:TrackPointExtension>
        </extensions>
      </trkpt>
      <trkpt lat="29.14838033728301525115966796875" lon="120.3290591575205326080322265625">
        <ele>144.1999969482421875</ele>
        <time>2016-07-16T11:55:33.000Z</time>
        <extensions>
          <ns3:TrackPointExtension>
            <ns3:hr>143</ns3:hr>
            <ns3:cad>95</ns3:cad>
          </ns3:TrackPointExtension>
        </extensions>
      </trkpt>
      <trkpt lat="29.14840154349803924560546875" lon="120.32906762324273586273193359375">
        <ele>144.1999969482421875</ele>
        <time>2016-07-16T11:55:34.000Z</time>
        <extensions>
          <ns3:TrackPointExtension>
            <ns3:hr>143</ns3:hr>
            <ns3:cad>95</ns3:cad>
          </ns3:TrackPointExtension>
        </extensions>
      </trkpt>
      <trkpt lat="29.1484245099127292633056640625" lon="120.3290770947933197021484375">
        <ele>144</ele>
        <time>2016-07-16T11:55:35.000Z</time>
        <extensions>
          <ns3:TrackPointExtension>
            <ns3:hr>143</ns3:hr>
            <ns3:cad>96</ns3:cad>
          </ns3:TrackPointExtension>
        </extensions>
      </trkpt>
      <trkpt lat="29.14844756014645099639892578125" lon="120.3290851414203643798828125">
        <ele>144</ele>
        <time>2016-07-16T11:55:36.000Z</time>
        <extensions>
          <ns3:TrackPointExtension>
            <ns3:hr>143</ns3:hr>
            <ns3:cad>96</ns3:cad>
          </ns3:TrackPointExtension>
        </extensions>
      </trkpt>
      <trkpt lat="29.1484721191227436065673828125" lon="120.3290943615138530731201171875">
        <ele>143.600006103515625</ele>
        <time>2016-07-16T11:55:37.000Z</time>
        <extensions>
          <ns3:TrackPointExtension>
            <ns3:hr>143</ns3:hr>
            <ns3:cad>98</ns3:cad>
          </ns3:TrackPointExtension>
        </extensions>
      </trkpt>
      <trkpt lat="29.1484974324703216552734375" lon="120.32910165376961231231689453125">
        <ele>143.1999969482421875</ele>
        <time>2016-07-16T11:55:38.000Z</time>
        <extensions>
          <ns3:TrackPointExtension>
            <ns3:hr>143</ns3:hr>
            <ns3:cad>98</ns3:cad>
          </ns3:TrackPointExtension>
        </extensions>
      </trkpt>
      <trkpt lat="29.14854546077549457550048828125" lon="120.3291213512420654296875">
        <ele>142.399993896484375</ele>
        <time>2016-07-16T11:55:39.000Z</time>
        <extensions>
          <ns3:TrackPointExtension>
            <ns3:hr>142</ns3:hr>
            <ns3:cad>97</ns3:cad>
          </ns3:TrackPointExtension>
        </extensions>
      </trkpt>
      <trkpt lat="29.14854546077549457550048828125" lon="120.3291213512420654296875">
        <ele>142.399993896484375</ele>
        <time>2016-07-16T11:55:40.000Z</time>
        <extensions>
          <ns3:TrackPointExtension>
            <ns3:hr>142</ns3:hr>
            <ns3:cad>97</ns3:cad>
          </ns3:TrackPointExtension>
        </extensions>
      </trkpt>
      <trkpt lat="29.1485713608562946319580078125" lon="120.32913015224039554595947265625">
        <ele>142</ele>
        <time>2016-07-16T11:55:41.000Z</time>
        <extensions>
          <ns3:TrackPointExtension>
            <ns3:hr>142</ns3:hr>
            <ns3:cad>97</ns3:cad>
          </ns3:TrackPointExtension>
        </extensions>
      </trkpt>
      <trkpt lat="29.148598015308380126953125" lon="120.329141132533550262451171875">
        <ele>141.600006103515625</ele>
        <time>2016-07-16T11:55:42.000Z</time>
        <extensions>
          <ns3:TrackPointExtension>
            <ns3:hr>142</ns3:hr>
            <ns3:cad>97</ns3:cad>
          </ns3:TrackPointExtension>
        </extensions>
      </trkpt>
      <trkpt lat="29.14862441830337047576904296875" lon="120.329150855541229248046875">
        <ele>141.1999969482421875</ele>
        <time>2016-07-16T11:55:43.000Z</time>
        <extensions>
          <ns3:TrackPointExtension>
            <ns3:hr>142</ns3:hr>
            <ns3:cad>97</ns3:cad>
          </ns3:TrackPointExtension>
        </extensions>
      </trkpt>
      <trkpt lat="29.14864872582256793975830078125" lon="120.3291590698063373565673828125">
        <ele>140.8000030517578125</ele>
        <time>2016-07-16T11:55:44.000Z</time>
        <extensions>
          <ns3:TrackPointExtension>
            <ns3:hr>143</ns3:hr>
            <ns3:cad>96</ns3:cad>
          </ns3:TrackPointExtension>
        </extensions>
      </trkpt>
      <trkpt lat="29.1486712731420993804931640625" lon="120.32917105592787265777587890625">
        <ele>140.399993896484375</ele>
        <time>2016-07-16T11:55:45.000Z</time>
        <extensions>
          <ns3:TrackPointExtension>
            <ns3:hr>142</ns3:hr>
            <ns3:cad>96</ns3:cad>
          </ns3:TrackPointExtension>
        </extensions>
      </trkpt>
      <trkpt lat="29.14869264699518680572509765625" lon="120.32917776145040988922119140625">
        <ele>140</ele>
        <time>2016-07-16T11:55:46.000Z</time>
        <extensions>
          <ns3:TrackPointExtension>
            <ns3:hr>142</ns3:hr>
            <ns3:cad>96</ns3:cad>
          </ns3:TrackPointExtension>
        </extensions>
      </trkpt>
      <trkpt lat="29.14871511049568653106689453125" lon="120.32918639481067657470703125">
        <ele>139.600006103515625</ele>
        <time>2016-07-16T11:55:47.000Z</time>
        <extensions>
          <ns3:TrackPointExtension>
            <ns3:hr>142</ns3:hr>
            <ns3:cad>96</ns3:cad>
          </ns3:TrackPointExtension>
        </extensions>
      </trkpt>
      <trkpt lat="29.14873723872005939483642578125" lon="120.3291956149041652679443359375">
        <ele>139.399993896484375</ele>
        <time>2016-07-16T11:55:48.000Z</time>
        <extensions>
          <ns3:TrackPointExtension>
            <ns3:hr>143</ns3:hr>
            <ns3:cad>96</ns3:cad>
          </ns3:TrackPointExtension>
        </extensions>
      </trkpt>
      <trkpt lat="29.1487604565918445587158203125" lon="120.32920072786509990692138671875">
        <ele>139.1999969482421875</ele>
        <time>2016-07-16T11:55:49.000Z</time>
        <extensions>
          <ns3:TrackPointExtension>
            <ns3:hr>143</ns3:hr>
            <ns3:cad>96</ns3:cad>
          </ns3:TrackPointExtension>
        </extensions>
      </trkpt>
      <trkpt lat="29.1487829200923442840576171875" lon="120.3292073495686054229736328125">
        <ele>139.1999969482421875</ele>
        <time>2016-07-16T11:55:50.000Z</time>
        <extensions>
          <ns3:TrackPointExtension>
            <ns3:hr>142</ns3:hr>
            <ns3:cad>97</ns3:cad>
          </ns3:TrackPointExtension>
        </extensions>
      </trkpt>
      <trkpt lat="29.1488037072122097015380859375" lon="120.32921480946242809295654296875">
        <ele>139</ele>
        <time>2016-07-16T11:55:51.000Z</time>
        <extensions>
          <ns3:TrackPointExtension>
            <ns3:hr>143</ns3:hr>
            <ns3:cad>97</ns3:cad>
          </ns3:TrackPointExtension>
        </extensions>
      </trkpt>
      <trkpt lat="29.148825667798519134521484375" lon="120.329218246042728424072265625">
        <ele>138.8000030517578125</ele>
        <time>2016-07-16T11:55:52.000Z</time>
        <extensions>
          <ns3:TrackPointExtension>
            <ns3:hr>142</ns3:hr>
            <ns3:cad>95</ns3:cad>
          </ns3:TrackPointExtension>
        </extensions>
      </trkpt>
      <trkpt lat="29.1488452814519405364990234375" lon="120.3292261250317096710205078125">
        <ele>138.8000030517578125</ele>
        <time>2016-07-16T11:55:53.000Z</time>
        <extensions>
          <ns3:TrackPointExtension>
            <ns3:hr>141</ns3:hr>
            <ns3:cad>95</ns3:cad>
          </ns3:TrackPointExtension>
        </extensions>
      </trkpt>
      <trkpt lat="29.14886632002890110015869140625" lon="120.3292326629161834716796875">
        <ele>138.600006103515625</ele>
        <time>2016-07-16T11:55:54.000Z</time>
        <extensions>
          <ns3:TrackPointExtension>
            <ns3:hr>140</ns3:hr>
            <ns3:cad>96</ns3:cad>
          </ns3:TrackPointExtension>
        </extensions>
      </trkpt>
      <trkpt lat="29.1488905437290668487548828125" lon="120.329240374267101287841796875">
        <ele>138.399993896484375</ele>
        <time>2016-07-16T11:55:55.000Z</time>
        <extensions>
          <ns3:TrackPointExtension>
            <ns3:hr>140</ns3:hr>
            <ns3:cad>96</ns3:cad>
          </ns3:TrackPointExtension>
        </extensions>
      </trkpt>
      <trkpt lat="29.14891493506729602813720703125" lon="120.3292462415993213653564453125">
        <ele>138.1999969482421875</ele>
        <time>2016-07-16T11:55:56.000Z</time>
        <extensions>
          <ns3:TrackPointExtension>
            <ns3:hr>140</ns3:hr>
            <ns3:cad>97</ns3:cad>
          </ns3:TrackPointExtension>
        </extensions>
      </trkpt>
      <trkpt lat="29.1489384882152080535888671875" lon="120.32925118692219257354736328125">
        <ele>138.1999969482421875</ele>
        <time>2016-07-16T11:55:57.000Z</time>
        <extensions>
          <ns3:TrackPointExtension>
            <ns3:hr>141</ns3:hr>
            <ns3:cad>98</ns3:cad>
          </ns3:TrackPointExtension>
        </extensions>
      </trkpt>
      <trkpt lat="29.14896271191537380218505859375" lon="120.32925738953053951263427734375">
        <ele>138</ele>
        <time>2016-07-16T11:55:58.000Z</time>
        <extensions>
          <ns3:TrackPointExtension>
            <ns3:hr>141</ns3:hr>
            <ns3:cad>97</ns3:cad>
          </ns3:TrackPointExtension>
        </extensions>
      </trkpt>
      <trkpt lat="29.14898433722555637359619140625" lon="120.3292653523385524749755859375">
        <ele>137.8000030517578125</ele>
        <time>2016-07-16T11:55:59.000Z</time>
        <extensions>
          <ns3:TrackPointExtension>
            <ns3:hr>141</ns3:hr>
            <ns3:cad>97</ns3:cad>
          </ns3:TrackPointExtension>
        </extensions>
      </trkpt>
      <trkpt lat="29.1490075550973415374755859375" lon="120.3292733989655971527099609375">
        <ele>137.8000030517578125</ele>
        <time>2016-07-16T11:56:00.000Z</time>
        <extensions>
          <ns3:TrackPointExtension>
            <ns3:hr>142</ns3:hr>
            <ns3:cad>97</ns3:cad>
          </ns3:TrackPointExtension>
        </extensions>
      </trkpt>
      <trkpt lat="29.14903244934976100921630859375" lon="120.3292797692120075225830078125">
        <ele>138</ele>
        <time>2016-07-16T11:56:01.000Z</time>
        <extensions>
          <ns3:TrackPointExtension>
            <ns3:hr>142</ns3:hr>
            <ns3:cad>97</ns3:cad>
          </ns3:TrackPointExtension>
        </extensions>
      </trkpt>
      <trkpt lat="29.1490819863975048065185546875" lon="120.329294018447399139404296875">
        <ele>138.399993896484375</ele>
        <time>2016-07-16T11:56:02.000Z</time>
        <extensions>
          <ns3:TrackPointExtension>
            <ns3:hr>142</ns3:hr>
            <ns3:cad>97</ns3:cad>
          </ns3:TrackPointExtension>
        </extensions>
      </trkpt>
      <trkpt lat="29.1490819863975048065185546875" lon="120.329294018447399139404296875">
        <ele>138.399993896484375</ele>
        <time>2016-07-16T11:56:03.000Z</time>
        <extensions>
          <ns3:TrackPointExtension>
            <ns3:hr>142</ns3:hr>
            <ns3:cad>97</ns3:cad>
          </ns3:TrackPointExtension>
        </extensions>
      </trkpt>
      <trkpt lat="29.14910637773573398590087890625" lon="120.32929795794188976287841796875">
        <ele>138.600006103515625</ele>
        <time>2016-07-16T11:56:04.000Z</time>
        <extensions>
          <ns3:TrackPointExtension>
            <ns3:hr>142</ns3:hr>
            <ns3:cad>97</ns3:cad>
          </ns3:TrackPointExtension>
        </extensions>
      </trkpt>
      <trkpt lat="29.149132110178470611572265625" lon="120.3293002210557460784912109375">
        <ele>138.8000030517578125</ele>
        <time>2016-07-16T11:56:05.000Z</time>
        <extensions>
          <ns3:TrackPointExtension>
            <ns3:hr>142</ns3:hr>
            <ns3:cad>97</ns3:cad>
          </ns3:TrackPointExtension>
        </extensions>
      </trkpt>
      <trkpt lat="29.14915733970701694488525390625" lon="120.329297371208667755126953125">
        <ele>139</ele>
        <time>2016-07-16T11:56:06.000Z</time>
        <extensions>
          <ns3:TrackPointExtension>
            <ns3:hr>142</ns3:hr>
            <ns3:cad>97</ns3:cad>
          </ns3:TrackPointExtension>
        </extensions>
      </trkpt>
      <trkpt lat="29.14918072521686553955078125" lon="120.32929326407611370086669921875">
        <ele>139.1999969482421875</ele>
        <time>2016-07-16T11:56:07.000Z</time>
        <extensions>
          <ns3:TrackPointExtension>
            <ns3:hr>142</ns3:hr>
            <ns3:cad>97</ns3:cad>
          </ns3:TrackPointExtension>
        </extensions>
      </trkpt>
      <trkpt lat="29.1492053680121898651123046875" lon="120.3292898274958133697509765625">
        <ele>139.1999969482421875</ele>
        <time>2016-07-16T11:56:08.000Z</time>
        <extensions>
          <ns3:TrackPointExtension>
            <ns3:hr>143</ns3:hr>
            <ns3:cad>97</ns3:cad>
          </ns3:TrackPointExtension>
        </extensions>
      </trkpt>
      <trkpt lat="29.14922900497913360595703125" lon="120.32928320579230785369873046875">
        <ele>139.399993896484375</ele>
        <time>2016-07-16T11:56:09.000Z</time>
        <extensions>
          <ns3:TrackPointExtension>
            <ns3:hr>143</ns3:hr>
            <ns3:cad>96</ns3:cad>
          </ns3:TrackPointExtension>
        </extensions>
      </trkpt>
      <trkpt lat="29.14925289340317249298095703125" lon="120.32927490770816802978515625">
        <ele>139.8000030517578125</ele>
        <time>2016-07-16T11:56:10.000Z</time>
        <extensions>
          <ns3:TrackPointExtension>
            <ns3:hr>144</ns3:hr>
            <ns3:cad>96</ns3:cad>
          </ns3:TrackPointExtension>
        </extensions>
      </trkpt>
      <trkpt lat="29.1492757759988307952880859375" lon="120.32926493324339389801025390625">
        <ele>140</ele>
        <time>2016-07-16T11:56:11.000Z</time>
        <extensions>
          <ns3:TrackPointExtension>
            <ns3:hr>144</ns3:hr>
            <ns3:cad>98</ns3:cad>
          </ns3:TrackPointExtension>
        </extensions>
      </trkpt>
      <trkpt lat="29.14929714985191822052001953125" lon="120.3292532823979854583740234375">
        <ele>140</ele>
        <time>2016-07-16T11:56:12.000Z</time>
        <extensions>
          <ns3:TrackPointExtension>
            <ns3:hr>145</ns3:hr>
            <ns3:cad>98</ns3:cad>
          </ns3:TrackPointExtension>
        </extensions>
      </trkpt>
      <trkpt lat="29.14932011626660823822021484375" lon="120.3292415477335453033447265625">
        <ele>140.1999969482421875</ele>
        <time>2016-07-16T11:56:13.000Z</time>
        <extensions>
          <ns3:TrackPointExtension>
            <ns3:hr>145</ns3:hr>
            <ns3:cad>98</ns3:cad>
          </ns3:TrackPointExtension>
        </extensions>
      </trkpt>
      <trkpt lat="29.14934098720550537109375" lon="120.32922796905040740966796875">
        <ele>140.1999969482421875</ele>
        <time>2016-07-16T11:56:14.000Z</time>
        <extensions>
          <ns3:TrackPointExtension>
            <ns3:hr>145</ns3:hr>
            <ns3:cad>97</ns3:cad>
          </ns3:TrackPointExtension>
        </extensions>
      </trkpt>
      <trkpt lat="29.149361439049243927001953125" lon="120.329213552176952362060546875">
        <ele>140.1999969482421875</ele>
        <time>2016-07-16T11:56:15.000Z</time>
        <extensions>
          <ns3:TrackPointExtension>
            <ns3:hr>145</ns3:hr>
            <ns3:cad>97</ns3:cad>
          </ns3:TrackPointExtension>
        </extensions>
      </trkpt>
      <trkpt lat="29.1493825614452362060546875" lon="120.32919712364673614501953125">
        <ele>140.399993896484375</ele>
        <time>2016-07-16T11:56:16.000Z</time>
        <extensions>
          <ns3:TrackPointExtension>
            <ns3:hr>145</ns3:hr>
            <ns3:cad>96</ns3:cad>
          </ns3:TrackPointExtension>
        </extensions>
      </trkpt>
      <trkpt lat="29.1494222916662693023681640625" lon="120.3291602432727813720703125">
        <ele>140.600006103515625</ele>
        <time>2016-07-16T11:56:17.000Z</time>
        <extensions>
          <ns3:TrackPointExtension>
            <ns3:hr>144</ns3:hr>
            <ns3:cad>96</ns3:cad>
          </ns3:TrackPointExtension>
        </extensions>
      </trkpt>
      <trkpt lat="29.1494222916662693023681640625" lon="120.3291602432727813720703125">
        <ele>140.600006103515625</ele>
        <time>2016-07-16T11:56:18.000Z</time>
        <extensions>
          <ns3:TrackPointExtension>
            <ns3:hr>144</ns3:hr>
            <ns3:cad>96</ns3:cad>
          </ns3:TrackPointExtension>
        </extensions>
      </trkpt>
      <trkpt lat="29.1494388878345489501953125" lon="120.32913870178163051605224609375">
        <ele>140.8000030517578125</ele>
        <time>2016-07-16T11:56:19.000Z</time>
        <extensions>
          <ns3:TrackPointExtension>
            <ns3:hr>145</ns3:hr>
            <ns3:cad>96</ns3:cad>
          </ns3:TrackPointExtension>
        </extensions>
      </trkpt>
      <trkpt lat="29.1494548134505748748779296875" lon="120.329118669033050537109375">
        <ele>141</ele>
        <time>2016-07-16T11:56:20.000Z</time>
        <extensions>
          <ns3:TrackPointExtension>
            <ns3:hr>144</ns3:hr>
            <ns3:cad>98</ns3:cad>
          </ns3:TrackPointExtension>
        </extensions>
      </trkpt>
      <trkpt lat="29.149470739066600799560546875" lon="120.3290963731706142425537109375">
        <ele>141.1999969482421875</ele>
        <time>2016-07-16T11:56:21.000Z</time>
        <extensions>
          <ns3:TrackPointExtension>
            <ns3:hr>145</ns3:hr>
            <ns3:cad>96</ns3:cad>
          </ns3:TrackPointExtension>
        </extensions>
      </trkpt>
      <trkpt lat="29.149483144283294677734375" lon="120.32907399348914623260498046875">
        <ele>141.399993896484375</ele>
        <time>2016-07-16T11:56:22.000Z</time>
        <extensions>
          <ns3:TrackPointExtension>
            <ns3:hr>146</ns3:hr>
            <ns3:cad>96</ns3:cad>
          </ns3:TrackPointExtension>
        </extensions>
      </trkpt>
      <trkpt lat="29.14949412457644939422607421875" lon="120.329049937427043914794921875">
        <ele>141.600006103515625</ele>
        <time>2016-07-16T11:56:23.000Z</time>
        <extensions>
          <ns3:TrackPointExtension>
            <ns3:hr>145</ns3:hr>
            <ns3:cad>96</ns3:cad>
          </ns3:TrackPointExtension>
        </extensions>
      </trkpt>
      <trkpt lat="29.14950384758412837982177734375" lon="120.3290269710123538970947265625">
        <ele>141.8000030517578125</ele>
        <time>2016-07-16T11:56:24.000Z</time>
        <extensions>
          <ns3:TrackPointExtension>
            <ns3:hr>144</ns3:hr>
            <ns3:cad>96</ns3:cad>
          </ns3:TrackPointExtension>
        </extensions>
      </trkpt>
      <trkpt lat="29.14951239712536334991455078125" lon="120.32900207675993442535400390625">
        <ele>141.8000030517578125</ele>
        <time>2016-07-16T11:56:25.000Z</time>
        <extensions>
          <ns3:TrackPointExtension>
            <ns3:hr>144</ns3:hr>
            <ns3:cad>96</ns3:cad>
          </ns3:TrackPointExtension>
        </extensions>
      </trkpt>
      <trkpt lat="29.149525053799152374267578125" lon="120.32894792966544628143310546875">
        <ele>142.1999969482421875</ele>
        <time>2016-07-16T11:56:26.000Z</time>
        <extensions>
          <ns3:TrackPointExtension>
            <ns3:hr>142</ns3:hr>
            <ns3:cad>96</ns3:cad>
          </ns3:TrackPointExtension>
        </extensions>
      </trkpt>
      <trkpt lat="29.149525053799152374267578125" lon="120.32894792966544628143310546875">
        <ele>142.1999969482421875</ele>
        <time>2016-07-16T11:56:27.000Z</time>
        <extensions>
          <ns3:TrackPointExtension>
            <ns3:hr>142</ns3:hr>
            <ns3:cad>96</ns3:cad>
          </ns3:TrackPointExtension>
        </extensions>
      </trkpt>
      <trkpt lat="29.1495295800268650054931640625" lon="120.32892060466110706329345703125">
        <ele>142.399993896484375</ele>
        <time>2016-07-16T11:56:28.000Z</time>
        <extensions>
          <ns3:TrackPointExtension>
            <ns3:hr>143</ns3:hr>
            <ns3:cad>97</ns3:cad>
          </ns3:TrackPointExtension>
        </extensions>
      </trkpt>
      <trkpt lat="29.149531424045562744140625" lon="120.3288948722183704376220703125">
        <ele>142.399993896484375</ele>
        <time>2016-07-16T11:56:29.000Z</time>
        <extensions>
          <ns3:TrackPointExtension>
            <ns3:hr>143</ns3:hr>
            <ns3:cad>98</ns3:cad>
          </ns3:TrackPointExtension>
        </extensions>
      </trkpt>
      <trkpt lat="29.1495332680642604827880859375" lon="120.32886981032788753509521484375">
        <ele>142.600006103515625</ele>
        <time>2016-07-16T11:56:30.000Z</time>
        <extensions>
          <ns3:TrackPointExtension>
            <ns3:hr>143</ns3:hr>
            <ns3:cad>98</ns3:cad>
          </ns3:TrackPointExtension>
        </extensions>
      </trkpt>
      <trkpt lat="29.14953553117811679840087890625" lon="120.32884181477129459381103515625">
        <ele>142.600006103515625</ele>
        <time>2016-07-16T11:56:31.000Z</time>
        <extensions>
          <ns3:TrackPointExtension>
            <ns3:hr>143</ns3:hr>
            <ns3:cad>97</ns3:cad>
          </ns3:TrackPointExtension>
        </extensions>
      </trkpt>
      <trkpt lat="29.14953611791133880615234375" lon="120.32881398685276508331298828125">
        <ele>142.8000030517578125</ele>
        <time>2016-07-16T11:56:32.000Z</time>
        <extensions>
          <ns3:TrackPointExtension>
            <ns3:hr>143</ns3:hr>
            <ns3:cad>97</ns3:cad>
          </ns3:TrackPointExtension>
        </extensions>
      </trkpt>
      <trkpt lat="29.149535782635211944580078125" lon="120.32878431491553783416748046875">
        <ele>142.8000030517578125</ele>
        <time>2016-07-16T11:56:33.000Z</time>
        <extensions>
          <ns3:TrackPointExtension>
            <ns3:hr>144</ns3:hr>
            <ns3:cad>97</ns3:cad>
          </ns3:TrackPointExtension>
        </extensions>
      </trkpt>
      <trkpt lat="29.149532429873943328857421875" lon="120.32875414006412029266357421875">
        <ele>143</ele>
        <time>2016-07-16T11:56:34.000Z</time>
        <extensions>
          <ns3:TrackPointExtension>
            <ns3:hr>143</ns3:hr>
            <ns3:cad>97</ns3:cad>
          </ns3:TrackPointExtension>
        </extensions>
      </trkpt>
      <trkpt lat="29.1495282389223575592041015625" lon="120.32872664742171764373779296875">
        <ele>143.1999969482421875</ele>
        <time>2016-07-16T11:56:35.000Z</time>
        <extensions>
          <ns3:TrackPointExtension>
            <ns3:hr>143</ns3:hr>
            <ns3:cad>96</ns3:cad>
          </ns3:TrackPointExtension>
        </extensions>
      </trkpt>
      <trkpt lat="29.1495211981236934661865234375" lon="120.32869731076061725616455078125">
        <ele>143.399993896484375</ele>
        <time>2016-07-16T11:56:36.000Z</time>
        <extensions>
          <ns3:TrackPointExtension>
            <ns3:hr>143</ns3:hr>
            <ns3:cad>96</ns3:cad>
          </ns3:TrackPointExtension>
        </extensions>
      </trkpt>
      <trkpt lat="29.14951390586793422698974609375" lon="120.3286705724895000457763671875">
        <ele>143.600006103515625</ele>
        <time>2016-07-16T11:56:37.000Z</time>
        <extensions>
          <ns3:TrackPointExtension>
            <ns3:hr>143</ns3:hr>
            <ns3:cad>96</ns3:cad>
          </ns3:TrackPointExtension>
        </extensions>
      </trkpt>
      <trkpt lat="29.14950401522219181060791015625" lon="120.32864484004676342010498046875">
        <ele>143.8000030517578125</ele>
        <time>2016-07-16T11:56:38.000Z</time>
        <extensions>
          <ns3:TrackPointExtension>
            <ns3:hr>143</ns3:hr>
            <ns3:cad>96</ns3:cad>
          </ns3:TrackPointExtension>
        </extensions>
      </trkpt>
      <trkpt lat="29.14949278347194194793701171875" lon="120.32861910760402679443359375">
        <ele>143.8000030517578125</ele>
        <time>2016-07-16T11:56:39.000Z</time>
        <extensions>
          <ns3:TrackPointExtension>
            <ns3:hr>143</ns3:hr>
            <ns3:cad>96</ns3:cad>
          </ns3:TrackPointExtension>
        </extensions>
      </trkpt>
      <trkpt lat="29.1494816355407238006591796875" lon="120.32859488390386104583740234375">
        <ele>144</ele>
        <time>2016-07-16T11:56:40.000Z</time>
        <extensions>
          <ns3:TrackPointExtension>
            <ns3:hr>142</ns3:hr>
            <ns3:cad>98</ns3:cad>
          </ns3:TrackPointExtension>
        </extensions>
      </trkpt>
      <trkpt lat="29.1494662128388881683349609375" lon="120.328567139804363250732421875">
        <ele>144</ele>
        <time>2016-07-16T11:56:41.000Z</time>
        <extensions>
          <ns3:TrackPointExtension>
            <ns3:hr>142</ns3:hr>
            <ns3:cad>98</ns3:cad>
          </ns3:TrackPointExtension>
        </extensions>
      </trkpt>
      <trkpt lat="29.14943779818713665008544921875" lon="120.328516848385334014892578125">
        <ele>144.1999969482421875</ele>
        <time>2016-07-16T11:56:42.000Z</time>
        <extensions>
          <ns3:TrackPointExtension>
            <ns3:hr>142</ns3:hr>
            <ns3:cad>97</ns3:cad>
          </ns3:TrackPointExtension>
        </extensions>
      </trkpt>
      <trkpt lat="29.14943779818713665008544921875" lon="120.328516848385334014892578125">
        <ele>144.1999969482421875</ele>
        <time>2016-07-16T11:56:43.000Z</time>
        <extensions>
          <ns3:TrackPointExtension>
            <ns3:hr>142</ns3:hr>
            <ns3:cad>97</ns3:cad>
          </ns3:TrackPointExtension>
        </extensions>
      </trkpt>
      <trkpt lat="29.14942170493304729461669921875" lon="120.32849497161805629730224609375">
        <ele>144.1999969482421875</ele>
        <time>2016-07-16T11:56:44.000Z</time>
        <extensions>
          <ns3:TrackPointExtension>
            <ns3:hr>142</ns3:hr>
            <ns3:cad>96</ns3:cad>
          </ns3:TrackPointExtension>
        </extensions>
      </trkpt>
      <trkpt lat="29.14940410293638706207275390625" lon="120.32847519032657146453857421875">
        <ele>144.1999969482421875</ele>
        <time>2016-07-16T11:56:45.000Z</time>
        <extensions>
          <ns3:TrackPointExtension>
            <ns3:hr>143</ns3:hr>
            <ns3:cad>96</ns3:cad>
          </ns3:TrackPointExtension>
        </extensions>
      </trkpt>
      <trkpt lat="29.149346016347408294677734375" lon="120.3284181095659732818603515625">
        <ele>143.8000030517578125</ele>
        <time>2016-07-16T11:56:47.000Z</time>
        <extensions>
          <ns3:TrackPointExtension>
            <ns3:hr>143</ns3:hr>
            <ns3:cad>96</ns3:cad>
          </ns3:TrackPointExtension>
        </extensions>
      </trkpt>
      <trkpt lat="29.149346016347408294677734375" lon="120.3284181095659732818603515625">
        <ele>143.8000030517578125</ele>
        <time>2016-07-16T11:56:48.000Z</time>
        <extensions>
          <ns3:TrackPointExtension>
            <ns3:hr>143</ns3:hr>
            <ns3:cad>96</ns3:cad>
          </ns3:TrackPointExtension>
        </extensions>
      </trkpt>
      <trkpt lat="29.14932514540851116180419921875" lon="120.32840344123542308807373046875">
        <ele>143.8000030517578125</ele>
        <time>2016-07-16T11:56:49.000Z</time>
        <extensions>
          <ns3:TrackPointExtension>
            <ns3:hr>143</ns3:hr>
            <ns3:cad>96</ns3:cad>
          </ns3:TrackPointExtension>
        </extensions>
      </trkpt>
      <trkpt lat="29.1493039391934871673583984375" lon="120.32839120365679264068603515625">
        <ele>143.600006103515625</ele>
        <time>2016-07-16T11:56:50.000Z</time>
        <extensions>
          <ns3:TrackPointExtension>
            <ns3:hr>144</ns3:hr>
            <ns3:cad>96</ns3:cad>
          </ns3:TrackPointExtension>
        </extensions>
      </trkpt>
      <trkpt lat="29.1492821462452411651611328125" lon="120.3283792175352573394775390625">
        <ele>143.399993896484375</ele>
        <time>2016-07-16T11:56:51.000Z</time>
        <extensions>
          <ns3:TrackPointExtension>
            <ns3:hr>144</ns3:hr>
            <ns3:cad>96</ns3:cad>
          </ns3:TrackPointExtension>
        </extensions>
      </trkpt>
      <trkpt lat="29.14926144294440746307373046875" lon="120.328367650508880615234375">
        <ele>143.399993896484375</ele>
        <time>2016-07-16T11:56:52.000Z</time>
        <extensions>
          <ns3:TrackPointExtension>
            <ns3:hr>144</ns3:hr>
            <ns3:cad>96</ns3:cad>
          </ns3:TrackPointExtension>
        </extensions>
      </trkpt>
      <trkpt lat="29.1492422483861446380615234375" lon="120.328357256948947906494140625">
        <ele>143.399993896484375</ele>
        <time>2016-07-16T11:56:53.000Z</time>
        <extensions>
          <ns3:TrackPointExtension>
            <ns3:hr>144</ns3:hr>
            <ns3:cad>96</ns3:cad>
          </ns3:TrackPointExtension>
        </extensions>
      </trkpt>
      <trkpt lat="29.14922087453305721282958984375" lon="120.3283473663032054901123046875">
        <ele>143.1999969482421875</ele>
        <time>2016-07-16T11:56:54.000Z</time>
        <extensions>
          <ns3:TrackPointExtension>
            <ns3:hr>144</ns3:hr>
            <ns3:cad>96</ns3:cad>
          </ns3:TrackPointExtension>
        </extensions>
      </trkpt>
      <trkpt lat="29.14919941686093807220458984375" lon="120.3283389844000339508056640625">
        <ele>143.1999969482421875</ele>
        <time>2016-07-16T11:56:55.000Z</time>
        <extensions>
          <ns3:TrackPointExtension>
            <ns3:hr>144</ns3:hr>
            <ns3:cad>96</ns3:cad>
          </ns3:TrackPointExtension>
        </extensions>
      </trkpt>
      <trkpt lat="29.14917695336043834686279296875" lon="120.32833202742040157318115234375">
        <ele>143.1999969482421875</ele>
        <time>2016-07-16T11:56:56.000Z</time>
        <extensions>
          <ns3:TrackPointExtension>
            <ns3:hr>144</ns3:hr>
            <ns3:cad>96</ns3:cad>
          </ns3:TrackPointExtension>
        </extensions>
      </trkpt>
      <trkpt lat="29.14915096946060657501220703125" lon="120.3283262439072132110595703125">
        <ele>143</ele>
        <time>2016-07-16T11:56:57.000Z</time>
        <extensions>
          <ns3:TrackPointExtension>
            <ns3:hr>144</ns3:hr>
            <ns3:cad>97</ns3:cad>
          </ns3:TrackPointExtension>
        </extensions>
      </trkpt>
      <trkpt lat="29.14912842214107513427734375" lon="120.3283188678324222564697265625">
        <ele>143</ele>
        <time>2016-07-16T11:56:58.000Z</time>
        <extensions>
          <ns3:TrackPointExtension>
            <ns3:hr>144</ns3:hr>
            <ns3:cad>97</ns3:cad>
          </ns3:TrackPointExtension>
        </extensions>
      </trkpt>
      <trkpt lat="29.14910537190735340118408203125" lon="120.32830797135829925537109375">
        <ele>142.8000030517578125</ele>
        <time>2016-07-16T11:56:59.000Z</time>
        <extensions>
          <ns3:TrackPointExtension>
            <ns3:hr>143</ns3:hr>
            <ns3:cad>97</ns3:cad>
          </ns3:TrackPointExtension>
        </extensions>
      </trkpt>
      <trkpt lat="29.14908240549266338348388671875" lon="120.3282980807125568389892578125">
        <ele>142.8000030517578125</ele>
        <time>2016-07-16T11:57:00.000Z</time>
        <extensions>
          <ns3:TrackPointExtension>
            <ns3:hr>143</ns3:hr>
            <ns3:cad>97</ns3:cad>
          </ns3:TrackPointExtension>
        </extensions>
      </trkpt>
      <trkpt lat="29.149059690535068511962890625" lon="120.328288860619068145751953125">
        <ele>142.8000030517578125</ele>
        <time>2016-07-16T11:57:01.000Z</time>
        <extensions>
          <ns3:TrackPointExtension>
            <ns3:hr>143</ns3:hr>
            <ns3:cad>96</ns3:cad>
          </ns3:TrackPointExtension>
        </extensions>
      </trkpt>
      <trkpt lat="29.1490338742733001708984375" lon="120.32828056253492832183837890625">
        <ele>142.600006103515625</ele>
        <time>2016-07-16T11:57:02.000Z</time>
        <extensions>
          <ns3:TrackPointExtension>
            <ns3:hr>143</ns3:hr>
            <ns3:cad>96</ns3:cad>
          </ns3:TrackPointExtension>
        </extensions>
      </trkpt>
      <trkpt lat="29.148983247578144073486328125" lon="120.32826815731823444366455078125">
        <ele>142.399993896484375</ele>
        <time>2016-07-16T11:57:03.000Z</time>
        <extensions>
          <ns3:TrackPointExtension>
            <ns3:hr>143</ns3:hr>
            <ns3:cad>98</ns3:cad>
          </ns3:TrackPointExtension>
        </extensions>
      </trkpt>
      <trkpt lat="29.148983247578144073486328125" lon="120.32826815731823444366455078125">
        <ele>142.399993896484375</ele>
        <time>2016-07-16T11:57:04.000Z</time>
        <extensions>
          <ns3:TrackPointExtension>
            <ns3:hr>143</ns3:hr>
            <ns3:cad>98</ns3:cad>
          </ns3:TrackPointExtension>
        </extensions>
      </trkpt>
      <trkpt lat="29.1489579342305660247802734375" lon="120.32826237380504608154296875">
        <ele>142.399993896484375</ele>
        <time>2016-07-16T11:57:05.000Z</time>
        <extensions>
          <ns3:TrackPointExtension>
            <ns3:hr>144</ns3:hr>
            <ns3:cad>98</ns3:cad>
          </ns3:TrackPointExtension>
        </extensions>
      </trkpt>
      <trkpt lat="29.148932956159114837646484375" lon="120.328253321349620819091796875">
        <ele>142.399993896484375</ele>
        <time>2016-07-16T11:57:06.000Z</time>
        <extensions>
          <ns3:TrackPointExtension>
            <ns3:hr>144</ns3:hr>
            <ns3:cad>96</ns3:cad>
          </ns3:TrackPointExtension>
        </extensions>
      </trkpt>
      <trkpt lat="29.14890772663056850433349609375" lon="120.32824351452291011810302734375">
        <ele>142.399993896484375</ele>
        <time>2016-07-16T11:57:07.000Z</time>
        <extensions>
          <ns3:TrackPointExtension>
            <ns3:hr>144</ns3:hr>
            <ns3:cad>96</ns3:cad>
          </ns3:TrackPointExtension>
        </extensions>
      </trkpt>
      <trkpt lat="29.148883335292339324951171875" lon="120.3282323665916919708251953125">
        <ele>142.600006103515625</ele>
        <time>2016-07-16T11:57:08.000Z</time>
        <extensions>
          <ns3:TrackPointExtension>
            <ns3:hr>143</ns3:hr>
            <ns3:cad>96</ns3:cad>
          </ns3:TrackPointExtension>
        </extensions>
      </trkpt>
      <trkpt lat="29.14886020123958587646484375" lon="120.32822172157466411590576171875">
        <ele>142.600006103515625</ele>
        <time>2016-07-16T11:57:09.000Z</time>
        <extensions>
          <ns3:TrackPointExtension>
            <ns3:hr>144</ns3:hr>
            <ns3:cad>97</ns3:cad>
          </ns3:TrackPointExtension>
        </extensions>
      </trkpt>
      <trkpt lat="29.14883664809167385101318359375" lon="120.32821132801473140716552734375">
        <ele>142.399993896484375</ele>
        <time>2016-07-16T11:57:10.000Z</time>
        <extensions>
          <ns3:TrackPointExtension>
            <ns3:hr>143</ns3:hr>
            <ns3:cad>97</ns3:cad>
          </ns3:TrackPointExtension>
        </extensions>
      </trkpt>
      <trkpt lat="29.14881384931504726409912109375" lon="120.32819858752191066741943359375">
        <ele>142.399993896484375</ele>
        <time>2016-07-16T11:57:11.000Z</time>
        <extensions>
          <ns3:TrackPointExtension>
            <ns3:hr>143</ns3:hr>
            <ns3:cad>97</ns3:cad>
          </ns3:TrackPointExtension>
        </extensions>
      </trkpt>
      <trkpt lat="29.14879037998616695404052734375" lon="120.32818802632391452789306640625">
        <ele>142.399993896484375</ele>
        <time>2016-07-16T11:57:12.000Z</time>
        <extensions>
          <ns3:TrackPointExtension>
            <ns3:hr>143</ns3:hr>
            <ns3:cad>97</ns3:cad>
          </ns3:TrackPointExtension>
        </extensions>
      </trkpt>
      <trkpt lat="29.148766659200191497802734375" lon="120.32817897386848926544189453125">
        <ele>142.399993896484375</ele>
        <time>2016-07-16T11:57:13.000Z</time>
        <extensions>
          <ns3:TrackPointExtension>
            <ns3:hr>144</ns3:hr>
            <ns3:cad>98</ns3:cad>
          </ns3:TrackPointExtension>
        </extensions>
      </trkpt>
      <trkpt lat="29.14874478243291378021240234375" lon="120.32816858030855655670166015625">
        <ele>142.1999969482421875</ele>
        <time>2016-07-16T11:57:14.000Z</time>
        <extensions>
          <ns3:TrackPointExtension>
            <ns3:hr>143</ns3:hr>
            <ns3:cad>98</ns3:cad>
          </ns3:TrackPointExtension>
        </extensions>
      </trkpt>
      <trkpt lat="29.14872047491371631622314453125" lon="120.32815902493894100189208984375">
        <ele>142.1999969482421875</ele>
        <time>2016-07-16T11:57:15.000Z</time>
        <extensions>
          <ns3:TrackPointExtension>
            <ns3:hr>143</ns3:hr>
            <ns3:cad>98</ns3:cad>
          </ns3:TrackPointExtension>
        </extensions>
      </trkpt>
      <trkpt lat="29.1486964188516139984130859375" lon="120.3281508944928646087646484375">
        <ele>142.1999969482421875</ele>
        <time>2016-07-16T11:57:16.000Z</time>
        <extensions>
          <ns3:TrackPointExtension>
            <ns3:hr>144</ns3:hr>
            <ns3:cad>97</ns3:cad>
          </ns3:TrackPointExtension>
        </extensions>
      </trkpt>
      <trkpt lat="29.1486726142466068267822265625" lon="120.32814293168485164642333984375">
        <ele>142.399993896484375</ele>
        <time>2016-07-16T11:57:17.000Z</time>
        <extensions>
          <ns3:TrackPointExtension>
            <ns3:hr>144</ns3:hr>
            <ns3:cad>97</ns3:cad>
          </ns3:TrackPointExtension>
        </extensions>
      </trkpt>
      <trkpt lat="29.148647971451282501220703125" lon="120.32813605852425098419189453125">
        <ele>142.399993896484375</ele>
        <time>2016-07-16T11:57:18.000Z</time>
        <extensions>
          <ns3:TrackPointExtension>
            <ns3:hr>144</ns3:hr>
            <ns3:cad>97</ns3:cad>
          </ns3:TrackPointExtension>
        </extensions>
      </trkpt>
      <trkpt lat="29.14862341247498989105224609375" lon="120.32812834717333316802978515625">
        <ele>142.399993896484375</ele>
        <time>2016-07-16T11:57:19.000Z</time>
        <extensions>
          <ns3:TrackPointExtension>
            <ns3:hr>144</ns3:hr>
            <ns3:cad>97</ns3:cad>
          </ns3:TrackPointExtension>
        </extensions>
      </trkpt>
      <trkpt lat="29.14859960786998271942138671875" lon="120.328120552003383636474609375">
        <ele>142.399993896484375</ele>
        <time>2016-07-16T11:57:20.000Z</time>
        <extensions>
          <ns3:TrackPointExtension>
            <ns3:hr>144</ns3:hr>
            <ns3:cad>97</ns3:cad>
          </ns3:TrackPointExtension>
        </extensions>
      </trkpt>
      <trkpt lat="29.14857588708400726318359375" lon="120.328113175928592681884765625">
        <ele>142.399993896484375</ele>
        <time>2016-07-16T11:57:21.000Z</time>
        <extensions>
          <ns3:TrackPointExtension>
            <ns3:hr>144</ns3:hr>
            <ns3:cad>97</ns3:cad>
          </ns3:TrackPointExtension>
        </extensions>
      </trkpt>
      <trkpt lat="29.1485515795648097991943359375" lon="120.32810722477734088897705078125">
        <ele>142.399993896484375</ele>
        <time>2016-07-16T11:57:22.000Z</time>
        <extensions>
          <ns3:TrackPointExtension>
            <ns3:hr>144</ns3:hr>
            <ns3:cad>97</ns3:cad>
          </ns3:TrackPointExtension>
        </extensions>
      </trkpt>
      <trkpt lat="29.14852668531239032745361328125" lon="120.32810051925480365753173828125">
        <ele>142.399993896484375</ele>
        <time>2016-07-16T11:57:23.000Z</time>
        <extensions>
          <ns3:TrackPointExtension>
            <ns3:hr>145</ns3:hr>
            <ns3:cad>97</ns3:cad>
          </ns3:TrackPointExtension>
        </extensions>
      </trkpt>
      <trkpt lat="29.14850120432674884796142578125" lon="120.3280954062938690185546875">
        <ele>142.399993896484375</ele>
        <time>2016-07-16T11:57:24.000Z</time>
        <extensions>
          <ns3:TrackPointExtension>
            <ns3:hr>144</ns3:hr>
            <ns3:cad>97</ns3:cad>
          </ns3:TrackPointExtension>
        </extensions>
      </trkpt>
      <trkpt lat="29.1484758071601390838623046875" lon="120.32809029333293437957763671875">
        <ele>142.399993896484375</ele>
        <time>2016-07-16T11:57:25.000Z</time>
        <extensions>
          <ns3:TrackPointExtension>
            <ns3:hr>144</ns3:hr>
            <ns3:cad>97</ns3:cad>
          </ns3:TrackPointExtension>
        </extensions>
      </trkpt>
      <trkpt lat="29.1484496556222438812255859375" lon="120.32808375544846057891845703125">
        <ele>142.600006103515625</ele>
        <time>2016-07-16T11:57:26.000Z</time>
        <extensions>
          <ns3:TrackPointExtension>
            <ns3:hr>144</ns3:hr>
            <ns3:cad>97</ns3:cad>
          </ns3:TrackPointExtension>
        </extensions>
      </trkpt>
      <trkpt lat="29.14839777164161205291748046875" lon="120.32808107323944568634033203125">
        <ele>142.600006103515625</ele>
        <time>2016-07-16T11:57:27.000Z</time>
        <extensions>
          <ns3:TrackPointExtension>
            <ns3:hr>146</ns3:hr>
            <ns3:cad>97</ns3:cad>
          </ns3:TrackPointExtension>
        </extensions>
      </trkpt>
      <trkpt lat="29.14839777164161205291748046875" lon="120.32808107323944568634033203125">
        <ele>142.600006103515625</ele>
        <time>2016-07-16T11:57:28.000Z</time>
        <extensions>
          <ns3:TrackPointExtension>
            <ns3:hr>146</ns3:hr>
            <ns3:cad>97</ns3:cad>
          </ns3:TrackPointExtension>
        </extensions>
      </trkpt>
      <trkpt lat="29.14837245829403400421142578125" lon="120.328083001077175140380859375">
        <ele>142.600006103515625</ele>
        <time>2016-07-16T11:57:29.000Z</time>
        <extensions>
          <ns3:TrackPointExtension>
            <ns3:hr>146</ns3:hr>
            <ns3:cad>97</ns3:cad>
          </ns3:TrackPointExtension>
        </extensions>
      </trkpt>
      <trkpt lat="29.1483480669558048248291015625" lon="120.328084342181682586669921875">
        <ele>142.600006103515625</ele>
        <time>2016-07-16T11:57:30.000Z</time>
        <extensions>
          <ns3:TrackPointExtension>
            <ns3:hr>146</ns3:hr>
            <ns3:cad>97</ns3:cad>
          </ns3:TrackPointExtension>
        </extensions>
      </trkpt>
      <trkpt lat="29.14832375943660736083984375" lon="120.32808911986649036407470703125">
        <ele>142.600006103515625</ele>
        <time>2016-07-16T11:57:31.000Z</time>
        <extensions>
          <ns3:TrackPointExtension>
            <ns3:hr>146</ns3:hr>
            <ns3:cad>98</ns3:cad>
          </ns3:TrackPointExtension>
        </extensions>
      </trkpt>
      <trkpt lat="29.1483011282980442047119140625" lon="120.32809532247483730316162109375">
        <ele>142.600006103515625</ele>
        <time>2016-07-16T11:57:32.000Z</time>
        <extensions>
          <ns3:TrackPointExtension>
            <ns3:hr>147</ns3:hr>
            <ns3:cad>98</ns3:cad>
          </ns3:TrackPointExtension>
        </extensions>
      </trkpt>
      <trkpt lat="29.14827874861657619476318359375" lon="120.328100435435771942138671875">
        <ele>142.600006103515625</ele>
        <time>2016-07-16T11:57:33.000Z</time>
        <extensions>
          <ns3:TrackPointExtension>
            <ns3:hr>147</ns3:hr>
            <ns3:cad>98</ns3:cad>
          </ns3:TrackPointExtension>
        </extensions>
      </trkpt>
      <trkpt lat="29.14825662039220333099365234375" lon="120.3281073085963726043701171875">
        <ele>142.600006103515625</ele>
        <time>2016-07-16T11:57:34.000Z</time>
        <extensions>
          <ns3:TrackPointExtension>
            <ns3:hr>145</ns3:hr>
            <ns3:cad>96</ns3:cad>
          </ns3:TrackPointExtension>
        </extensions>
      </trkpt>
      <trkpt lat="29.14823465980589389801025390625" lon="120.3281156904995441436767578125">
        <ele>142.8000030517578125</ele>
        <time>2016-07-16T11:57:35.000Z</time>
        <extensions>
          <ns3:TrackPointExtension>
            <ns3:hr>144</ns3:hr>
            <ns3:cad>96</ns3:cad>
          </ns3:TrackPointExtension>
        </extensions>
      </trkpt>
      <trkpt lat="29.14821404032409191131591796875" lon="120.32812650315463542938232421875">
        <ele>142.8000030517578125</ele>
        <time>2016-07-16T11:57:36.000Z</time>
        <extensions>
          <ns3:TrackPointExtension>
            <ns3:hr>144</ns3:hr>
            <ns3:cad>96</ns3:cad>
          </ns3:TrackPointExtension>
        </extensions>
      </trkpt>
      <trkpt lat="29.1481945104897022247314453125" lon="120.328137986361980438232421875">
        <ele>143</ele>
        <time>2016-07-16T11:57:37.000Z</time>
        <extensions>
          <ns3:TrackPointExtension>
            <ns3:hr>145</ns3:hr>
            <ns3:cad>97</ns3:cad>
          </ns3:TrackPointExtension>
        </extensions>
      </trkpt>
      <trkpt lat="29.14817330427467823028564453125" lon="120.32814879901707172393798828125">
        <ele>143</ele>
        <time>2016-07-16T11:57:38.000Z</time>
        <extensions>
          <ns3:TrackPointExtension>
            <ns3:hr>144</ns3:hr>
            <ns3:cad>97</ns3:cad>
          </ns3:TrackPointExtension>
        </extensions>
      </trkpt>
      <trkpt lat="29.1481526009738445281982421875" lon="120.3281632997095584869384765625">
        <ele>143</ele>
        <time>2016-07-16T11:57:39.000Z</time>
        <extensions>
          <ns3:TrackPointExtension>
            <ns3:hr>144</ns3:hr>
            <ns3:cad>97</ns3:cad>
          </ns3:TrackPointExtension>
        </extensions>
      </trkpt>
      <trkpt lat="29.14813508279621601104736328125" lon="120.32817922532558441162109375">
        <ele>143</ele>
        <time>2016-07-16T11:57:40.000Z</time>
        <extensions>
          <ns3:TrackPointExtension>
            <ns3:hr>144</ns3:hr>
            <ns3:cad>97</ns3:cad>
          </ns3:TrackPointExtension>
        </extensions>
      </trkpt>
      <trkpt lat="29.1481165587902069091796875" lon="120.32819665968418121337890625">
        <ele>143</ele>
        <time>2016-07-16T11:57:41.000Z</time>
        <extensions>
          <ns3:TrackPointExtension>
            <ns3:hr>144</ns3:hr>
            <ns3:cad>96</ns3:cad>
          </ns3:TrackPointExtension>
        </extensions>
      </trkpt>
      <trkpt lat="29.148099459707736968994140625" lon="120.328215770423412322998046875">
        <ele>143.1999969482421875</ele>
        <time>2016-07-16T11:57:42.000Z</time>
        <extensions>
          <ns3:TrackPointExtension>
            <ns3:hr>143</ns3:hr>
            <ns3:cad>96</ns3:cad>
          </ns3:TrackPointExtension>
        </extensions>
      </trkpt>
      <trkpt lat="29.14808428846299648284912109375" lon="120.328234545886516571044921875">
        <ele>143.399993896484375</ele>
        <time>2016-07-16T11:57:43.000Z</time>
        <extensions>
          <ns3:TrackPointExtension>
            <ns3:hr>143</ns3:hr>
            <ns3:cad>96</ns3:cad>
          </ns3:TrackPointExtension>
        </extensions>
      </trkpt>
      <trkpt lat="29.1480671055614948272705078125" lon="120.32825625501573085784912109375">
        <ele>143.399993896484375</ele>
        <time>2016-07-16T11:57:44.000Z</time>
        <extensions>
          <ns3:TrackPointExtension>
            <ns3:hr>143</ns3:hr>
            <ns3:cad>96</ns3:cad>
          </ns3:TrackPointExtension>
        </extensions>
      </trkpt>
      <trkpt lat="29.1480513475835323333740234375" lon="120.32827788032591342926025390625">
        <ele>143.399993896484375</ele>
        <time>2016-07-16T11:57:45.000Z</time>
        <extensions>
          <ns3:TrackPointExtension>
            <ns3:hr>143</ns3:hr>
            <ns3:cad>96</ns3:cad>
          </ns3:TrackPointExtension>
        </extensions>
      </trkpt>
      <trkpt lat="29.14802762679755687713623046875" lon="120.32832431606948375701904296875">
        <ele>143.600006103515625</ele>
        <time>2016-07-16T11:57:46.000Z</time>
        <extensions>
          <ns3:TrackPointExtension>
            <ns3:hr>143</ns3:hr>
            <ns3:cad>96</ns3:cad>
          </ns3:TrackPointExtension>
        </extensions>
      </trkpt>
      <trkpt lat="29.14802762679755687713623046875" lon="120.32832431606948375701904296875">
        <ele>143.600006103515625</ele>
        <time>2016-07-16T11:57:47.000Z</time>
        <extensions>
          <ns3:TrackPointExtension>
            <ns3:hr>143</ns3:hr>
            <ns3:cad>96</ns3:cad>
          </ns3:TrackPointExtension>
        </extensions>
      </trkpt>
      <trkpt lat="29.148015640676021575927734375" lon="120.32834954559803009033203125">
        <ele>143.600006103515625</ele>
        <time>2016-07-16T11:57:48.000Z</time>
        <extensions>
          <ns3:TrackPointExtension>
            <ns3:hr>144</ns3:hr>
            <ns3:cad>96</ns3:cad>
          </ns3:TrackPointExtension>
        </extensions>
      </trkpt>
      <trkpt lat="29.14800323545932769775390625" lon="120.32837410457432270050048828125">
        <ele>143.600006103515625</ele>
        <time>2016-07-16T11:57:49.000Z</time>
        <extensions>
          <ns3:TrackPointExtension>
            <ns3:hr>144</ns3:hr>
            <ns3:cad>98</ns3:cad>
          </ns3:TrackPointExtension>
        </extensions>
      </trkpt>
      <trkpt lat="29.147993512451648712158203125" lon="120.328398160636425018310546875">
        <ele>143.600006103515625</ele>
        <time>2016-07-16T11:57:50.000Z</time>
        <extensions>
          <ns3:TrackPointExtension>
            <ns3:hr>144</ns3:hr>
            <ns3:cad>98</ns3:cad>
          </ns3:TrackPointExtension>
        </extensions>
      </trkpt>
      <trkpt lat="29.147986471652984619140625" lon="120.32842305488884449005126953125">
        <ele>143.600006103515625</ele>
        <time>2016-07-16T11:57:51.000Z</time>
        <extensions>
          <ns3:TrackPointExtension>
            <ns3:hr>144</ns3:hr>
            <ns3:cad>97</ns3:cad>
          </ns3:TrackPointExtension>
        </extensions>
      </trkpt>
      <trkpt lat="29.14798202924430370330810546875" lon="120.3284482844173908233642578125">
        <ele>143.600006103515625</ele>
        <time>2016-07-16T11:57:52.000Z</time>
        <extensions>
          <ns3:TrackPointExtension>
            <ns3:hr>144</ns3:hr>
            <ns3:cad>97</ns3:cad>
          </ns3:TrackPointExtension>
        </extensions>
      </trkpt>
      <trkpt lat="29.14797733537852764129638671875" lon="120.32847401686012744903564453125">
        <ele>143.600006103515625</ele>
        <time>2016-07-16T11:57:53.000Z</time>
        <extensions>
          <ns3:TrackPointExtension>
            <ns3:hr>144</ns3:hr>
            <ns3:cad>97</ns3:cad>
          </ns3:TrackPointExtension>
        </extensions>
      </trkpt>
      <trkpt lat="29.1479735635221004486083984375" lon="120.32849949784576892852783203125">
        <ele>143.8000030517578125</ele>
        <time>2016-07-16T11:57:54.000Z</time>
        <extensions>
          <ns3:TrackPointExtension>
            <ns3:hr>141</ns3:hr>
            <ns3:cad>97</ns3:cad>
          </ns3:TrackPointExtension>
        </extensions>
      </trkpt>
      <trkpt lat="29.1479715518653392791748046875" lon="120.3285243920981884002685546875">
        <ele>143.8000030517578125</ele>
        <time>2016-07-16T11:57:55.000Z</time>
        <extensions>
          <ns3:TrackPointExtension>
            <ns3:hr>141</ns3:hr>
            <ns3:cad>97</ns3:cad>
          </ns3:TrackPointExtension>
        </extensions>
      </trkpt>
      <trkpt lat="29.1479698754847049713134765625" lon="120.32854828052222728729248046875">
        <ele>144</ele>
        <time>2016-07-16T11:57:56.000Z</time>
        <extensions>
          <ns3:TrackPointExtension>
            <ns3:hr>141</ns3:hr>
            <ns3:cad>97</ns3:cad>
          </ns3:TrackPointExtension>
        </extensions>
      </trkpt>
      <trkpt lat="29.147969372570514678955078125" lon="120.328573174774646759033203125">
        <ele>144.1999969482421875</ele>
        <time>2016-07-16T11:57:57.000Z</time>
        <extensions>
          <ns3:TrackPointExtension>
            <ns3:hr>142</ns3:hr>
            <ns3:cad>97</ns3:cad>
          </ns3:TrackPointExtension>
        </extensions>
      </trkpt>
      <trkpt lat="29.1479685343801975250244140625" lon="120.3285981528460979461669921875">
        <ele>144.399993896484375</ele>
        <time>2016-07-16T11:57:58.000Z</time>
        <extensions>
          <ns3:TrackPointExtension>
            <ns3:hr>142</ns3:hr>
            <ns3:cad>97</ns3:cad>
          </ns3:TrackPointExtension>
        </extensions>
      </trkpt>
      <trkpt lat="29.14797104895114898681640625" lon="120.3286236338317394256591796875">
        <ele>144.399993896484375</ele>
        <time>2016-07-16T11:57:59.000Z</time>
        <extensions>
          <ns3:TrackPointExtension>
            <ns3:hr>142</ns3:hr>
            <ns3:cad>97</ns3:cad>
          </ns3:TrackPointExtension>
        </extensions>
      </trkpt>
      <trkpt lat="29.14797381497919559478759765625" lon="120.328648947179317474365234375">
        <ele>144.600006103515625</ele>
        <time>2016-07-16T11:58:00.000Z</time>
        <extensions>
          <ns3:TrackPointExtension>
            <ns3:hr>142</ns3:hr>
            <ns3:cad>96</ns3:cad>
          </ns3:TrackPointExtension>
        </extensions>
      </trkpt>
      <trkpt lat="29.14798035286366939544677734375" lon="120.32867409288883209228515625">
        <ele>144.600006103515625</ele>
        <time>2016-07-16T11:58:01.000Z</time>
        <extensions>
          <ns3:TrackPointExtension>
            <ns3:hr>143</ns3:hr>
            <ns3:cad>96</ns3:cad>
          </ns3:TrackPointExtension>
        </extensions>
      </trkpt>
      <trkpt lat="29.14798554964363574981689453125" lon="120.32869714312255382537841796875">
        <ele>144.600006103515625</ele>
        <time>2016-07-16T11:58:02.000Z</time>
        <extensions>
          <ns3:TrackPointExtension>
            <ns3:hr>142</ns3:hr>
            <ns3:cad>96</ns3:cad>
          </ns3:TrackPointExtension>
        </extensions>
      </trkpt>
      <trkpt lat="29.1479926742613315582275390625" lon="120.32872103154659271240234375">
        <ele>144.8000030517578125</ele>
        <time>2016-07-16T11:58:03.000Z</time>
        <extensions>
          <ns3:TrackPointExtension>
            <ns3:hr>142</ns3:hr>
            <ns3:cad>96</ns3:cad>
          </ns3:TrackPointExtension>
        </extensions>
      </trkpt>
      <trkpt lat="29.1480030678212642669677734375" lon="120.3287456743419170379638671875">
        <ele>144.8000030517578125</ele>
        <time>2016-07-16T11:58:04.000Z</time>
        <extensions>
          <ns3:TrackPointExtension>
            <ns3:hr>143</ns3:hr>
            <ns3:cad>96</ns3:cad>
          </ns3:TrackPointExtension>
        </extensions>
      </trkpt>
      <trkpt lat="29.14801304228603839874267578125" lon="120.328770317137241363525390625">
        <ele>145</ele>
        <time>2016-07-16T11:58:05.000Z</time>
        <extensions>
          <ns3:TrackPointExtension>
            <ns3:hr>143</ns3:hr>
            <ns3:cad>96</ns3:cad>
          </ns3:TrackPointExtension>
        </extensions>
      </trkpt>
      <trkpt lat="29.148027040064334869384765625" lon="120.32879688777029514312744140625">
        <ele>145</ele>
        <time>2016-07-16T11:58:06.000Z</time>
        <extensions>
          <ns3:TrackPointExtension>
            <ns3:hr>143</ns3:hr>
            <ns3:cad>96</ns3:cad>
          </ns3:TrackPointExtension>
        </extensions>
      </trkpt>
      <trkpt lat="29.1480426304042339324951171875" lon="120.328821949660778045654296875">
        <ele>145</ele>
        <time>2016-07-16T11:58:07.000Z</time>
        <extensions>
          <ns3:TrackPointExtension>
            <ns3:hr>143</ns3:hr>
            <ns3:cad>96</ns3:cad>
          </ns3:TrackPointExtension>
        </extensions>
      </trkpt>
      <trkpt lat="29.14807322435081005096435546875" lon="120.328866876661777496337890625">
        <ele>145</ele>
        <time>2016-07-16T11:58:08.000Z</time>
        <extensions>
          <ns3:TrackPointExtension>
            <ns3:hr>144</ns3:hr>
            <ns3:cad>96</ns3:cad>
          </ns3:TrackPointExtension>
        </extensions>
      </trkpt>
      <trkpt lat="29.14807322435081005096435546875" lon="120.328866876661777496337890625">
        <ele>145</ele>
        <time>2016-07-16T11:58:09.000Z</time>
        <extensions>
          <ns3:TrackPointExtension>
            <ns3:hr>144</ns3:hr>
            <ns3:cad>98</ns3:cad>
          </ns3:TrackPointExtension>
        </extensions>
      </trkpt>
      <trkpt lat="29.1480929218232631683349609375" lon="120.3288868255913257598876953125">
        <ele>145</ele>
        <time>2016-07-16T11:58:10.000Z</time>
        <extensions>
          <ns3:TrackPointExtension>
            <ns3:hr>144</ns3:hr>
            <ns3:cad>98</ns3:cad>
          </ns3:TrackPointExtension>
        </extensions>
      </trkpt>
      <trkpt lat="29.148115217685699462890625" lon="120.32890585251152515411376953125">
        <ele>145</ele>
        <time>2016-07-16T11:58:11.000Z</time>
        <extensions>
          <ns3:TrackPointExtension>
            <ns3:hr>144</ns3:hr>
            <ns3:cad>98</ns3:cad>
          </ns3:TrackPointExtension>
        </extensions>
      </trkpt>
      <trkpt lat="29.14813860319554805755615234375" lon="120.32892278395593166351318359375">
        <ele>145</ele>
        <time>2016-07-16T11:58:12.000Z</time>
        <extensions>
          <ns3:TrackPointExtension>
            <ns3:hr>143</ns3:hr>
            <ns3:cad>97</ns3:cad>
          </ns3:TrackPointExtension>
        </extensions>
      </trkpt>
      <trkpt lat="29.14816014468669891357421875" lon="120.32893854193389415740966796875">
        <ele>145</ele>
        <time>2016-07-16T11:58:13.000Z</time>
        <extensions>
          <ns3:TrackPointExtension>
            <ns3:hr>144</ns3:hr>
            <ns3:cad>97</ns3:cad>
          </ns3:TrackPointExtension>
        </extensions>
      </trkpt>
      <trkpt lat="29.14820079691708087921142578125" lon="120.3289698064327239990234375">
        <ele>144.8000030517578125</ele>
        <time>2016-07-16T11:58:14.000Z</time>
        <extensions>
          <ns3:TrackPointExtension>
            <ns3:hr>143</ns3:hr>
            <ns3:cad>97</ns3:cad>
          </ns3:TrackPointExtension>
        </extensions>
      </trkpt>
      <trkpt lat="29.14822183549404144287109375" lon="120.32898212783038616180419921875">
        <ele>144.8000030517578125</ele>
        <time>2016-07-16T11:58:15.000Z</time>
        <extensions>
          <ns3:TrackPointExtension>
            <ns3:hr>143</ns3:hr>
            <ns3:cad>97</ns3:cad>
          </ns3:TrackPointExtension>
        </extensions>
      </trkpt>
      <trkpt lat="29.14822183549404144287109375" lon="120.32898212783038616180419921875">
        <ele>144.8000030517578125</ele>
        <time>2016-07-16T11:58:16.000Z</time>
        <extensions>
          <ns3:TrackPointExtension>
            <ns3:hr>144</ns3:hr>
            <ns3:cad>97</ns3:cad>
          </ns3:TrackPointExtension>
        </extensions>
      </trkpt>
      <trkpt lat="29.14824455045163631439208984375" lon="120.3289939463138580322265625">
        <ele>144.8000030517578125</ele>
        <time>2016-07-16T11:58:17.000Z</time>
        <extensions>
          <ns3:TrackPointExtension>
            <ns3:hr>145</ns3:hr>
            <ns3:cad>97</ns3:cad>
          </ns3:TrackPointExtension>
        </extensions>
      </trkpt>
      <trkpt lat="29.148269779980182647705078125" lon="120.329002328217029571533203125">
        <ele>144.600006103515625</ele>
        <time>2016-07-16T11:58:18.000Z</time>
        <extensions>
          <ns3:TrackPointExtension>
            <ns3:hr>144</ns3:hr>
            <ns3:cad>97</ns3:cad>
          </ns3:TrackPointExtension>
        </extensions>
      </trkpt>
      <trkpt lat="29.1482940874993801116943359375" lon="120.329011715948581695556640625">
        <ele>144.600006103515625</ele>
        <time>2016-07-16T11:58:19.000Z</time>
        <extensions>
          <ns3:TrackPointExtension>
            <ns3:hr>143</ns3:hr>
            <ns3:cad>96</ns3:cad>
          </ns3:TrackPointExtension>
        </extensions>
      </trkpt>
      <trkpt lat="29.14831747300922870635986328125" lon="120.329019762575626373291015625">
        <ele>144.399993896484375</ele>
        <time>2016-07-16T11:58:20.000Z</time>
        <extensions>
          <ns3:TrackPointExtension>
            <ns3:hr>142</ns3:hr>
            <ns3:cad>96</ns3:cad>
          </ns3:TrackPointExtension>
        </extensions>
      </trkpt>
      <trkpt lat="29.14834110997617244720458984375" lon="120.329027809202671051025390625">
        <ele>144.399993896484375</ele>
        <time>2016-07-16T11:58:21.000Z</time>
        <extensions>
          <ns3:TrackPointExtension>
            <ns3:hr>144</ns3:hr>
            <ns3:cad>97</ns3:cad>
          </ns3:TrackPointExtension>
        </extensions>
      </trkpt>
      <trkpt lat="29.1483899764716625213623046875" lon="120.32904633320868015289306640625">
        <ele>144.1999969482421875</ele>
        <time>2016-07-16T11:58:22.000Z</time>
        <extensions>
          <ns3:TrackPointExtension>
            <ns3:hr>144</ns3:hr>
            <ns3:cad>96</ns3:cad>
          </ns3:TrackPointExtension>
        </extensions>
      </trkpt>
      <trkpt lat="29.1483899764716625213623046875" lon="120.32904633320868015289306640625">
        <ele>144.1999969482421875</ele>
        <time>2016-07-16T11:58:23.000Z</time>
        <extensions>
          <ns3:TrackPointExtension>
            <ns3:hr>144</ns3:hr>
            <ns3:cad>96</ns3:cad>
          </ns3:TrackPointExtension>
        </extensions>
      </trkpt>
      <trkpt lat="29.1484147869050502777099609375" lon="120.3290554694831371307373046875">
        <ele>144.1999969482421875</ele>
        <time>2016-07-16T11:58:24.000Z</time>
        <extensions>
          <ns3:TrackPointExtension>
            <ns3:hr>144</ns3:hr>
            <ns3:cad>96</ns3:cad>
          </ns3:TrackPointExtension>
        </extensions>
      </trkpt>
      <trkpt lat="29.14843909442424774169921875" lon="120.32906477339565753936767578125">
        <ele>144</ele>
        <time>2016-07-16T11:58:25.000Z</time>
        <extensions>
          <ns3:TrackPointExtension>
            <ns3:hr>144</ns3:hr>
            <ns3:cad>96</ns3:cad>
          </ns3:TrackPointExtension>
        </extensions>
      </trkpt>
      <trkpt lat="29.1484630666673183441162109375" lon="120.32907105982303619384765625">
        <ele>143.8000030517578125</ele>
        <time>2016-07-16T11:58:26.000Z</time>
        <extensions>
          <ns3:TrackPointExtension>
            <ns3:hr>144</ns3:hr>
            <ns3:cad>96</ns3:cad>
          </ns3:TrackPointExtension>
        </extensions>
      </trkpt>
      <trkpt lat="29.1484872065484523773193359375" lon="120.3290782682597637176513671875">
        <ele>143.399993896484375</ele>
        <time>2016-07-16T11:58:27.000Z</time>
        <extensions>
          <ns3:TrackPointExtension>
            <ns3:hr>144</ns3:hr>
            <ns3:cad>96</ns3:cad>
          </ns3:TrackPointExtension>
        </extensions>
      </trkpt>
      <trkpt lat="29.1485113464295864105224609375" lon="120.3290851414203643798828125">
        <ele>143</ele>
        <time>2016-07-16T11:58:28.000Z</time>
        <extensions>
          <ns3:TrackPointExtension>
            <ns3:hr>143</ns3:hr>
            <ns3:cad>96</ns3:cad>
          </ns3:TrackPointExtension>
        </extensions>
      </trkpt>
      <trkpt lat="29.14853540249168872833251953125" lon="120.32909310422837734222412109375">
        <ele>142.600006103515625</ele>
        <time>2016-07-16T11:58:29.000Z</time>
        <extensions>
          <ns3:TrackPointExtension>
            <ns3:hr>143</ns3:hr>
            <ns3:cad>96</ns3:cad>
          </ns3:TrackPointExtension>
        </extensions>
      </trkpt>
      <trkpt lat="29.148576557636260986328125" lon="120.32910819165408611297607421875">
        <ele>141.8000030517578125</ele>
        <time>2016-07-16T11:58:30.000Z</time>
        <extensions>
          <ns3:TrackPointExtension>
            <ns3:hr>143</ns3:hr>
            <ns3:cad>98</ns3:cad>
          </ns3:TrackPointExtension>
        </extensions>
      </trkpt>
      <trkpt lat="29.148576557636260986328125" lon="120.32910819165408611297607421875">
        <ele>141.8000030517578125</ele>
        <time>2016-07-16T11:58:31.000Z</time>
        <extensions>
          <ns3:TrackPointExtension>
            <ns3:hr>143</ns3:hr>
            <ns3:cad>98</ns3:cad>
          </ns3:TrackPointExtension>
        </extensions>
      </trkpt>
      <trkpt lat="29.14859441109001636505126953125" lon="120.3291171602904796600341796875">
        <ele>141.600006103515625</ele>
        <time>2016-07-16T11:58:32.000Z</time>
        <extensions>
          <ns3:TrackPointExtension>
            <ns3:hr>143</ns3:hr>
            <ns3:cad>98</ns3:cad>
          </ns3:TrackPointExtension>
        </extensions>
      </trkpt>
      <trkpt lat="29.14860899560153484344482421875" lon="120.32912596128880977630615234375">
        <ele>141.399993896484375</ele>
        <time>2016-07-16T11:58:33.000Z</time>
        <extensions>
          <ns3:TrackPointExtension>
            <ns3:hr>143</ns3:hr>
            <ns3:cad>98</ns3:cad>
          </ns3:TrackPointExtension>
        </extensions>
      </trkpt>
      <trkpt lat="29.14861788041889667510986328125" lon="120.329133756458759307861328125">
        <ele>141.1999969482421875</ele>
        <time>2016-07-16T11:58:34.000Z</time>
        <extensions>
          <ns3:TrackPointExtension>
            <ns3:hr>143</ns3:hr>
            <ns3:cad>98</ns3:cad>
          </ns3:TrackPointExtension>
        </extensions>
      </trkpt>
      <trkpt lat="29.1486203111708164215087890625" lon="120.32914079725742340087890625">
        <ele>141.1999969482421875</ele>
        <time>2016-07-16T11:58:35.000Z</time>
        <extensions>
          <ns3:TrackPointExtension>
            <ns3:hr>143</ns3:hr>
            <ns3:cad>0</ns3:cad>
          </ns3:TrackPointExtension>
        </extensions>
      </trkpt>
      <trkpt lat="29.1486219875514507293701171875" lon="120.3291436471045017242431640625">
        <ele>141.1999969482421875</ele>
        <time>2016-07-16T11:58:36.000Z</time>
        <extensions>
          <ns3:TrackPointExtension>
            <ns3:hr>143</ns3:hr>
            <ns3:cad>0</ns3:cad>
          </ns3:TrackPointExtension>
        </extensions>
      </trkpt>
      <trkpt lat="29.14862156845629215240478515625" lon="120.329145826399326324462890625">
        <ele>141.1999969482421875</ele>
        <time>2016-07-16T11:58:37.000Z</time>
        <extensions>
          <ns3:TrackPointExtension>
            <ns3:hr>144</ns3:hr>
            <ns3:cad>0</ns3:cad>
          </ns3:TrackPointExtension>
        </extensions>
      </trkpt>
      <trkpt lat="29.1486219875514507293701171875" lon="120.32914591021835803985595703125">
        <ele>141.1999969482421875</ele>
        <time>2016-07-16T11:58:38.000Z</time>
        <extensions>
          <ns3:TrackPointExtension>
            <ns3:hr>143</ns3:hr>
            <ns3:cad>0</ns3:cad>
          </ns3:TrackPointExtension>
        </extensions>
      </trkpt>
      <trkpt lat="29.14862123318016529083251953125" lon="120.329145155847072601318359375">
        <ele>141.1999969482421875</ele>
        <time>2016-07-16T11:58:39.000Z</time>
        <extensions>
          <ns3:TrackPointExtension>
            <ns3:hr>143</ns3:hr>
            <ns3:cad>0</ns3:cad>
          </ns3:TrackPointExtension>
        </extensions>
      </trkpt>
      <trkpt lat="29.14862014353275299072265625" lon="120.3291453234851360321044921875">
        <ele>141.1999969482421875</ele>
        <time>2016-07-16T11:58:40.000Z</time>
        <extensions>
          <ns3:TrackPointExtension>
            <ns3:hr>142</ns3:hr>
            <ns3:cad>0</ns3:cad>
          </ns3:TrackPointExtension>
        </extensions>
      </trkpt>
      <trkpt lat="29.14861880242824554443359375" lon="120.32914507202804088592529296875">
        <ele>141.1999969482421875</ele>
        <time>2016-07-16T11:58:41.000Z</time>
        <extensions>
          <ns3:TrackPointExtension>
            <ns3:hr>142</ns3:hr>
            <ns3:cad>0</ns3:cad>
          </ns3:TrackPointExtension>
        </extensions>
      </trkpt>
      <trkpt lat="29.148618467152118682861328125" lon="120.329145155847072601318359375">
        <ele>141.1999969482421875</ele>
        <time>2016-07-16T11:58:42.000Z</time>
        <extensions>
          <ns3:TrackPointExtension>
            <ns3:hr>141</ns3:hr>
            <ns3:cad>0</ns3:cad>
          </ns3:TrackPointExtension>
        </extensions>
      </trkpt>
      <trkpt lat="29.14861855097115039825439453125" lon="120.3291449882090091705322265625">
        <ele>141.1999969482421875</ele>
        <time>2016-07-16T11:58:43.000Z</time>
        <extensions>
          <ns3:TrackPointExtension>
            <ns3:hr>140</ns3:hr>
            <ns3:cad>0</ns3:cad>
          </ns3:TrackPointExtension>
        </extensions>
      </trkpt>
      <trkpt lat="29.1486189700663089752197265625" lon="120.32914574258029460906982421875">
        <ele>141.1999969482421875</ele>
        <time>2016-07-16T11:58:44.000Z</time>
        <extensions>
          <ns3:TrackPointExtension>
            <ns3:hr>140</ns3:hr>
            <ns3:cad>62</ns3:cad>
          </ns3:TrackPointExtension>
        </extensions>
      </trkpt>
      <trkpt lat="29.14862140081822872161865234375" lon="120.32913903705775737762451171875">
        <ele>141.1999969482421875</ele>
        <time>2016-07-16T11:58:45.000Z</time>
        <extensions>
          <ns3:TrackPointExtension>
            <ns3:hr>139</ns3:hr>
            <ns3:cad>62</ns3:cad>
          </ns3:TrackPointExtension>
        </extensions>
      </trkpt>
      <trkpt lat="29.14862140081822872161865234375" lon="120.32913903705775737762451171875">
        <ele>141.1999969482421875</ele>
        <time>2016-07-16T11:58:46.000Z</time>
        <extensions>
          <ns3:TrackPointExtension>
            <ns3:hr>139</ns3:hr>
            <ns3:cad>62</ns3:cad>
          </ns3:TrackPointExtension>
        </extensions>
      </trkpt>
      <trkpt lat="29.14863464422523975372314453125" lon="120.32913417555391788482666015625">
        <ele>140.8000030517578125</ele>
        <time>2016-07-16T11:58:47.000Z</time>
        <extensions>
          <ns3:TrackPointExtension>
            <ns3:hr>139</ns3:hr>
            <ns3:cad>62</ns3:cad>
          </ns3:TrackPointExtension>
        </extensions>
      </trkpt>
      <trkpt lat="29.14865459315478801727294921875" lon="120.3291366063058376312255859375">
        <ele>140.600006103515625</ele>
        <time>2016-07-16T11:58:48.000Z</time>
        <extensions>
          <ns3:TrackPointExtension>
            <ns3:hr>139</ns3:hr>
            <ns3:cad>62</ns3:cad>
          </ns3:TrackPointExtension>
        </extensions>
      </trkpt>
      <trkpt lat="29.14867236278951168060302734375" lon="120.32913903705775737762451171875">
        <ele>140.1999969482421875</ele>
        <time>2016-07-16T11:58:49.000Z</time>
        <extensions>
          <ns3:TrackPointExtension>
            <ns3:hr>140</ns3:hr>
            <ns3:cad>62</ns3:cad>
          </ns3:TrackPointExtension>
        </extensions>
      </trkpt>
      <trkpt lat="29.14869415573775768280029296875" lon="120.329145491123199462890625">
        <ele>139.8000030517578125</ele>
        <time>2016-07-16T11:58:50.000Z</time>
        <extensions>
          <ns3:TrackPointExtension>
            <ns3:hr>139</ns3:hr>
            <ns3:cad>82</ns3:cad>
          </ns3:TrackPointExtension>
        </extensions>
      </trkpt>
      <trkpt lat="29.14871812798082828521728515625" lon="120.32915663905441761016845703125">
        <ele>139.399993896484375</ele>
        <time>2016-07-16T11:58:51.000Z</time>
        <extensions>
          <ns3:TrackPointExtension>
            <ns3:hr>139</ns3:hr>
            <ns3:cad>82</ns3:cad>
          </ns3:TrackPointExtension>
        </extensions>
      </trkpt>
      <trkpt lat="29.1487678326666355133056640625" lon="120.329178683459758758544921875">
        <ele>139.1999969482421875</ele>
        <time>2016-07-16T11:58:52.000Z</time>
        <extensions>
          <ns3:TrackPointExtension>
            <ns3:hr>140</ns3:hr>
            <ns3:cad>94</ns3:cad>
          </ns3:TrackPointExtension>
        </extensions>
      </trkpt>
      <trkpt lat="29.1487678326666355133056640625" lon="120.329178683459758758544921875">
        <ele>139.1999969482421875</ele>
        <time>2016-07-16T11:58:53.000Z</time>
        <extensions>
          <ns3:TrackPointExtension>
            <ns3:hr>140</ns3:hr>
            <ns3:cad>94</ns3:cad>
          </ns3:TrackPointExtension>
        </extensions>
      </trkpt>
      <trkpt lat="29.14879390038549900054931640625" lon="120.32918773591518402099609375">
        <ele>139</ele>
        <time>2016-07-16T11:58:54.000Z</time>
        <extensions>
          <ns3:TrackPointExtension>
            <ns3:hr>139</ns3:hr>
            <ns3:cad>95</ns3:cad>
          </ns3:TrackPointExtension>
        </extensions>
      </trkpt>
      <trkpt lat="29.14882055483758449554443359375" lon="120.32919502817094326019287109375">
        <ele>138.8000030517578125</ele>
        <time>2016-07-16T11:58:55.000Z</time>
        <extensions>
          <ns3:TrackPointExtension>
            <ns3:hr>140</ns3:hr>
            <ns3:cad>96</ns3:cad>
          </ns3:TrackPointExtension>
        </extensions>
      </trkpt>
      <trkpt lat="29.1488461196422576904296875" lon="120.329204834997653961181640625">
        <ele>138.600006103515625</ele>
        <time>2016-07-16T11:58:56.000Z</time>
        <extensions>
          <ns3:TrackPointExtension>
            <ns3:hr>140</ns3:hr>
            <ns3:cad>96</ns3:cad>
          </ns3:TrackPointExtension>
        </extensions>
      </trkpt>
      <trkpt lat="29.148870594799518585205078125" lon="120.32921413891017436981201171875">
        <ele>138.399993896484375</ele>
        <time>2016-07-16T11:58:57.000Z</time>
        <extensions>
          <ns3:TrackPointExtension>
            <ns3:hr>140</ns3:hr>
            <ns3:cad>96</ns3:cad>
          </ns3:TrackPointExtension>
        </extensions>
      </trkpt>
      <trkpt lat="29.148893058300018310546875" lon="120.329224951565265655517578125">
        <ele>138.399993896484375</ele>
        <time>2016-07-16T11:58:58.000Z</time>
        <extensions>
          <ns3:TrackPointExtension>
            <ns3:hr>140</ns3:hr>
            <ns3:cad>96</ns3:cad>
          </ns3:TrackPointExtension>
        </extensions>
      </trkpt>
      <trkpt lat="29.1489163599908351898193359375" lon="120.329235009849071502685546875">
        <ele>138.1999969482421875</ele>
        <time>2016-07-16T11:58:59.000Z</time>
        <extensions>
          <ns3:TrackPointExtension>
            <ns3:hr>140</ns3:hr>
            <ns3:cad>97</ns3:cad>
          </ns3:TrackPointExtension>
        </extensions>
      </trkpt>
      <trkpt lat="29.1489398293197154998779296875" lon="120.329242385923862457275390625">
        <ele>138.1999969482421875</ele>
        <time>2016-07-16T11:59:00.000Z</time>
        <extensions>
          <ns3:TrackPointExtension>
            <ns3:hr>141</ns3:hr>
            <ns3:cad>97</ns3:cad>
          </ns3:TrackPointExtension>
        </extensions>
      </trkpt>
      <trkpt lat="29.1489632986485958099365234375" lon="120.3292509354650974273681640625">
        <ele>138</ele>
        <time>2016-07-16T11:59:01.000Z</time>
        <extensions>
          <ns3:TrackPointExtension>
            <ns3:hr>140</ns3:hr>
            <ns3:cad>98</ns3:cad>
          </ns3:TrackPointExtension>
        </extensions>
      </trkpt>
      <trkpt lat="29.14898534305393695831298828125" lon="120.32926107756793498992919921875">
        <ele>137.8000030517578125</ele>
        <time>2016-07-16T11:59:02.000Z</time>
        <extensions>
          <ns3:TrackPointExtension>
            <ns3:hr>140</ns3:hr>
            <ns3:cad>98</ns3:cad>
          </ns3:TrackPointExtension>
        </extensions>
      </trkpt>
      <trkpt lat="29.14900646544992923736572265625" lon="120.32927130348980426788330078125">
        <ele>137.8000030517578125</ele>
        <time>2016-07-16T11:59:03.000Z</time>
        <extensions>
          <ns3:TrackPointExtension>
            <ns3:hr>140</ns3:hr>
            <ns3:cad>98</ns3:cad>
          </ns3:TrackPointExtension>
        </extensions>
      </trkpt>
      <trkpt lat="29.1490300185978412628173828125" lon="120.3292807750403881072998046875">
        <ele>138</ele>
        <time>2016-07-16T11:59:04.000Z</time>
        <extensions>
          <ns3:TrackPointExtension>
            <ns3:hr>138</ns3:hr>
            <ns3:cad>97</ns3:cad>
          </ns3:TrackPointExtension>
        </extensions>
      </trkpt>
      <trkpt lat="29.14905390702188014984130859375" lon="120.3292868100106716156005859375">
        <ele>138.1999969482421875</ele>
        <time>2016-07-16T11:59:05.000Z</time>
        <extensions>
          <ns3:TrackPointExtension>
            <ns3:hr>139</ns3:hr>
            <ns3:cad>96</ns3:cad>
          </ns3:TrackPointExtension>
        </extensions>
      </trkpt>
      <trkpt lat="29.149079136550426483154296875" lon="120.3292881511151790618896484375">
        <ele>138.399993896484375</ele>
        <time>2016-07-16T11:59:06.000Z</time>
        <extensions>
          <ns3:TrackPointExtension>
            <ns3:hr>137</ns3:hr>
            <ns3:cad>96</ns3:cad>
          </ns3:TrackPointExtension>
        </extensions>
      </trkpt>
      <trkpt lat="29.1491302661597728729248046875" lon="120.32928697764873504638671875">
        <ele>138.8000030517578125</ele>
        <time>2016-07-16T11:59:07.000Z</time>
        <extensions>
          <ns3:TrackPointExtension>
            <ns3:hr>137</ns3:hr>
            <ns3:cad>96</ns3:cad>
          </ns3:TrackPointExtension>
        </extensions>
      </trkpt>
      <trkpt lat="29.1491302661597728729248046875" lon="120.32928697764873504638671875">
        <ele>138.8000030517578125</ele>
        <time>2016-07-16T11:59:08.000Z</time>
        <extensions>
          <ns3:TrackPointExtension>
            <ns3:hr>137</ns3:hr>
            <ns3:cad>96</ns3:cad>
          </ns3:TrackPointExtension>
        </extensions>
      </trkpt>
      <trkpt lat="29.14915499277412891387939453125" lon="120.329285301268100738525390625">
        <ele>139</ele>
        <time>2016-07-16T11:59:09.000Z</time>
        <extensions>
          <ns3:TrackPointExtension>
            <ns3:hr>137</ns3:hr>
            <ns3:cad>96</ns3:cad>
          </ns3:TrackPointExtension>
        </extensions>
      </trkpt>
      <trkpt lat="29.14917938411235809326171875" lon="120.3292821161448955535888671875">
        <ele>139</ele>
        <time>2016-07-16T11:59:10.000Z</time>
        <extensions>
          <ns3:TrackPointExtension>
            <ns3:hr>137</ns3:hr>
            <ns3:cad>98</ns3:cad>
          </ns3:TrackPointExtension>
        </extensions>
      </trkpt>
      <trkpt lat="29.14920411072671413421630859375" lon="120.32927549444139003753662109375">
        <ele>139.1999969482421875</ele>
        <time>2016-07-16T11:59:11.000Z</time>
        <extensions>
          <ns3:TrackPointExtension>
            <ns3:hr>137</ns3:hr>
            <ns3:cad>98</ns3:cad>
          </ns3:TrackPointExtension>
        </extensions>
      </trkpt>
      <trkpt lat="29.14922900497913360595703125" lon="120.32926862128078937530517578125">
        <ele>139.399993896484375</ele>
        <time>2016-07-16T11:59:12.000Z</time>
        <extensions>
          <ns3:TrackPointExtension>
            <ns3:hr>137</ns3:hr>
            <ns3:cad>98</ns3:cad>
          </ns3:TrackPointExtension>
        </extensions>
      </trkpt>
      <trkpt lat="29.1492519713938236236572265625" lon="120.3292594850063323974609375">
        <ele>139.8000030517578125</ele>
        <time>2016-07-16T11:59:13.000Z</time>
        <extensions>
          <ns3:TrackPointExtension>
            <ns3:hr>137</ns3:hr>
            <ns3:cad>97</ns3:cad>
          </ns3:TrackPointExtension>
        </extensions>
      </trkpt>
      <trkpt lat="29.1492757759988307952880859375" lon="120.3292502649128437042236328125">
        <ele>140</ele>
        <time>2016-07-16T11:59:14.000Z</time>
        <extensions>
          <ns3:TrackPointExtension>
            <ns3:hr>137</ns3:hr>
            <ns3:cad>96</ns3:cad>
          </ns3:TrackPointExtension>
        </extensions>
      </trkpt>
      <trkpt lat="29.1492982394993305206298828125" lon="120.329239033162593841552734375">
        <ele>140</ele>
        <time>2016-07-16T11:59:15.000Z</time>
        <extensions>
          <ns3:TrackPointExtension>
            <ns3:hr>137</ns3:hr>
            <ns3:cad>96</ns3:cad>
          </ns3:TrackPointExtension>
        </extensions>
      </trkpt>
      <trkpt lat="29.149320535361766815185546875" lon="120.329224951565265655517578125">
        <ele>140.1999969482421875</ele>
        <time>2016-07-16T11:59:16.000Z</time>
        <extensions>
          <ns3:TrackPointExtension>
            <ns3:hr>137</ns3:hr>
            <ns3:cad>96</ns3:cad>
          </ns3:TrackPointExtension>
        </extensions>
      </trkpt>
      <trkpt lat="29.14934291504323482513427734375" lon="120.3292085230350494384765625">
        <ele>140.1999969482421875</ele>
        <time>2016-07-16T11:59:17.000Z</time>
        <extensions>
          <ns3:TrackPointExtension>
            <ns3:hr>137</ns3:hr>
            <ns3:cad>97</ns3:cad>
          </ns3:TrackPointExtension>
        </extensions>
      </trkpt>
      <trkpt lat="29.1493629477918148040771484375" lon="120.32918966375291347503662109375">
        <ele>140.399993896484375</ele>
        <time>2016-07-16T11:59:18.000Z</time>
        <extensions>
          <ns3:TrackPointExtension>
            <ns3:hr>138</ns3:hr>
            <ns3:cad>97</ns3:cad>
          </ns3:TrackPointExtension>
        </extensions>
      </trkpt>
      <trkpt lat="29.14938298054039478302001953125" lon="120.32916963100433349609375">
        <ele>140.399993896484375</ele>
        <time>2016-07-16T11:59:19.000Z</time>
        <extensions>
          <ns3:TrackPointExtension>
            <ns3:hr>138</ns3:hr>
            <ns3:cad>97</ns3:cad>
          </ns3:TrackPointExtension>
        </extensions>
      </trkpt>
      <trkpt lat="29.1494040191173553466796875" lon="120.3291483409702777862548828125">
        <ele>140.600006103515625</ele>
        <time>2016-07-16T11:59:20.000Z</time>
        <extensions>
          <ns3:TrackPointExtension>
            <ns3:hr>139</ns3:hr>
            <ns3:cad>97</ns3:cad>
          </ns3:TrackPointExtension>
        </extensions>
      </trkpt>
      <trkpt lat="29.1494219563901424407958984375" lon="120.3291265480220317840576171875">
        <ele>140.8000030517578125</ele>
        <time>2016-07-16T11:59:21.000Z</time>
        <extensions>
          <ns3:TrackPointExtension>
            <ns3:hr>139</ns3:hr>
            <ns3:cad>98</ns3:cad>
          </ns3:TrackPointExtension>
        </extensions>
      </trkpt>
      <trkpt lat="29.1494388878345489501953125" lon="120.32910433597862720489501953125">
        <ele>141</ele>
        <time>2016-07-16T11:59:22.000Z</time>
        <extensions>
          <ns3:TrackPointExtension>
            <ns3:hr>139</ns3:hr>
            <ns3:cad>98</ns3:cad>
          </ns3:TrackPointExtension>
        </extensions>
      </trkpt>
      <trkpt lat="29.1494645364582538604736328125" lon="120.32905655913054943084716796875">
        <ele>141.399993896484375</ele>
        <time>2016-07-16T11:59:23.000Z</time>
        <extensions>
          <ns3:TrackPointExtension>
            <ns3:hr>139</ns3:hr>
            <ns3:cad>97</ns3:cad>
          </ns3:TrackPointExtension>
        </extensions>
      </trkpt>
      <trkpt lat="29.1494645364582538604736328125" lon="120.32905655913054943084716796875">
        <ele>141.399993896484375</ele>
        <time>2016-07-16T11:59:24.000Z</time>
        <extensions>
          <ns3:TrackPointExtension>
            <ns3:hr>139</ns3:hr>
            <ns3:cad>97</ns3:cad>
          </ns3:TrackPointExtension>
        </extensions>
      </trkpt>
      <trkpt lat="29.14947652257978916168212890625" lon="120.3290333412587642669677734375">
        <ele>141.600006103515625</ele>
        <time>2016-07-16T11:59:25.000Z</time>
        <extensions>
          <ns3:TrackPointExtension>
            <ns3:hr>138</ns3:hr>
            <ns3:cad>97</ns3:cad>
          </ns3:TrackPointExtension>
        </extensions>
      </trkpt>
      <trkpt lat="29.1494863294064998626708984375" lon="120.32900995574891567230224609375">
        <ele>141.600006103515625</ele>
        <time>2016-07-16T11:59:26.000Z</time>
        <extensions>
          <ns3:TrackPointExtension>
            <ns3:hr>139</ns3:hr>
            <ns3:cad>97</ns3:cad>
          </ns3:TrackPointExtension>
        </extensions>
      </trkpt>
      <trkpt lat="29.14949680678546428680419921875" lon="120.32898522913455963134765625">
        <ele>141.8000030517578125</ele>
        <time>2016-07-16T11:59:27.000Z</time>
        <extensions>
          <ns3:TrackPointExtension>
            <ns3:hr>140</ns3:hr>
            <ns3:cad>97</ns3:cad>
          </ns3:TrackPointExtension>
        </extensions>
      </trkpt>
      <trkpt lat="29.149505607783794403076171875" lon="120.32895899377763271331787109375">
        <ele>142</ele>
        <time>2016-07-16T11:59:28.000Z</time>
        <extensions>
          <ns3:TrackPointExtension>
            <ns3:hr>139</ns3:hr>
            <ns3:cad>98</ns3:cad>
          </ns3:TrackPointExtension>
        </extensions>
      </trkpt>
      <trkpt lat="29.1495128162205219268798828125" lon="120.32893502153456211090087890625">
        <ele>142.1999969482421875</ele>
        <time>2016-07-16T11:59:29.000Z</time>
        <extensions>
          <ns3:TrackPointExtension>
            <ns3:hr>138</ns3:hr>
            <ns3:cad>98</ns3:cad>
          </ns3:TrackPointExtension>
        </extensions>
      </trkpt>
      <trkpt lat="29.14951843209564685821533203125" lon="120.32890853472054004669189453125">
        <ele>142.1999969482421875</ele>
        <time>2016-07-16T11:59:30.000Z</time>
        <extensions>
          <ns3:TrackPointExtension>
            <ns3:hr>138</ns3:hr>
            <ns3:cad>96</ns3:cad>
          </ns3:TrackPointExtension>
        </extensions>
      </trkpt>
      <trkpt lat="29.14952346123754978179931640625" lon="120.3288834728300571441650390625">
        <ele>142.399993896484375</ele>
        <time>2016-07-16T11:59:31.000Z</time>
        <extensions>
          <ns3:TrackPointExtension>
            <ns3:hr>139</ns3:hr>
            <ns3:cad>96</ns3:cad>
          </ns3:TrackPointExtension>
        </extensions>
      </trkpt>
      <trkpt lat="29.14952681399881839752197265625" lon="120.32885790802538394927978515625">
        <ele>142.600006103515625</ele>
        <time>2016-07-16T11:59:32.000Z</time>
        <extensions>
          <ns3:TrackPointExtension>
            <ns3:hr>137</ns3:hr>
            <ns3:cad>96</ns3:cad>
          </ns3:TrackPointExtension>
        </extensions>
      </trkpt>
      <trkpt lat="29.14952832274138927459716796875" lon="120.328828990459442138671875">
        <ele>142.600006103515625</ele>
        <time>2016-07-16T11:59:33.000Z</time>
        <extensions>
          <ns3:TrackPointExtension>
            <ns3:hr>137</ns3:hr>
            <ns3:cad>97</ns3:cad>
          </ns3:TrackPointExtension>
        </extensions>
      </trkpt>
      <trkpt lat="29.149528406560420989990234375" lon="120.3288009949028491973876953125">
        <ele>142.8000030517578125</ele>
        <time>2016-07-16T11:59:34.000Z</time>
        <extensions>
          <ns3:TrackPointExtension>
            <ns3:hr>136</ns3:hr>
            <ns3:cad>97</ns3:cad>
          </ns3:TrackPointExtension>
        </extensions>
      </trkpt>
      <trkpt lat="29.1495258919894695281982421875" lon="120.32877107150852680206298828125">
        <ele>142.8000030517578125</ele>
        <time>2016-07-16T11:59:35.000Z</time>
        <extensions>
          <ns3:TrackPointExtension>
            <ns3:hr>137</ns3:hr>
            <ns3:cad>97</ns3:cad>
          </ns3:TrackPointExtension>
        </extensions>
      </trkpt>
      <trkpt lat="29.1495220363140106201171875" lon="120.3287439979612827301025390625">
        <ele>143</ele>
        <time>2016-07-16T11:59:36.000Z</time>
        <extensions>
          <ns3:TrackPointExtension>
            <ns3:hr>137</ns3:hr>
            <ns3:cad>96</ns3:cad>
          </ns3:TrackPointExtension>
        </extensions>
      </trkpt>
      <trkpt lat="29.14951809681951999664306640625" lon="120.3287171758711338043212890625">
        <ele>143.1999969482421875</ele>
        <time>2016-07-16T11:59:37.000Z</time>
        <extensions>
          <ns3:TrackPointExtension>
            <ns3:hr>136</ns3:hr>
            <ns3:cad>96</ns3:cad>
          </ns3:TrackPointExtension>
        </extensions>
      </trkpt>
      <trkpt lat="29.14951290003955364227294921875" lon="120.328689180314540863037109375">
        <ele>143.399993896484375</ele>
        <time>2016-07-16T11:59:38.000Z</time>
        <extensions>
          <ns3:TrackPointExtension>
            <ns3:hr>137</ns3:hr>
            <ns3:cad>97</ns3:cad>
          </ns3:TrackPointExtension>
        </extensions>
      </trkpt>
      <trkpt lat="29.1495044343173503875732421875" lon="120.32866328023374080657958984375">
        <ele>143.600006103515625</ele>
        <time>2016-07-16T11:59:39.000Z</time>
        <extensions>
          <ns3:TrackPointExtension>
            <ns3:hr>138</ns3:hr>
            <ns3:cad>98</ns3:cad>
          </ns3:TrackPointExtension>
        </extensions>
      </trkpt>
      <trkpt lat="29.14949563331902027130126953125" lon="120.32863645814359188079833984375">
        <ele>143.600006103515625</ele>
        <time>2016-07-16T11:59:40.000Z</time>
        <extensions>
          <ns3:TrackPointExtension>
            <ns3:hr>138</ns3:hr>
            <ns3:cad>97</ns3:cad>
          </ns3:TrackPointExtension>
        </extensions>
      </trkpt>
      <trkpt lat="29.1494858264923095703125" lon="120.3286103904247283935546875">
        <ele>143.8000030517578125</ele>
        <time>2016-07-16T11:59:41.000Z</time>
        <extensions>
          <ns3:TrackPointExtension>
            <ns3:hr>138</ns3:hr>
            <ns3:cad>97</ns3:cad>
          </ns3:TrackPointExtension>
        </extensions>
      </trkpt>
      <trkpt lat="29.14947451092302799224853515625" lon="120.32858683727681636810302734375">
        <ele>144</ele>
        <time>2016-07-16T11:59:42.000Z</time>
        <extensions>
          <ns3:TrackPointExtension>
            <ns3:hr>138</ns3:hr>
            <ns3:cad>97</ns3:cad>
          </ns3:TrackPointExtension>
        </extensions>
      </trkpt>
      <trkpt lat="29.149448610842227935791015625" lon="120.328539647161960601806640625">
        <ele>144</ele>
        <time>2016-07-16T11:59:43.000Z</time>
        <extensions>
          <ns3:TrackPointExtension>
            <ns3:hr>138</ns3:hr>
            <ns3:cad>96</ns3:cad>
          </ns3:TrackPointExtension>
        </extensions>
      </trkpt>
      <trkpt lat="29.149448610842227935791015625" lon="120.328539647161960601806640625">
        <ele>144</ele>
        <time>2016-07-16T11:59:44.000Z</time>
        <extensions>
          <ns3:TrackPointExtension>
            <ns3:hr>138</ns3:hr>
            <ns3:cad>96</ns3:cad>
          </ns3:TrackPointExtension>
        </extensions>
      </trkpt>
      <trkpt lat="29.14943444542586803436279296875" lon="120.32851642929017543792724609375">
        <ele>144</ele>
        <time>2016-07-16T11:59:45.000Z</time>
        <extensions>
          <ns3:TrackPointExtension>
            <ns3:hr>137</ns3:hr>
            <ns3:cad>96</ns3:cad>
          </ns3:TrackPointExtension>
        </extensions>
      </trkpt>
      <trkpt lat="29.14941851980984210968017578125" lon="120.32849413342773914337158203125">
        <ele>144.1999969482421875</ele>
        <time>2016-07-16T11:59:46.000Z</time>
        <extensions>
          <ns3:TrackPointExtension>
            <ns3:hr>137</ns3:hr>
            <ns3:cad>96</ns3:cad>
          </ns3:TrackPointExtension>
        </extensions>
      </trkpt>
      <trkpt lat="29.14940066635608673095703125" lon="120.328472591936588287353515625">
        <ele>144</ele>
        <time>2016-07-16T11:59:47.000Z</time>
        <extensions>
          <ns3:TrackPointExtension>
            <ns3:hr>137</ns3:hr>
            <ns3:cad>96</ns3:cad>
          </ns3:TrackPointExtension>
        </extensions>
      </trkpt>
      <trkpt lat="29.14938390254974365234375" lon="120.32845138572156429290771484375">
        <ele>144</ele>
        <time>2016-07-16T11:59:48.000Z</time>
        <extensions>
          <ns3:TrackPointExtension>
            <ns3:hr>137</ns3:hr>
            <ns3:cad>96</ns3:cad>
          </ns3:TrackPointExtension>
        </extensions>
      </trkpt>
      <trkpt lat="29.1493663005530834197998046875" lon="120.32843311317265033721923828125">
        <ele>144</ele>
        <time>2016-07-16T11:59:49.000Z</time>
        <extensions>
          <ns3:TrackPointExtension>
            <ns3:hr>137</ns3:hr>
            <ns3:cad>96</ns3:cad>
          </ns3:TrackPointExtension>
        </extensions>
      </trkpt>
      <trkpt lat="29.1493471898138523101806640625" lon="120.32841601409018039703369140625">
        <ele>144</ele>
        <time>2016-07-16T11:59:50.000Z</time>
        <extensions>
          <ns3:TrackPointExtension>
            <ns3:hr>136</ns3:hr>
            <ns3:cad>96</ns3:cad>
          </ns3:TrackPointExtension>
        </extensions>
      </trkpt>
      <trkpt lat="29.14932900108397006988525390625" lon="120.32840109430253505706787109375">
        <ele>143.8000030517578125</ele>
        <time>2016-07-16T11:59:51.000Z</time>
        <extensions>
          <ns3:TrackPointExtension>
            <ns3:hr>137</ns3:hr>
            <ns3:cad>96</ns3:cad>
          </ns3:TrackPointExtension>
        </extensions>
      </trkpt>
      <trkpt lat="29.149310477077960968017578125" lon="120.32838835380971431732177734375">
        <ele>143.600006103515625</ele>
        <time>2016-07-16T11:59:52.000Z</time>
        <extensions>
          <ns3:TrackPointExtension>
            <ns3:hr>137</ns3:hr>
            <ns3:cad>96</ns3:cad>
          </ns3:TrackPointExtension>
        </extensions>
      </trkpt>
      <trkpt lat="29.14929203689098358154296875" lon="120.3283772058784961700439453125">
        <ele>143.600006103515625</ele>
        <time>2016-07-16T11:59:53.000Z</time>
        <extensions>
          <ns3:TrackPointExtension>
            <ns3:hr>137</ns3:hr>
            <ns3:cad>96</ns3:cad>
          </ns3:TrackPointExtension>
        </extensions>
      </trkpt>
      <trkpt lat="29.1492737643420696258544921875" lon="120.32836840488016605377197265625">
        <ele>143.399993896484375</ele>
        <time>2016-07-16T11:59:54.000Z</time>
        <extensions>
          <ns3:TrackPointExtension>
            <ns3:hr>137</ns3:hr>
            <ns3:cad>98</ns3:cad>
          </ns3:TrackPointExtension>
        </extensions>
      </trkpt>
      <trkpt lat="29.14925339631736278533935546875" lon="120.3283584304153919219970703125">
        <ele>143.399993896484375</ele>
        <time>2016-07-16T11:59:55.000Z</time>
        <extensions>
          <ns3:TrackPointExtension>
            <ns3:hr>137</ns3:hr>
            <ns3:cad>98</ns3:cad>
          </ns3:TrackPointExtension>
        </extensions>
      </trkpt>
      <trkpt lat="29.14920595474541187286376953125" lon="120.3283413313329219818115234375">
        <ele>143.1999969482421875</ele>
        <time>2016-07-16T11:59:56.000Z</time>
        <extensions>
          <ns3:TrackPointExtension>
            <ns3:hr>138</ns3:hr>
            <ns3:cad>96</ns3:cad>
          </ns3:TrackPointExtension>
        </extensions>
      </trkpt>
      <trkpt lat="29.14920595474541187286376953125" lon="120.3283413313329219818115234375">
        <ele>143.1999969482421875</ele>
        <time>2016-07-16T11:59:57.000Z</time>
        <extensions>
          <ns3:TrackPointExtension>
            <ns3:hr>138</ns3:hr>
            <ns3:cad>96</ns3:cad>
          </ns3:TrackPointExtension>
        </extensions>
      </trkpt>
      <trkpt lat="29.149180389940738677978515625" lon="120.3283336199820041656494140625">
        <ele>143.1999969482421875</ele>
        <time>2016-07-16T11:59:58.000Z</time>
        <extensions>
          <ns3:TrackPointExtension>
            <ns3:hr>139</ns3:hr>
            <ns3:cad>96</ns3:cad>
          </ns3:TrackPointExtension>
        </extensions>
      </trkpt>
      <trkpt lat="29.14915549568831920623779296875" lon="120.32832716591656208038330078125">
        <ele>143</ele>
        <time>2016-07-16T11:59:59.000Z</time>
        <extensions>
          <ns3:TrackPointExtension>
            <ns3:hr>139</ns3:hr>
            <ns3:cad>96</ns3:cad>
          </ns3:TrackPointExtension>
        </extensions>
      </trkpt>
      <trkpt lat="29.1491304337978363037109375" lon="120.3283215500414371490478515625">
        <ele>143</ele>
        <time>2016-07-16T12:00:00.000Z</time>
        <extensions>
          <ns3:TrackPointExtension>
            <ns3:hr>139</ns3:hr>
            <ns3:cad>97</ns3:cad>
          </ns3:TrackPointExtension>
        </extensions>
      </trkpt>
      <trkpt lat="29.14908139966428279876708984375" lon="120.32830688171088695526123046875">
        <ele>142.8000030517578125</ele>
        <time>2016-07-16T12:00:01.000Z</time>
        <extensions>
          <ns3:TrackPointExtension>
            <ns3:hr>139</ns3:hr>
            <ns3:cad>97</ns3:cad>
          </ns3:TrackPointExtension>
        </extensions>
      </trkpt>
      <trkpt lat="29.14908139966428279876708984375" lon="120.32830688171088695526123046875">
        <ele>142.8000030517578125</ele>
        <time>2016-07-16T12:00:02.000Z</time>
        <extensions>
          <ns3:TrackPointExtension>
            <ns3:hr>139</ns3:hr>
            <ns3:cad>97</ns3:cad>
          </ns3:TrackPointExtension>
        </extensions>
      </trkpt>
      <trkpt lat="29.1490575112402439117431640625" lon="120.32829682342708110809326171875">
        <ele>142.600006103515625</ele>
        <time>2016-07-16T12:00:03.000Z</time>
        <extensions>
          <ns3:TrackPointExtension>
            <ns3:hr>139</ns3:hr>
            <ns3:cad>97</ns3:cad>
          </ns3:TrackPointExtension>
        </extensions>
      </trkpt>
      <trkpt lat="29.1490353830158710479736328125" lon="120.328286178410053253173828125">
        <ele>142.600006103515625</ele>
        <time>2016-07-16T12:00:04.000Z</time>
        <extensions>
          <ns3:TrackPointExtension>
            <ns3:hr>139</ns3:hr>
            <ns3:cad>97</ns3:cad>
          </ns3:TrackPointExtension>
        </extensions>
      </trkpt>
      <trkpt lat="29.14901300333440303802490234375" lon="120.32827788032591342926025390625">
        <ele>142.399993896484375</ele>
        <time>2016-07-16T12:00:05.000Z</time>
        <extensions>
          <ns3:TrackPointExtension>
            <ns3:hr>139</ns3:hr>
            <ns3:cad>97</ns3:cad>
          </ns3:TrackPointExtension>
        </extensions>
      </trkpt>
      <trkpt lat="29.14898986928164958953857421875" lon="120.328270085155963897705078125">
        <ele>142.399993896484375</ele>
        <time>2016-07-16T12:00:06.000Z</time>
        <extensions>
          <ns3:TrackPointExtension>
            <ns3:hr>139</ns3:hr>
            <ns3:cad>97</ns3:cad>
          </ns3:TrackPointExtension>
        </extensions>
      </trkpt>
      <trkpt lat="29.14896707050502300262451171875" lon="120.3282628767192363739013671875">
        <ele>142.399993896484375</ele>
        <time>2016-07-16T12:00:07.000Z</time>
        <extensions>
          <ns3:TrackPointExtension>
            <ns3:hr>138</ns3:hr>
            <ns3:cad>97</ns3:cad>
          </ns3:TrackPointExtension>
        </extensions>
      </trkpt>
      <trkpt lat="29.14894402027130126953125" lon="120.3282551653683185577392578125">
        <ele>142.399993896484375</ele>
        <time>2016-07-16T12:00:08.000Z</time>
        <extensions>
          <ns3:TrackPointExtension>
            <ns3:hr>139</ns3:hr>
            <ns3:cad>96</ns3:cad>
          </ns3:TrackPointExtension>
        </extensions>
      </trkpt>
      <trkpt lat="29.148919545114040374755859375" lon="120.32824762165546417236328125">
        <ele>142.399993896484375</ele>
        <time>2016-07-16T12:00:09.000Z</time>
        <extensions>
          <ns3:TrackPointExtension>
            <ns3:hr>140</ns3:hr>
            <ns3:cad>96</ns3:cad>
          </ns3:TrackPointExtension>
        </extensions>
      </trkpt>
      <trkpt lat="29.148896746337413787841796875" lon="120.32824032939970493316650390625">
        <ele>142.399993896484375</ele>
        <time>2016-07-16T12:00:10.000Z</time>
        <extensions>
          <ns3:TrackPointExtension>
            <ns3:hr>140</ns3:hr>
            <ns3:cad>96</ns3:cad>
          </ns3:TrackPointExtension>
        </extensions>
      </trkpt>
      <trkpt lat="29.14887361228466033935546875" lon="120.32823295332491397857666015625">
        <ele>142.399993896484375</ele>
        <time>2016-07-16T12:00:11.000Z</time>
        <extensions>
          <ns3:TrackPointExtension>
            <ns3:hr>142</ns3:hr>
            <ns3:cad>97</ns3:cad>
          </ns3:TrackPointExtension>
        </extensions>
      </trkpt>
      <trkpt lat="29.14884787984192371368408203125" lon="120.32822524197399616241455078125">
        <ele>142.399993896484375</ele>
        <time>2016-07-16T12:00:12.000Z</time>
        <extensions>
          <ns3:TrackPointExtension>
            <ns3:hr>140</ns3:hr>
            <ns3:cad>98</ns3:cad>
          </ns3:TrackPointExtension>
        </extensions>
      </trkpt>
      <trkpt lat="29.1488248296082019805908203125" lon="120.32821551896631717681884765625">
        <ele>142.399993896484375</ele>
        <time>2016-07-16T12:00:13.000Z</time>
        <extensions>
          <ns3:TrackPointExtension>
            <ns3:hr>141</ns3:hr>
            <ns3:cad>98</ns3:cad>
          </ns3:TrackPointExtension>
        </extensions>
      </trkpt>
      <trkpt lat="29.1488010250031948089599609375" lon="120.328206382691860198974609375">
        <ele>142.399993896484375</ele>
        <time>2016-07-16T12:00:14.000Z</time>
        <extensions>
          <ns3:TrackPointExtension>
            <ns3:hr>142</ns3:hr>
            <ns3:cad>97</ns3:cad>
          </ns3:TrackPointExtension>
        </extensions>
      </trkpt>
      <trkpt lat="29.148776046931743621826171875" lon="120.3281974978744983673095703125">
        <ele>142.1999969482421875</ele>
        <time>2016-07-16T12:00:15.000Z</time>
        <extensions>
          <ns3:TrackPointExtension>
            <ns3:hr>144</ns3:hr>
            <ns3:cad>97</ns3:cad>
          </ns3:TrackPointExtension>
        </extensions>
      </trkpt>
      <trkpt lat="29.1487527452409267425537109375" lon="120.32818819396197795867919921875">
        <ele>142.1999969482421875</ele>
        <time>2016-07-16T12:00:16.000Z</time>
        <extensions>
          <ns3:TrackPointExtension>
            <ns3:hr>144</ns3:hr>
            <ns3:cad>98</ns3:cad>
          </ns3:TrackPointExtension>
        </extensions>
      </trkpt>
      <trkpt lat="29.148705638945102691650390625" lon="120.328169167041778564453125">
        <ele>142.1999969482421875</ele>
        <time>2016-07-16T12:00:17.000Z</time>
        <extensions>
          <ns3:TrackPointExtension>
            <ns3:hr>143</ns3:hr>
            <ns3:cad>98</ns3:cad>
          </ns3:TrackPointExtension>
        </extensions>
      </trkpt>
      <trkpt lat="29.148705638945102691650390625" lon="120.328169167041778564453125">
        <ele>142.1999969482421875</ele>
        <time>2016-07-16T12:00:18.000Z</time>
        <extensions>
          <ns3:TrackPointExtension>
            <ns3:hr>143</ns3:hr>
            <ns3:cad>99</ns3:cad>
          </ns3:TrackPointExtension>
        </extensions>
      </trkpt>
      <trkpt lat="29.148682840168476104736328125" lon="120.32816003076732158660888671875">
        <ele>142.1999969482421875</ele>
        <time>2016-07-16T12:00:19.000Z</time>
        <extensions>
          <ns3:TrackPointExtension>
            <ns3:hr>143</ns3:hr>
            <ns3:cad>99</ns3:cad>
          </ns3:TrackPointExtension>
        </extensions>
      </trkpt>
      <trkpt lat="29.14865844883024692535400390625" lon="120.3281512297689914703369140625">
        <ele>142.1999969482421875</ele>
        <time>2016-07-16T12:00:20.000Z</time>
        <extensions>
          <ns3:TrackPointExtension>
            <ns3:hr>143</ns3:hr>
            <ns3:cad>97</ns3:cad>
          </ns3:TrackPointExtension>
        </extensions>
      </trkpt>
      <trkpt lat="29.1486333869397640228271484375" lon="120.32814569771289825439453125">
        <ele>142.1999969482421875</ele>
        <time>2016-07-16T12:00:21.000Z</time>
        <extensions>
          <ns3:TrackPointExtension>
            <ns3:hr>143</ns3:hr>
            <ns3:cad>96</ns3:cad>
          </ns3:TrackPointExtension>
        </extensions>
      </trkpt>
      <trkpt lat="29.14860933087766170501708984375" lon="120.328137986361980438232421875">
        <ele>142.399993896484375</ele>
        <time>2016-07-16T12:00:22.000Z</time>
        <extensions>
          <ns3:TrackPointExtension>
            <ns3:hr>143</ns3:hr>
            <ns3:cad>96</ns3:cad>
          </ns3:TrackPointExtension>
        </extensions>
      </trkpt>
      <trkpt lat="29.1485857777297496795654296875" lon="120.328129269182682037353515625">
        <ele>142.399993896484375</ele>
        <time>2016-07-16T12:00:23.000Z</time>
        <extensions>
          <ns3:TrackPointExtension>
            <ns3:hr>144</ns3:hr>
            <ns3:cad>96</ns3:cad>
          </ns3:TrackPointExtension>
        </extensions>
      </trkpt>
      <trkpt lat="29.14856239221990108489990234375" lon="120.3281180374324321746826171875">
        <ele>142.399993896484375</ele>
        <time>2016-07-16T12:00:24.000Z</time>
        <extensions>
          <ns3:TrackPointExtension>
            <ns3:hr>144</ns3:hr>
            <ns3:cad>96</ns3:cad>
          </ns3:TrackPointExtension>
        </extensions>
      </trkpt>
      <trkpt lat="29.14853808470070362091064453125" lon="120.32810722477734088897705078125">
        <ele>142.399993896484375</ele>
        <time>2016-07-16T12:00:25.000Z</time>
        <extensions>
          <ns3:TrackPointExtension>
            <ns3:hr>144</ns3:hr>
            <ns3:cad>96</ns3:cad>
          </ns3:TrackPointExtension>
        </extensions>
      </trkpt>
      <trkpt lat="29.148489721119403839111328125" lon="120.3280935622751712799072265625">
        <ele>142.399993896484375</ele>
        <time>2016-07-16T12:00:26.000Z</time>
        <extensions>
          <ns3:TrackPointExtension>
            <ns3:hr>143</ns3:hr>
            <ns3:cad>96</ns3:cad>
          </ns3:TrackPointExtension>
        </extensions>
      </trkpt>
      <trkpt lat="29.148489721119403839111328125" lon="120.3280935622751712799072265625">
        <ele>142.399993896484375</ele>
        <time>2016-07-16T12:00:27.000Z</time>
        <extensions>
          <ns3:TrackPointExtension>
            <ns3:hr>143</ns3:hr>
            <ns3:cad>96</ns3:cad>
          </ns3:TrackPointExtension>
        </extensions>
      </trkpt>
      <trkpt lat="29.14846591651439666748046875" lon="120.3280871920287609100341796875">
        <ele>142.600006103515625</ele>
        <time>2016-07-16T12:00:28.000Z</time>
        <extensions>
          <ns3:TrackPointExtension>
            <ns3:hr>143</ns3:hr>
            <ns3:cad>96</ns3:cad>
          </ns3:TrackPointExtension>
        </extensions>
      </trkpt>
      <trkpt lat="29.148442447185516357421875" lon="120.32808090560138225555419921875">
        <ele>142.600006103515625</ele>
        <time>2016-07-16T12:00:29.000Z</time>
        <extensions>
          <ns3:TrackPointExtension>
            <ns3:hr>143</ns3:hr>
            <ns3:cad>98</ns3:cad>
          </ns3:TrackPointExtension>
        </extensions>
      </trkpt>
      <trkpt lat="29.1484181396663188934326171875" lon="120.3280747868120670318603515625">
        <ele>142.600006103515625</ele>
        <time>2016-07-16T12:00:30.000Z</time>
        <extensions>
          <ns3:TrackPointExtension>
            <ns3:hr>143</ns3:hr>
            <ns3:cad>98</ns3:cad>
          </ns3:TrackPointExtension>
        </extensions>
      </trkpt>
      <trkpt lat="29.14839441888034343719482421875" lon="120.32807135023176670074462890625">
        <ele>142.600006103515625</ele>
        <time>2016-07-16T12:00:31.000Z</time>
        <extensions>
          <ns3:TrackPointExtension>
            <ns3:hr>143</ns3:hr>
            <ns3:cad>98</ns3:cad>
          </ns3:TrackPointExtension>
        </extensions>
      </trkpt>
      <trkpt lat="29.14837145246565341949462890625" lon="120.32806967385113239288330078125">
        <ele>142.600006103515625</ele>
        <time>2016-07-16T12:00:32.000Z</time>
        <extensions>
          <ns3:TrackPointExtension>
            <ns3:hr>142</ns3:hr>
            <ns3:cad>98</ns3:cad>
          </ns3:TrackPointExtension>
        </extensions>
      </trkpt>
      <trkpt lat="29.148348905146121978759765625" lon="120.32806925475597381591796875">
        <ele>142.600006103515625</ele>
        <time>2016-07-16T12:00:33.000Z</time>
        <extensions>
          <ns3:TrackPointExtension>
            <ns3:hr>143</ns3:hr>
            <ns3:cad>96</ns3:cad>
          </ns3:TrackPointExtension>
        </extensions>
      </trkpt>
      <trkpt lat="29.14832669310271739959716796875" lon="120.3280717693269252777099609375">
        <ele>142.600006103515625</ele>
        <time>2016-07-16T12:00:34.000Z</time>
        <extensions>
          <ns3:TrackPointExtension>
            <ns3:hr>143</ns3:hr>
            <ns3:cad>96</ns3:cad>
          </ns3:TrackPointExtension>
        </extensions>
      </trkpt>
      <trkpt lat="29.148303978145122528076171875" lon="120.32807654701173305511474609375">
        <ele>142.600006103515625</ele>
        <time>2016-07-16T12:00:35.000Z</time>
        <extensions>
          <ns3:TrackPointExtension>
            <ns3:hr>142</ns3:hr>
            <ns3:cad>96</ns3:cad>
          </ns3:TrackPointExtension>
        </extensions>
      </trkpt>
      <trkpt lat="29.148283191025257110595703125" lon="120.32808207906782627105712890625">
        <ele>142.600006103515625</ele>
        <time>2016-07-16T12:00:36.000Z</time>
        <extensions>
          <ns3:TrackPointExtension>
            <ns3:hr>142</ns3:hr>
            <ns3:cad>96</ns3:cad>
          </ns3:TrackPointExtension>
        </extensions>
      </trkpt>
      <trkpt lat="29.1482612304389476776123046875" lon="120.328089706599712371826171875">
        <ele>142.600006103515625</ele>
        <time>2016-07-16T12:00:37.000Z</time>
        <extensions>
          <ns3:TrackPointExtension>
            <ns3:hr>142</ns3:hr>
            <ns3:cad>96</ns3:cad>
          </ns3:TrackPointExtension>
        </extensions>
      </trkpt>
      <trkpt lat="29.1482380963861942291259765625" lon="120.32809951342642307281494140625">
        <ele>142.8000030517578125</ele>
        <time>2016-07-16T12:00:38.000Z</time>
        <extensions>
          <ns3:TrackPointExtension>
            <ns3:hr>142</ns3:hr>
            <ns3:cad>96</ns3:cad>
          </ns3:TrackPointExtension>
        </extensions>
      </trkpt>
      <trkpt lat="29.1482176445424556732177734375" lon="120.3281123377382755279541015625">
        <ele>142.8000030517578125</ele>
        <time>2016-07-16T12:00:39.000Z</time>
        <extensions>
          <ns3:TrackPointExtension>
            <ns3:hr>141</ns3:hr>
            <ns3:cad>96</ns3:cad>
          </ns3:TrackPointExtension>
        </extensions>
      </trkpt>
      <trkpt lat="29.148197360336780548095703125" lon="120.3281257487833499908447265625">
        <ele>143</ele>
        <time>2016-07-16T12:00:40.000Z</time>
        <extensions>
          <ns3:TrackPointExtension>
            <ns3:hr>141</ns3:hr>
            <ns3:cad>96</ns3:cad>
          </ns3:TrackPointExtension>
        </extensions>
      </trkpt>
      <trkpt lat="29.14817757904529571533203125" lon="120.32813941128551959991455078125">
        <ele>143</ele>
        <time>2016-07-16T12:00:41.000Z</time>
        <extensions>
          <ns3:TrackPointExtension>
            <ns3:hr>141</ns3:hr>
            <ns3:cad>96</ns3:cad>
          </ns3:TrackPointExtension>
        </extensions>
      </trkpt>
      <trkpt lat="29.1481593064963817596435546875" lon="120.32815449871122837066650390625">
        <ele>143</ele>
        <time>2016-07-16T12:00:42.000Z</time>
        <extensions>
          <ns3:TrackPointExtension>
            <ns3:hr>141</ns3:hr>
            <ns3:cad>96</ns3:cad>
          </ns3:TrackPointExtension>
        </extensions>
      </trkpt>
      <trkpt lat="29.14814095012843608856201171875" lon="120.32817025668919086456298828125">
        <ele>143</ele>
        <time>2016-07-16T12:00:43.000Z</time>
        <extensions>
          <ns3:TrackPointExtension>
            <ns3:hr>141</ns3:hr>
            <ns3:cad>97</ns3:cad>
          </ns3:TrackPointExtension>
        </extensions>
      </trkpt>
      <trkpt lat="29.148124940693378448486328125" lon="120.3281881101429462432861328125">
        <ele>143</ele>
        <time>2016-07-16T12:00:44.000Z</time>
        <extensions>
          <ns3:TrackPointExtension>
            <ns3:hr>141</ns3:hr>
            <ns3:cad>97</ns3:cad>
          </ns3:TrackPointExtension>
        </extensions>
      </trkpt>
      <trkpt lat="29.14810809306800365447998046875" lon="120.328206382691860198974609375">
        <ele>143.1999969482421875</ele>
        <time>2016-07-16T12:00:45.000Z</time>
        <extensions>
          <ns3:TrackPointExtension>
            <ns3:hr>142</ns3:hr>
            <ns3:cad>97</ns3:cad>
          </ns3:TrackPointExtension>
        </extensions>
      </trkpt>
      <trkpt lat="29.14807640947401523590087890625" lon="120.328249298036098480224609375">
        <ele>143.399993896484375</ele>
        <time>2016-07-16T12:00:46.000Z</time>
        <extensions>
          <ns3:TrackPointExtension>
            <ns3:hr>142</ns3:hr>
            <ns3:cad>97</ns3:cad>
          </ns3:TrackPointExtension>
        </extensions>
      </trkpt>
      <trkpt lat="29.14806148968636989593505859375" lon="120.3282742761075496673583984375">
        <ele>143.399993896484375</ele>
        <time>2016-07-16T12:00:47.000Z</time>
        <extensions>
          <ns3:TrackPointExtension>
            <ns3:hr>142</ns3:hr>
            <ns3:cad>97</ns3:cad>
          </ns3:TrackPointExtension>
        </extensions>
      </trkpt>
      <trkpt lat="29.14806148968636989593505859375" lon="120.3282742761075496673583984375">
        <ele>143.399993896484375</ele>
        <time>2016-07-16T12:00:48.000Z</time>
        <extensions>
          <ns3:TrackPointExtension>
            <ns3:hr>142</ns3:hr>
            <ns3:cad>96</ns3:cad>
          </ns3:TrackPointExtension>
        </extensions>
      </trkpt>
      <trkpt lat="29.1480486653745174407958984375" lon="120.32829917035996913909912109375">
        <ele>143.399993896484375</ele>
        <time>2016-07-16T12:00:49.000Z</time>
        <extensions>
          <ns3:TrackPointExtension>
            <ns3:hr>142</ns3:hr>
            <ns3:cad>96</ns3:cad>
          </ns3:TrackPointExtension>
        </extensions>
      </trkpt>
      <trkpt lat="29.1480365954339504241943359375" lon="120.32832448370754718780517578125">
        <ele>143.399993896484375</ele>
        <time>2016-07-16T12:00:50.000Z</time>
        <extensions>
          <ns3:TrackPointExtension>
            <ns3:hr>142</ns3:hr>
            <ns3:cad>97</ns3:cad>
          </ns3:TrackPointExtension>
        </extensions>
      </trkpt>
      <trkpt lat="29.1480241902172565460205078125" lon="120.3283520601689815521240234375">
        <ele>143.600006103515625</ele>
        <time>2016-07-16T12:00:51.000Z</time>
        <extensions>
          <ns3:TrackPointExtension>
            <ns3:hr>142</ns3:hr>
            <ns3:cad>97</ns3:cad>
          </ns3:TrackPointExtension>
        </extensions>
      </trkpt>
      <trkpt lat="29.14801388047635555267333984375" lon="120.3283788822591304779052734375">
        <ele>143.600006103515625</ele>
        <time>2016-07-16T12:00:52.000Z</time>
        <extensions>
          <ns3:TrackPointExtension>
            <ns3:hr>142</ns3:hr>
            <ns3:cad>97</ns3:cad>
          </ns3:TrackPointExtension>
        </extensions>
      </trkpt>
      <trkpt lat="29.1480050794780254364013671875" lon="120.32840411178767681121826171875">
        <ele>143.600006103515625</ele>
        <time>2016-07-16T12:00:53.000Z</time>
        <extensions>
          <ns3:TrackPointExtension>
            <ns3:hr>142</ns3:hr>
            <ns3:cad>97</ns3:cad>
          </ns3:TrackPointExtension>
        </extensions>
      </trkpt>
      <trkpt lat="29.147997535765171051025390625" lon="120.328426994383335113525390625">
        <ele>143.600006103515625</ele>
        <time>2016-07-16T12:00:54.000Z</time>
        <extensions>
          <ns3:TrackPointExtension>
            <ns3:hr>142</ns3:hr>
            <ns3:cad>97</ns3:cad>
          </ns3:TrackPointExtension>
        </extensions>
      </trkpt>
      <trkpt lat="29.1479896567761898040771484375" lon="120.3284513019025325775146484375">
        <ele>143.600006103515625</ele>
        <time>2016-07-16T12:00:55.000Z</time>
        <extensions>
          <ns3:TrackPointExtension>
            <ns3:hr>142</ns3:hr>
            <ns3:cad>97</ns3:cad>
          </ns3:TrackPointExtension>
        </extensions>
      </trkpt>
      <trkpt lat="29.147982113063335418701171875" lon="120.32847669906914234161376953125">
        <ele>143.600006103515625</ele>
        <time>2016-07-16T12:00:56.000Z</time>
        <extensions>
          <ns3:TrackPointExtension>
            <ns3:hr>142</ns3:hr>
            <ns3:cad>97</ns3:cad>
          </ns3:TrackPointExtension>
        </extensions>
      </trkpt>
      <trkpt lat="29.14797834120690822601318359375" lon="120.32850335352122783660888671875">
        <ele>143.600006103515625</ele>
        <time>2016-07-16T12:00:57.000Z</time>
        <extensions>
          <ns3:TrackPointExtension>
            <ns3:hr>142</ns3:hr>
            <ns3:cad>96</ns3:cad>
          </ns3:TrackPointExtension>
        </extensions>
      </trkpt>
      <trkpt lat="29.147975407540798187255859375" lon="120.32852925360202789306640625">
        <ele>143.8000030517578125</ele>
        <time>2016-07-16T12:00:58.000Z</time>
        <extensions>
          <ns3:TrackPointExtension>
            <ns3:hr>143</ns3:hr>
            <ns3:cad>96</ns3:cad>
          </ns3:TrackPointExtension>
        </extensions>
      </trkpt>
      <trkpt lat="29.1479752399027347564697265625" lon="120.328554399311542510986328125">
        <ele>144</ele>
        <time>2016-07-16T12:00:59.000Z</time>
        <extensions>
          <ns3:TrackPointExtension>
            <ns3:hr>143</ns3:hr>
            <ns3:cad>96</ns3:cad>
          </ns3:TrackPointExtension>
        </extensions>
      </trkpt>
      <trkpt lat="29.14797565899789333343505859375" lon="120.32857929356396198272705078125">
        <ele>144.1999969482421875</ele>
        <time>2016-07-16T12:01:00.000Z</time>
        <extensions>
          <ns3:TrackPointExtension>
            <ns3:hr>143</ns3:hr>
            <ns3:cad>96</ns3:cad>
          </ns3:TrackPointExtension>
        </extensions>
      </trkpt>
      <trkpt lat="29.14797767065465450286865234375" lon="120.32860594801604747772216796875">
        <ele>144.399993896484375</ele>
        <time>2016-07-16T12:01:01.000Z</time>
        <extensions>
          <ns3:TrackPointExtension>
            <ns3:hr>143</ns3:hr>
            <ns3:cad>97</ns3:cad>
          </ns3:TrackPointExtension>
        </extensions>
      </trkpt>
      <trkpt lat="29.14798420853912830352783203125" lon="120.32863176427781581878662109375">
        <ele>144.399993896484375</ele>
        <time>2016-07-16T12:01:02.000Z</time>
        <extensions>
          <ns3:TrackPointExtension>
            <ns3:hr>143</ns3:hr>
            <ns3:cad>98</ns3:cad>
          </ns3:TrackPointExtension>
        </extensions>
      </trkpt>
      <trkpt lat="29.1479893215000629425048828125" lon="120.32865791581571102142333984375">
        <ele>144.600006103515625</ele>
        <time>2016-07-16T12:01:03.000Z</time>
        <extensions>
          <ns3:TrackPointExtension>
            <ns3:hr>143</ns3:hr>
            <ns3:cad>98</ns3:cad>
          </ns3:TrackPointExtension>
        </extensions>
      </trkpt>
      <trkpt lat="29.147994853556156158447265625" lon="120.32868482172489166259765625">
        <ele>144.600006103515625</ele>
        <time>2016-07-16T12:01:04.000Z</time>
        <extensions>
          <ns3:TrackPointExtension>
            <ns3:hr>143</ns3:hr>
            <ns3:cad>97</ns3:cad>
          </ns3:TrackPointExtension>
        </extensions>
      </trkpt>
      <trkpt lat="29.1480010561645030975341796875" lon="120.32871105708181858062744140625">
        <ele>144.8000030517578125</ele>
        <time>2016-07-16T12:01:05.000Z</time>
        <extensions>
          <ns3:TrackPointExtension>
            <ns3:hr>143</ns3:hr>
            <ns3:cad>97</ns3:cad>
          </ns3:TrackPointExtension>
        </extensions>
      </trkpt>
      <trkpt lat="29.14801262319087982177734375" lon="120.32873712480068206787109375">
        <ele>144.8000030517578125</ele>
        <time>2016-07-16T12:01:06.000Z</time>
        <extensions>
          <ns3:TrackPointExtension>
            <ns3:hr>143</ns3:hr>
            <ns3:cad>96</ns3:cad>
          </ns3:TrackPointExtension>
        </extensions>
      </trkpt>
      <trkpt lat="29.14802603423595428466796875" lon="120.32876218669116497039794921875">
        <ele>145</ele>
        <time>2016-07-16T12:01:07.000Z</time>
        <extensions>
          <ns3:TrackPointExtension>
            <ns3:hr>143</ns3:hr>
            <ns3:cad>96</ns3:cad>
          </ns3:TrackPointExtension>
        </extensions>
      </trkpt>
      <trkpt lat="29.1480493359267711639404296875" lon="120.328806526958942413330078125">
        <ele>145</ele>
        <time>2016-07-16T12:01:08.000Z</time>
        <extensions>
          <ns3:TrackPointExtension>
            <ns3:hr>143</ns3:hr>
            <ns3:cad>96</ns3:cad>
          </ns3:TrackPointExtension>
        </extensions>
      </trkpt>
      <trkpt lat="29.1480493359267711639404296875" lon="120.328806526958942413330078125">
        <ele>145</ele>
        <time>2016-07-16T12:01:09.000Z</time>
        <extensions>
          <ns3:TrackPointExtension>
            <ns3:hr>143</ns3:hr>
            <ns3:cad>96</ns3:cad>
          </ns3:TrackPointExtension>
        </extensions>
      </trkpt>
      <trkpt lat="29.148061238229274749755859375" lon="120.32882857136428356170654296875">
        <ele>145</ele>
        <time>2016-07-16T12:01:10.000Z</time>
        <extensions>
          <ns3:TrackPointExtension>
            <ns3:hr>143</ns3:hr>
            <ns3:cad>97</ns3:cad>
          </ns3:TrackPointExtension>
        </extensions>
      </trkpt>
      <trkpt lat="29.1480754874646663665771484375" lon="120.328850783407688140869140625">
        <ele>145</ele>
        <time>2016-07-16T12:01:11.000Z</time>
        <extensions>
          <ns3:TrackPointExtension>
            <ns3:hr>142</ns3:hr>
            <ns3:cad>98</ns3:cad>
          </ns3:TrackPointExtension>
        </extensions>
      </trkpt>
      <trkpt lat="29.14809384383261203765869140625" lon="120.32887198962271213531494140625">
        <ele>145</ele>
        <time>2016-07-16T12:01:12.000Z</time>
        <extensions>
          <ns3:TrackPointExtension>
            <ns3:hr>143</ns3:hr>
            <ns3:cad>98</ns3:cad>
          </ns3:TrackPointExtension>
        </extensions>
      </trkpt>
      <trkpt lat="29.1481123678386211395263671875" lon="120.3288908489048480987548828125">
        <ele>145</ele>
        <time>2016-07-16T12:01:13.000Z</time>
        <extensions>
          <ns3:TrackPointExtension>
            <ns3:hr>144</ns3:hr>
            <ns3:cad>97</ns3:cad>
          </ns3:TrackPointExtension>
        </extensions>
      </trkpt>
      <trkpt lat="29.1481328196823596954345703125" lon="120.32891054637730121612548828125">
        <ele>145</ele>
        <time>2016-07-16T12:01:14.000Z</time>
        <extensions>
          <ns3:TrackPointExtension>
            <ns3:hr>143</ns3:hr>
            <ns3:cad>97</ns3:cad>
          </ns3:TrackPointExtension>
        </extensions>
      </trkpt>
      <trkpt lat="29.14815436117351055145263671875" lon="120.3289290703833103179931640625">
        <ele>145</ele>
        <time>2016-07-16T12:01:15.000Z</time>
        <extensions>
          <ns3:TrackPointExtension>
            <ns3:hr>145</ns3:hr>
            <ns3:cad>97</ns3:cad>
          </ns3:TrackPointExtension>
        </extensions>
      </trkpt>
      <trkpt lat="29.14817280136048793792724609375" lon="120.32894759438931941986083984375">
        <ele>145</ele>
        <time>2016-07-16T12:01:16.000Z</time>
        <extensions>
          <ns3:TrackPointExtension>
            <ns3:hr>145</ns3:hr>
            <ns3:cad>97</ns3:cad>
          </ns3:TrackPointExtension>
        </extensions>
      </trkpt>
      <trkpt lat="29.14819459430873394012451171875" lon="120.328963100910186767578125">
        <ele>145</ele>
        <time>2016-07-16T12:01:17.000Z</time>
        <extensions>
          <ns3:TrackPointExtension>
            <ns3:hr>144</ns3:hr>
            <ns3:cad>96</ns3:cad>
          </ns3:TrackPointExtension>
        </extensions>
      </trkpt>
      <trkpt lat="29.14821487851440906524658203125" lon="120.3289776854217052459716796875">
        <ele>144.8000030517578125</ele>
        <time>2016-07-16T12:01:18.000Z</time>
        <extensions>
          <ns3:TrackPointExtension>
            <ns3:hr>142</ns3:hr>
            <ns3:cad>96</ns3:cad>
          </ns3:TrackPointExtension>
        </extensions>
      </trkpt>
      <trkpt lat="29.148237593472003936767578125" lon="120.3289917670190334320068359375">
        <ele>144.8000030517578125</ele>
        <time>2016-07-16T12:01:19.000Z</time>
        <extensions>
          <ns3:TrackPointExtension>
            <ns3:hr>142</ns3:hr>
            <ns3:cad>96</ns3:cad>
          </ns3:TrackPointExtension>
        </extensions>
      </trkpt>
      <trkpt lat="29.1482585482299327850341796875" lon="120.3290035016834735870361328125">
        <ele>144.600006103515625</ele>
        <time>2016-07-16T12:01:20.000Z</time>
        <extensions>
          <ns3:TrackPointExtension>
            <ns3:hr>142</ns3:hr>
            <ns3:cad>96</ns3:cad>
          </ns3:TrackPointExtension>
        </extensions>
      </trkpt>
      <trkpt lat="29.14827841334044933319091796875" lon="120.3290152363479137420654296875">
        <ele>144.600006103515625</ele>
        <time>2016-07-16T12:01:21.000Z</time>
        <extensions>
          <ns3:TrackPointExtension>
            <ns3:hr>142</ns3:hr>
            <ns3:cad>97</ns3:cad>
          </ns3:TrackPointExtension>
        </extensions>
      </trkpt>
      <trkpt lat="29.14830255322158336639404296875" lon="120.3290246240794658660888671875">
        <ele>144.600006103515625</ele>
        <time>2016-07-16T12:01:22.000Z</time>
        <extensions>
          <ns3:TrackPointExtension>
            <ns3:hr>142</ns3:hr>
            <ns3:cad>98</ns3:cad>
          </ns3:TrackPointExtension>
        </extensions>
      </trkpt>
      <trkpt lat="29.14832719601690769195556640625" lon="120.3290323354303836822509765625">
        <ele>144.399993896484375</ele>
        <time>2016-07-16T12:01:23.000Z</time>
        <extensions>
          <ns3:TrackPointExtension>
            <ns3:hr>142</ns3:hr>
            <ns3:cad>98</ns3:cad>
          </ns3:TrackPointExtension>
        </extensions>
      </trkpt>
      <trkpt lat="29.1483530960977077484130859375" lon="120.32904080115258693695068359375">
        <ele>144.399993896484375</ele>
        <time>2016-07-16T12:01:24.000Z</time>
        <extensions>
          <ns3:TrackPointExtension>
            <ns3:hr>142</ns3:hr>
            <ns3:cad>98</ns3:cad>
          </ns3:TrackPointExtension>
        </extensions>
      </trkpt>
      <trkpt lat="29.14837799035012722015380859375" lon="120.32904868014156818389892578125">
        <ele>144.1999969482421875</ele>
        <time>2016-07-16T12:01:25.000Z</time>
        <extensions>
          <ns3:TrackPointExtension>
            <ns3:hr>142</ns3:hr>
            <ns3:cad>97</ns3:cad>
          </ns3:TrackPointExtension>
        </extensions>
      </trkpt>
      <trkpt lat="29.14840011857450008392333984375" lon="120.329056642949581146240234375">
        <ele>144.1999969482421875</ele>
        <time>2016-07-16T12:01:26.000Z</time>
        <extensions>
          <ns3:TrackPointExtension>
            <ns3:hr>142</ns3:hr>
            <ns3:cad>96</ns3:cad>
          </ns3:TrackPointExtension>
        </extensions>
      </trkpt>
      <trkpt lat="29.148448146879673004150390625" lon="120.3290732391178607940673828125">
        <ele>144</ele>
        <time>2016-07-16T12:01:27.000Z</time>
        <extensions>
          <ns3:TrackPointExtension>
            <ns3:hr>143</ns3:hr>
            <ns3:cad>96</ns3:cad>
          </ns3:TrackPointExtension>
        </extensions>
      </trkpt>
      <trkpt lat="29.148448146879673004150390625" lon="120.3290732391178607940673828125">
        <ele>144</ele>
        <time>2016-07-16T12:01:28.000Z</time>
        <extensions>
          <ns3:TrackPointExtension>
            <ns3:hr>143</ns3:hr>
            <ns3:cad>96</ns3:cad>
          </ns3:TrackPointExtension>
        </extensions>
      </trkpt>
      <trkpt lat="29.1484706103801727294921875" lon="120.32908237539231777191162109375">
        <ele>143.600006103515625</ele>
        <time>2016-07-16T12:01:29.000Z</time>
        <extensions>
          <ns3:TrackPointExtension>
            <ns3:hr>144</ns3:hr>
            <ns3:cad>98</ns3:cad>
          </ns3:TrackPointExtension>
        </extensions>
      </trkpt>
      <trkpt lat="29.1484942473471164703369140625" lon="120.3290893323719501495361328125">
        <ele>143.1999969482421875</ele>
        <time>2016-07-16T12:01:30.000Z</time>
        <extensions>
          <ns3:TrackPointExtension>
            <ns3:hr>143</ns3:hr>
            <ns3:cad>98</ns3:cad>
          </ns3:TrackPointExtension>
        </extensions>
      </trkpt>
      <trkpt lat="29.14851612411439418792724609375" lon="120.3290980495512485504150390625">
        <ele>142.8000030517578125</ele>
        <time>2016-07-16T12:01:31.000Z</time>
        <extensions>
          <ns3:TrackPointExtension>
            <ns3:hr>143</ns3:hr>
            <ns3:cad>98</ns3:cad>
          </ns3:TrackPointExtension>
        </extensions>
      </trkpt>
      <trkpt lat="29.14853909052908420562744140625" lon="120.329108946025371551513671875">
        <ele>142.600006103515625</ele>
        <time>2016-07-16T12:01:32.000Z</time>
        <extensions>
          <ns3:TrackPointExtension>
            <ns3:hr>143</ns3:hr>
            <ns3:cad>97</ns3:cad>
          </ns3:TrackPointExtension>
        </extensions>
      </trkpt>
      <trkpt lat="29.14856138639152050018310546875" lon="120.329118669033050537109375">
        <ele>142.1999969482421875</ele>
        <time>2016-07-16T12:01:33.000Z</time>
        <extensions>
          <ns3:TrackPointExtension>
            <ns3:hr>144</ns3:hr>
            <ns3:cad>97</ns3:cad>
          </ns3:TrackPointExtension>
        </extensions>
      </trkpt>
      <trkpt lat="29.14858334697782993316650390625" lon="120.32912814058363437652587890625">
        <ele>141.8000030517578125</ele>
        <time>2016-07-16T12:01:34.000Z</time>
        <extensions>
          <ns3:TrackPointExtension>
            <ns3:hr>143</ns3:hr>
            <ns3:cad>97</ns3:cad>
          </ns3:TrackPointExtension>
        </extensions>
      </trkpt>
      <trkpt lat="29.14860581047832965850830078125" lon="120.32913736067712306976318359375">
        <ele>141.399993896484375</ele>
        <time>2016-07-16T12:01:35.000Z</time>
        <extensions>
          <ns3:TrackPointExtension>
            <ns3:hr>144</ns3:hr>
            <ns3:cad>97</ns3:cad>
          </ns3:TrackPointExtension>
        </extensions>
      </trkpt>
      <trkpt lat="29.1486283577978610992431640625" lon="120.32914456911385059356689453125">
        <ele>141</ele>
        <time>2016-07-16T12:01:36.000Z</time>
        <extensions>
          <ns3:TrackPointExtension>
            <ns3:hr>145</ns3:hr>
            <ns3:cad>97</ns3:cad>
          </ns3:TrackPointExtension>
        </extensions>
      </trkpt>
      <trkpt lat="29.1486521624028682708740234375" lon="120.32915496267378330230712890625">
        <ele>140.600006103515625</ele>
        <time>2016-07-16T12:01:37.000Z</time>
        <extensions>
          <ns3:TrackPointExtension>
            <ns3:hr>145</ns3:hr>
            <ns3:cad>97</ns3:cad>
          </ns3:TrackPointExtension>
        </extensions>
      </trkpt>
      <trkpt lat="29.14867420680820941925048828125" lon="120.3291627578437328338623046875">
        <ele>140.1999969482421875</ele>
        <time>2016-07-16T12:01:38.000Z</time>
        <extensions>
          <ns3:TrackPointExtension>
            <ns3:hr>145</ns3:hr>
            <ns3:cad>95</ns3:cad>
          </ns3:TrackPointExtension>
        </extensions>
      </trkpt>
      <trkpt lat="29.148695580661296844482421875" lon="120.32917306758463382720947265625">
        <ele>140</ele>
        <time>2016-07-16T12:01:39.000Z</time>
        <extensions>
          <ns3:TrackPointExtension>
            <ns3:hr>144</ns3:hr>
            <ns3:cad>95</ns3:cad>
          </ns3:TrackPointExtension>
        </extensions>
      </trkpt>
      <trkpt lat="29.14871762506663799285888671875" lon="120.329183042049407958984375">
        <ele>139.600006103515625</ele>
        <time>2016-07-16T12:01:40.000Z</time>
        <extensions>
          <ns3:TrackPointExtension>
            <ns3:hr>144</ns3:hr>
            <ns3:cad>96</ns3:cad>
          </ns3:TrackPointExtension>
        </extensions>
      </trkpt>
      <trkpt lat="29.14873950183391571044921875" lon="120.3291915915906429290771484375">
        <ele>139.399993896484375</ele>
        <time>2016-07-16T12:01:41.000Z</time>
        <extensions>
          <ns3:TrackPointExtension>
            <ns3:hr>143</ns3:hr>
            <ns3:cad>96</ns3:cad>
          </ns3:TrackPointExtension>
        </extensions>
      </trkpt>
      <trkpt lat="29.14876372553408145904541015625" lon="120.32920072786509990692138671875">
        <ele>139.1999969482421875</ele>
        <time>2016-07-16T12:01:42.000Z</time>
        <extensions>
          <ns3:TrackPointExtension>
            <ns3:hr>143</ns3:hr>
            <ns3:cad>96</ns3:cad>
          </ns3:TrackPointExtension>
        </extensions>
      </trkpt>
      <trkpt lat="29.14878736250102519989013671875" lon="120.32920743338763713836669921875">
        <ele>139</ele>
        <time>2016-07-16T12:01:43.000Z</time>
        <extensions>
          <ns3:TrackPointExtension>
            <ns3:hr>143</ns3:hr>
            <ns3:cad>96</ns3:cad>
          </ns3:TrackPointExtension>
        </extensions>
      </trkpt>
      <trkpt lat="29.1488100774586200714111328125" lon="120.32921464182436466217041015625">
        <ele>139</ele>
        <time>2016-07-16T12:01:44.000Z</time>
        <extensions>
          <ns3:TrackPointExtension>
            <ns3:hr>143</ns3:hr>
            <ns3:cad>98</ns3:cad>
          </ns3:TrackPointExtension>
        </extensions>
      </trkpt>
      <trkpt lat="29.1488332115113735198974609375" lon="120.3292231075465679168701171875">
        <ele>138.8000030517578125</ele>
        <time>2016-07-16T12:01:45.000Z</time>
        <extensions>
          <ns3:TrackPointExtension>
            <ns3:hr>142</ns3:hr>
            <ns3:cad>98</ns3:cad>
          </ns3:TrackPointExtension>
        </extensions>
      </trkpt>
      <trkpt lat="29.148857183754444122314453125" lon="120.3292338363826274871826171875">
        <ele>138.600006103515625</ele>
        <time>2016-07-16T12:01:46.000Z</time>
        <extensions>
          <ns3:TrackPointExtension>
            <ns3:hr>142</ns3:hr>
            <ns3:cad>97</ns3:cad>
          </ns3:TrackPointExtension>
        </extensions>
      </trkpt>
      <trkpt lat="29.14888207800686359405517578125" lon="120.32924230210483074188232421875">
        <ele>138.600006103515625</ele>
        <time>2016-07-16T12:01:47.000Z</time>
        <extensions>
          <ns3:TrackPointExtension>
            <ns3:hr>142</ns3:hr>
            <ns3:cad>97</ns3:cad>
          </ns3:TrackPointExtension>
        </extensions>
      </trkpt>
      <trkpt lat="29.14890487678349018096923828125" lon="120.32924934290349483489990234375">
        <ele>138.399993896484375</ele>
        <time>2016-07-16T12:01:48.000Z</time>
        <extensions>
          <ns3:TrackPointExtension>
            <ns3:hr>142</ns3:hr>
            <ns3:cad>97</ns3:cad>
          </ns3:TrackPointExtension>
        </extensions>
      </trkpt>
      <trkpt lat="29.1489254124462604522705078125" lon="120.3292579762637615203857421875">
        <ele>138.1999969482421875</ele>
        <time>2016-07-16T12:01:49.000Z</time>
        <extensions>
          <ns3:TrackPointExtension>
            <ns3:hr>142</ns3:hr>
            <ns3:cad>97</ns3:cad>
          </ns3:TrackPointExtension>
        </extensions>
      </trkpt>
      <trkpt lat="29.1489482112228870391845703125" lon="120.329267866909503936767578125">
        <ele>138.1999969482421875</ele>
        <time>2016-07-16T12:01:50.000Z</time>
        <extensions>
          <ns3:TrackPointExtension>
            <ns3:hr>142</ns3:hr>
            <ns3:cad>97</ns3:cad>
          </ns3:TrackPointExtension>
        </extensions>
      </trkpt>
      <trkpt lat="29.14897243492305278778076171875" lon="120.32927549444139003753662109375">
        <ele>138</ele>
        <time>2016-07-16T12:01:51.000Z</time>
        <extensions>
          <ns3:TrackPointExtension>
            <ns3:hr>142</ns3:hr>
            <ns3:cad>97</ns3:cad>
          </ns3:TrackPointExtension>
        </extensions>
      </trkpt>
      <trkpt lat="29.14899892173707485198974609375" lon="120.32928655855357646942138671875">
        <ele>137.8000030517578125</ele>
        <time>2016-07-16T12:01:52.000Z</time>
        <extensions>
          <ns3:TrackPointExtension>
            <ns3:hr>141</ns3:hr>
            <ns3:cad>97</ns3:cad>
          </ns3:TrackPointExtension>
        </extensions>
      </trkpt>
      <trkpt lat="29.14902524091303348541259765625" lon="120.32929393462836742401123046875">
        <ele>138</ele>
        <time>2016-07-16T12:01:53.000Z</time>
        <extensions>
          <ns3:TrackPointExtension>
            <ns3:hr>140</ns3:hr>
            <ns3:cad>97</ns3:cad>
          </ns3:TrackPointExtension>
        </extensions>
      </trkpt>
      <trkpt lat="29.1490491293370723724365234375" lon="120.32930114306509494781494140625">
        <ele>138.1999969482421875</ele>
        <time>2016-07-16T12:01:54.000Z</time>
        <extensions>
          <ns3:TrackPointExtension>
            <ns3:hr>140</ns3:hr>
            <ns3:cad>97</ns3:cad>
          </ns3:TrackPointExtension>
        </extensions>
      </trkpt>
      <trkpt lat="29.14907343685626983642578125" lon="120.32930566929280757904052734375">
        <ele>138.399993896484375</ele>
        <time>2016-07-16T12:01:55.000Z</time>
        <extensions>
          <ns3:TrackPointExtension>
            <ns3:hr>140</ns3:hr>
            <ns3:cad>97</ns3:cad>
          </ns3:TrackPointExtension>
        </extensions>
      </trkpt>
      <trkpt lat="29.14909648708999156951904296875" lon="120.32930835150182247161865234375">
        <ele>138.600006103515625</ele>
        <time>2016-07-16T12:01:56.000Z</time>
        <extensions>
          <ns3:TrackPointExtension>
            <ns3:hr>140</ns3:hr>
            <ns3:cad>97</ns3:cad>
          </ns3:TrackPointExtension>
        </extensions>
      </trkpt>
      <trkpt lat="29.14912146516144275665283203125" lon="120.32931187190115451812744140625">
        <ele>138.8000030517578125</ele>
        <time>2016-07-16T12:01:57.000Z</time>
        <extensions>
          <ns3:TrackPointExtension>
            <ns3:hr>140</ns3:hr>
            <ns3:cad>97</ns3:cad>
          </ns3:TrackPointExtension>
        </extensions>
      </trkpt>
      <trkpt lat="29.149144850671291351318359375" lon="120.32931103371083736419677734375">
        <ele>139</ele>
        <time>2016-07-16T12:01:58.000Z</time>
        <extensions>
          <ns3:TrackPointExtension>
            <ns3:hr>140</ns3:hr>
            <ns3:cad>96</ns3:cad>
          </ns3:TrackPointExtension>
        </extensions>
      </trkpt>
      <trkpt lat="29.149167649447917938232421875" lon="120.329309441149234771728515625">
        <ele>139</ele>
        <time>2016-07-16T12:01:59.000Z</time>
        <extensions>
          <ns3:TrackPointExtension>
            <ns3:hr>140</ns3:hr>
            <ns3:cad>96</ns3:cad>
          </ns3:TrackPointExtension>
        </extensions>
      </trkpt>
      <trkpt lat="29.14919053204357624053955078125" lon="120.32930734567344188690185546875">
        <ele>139.1999969482421875</ele>
        <time>2016-07-16T12:02:00.000Z</time>
        <extensions>
          <ns3:TrackPointExtension>
            <ns3:hr>139</ns3:hr>
            <ns3:cad>96</ns3:cad>
          </ns3:TrackPointExtension>
        </extensions>
      </trkpt>
      <trkpt lat="29.14921366609632968902587890625" lon="120.32930181361734867095947265625">
        <ele>139.399993896484375</ele>
        <time>2016-07-16T12:02:01.000Z</time>
        <extensions>
          <ns3:TrackPointExtension>
            <ns3:hr>139</ns3:hr>
            <ns3:cad>96</ns3:cad>
          </ns3:TrackPointExtension>
        </extensions>
      </trkpt>
      <trkpt lat="29.14923545904457569122314453125" lon="120.3292941860854625701904296875">
        <ele>139.600006103515625</ele>
        <time>2016-07-16T12:02:02.000Z</time>
        <extensions>
          <ns3:TrackPointExtension>
            <ns3:hr>138</ns3:hr>
            <ns3:cad>96</ns3:cad>
          </ns3:TrackPointExtension>
        </extensions>
      </trkpt>
      <trkpt lat="29.14925716817378997802734375" lon="120.32928588800132274627685546875">
        <ele>139.8000030517578125</ele>
        <time>2016-07-16T12:02:03.000Z</time>
        <extensions>
          <ns3:TrackPointExtension>
            <ns3:hr>138</ns3:hr>
            <ns3:cad>98</ns3:cad>
          </ns3:TrackPointExtension>
        </extensions>
      </trkpt>
      <trkpt lat="29.14927938021719455718994140625" lon="120.32927666790783405303955078125">
        <ele>140</ele>
        <time>2016-07-16T12:02:04.000Z</time>
        <extensions>
          <ns3:TrackPointExtension>
            <ns3:hr>138</ns3:hr>
            <ns3:cad>98</ns3:cad>
          </ns3:TrackPointExtension>
        </extensions>
      </trkpt>
      <trkpt lat="29.14930167607963085174560546875" lon="120.32926577143371105194091796875">
        <ele>140</ele>
        <time>2016-07-16T12:02:05.000Z</time>
        <extensions>
          <ns3:TrackPointExtension>
            <ns3:hr>142</ns3:hr>
            <ns3:cad>96</ns3:cad>
          </ns3:TrackPointExtension>
        </extensions>
      </trkpt>
      <trkpt lat="29.149343669414520263671875" lon="120.32923844642937183380126953125">
        <ele>140.1999969482421875</ele>
        <time>2016-07-16T12:02:06.000Z</time>
        <extensions>
          <ns3:TrackPointExtension>
            <ns3:hr>145</ns3:hr>
            <ns3:cad>98</ns3:cad>
          </ns3:TrackPointExtension>
        </extensions>
      </trkpt>
      <trkpt lat="29.149343669414520263671875" lon="120.32923844642937183380126953125">
        <ele>140.1999969482421875</ele>
        <time>2016-07-16T12:02:07.000Z</time>
        <extensions>
          <ns3:TrackPointExtension>
            <ns3:hr>145</ns3:hr>
            <ns3:cad>98</ns3:cad>
          </ns3:TrackPointExtension>
        </extensions>
      </trkpt>
      <trkpt lat="29.14936470799148082733154296875" lon="120.329221598803997039794921875">
        <ele>140.399993896484375</ele>
        <time>2016-07-16T12:02:08.000Z</time>
        <extensions>
          <ns3:TrackPointExtension>
            <ns3:hr>144</ns3:hr>
            <ns3:cad>98</ns3:cad>
          </ns3:TrackPointExtension>
        </extensions>
      </trkpt>
      <trkpt lat="29.149386584758758544921875" lon="120.32920651137828826904296875">
        <ele>140.399993896484375</ele>
        <time>2016-07-16T12:02:09.000Z</time>
        <extensions>
          <ns3:TrackPointExtension>
            <ns3:hr>144</ns3:hr>
            <ns3:cad>96</ns3:cad>
          </ns3:TrackPointExtension>
        </extensions>
      </trkpt>
      <trkpt lat="29.14940661750733852386474609375" lon="120.329188071191310882568359375">
        <ele>140.399993896484375</ele>
        <time>2016-07-16T12:02:10.000Z</time>
        <extensions>
          <ns3:TrackPointExtension>
            <ns3:hr>143</ns3:hr>
            <ns3:cad>96</ns3:cad>
          </ns3:TrackPointExtension>
        </extensions>
      </trkpt>
      <trkpt lat="29.14942321367561817169189453125" lon="120.32916887663304805755615234375">
        <ele>140.600006103515625</ele>
        <time>2016-07-16T12:02:11.000Z</time>
        <extensions>
          <ns3:TrackPointExtension>
            <ns3:hr>143</ns3:hr>
            <ns3:cad>96</ns3:cad>
          </ns3:TrackPointExtension>
        </extensions>
      </trkpt>
      <trkpt lat="29.14943863637745380401611328125" lon="120.329147838056087493896484375">
        <ele>140.8000030517578125</ele>
        <time>2016-07-16T12:02:12.000Z</time>
        <extensions>
          <ns3:TrackPointExtension>
            <ns3:hr>142</ns3:hr>
            <ns3:cad>96</ns3:cad>
          </ns3:TrackPointExtension>
        </extensions>
      </trkpt>
      <trkpt lat="29.14945037104189395904541015625" lon="120.32912562601268291473388671875">
        <ele>141</ele>
        <time>2016-07-16T12:02:13.000Z</time>
        <extensions>
          <ns3:TrackPointExtension>
            <ns3:hr>142</ns3:hr>
            <ns3:cad>97</ns3:cad>
          </ns3:TrackPointExtension>
        </extensions>
      </trkpt>
      <trkpt lat="29.14945992641150951385498046875" lon="120.32910349778831005096435546875">
        <ele>141.1999969482421875</ele>
        <time>2016-07-16T12:02:14.000Z</time>
        <extensions>
          <ns3:TrackPointExtension>
            <ns3:hr>142</ns3:hr>
            <ns3:cad>97</ns3:cad>
          </ns3:TrackPointExtension>
        </extensions>
      </trkpt>
      <trkpt lat="29.14947518147528171539306640625" lon="120.32905605621635913848876953125">
        <ele>141.399993896484375</ele>
        <time>2016-07-16T12:02:15.000Z</time>
        <extensions>
          <ns3:TrackPointExtension>
            <ns3:hr>142</ns3:hr>
            <ns3:cad>96</ns3:cad>
          </ns3:TrackPointExtension>
        </extensions>
      </trkpt>
      <trkpt lat="29.14947518147528171539306640625" lon="120.32905605621635913848876953125">
        <ele>141.399993896484375</ele>
        <time>2016-07-16T12:02:16.000Z</time>
        <extensions>
          <ns3:TrackPointExtension>
            <ns3:hr>142</ns3:hr>
            <ns3:cad>96</ns3:cad>
          </ns3:TrackPointExtension>
        </extensions>
      </trkpt>
      <trkpt lat="29.1494833119213581085205078125" lon="120.32903082668781280517578125">
        <ele>141.600006103515625</ele>
        <time>2016-07-16T12:02:17.000Z</time>
        <extensions>
          <ns3:TrackPointExtension>
            <ns3:hr>142</ns3:hr>
            <ns3:cad>96</ns3:cad>
          </ns3:TrackPointExtension>
        </extensions>
      </trkpt>
      <trkpt lat="29.1494930349290370941162109375" lon="120.3290046751499176025390625">
        <ele>141.8000030517578125</ele>
        <time>2016-07-16T12:02:18.000Z</time>
        <extensions>
          <ns3:TrackPointExtension>
            <ns3:hr>142</ns3:hr>
            <ns3:cad>96</ns3:cad>
          </ns3:TrackPointExtension>
        </extensions>
      </trkpt>
      <trkpt lat="29.1495010815560817718505859375" lon="120.32897843979299068450927734375">
        <ele>141.8000030517578125</ele>
        <time>2016-07-16T12:02:19.000Z</time>
        <extensions>
          <ns3:TrackPointExtension>
            <ns3:hr>142</ns3:hr>
            <ns3:cad>95</ns3:cad>
          </ns3:TrackPointExtension>
        </extensions>
      </trkpt>
      <trkpt lat="29.14950795471668243408203125" lon="120.3289501927793025970458984375">
        <ele>142</ele>
        <time>2016-07-16T12:02:20.000Z</time>
        <extensions>
          <ns3:TrackPointExtension>
            <ns3:hr>142</ns3:hr>
            <ns3:cad>95</ns3:cad>
          </ns3:TrackPointExtension>
        </extensions>
      </trkpt>
      <trkpt lat="29.14951541461050510406494140625" lon="120.3289250470697879791259765625">
        <ele>142.1999969482421875</ele>
        <time>2016-07-16T12:02:21.000Z</time>
        <extensions>
          <ns3:TrackPointExtension>
            <ns3:hr>142</ns3:hr>
            <ns3:cad>95</ns3:cad>
          </ns3:TrackPointExtension>
        </extensions>
      </trkpt>
      <trkpt lat="29.1495220363140106201171875" lon="120.328899063169956207275390625">
        <ele>142.399993896484375</ele>
        <time>2016-07-16T12:02:22.000Z</time>
        <extensions>
          <ns3:TrackPointExtension>
            <ns3:hr>143</ns3:hr>
            <ns3:cad>96</ns3:cad>
          </ns3:TrackPointExtension>
        </extensions>
      </trkpt>
      <trkpt lat="29.1495268978178501129150390625" lon="120.32886846922338008880615234375">
        <ele>142.399993896484375</ele>
        <time>2016-07-16T12:02:23.000Z</time>
        <extensions>
          <ns3:TrackPointExtension>
            <ns3:hr>143</ns3:hr>
            <ns3:cad>96</ns3:cad>
          </ns3:TrackPointExtension>
        </extensions>
      </trkpt>
      <trkpt lat="29.14953066967427730560302734375" lon="120.32884114421904087066650390625">
        <ele>142.600006103515625</ele>
        <time>2016-07-16T12:02:24.000Z</time>
        <extensions>
          <ns3:TrackPointExtension>
            <ns3:hr>143</ns3:hr>
            <ns3:cad>96</ns3:cad>
          </ns3:TrackPointExtension>
        </extensions>
      </trkpt>
      <trkpt lat="29.14953083731234073638916015625" lon="120.3288103826344013214111328125">
        <ele>142.8000030517578125</ele>
        <time>2016-07-16T12:02:25.000Z</time>
        <extensions>
          <ns3:TrackPointExtension>
            <ns3:hr>142</ns3:hr>
            <ns3:cad>98</ns3:cad>
          </ns3:TrackPointExtension>
        </extensions>
      </trkpt>
      <trkpt lat="29.14952865801751613616943359375" lon="120.3287788666784763336181640625">
        <ele>142.8000030517578125</ele>
        <time>2016-07-16T12:02:26.000Z</time>
        <extensions>
          <ns3:TrackPointExtension>
            <ns3:hr>142</ns3:hr>
            <ns3:cad>98</ns3:cad>
          </ns3:TrackPointExtension>
        </extensions>
      </trkpt>
      <trkpt lat="29.149524383246898651123046875" lon="120.32874844036996364593505859375">
        <ele>142.8000030517578125</ele>
        <time>2016-07-16T12:02:27.000Z</time>
        <extensions>
          <ns3:TrackPointExtension>
            <ns3:hr>142</ns3:hr>
            <ns3:cad>98</ns3:cad>
          </ns3:TrackPointExtension>
        </extensions>
      </trkpt>
      <trkpt lat="29.14951734244823455810546875" lon="120.32871575094759464263916015625">
        <ele>143.1999969482421875</ele>
        <time>2016-07-16T12:02:28.000Z</time>
        <extensions>
          <ns3:TrackPointExtension>
            <ns3:hr>142</ns3:hr>
            <ns3:cad>96</ns3:cad>
          </ns3:TrackPointExtension>
        </extensions>
      </trkpt>
      <trkpt lat="29.14950619451701641082763671875" lon="120.3286856599152088165283203125">
        <ele>143.399993896484375</ele>
        <time>2016-07-16T12:02:29.000Z</time>
        <extensions>
          <ns3:TrackPointExtension>
            <ns3:hr>142</ns3:hr>
            <ns3:cad>96</ns3:cad>
          </ns3:TrackPointExtension>
        </extensions>
      </trkpt>
      <trkpt lat="29.149494878947734832763671875" lon="120.32865540124475955963134765625">
        <ele>143.399993896484375</ele>
        <time>2016-07-16T12:02:30.000Z</time>
        <extensions>
          <ns3:TrackPointExtension>
            <ns3:hr>142</ns3:hr>
            <ns3:cad>96</ns3:cad>
          </ns3:TrackPointExtension>
        </extensions>
      </trkpt>
      <trkpt lat="29.14947149343788623809814453125" lon="120.32859924249351024627685546875">
        <ele>143.8000030517578125</ele>
        <time>2016-07-16T12:02:31.000Z</time>
        <extensions>
          <ns3:TrackPointExtension>
            <ns3:hr>142</ns3:hr>
            <ns3:cad>97</ns3:cad>
          </ns3:TrackPointExtension>
        </extensions>
      </trkpt>
      <trkpt lat="29.14947149343788623809814453125" lon="120.32859924249351024627685546875">
        <ele>143.8000030517578125</ele>
        <time>2016-07-16T12:02:32.000Z</time>
        <extensions>
          <ns3:TrackPointExtension>
            <ns3:hr>142</ns3:hr>
            <ns3:cad>97</ns3:cad>
          </ns3:TrackPointExtension>
        </extensions>
      </trkpt>
      <trkpt lat="29.1494591720402240753173828125" lon="120.3285720013082027435302734375">
        <ele>143.8000030517578125</ele>
        <time>2016-07-16T12:02:33.000Z</time>
        <extensions>
          <ns3:TrackPointExtension>
            <ns3:hr>142</ns3:hr>
            <ns3:cad>97</ns3:cad>
          </ns3:TrackPointExtension>
        </extensions>
      </trkpt>
      <trkpt lat="29.1494460962712764739990234375" lon="120.3285485319793224334716796875">
        <ele>144</ele>
        <time>2016-07-16T12:02:34.000Z</time>
        <extensions>
          <ns3:TrackPointExtension>
            <ns3:hr>142</ns3:hr>
            <ns3:cad>98</ns3:cad>
          </ns3:TrackPointExtension>
        </extensions>
      </trkpt>
      <trkpt lat="29.14943343959748744964599609375" lon="120.3285270743072032928466796875">
        <ele>144</ele>
        <time>2016-07-16T12:02:35.000Z</time>
        <extensions>
          <ns3:TrackPointExtension>
            <ns3:hr>142</ns3:hr>
            <ns3:cad>98</ns3:cad>
          </ns3:TrackPointExtension>
        </extensions>
      </trkpt>
      <trkpt lat="29.149418435990810394287109375" lon="120.328506119549274444580078125">
        <ele>144</ele>
        <time>2016-07-16T12:02:36.000Z</time>
        <extensions>
          <ns3:TrackPointExtension>
            <ns3:hr>142</ns3:hr>
            <ns3:cad>98</ns3:cad>
          </ns3:TrackPointExtension>
        </extensions>
      </trkpt>
      <trkpt lat="29.14940158836543560028076171875" lon="120.32848491333425045013427734375">
        <ele>144</ele>
        <time>2016-07-16T12:02:37.000Z</time>
        <extensions>
          <ns3:TrackPointExtension>
            <ns3:hr>142</ns3:hr>
            <ns3:cad>97</ns3:cad>
          </ns3:TrackPointExtension>
        </extensions>
      </trkpt>
      <trkpt lat="29.1493852436542510986328125" lon="120.3284637071192264556884765625">
        <ele>144</ele>
        <time>2016-07-16T12:02:38.000Z</time>
        <extensions>
          <ns3:TrackPointExtension>
            <ns3:hr>142</ns3:hr>
            <ns3:cad>97</ns3:cad>
          </ns3:TrackPointExtension>
        </extensions>
      </trkpt>
      <trkpt lat="29.1493676416575908660888671875" lon="120.32844618894159793853759765625">
        <ele>143.8000030517578125</ele>
        <time>2016-07-16T12:02:39.000Z</time>
        <extensions>
          <ns3:TrackPointExtension>
            <ns3:hr>142</ns3:hr>
            <ns3:cad>97</ns3:cad>
          </ns3:TrackPointExtension>
        </extensions>
      </trkpt>
      <trkpt lat="29.1493488661944866180419921875" lon="120.3284291736781597137451171875">
        <ele>143.8000030517578125</ele>
        <time>2016-07-16T12:02:40.000Z</time>
        <extensions>
          <ns3:TrackPointExtension>
            <ns3:hr>143</ns3:hr>
            <ns3:cad>96</ns3:cad>
          </ns3:TrackPointExtension>
        </extensions>
      </trkpt>
      <trkpt lat="29.14932916872203350067138671875" lon="120.3284132480621337890625">
        <ele>143.600006103515625</ele>
        <time>2016-07-16T12:02:41.000Z</time>
        <extensions>
          <ns3:TrackPointExtension>
            <ns3:hr>143</ns3:hr>
            <ns3:cad>96</ns3:cad>
          </ns3:TrackPointExtension>
        </extensions>
      </trkpt>
      <trkpt lat="29.14930804632604122161865234375" lon="120.32839992083609104156494140625">
        <ele>143.600006103515625</ele>
        <time>2016-07-16T12:02:42.000Z</time>
        <extensions>
          <ns3:TrackPointExtension>
            <ns3:hr>143</ns3:hr>
            <ns3:cad>96</ns3:cad>
          </ns3:TrackPointExtension>
        </extensions>
      </trkpt>
      <trkpt lat="29.14928642101585865020751953125" lon="120.32838642597198486328125">
        <ele>143.399993896484375</ele>
        <time>2016-07-16T12:02:43.000Z</time>
        <extensions>
          <ns3:TrackPointExtension>
            <ns3:hr>143</ns3:hr>
            <ns3:cad>96</ns3:cad>
          </ns3:TrackPointExtension>
        </extensions>
      </trkpt>
      <trkpt lat="29.149263203144073486328125" lon="120.3283751942217350006103515625">
        <ele>143.1999969482421875</ele>
        <time>2016-07-16T12:02:44.000Z</time>
        <extensions>
          <ns3:TrackPointExtension>
            <ns3:hr>143</ns3:hr>
            <ns3:cad>97</ns3:cad>
          </ns3:TrackPointExtension>
        </extensions>
      </trkpt>
      <trkpt lat="29.14921835996210575103759765625" lon="120.32835750840604305267333984375">
        <ele>143.1999969482421875</ele>
        <time>2016-07-16T12:02:45.000Z</time>
        <extensions>
          <ns3:TrackPointExtension>
            <ns3:hr>142</ns3:hr>
            <ns3:cad>97</ns3:cad>
          </ns3:TrackPointExtension>
        </extensions>
      </trkpt>
      <trkpt lat="29.14921835996210575103759765625" lon="120.32835750840604305267333984375">
        <ele>143.1999969482421875</ele>
        <time>2016-07-16T12:02:46.000Z</time>
        <extensions>
          <ns3:TrackPointExtension>
            <ns3:hr>142</ns3:hr>
            <ns3:cad>97</ns3:cad>
          </ns3:TrackPointExtension>
        </extensions>
      </trkpt>
      <trkpt lat="29.14917460642755031585693359375" lon="120.328342504799365997314453125">
        <ele>143</ele>
        <time>2016-07-16T12:02:47.000Z</time>
        <extensions>
          <ns3:TrackPointExtension>
            <ns3:hr>140</ns3:hr>
            <ns3:cad>97</ns3:cad>
          </ns3:TrackPointExtension>
        </extensions>
      </trkpt>
      <trkpt lat="29.14917460642755031585693359375" lon="120.328342504799365997314453125">
        <ele>143</ele>
        <time>2016-07-16T12:02:48.000Z</time>
        <extensions>
          <ns3:TrackPointExtension>
            <ns3:hr>140</ns3:hr>
            <ns3:cad>97</ns3:cad>
          </ns3:TrackPointExtension>
        </extensions>
      </trkpt>
      <trkpt lat="29.14915063418447971343994140625" lon="120.32833521254360675811767578125">
        <ele>143</ele>
        <time>2016-07-16T12:02:49.000Z</time>
        <extensions>
          <ns3:TrackPointExtension>
            <ns3:hr>140</ns3:hr>
            <ns3:cad>97</ns3:cad>
          </ns3:TrackPointExtension>
        </extensions>
      </trkpt>
      <trkpt lat="29.14912632666528224945068359375" lon="120.32832800410687923431396484375">
        <ele>142.8000030517578125</ele>
        <time>2016-07-16T12:02:50.000Z</time>
        <extensions>
          <ns3:TrackPointExtension>
            <ns3:hr>141</ns3:hr>
            <ns3:cad>98</ns3:cad>
          </ns3:TrackPointExtension>
        </extensions>
      </trkpt>
      <trkpt lat="29.14910218678414821624755859375" lon="120.328319370746612548828125">
        <ele>142.8000030517578125</ele>
        <time>2016-07-16T12:02:51.000Z</time>
        <extensions>
          <ns3:TrackPointExtension>
            <ns3:hr>141</ns3:hr>
            <ns3:cad>98</ns3:cad>
          </ns3:TrackPointExtension>
        </extensions>
      </trkpt>
      <trkpt lat="29.14907955564558506011962890625" lon="120.3283104859292507171630859375">
        <ele>142.600006103515625</ele>
        <time>2016-07-16T12:02:52.000Z</time>
        <extensions>
          <ns3:TrackPointExtension>
            <ns3:hr>141</ns3:hr>
            <ns3:cad>97</ns3:cad>
          </ns3:TrackPointExtension>
        </extensions>
      </trkpt>
      <trkpt lat="29.14905876852571964263916015625" lon="120.32830185256898403167724609375">
        <ele>142.600006103515625</ele>
        <time>2016-07-16T12:02:53.000Z</time>
        <extensions>
          <ns3:TrackPointExtension>
            <ns3:hr>142</ns3:hr>
            <ns3:cad>96</ns3:cad>
          </ns3:TrackPointExtension>
        </extensions>
      </trkpt>
      <trkpt lat="29.14903630502521991729736328125" lon="120.32829280011355876922607421875">
        <ele>142.399993896484375</ele>
        <time>2016-07-16T12:02:54.000Z</time>
        <extensions>
          <ns3:TrackPointExtension>
            <ns3:hr>142</ns3:hr>
            <ns3:cad>96</ns3:cad>
          </ns3:TrackPointExtension>
        </extensions>
      </trkpt>
      <trkpt lat="29.1490135900676250457763671875" lon="120.32828575931489467620849609375">
        <ele>142.1999969482421875</ele>
        <time>2016-07-16T12:02:55.000Z</time>
        <extensions>
          <ns3:TrackPointExtension>
            <ns3:hr>142</ns3:hr>
            <ns3:cad>96</ns3:cad>
          </ns3:TrackPointExtension>
        </extensions>
      </trkpt>
      <trkpt lat="29.14898869581520557403564453125" lon="120.3282766230404376983642578125">
        <ele>142.1999969482421875</ele>
        <time>2016-07-16T12:02:56.000Z</time>
        <extensions>
          <ns3:TrackPointExtension>
            <ns3:hr>142</ns3:hr>
            <ns3:cad>97</ns3:cad>
          </ns3:TrackPointExtension>
        </extensions>
      </trkpt>
      <trkpt lat="29.148963131010532379150390625" lon="120.32826765440404415130615234375">
        <ele>142.1999969482421875</ele>
        <time>2016-07-16T12:02:57.000Z</time>
        <extensions>
          <ns3:TrackPointExtension>
            <ns3:hr>142</ns3:hr>
            <ns3:cad>97</ns3:cad>
          </ns3:TrackPointExtension>
        </extensions>
      </trkpt>
      <trkpt lat="29.1489404998719692230224609375" lon="120.32825910486280918121337890625">
        <ele>142.399993896484375</ele>
        <time>2016-07-16T12:02:58.000Z</time>
        <extensions>
          <ns3:TrackPointExtension>
            <ns3:hr>142</ns3:hr>
            <ns3:cad>97</ns3:cad>
          </ns3:TrackPointExtension>
        </extensions>
      </trkpt>
      <trkpt lat="29.14891610853374004364013671875" lon="120.3282498009502887725830078125">
        <ele>142.399993896484375</ele>
        <time>2016-07-16T12:02:59.000Z</time>
        <extensions>
          <ns3:TrackPointExtension>
            <ns3:hr>142</ns3:hr>
            <ns3:cad>97</ns3:cad>
          </ns3:TrackPointExtension>
        </extensions>
      </trkpt>
      <trkpt lat="29.148891381919384002685546875" lon="120.328241921961307525634765625">
        <ele>142.399993896484375</ele>
        <time>2016-07-16T12:03:00.000Z</time>
        <extensions>
          <ns3:TrackPointExtension>
            <ns3:hr>143</ns3:hr>
            <ns3:cad>97</ns3:cad>
          </ns3:TrackPointExtension>
        </extensions>
      </trkpt>
      <trkpt lat="29.14886849932372570037841796875" lon="120.32823286950588226318359375">
        <ele>142.399993896484375</ele>
        <time>2016-07-16T12:03:01.000Z</time>
        <extensions>
          <ns3:TrackPointExtension>
            <ns3:hr>143</ns3:hr>
            <ns3:cad>98</ns3:cad>
          </ns3:TrackPointExtension>
        </extensions>
      </trkpt>
      <trkpt lat="29.14884410798549652099609375" lon="120.3282246552407741546630859375">
        <ele>142.399993896484375</ele>
        <time>2016-07-16T12:03:02.000Z</time>
        <extensions>
          <ns3:TrackPointExtension>
            <ns3:hr>143</ns3:hr>
            <ns3:cad>98</ns3:cad>
          </ns3:TrackPointExtension>
        </extensions>
      </trkpt>
      <trkpt lat="29.14882156066596508026123046875" lon="120.32821635715663433074951171875">
        <ele>142.399993896484375</ele>
        <time>2016-07-16T12:03:03.000Z</time>
        <extensions>
          <ns3:TrackPointExtension>
            <ns3:hr>143</ns3:hr>
            <ns3:cad>97</ns3:cad>
          </ns3:TrackPointExtension>
        </extensions>
      </trkpt>
      <trkpt lat="29.14879641495645046234130859375" lon="120.3282080590724945068359375">
        <ele>142.399993896484375</ele>
        <time>2016-07-16T12:03:04.000Z</time>
        <extensions>
          <ns3:TrackPointExtension>
            <ns3:hr>143</ns3:hr>
            <ns3:cad>97</ns3:cad>
          </ns3:TrackPointExtension>
        </extensions>
      </trkpt>
      <trkpt lat="29.14877210743725299835205078125" lon="120.3282008506357669830322265625">
        <ele>142.1999969482421875</ele>
        <time>2016-07-16T12:03:05.000Z</time>
        <extensions>
          <ns3:TrackPointExtension>
            <ns3:hr>143</ns3:hr>
            <ns3:cad>97</ns3:cad>
          </ns3:TrackPointExtension>
        </extensions>
      </trkpt>
      <trkpt lat="29.14874914102256298065185546875" lon="120.32819305546581745147705078125">
        <ele>142.1999969482421875</ele>
        <time>2016-07-16T12:03:06.000Z</time>
        <extensions>
          <ns3:TrackPointExtension>
            <ns3:hr>143</ns3:hr>
            <ns3:cad>96</ns3:cad>
          </ns3:TrackPointExtension>
        </extensions>
      </trkpt>
      <trkpt lat="29.14872433058917522430419921875" lon="120.328184254467487335205078125">
        <ele>142.1999969482421875</ele>
        <time>2016-07-16T12:03:07.000Z</time>
        <extensions>
          <ns3:TrackPointExtension>
            <ns3:hr>143</ns3:hr>
            <ns3:cad>96</ns3:cad>
          </ns3:TrackPointExtension>
        </extensions>
      </trkpt>
      <trkpt lat="29.14867521263659000396728515625" lon="120.328166149556636810302734375">
        <ele>142.1999969482421875</ele>
        <time>2016-07-16T12:03:08.000Z</time>
        <extensions>
          <ns3:TrackPointExtension>
            <ns3:hr>142</ns3:hr>
            <ns3:cad>96</ns3:cad>
          </ns3:TrackPointExtension>
        </extensions>
      </trkpt>
      <trkpt lat="29.14867521263659000396728515625" lon="120.328166149556636810302734375">
        <ele>142.1999969482421875</ele>
        <time>2016-07-16T12:03:09.000Z</time>
        <extensions>
          <ns3:TrackPointExtension>
            <ns3:hr>142</ns3:hr>
            <ns3:cad>96</ns3:cad>
          </ns3:TrackPointExtension>
        </extensions>
      </trkpt>
      <trkpt lat="29.1486504860222339630126953125" lon="120.328158438205718994140625">
        <ele>142.1999969482421875</ele>
        <time>2016-07-16T12:03:10.000Z</time>
        <extensions>
          <ns3:TrackPointExtension>
            <ns3:hr>142</ns3:hr>
            <ns3:cad>98</ns3:cad>
          </ns3:TrackPointExtension>
        </extensions>
      </trkpt>
      <trkpt lat="29.1486270166933536529541015625" lon="120.328150056302547454833984375">
        <ele>142.1999969482421875</ele>
        <time>2016-07-16T12:03:11.000Z</time>
        <extensions>
          <ns3:TrackPointExtension>
            <ns3:hr>142</ns3:hr>
            <ns3:cad>98</ns3:cad>
          </ns3:TrackPointExtension>
        </extensions>
      </trkpt>
      <trkpt lat="29.14860229007899761199951171875" lon="120.328142009675502777099609375">
        <ele>142.399993896484375</ele>
        <time>2016-07-16T12:03:12.000Z</time>
        <extensions>
          <ns3:TrackPointExtension>
            <ns3:hr>142</ns3:hr>
            <ns3:cad>97</ns3:cad>
          </ns3:TrackPointExtension>
        </extensions>
      </trkpt>
      <trkpt lat="29.1485800780355930328369140625" lon="120.3281344659626483917236328125">
        <ele>142.399993896484375</ele>
        <time>2016-07-16T12:03:13.000Z</time>
        <extensions>
          <ns3:TrackPointExtension>
            <ns3:hr>141</ns3:hr>
            <ns3:cad>97</ns3:cad>
          </ns3:TrackPointExtension>
        </extensions>
      </trkpt>
      <trkpt lat="29.1485589556396007537841796875" lon="120.3281257487833499908447265625">
        <ele>142.399993896484375</ele>
        <time>2016-07-16T12:03:14.000Z</time>
        <extensions>
          <ns3:TrackPointExtension>
            <ns3:hr>141</ns3:hr>
            <ns3:cad>97</ns3:cad>
          </ns3:TrackPointExtension>
        </extensions>
      </trkpt>
      <trkpt lat="29.1485368274152278900146484375" lon="120.32811711542308330535888671875">
        <ele>142.399993896484375</ele>
        <time>2016-07-16T12:03:15.000Z</time>
        <extensions>
          <ns3:TrackPointExtension>
            <ns3:hr>141</ns3:hr>
            <ns3:cad>95</ns3:cad>
          </ns3:TrackPointExtension>
        </extensions>
      </trkpt>
      <trkpt lat="29.1485163755714893341064453125" lon="120.32810839824378490447998046875">
        <ele>142.399993896484375</ele>
        <time>2016-07-16T12:03:16.000Z</time>
        <extensions>
          <ns3:TrackPointExtension>
            <ns3:hr>141</ns3:hr>
            <ns3:cad>95</ns3:cad>
          </ns3:TrackPointExtension>
        </extensions>
      </trkpt>
      <trkpt lat="29.1484919004142284393310546875" lon="120.32810202799737453460693359375">
        <ele>142.399993896484375</ele>
        <time>2016-07-16T12:03:17.000Z</time>
        <extensions>
          <ns3:TrackPointExtension>
            <ns3:hr>141</ns3:hr>
            <ns3:cad>95</ns3:cad>
          </ns3:TrackPointExtension>
        </extensions>
      </trkpt>
      <trkpt lat="29.1484680958092212677001953125" lon="120.32809766940772533416748046875">
        <ele>142.399993896484375</ele>
        <time>2016-07-16T12:03:18.000Z</time>
        <extensions>
          <ns3:TrackPointExtension>
            <ns3:hr>141</ns3:hr>
            <ns3:cad>96</ns3:cad>
          </ns3:TrackPointExtension>
        </extensions>
      </trkpt>
      <trkpt lat="29.1484446264803409576416015625" lon="120.328093059360980987548828125">
        <ele>142.399993896484375</ele>
        <time>2016-07-16T12:03:19.000Z</time>
        <extensions>
          <ns3:TrackPointExtension>
            <ns3:hr>141</ns3:hr>
            <ns3:cad>97</ns3:cad>
          </ns3:TrackPointExtension>
        </extensions>
      </trkpt>
      <trkpt lat="29.148421995341777801513671875" lon="120.3280898742377758026123046875">
        <ele>142.399993896484375</ele>
        <time>2016-07-16T12:03:20.000Z</time>
        <extensions>
          <ns3:TrackPointExtension>
            <ns3:hr>141</ns3:hr>
            <ns3:cad>97</ns3:cad>
          </ns3:TrackPointExtension>
        </extensions>
      </trkpt>
      <trkpt lat="29.148399196565151214599609375" lon="120.3280878625810146331787109375">
        <ele>142.600006103515625</ele>
        <time>2016-07-16T12:03:21.000Z</time>
        <extensions>
          <ns3:TrackPointExtension>
            <ns3:hr>141</ns3:hr>
            <ns3:cad>97</ns3:cad>
          </ns3:TrackPointExtension>
        </extensions>
      </trkpt>
      <trkpt lat="29.1483767330646514892578125" lon="120.32808744348585605621337890625">
        <ele>142.600006103515625</ele>
        <time>2016-07-16T12:03:22.000Z</time>
        <extensions>
          <ns3:TrackPointExtension>
            <ns3:hr>141</ns3:hr>
            <ns3:cad>96</ns3:cad>
          </ns3:TrackPointExtension>
        </extensions>
      </trkpt>
      <trkpt lat="29.1483552753925323486328125" lon="120.3280873596668243408203125">
        <ele>142.600006103515625</ele>
        <time>2016-07-16T12:03:23.000Z</time>
        <extensions>
          <ns3:TrackPointExtension>
            <ns3:hr>141</ns3:hr>
            <ns3:cad>96</ns3:cad>
          </ns3:TrackPointExtension>
        </extensions>
      </trkpt>
      <trkpt lat="29.1483326442539691925048828125" lon="120.328088365495204925537109375">
        <ele>142.600006103515625</ele>
        <time>2016-07-16T12:03:24.000Z</time>
        <extensions>
          <ns3:TrackPointExtension>
            <ns3:hr>141</ns3:hr>
            <ns3:cad>96</ns3:cad>
          </ns3:TrackPointExtension>
        </extensions>
      </trkpt>
      <trkpt lat="29.14831009693443775177001953125" lon="120.32809146679937839508056640625">
        <ele>142.399993896484375</ele>
        <time>2016-07-16T12:03:25.000Z</time>
        <extensions>
          <ns3:TrackPointExtension>
            <ns3:hr>141</ns3:hr>
            <ns3:cad>96</ns3:cad>
          </ns3:TrackPointExtension>
        </extensions>
      </trkpt>
      <trkpt lat="29.14828629232943058013916015625" lon="120.32809901051223278045654296875">
        <ele>142.600006103515625</ele>
        <time>2016-07-16T12:03:26.000Z</time>
        <extensions>
          <ns3:TrackPointExtension>
            <ns3:hr>141</ns3:hr>
            <ns3:cad>95</ns3:cad>
          </ns3:TrackPointExtension>
        </extensions>
      </trkpt>
      <trkpt lat="29.1482605598866939544677734375" lon="120.3281099908053874969482421875">
        <ele>142.600006103515625</ele>
        <time>2016-07-16T12:03:27.000Z</time>
        <extensions>
          <ns3:TrackPointExtension>
            <ns3:hr>141</ns3:hr>
            <ns3:cad>95</ns3:cad>
          </ns3:TrackPointExtension>
        </extensions>
      </trkpt>
      <trkpt lat="29.14823926985263824462890625" lon="120.328119881451129913330078125">
        <ele>142.8000030517578125</ele>
        <time>2016-07-16T12:03:28.000Z</time>
        <extensions>
          <ns3:TrackPointExtension>
            <ns3:hr>141</ns3:hr>
            <ns3:cad>96</ns3:cad>
          </ns3:TrackPointExtension>
        </extensions>
      </trkpt>
      <trkpt lat="29.14821789599955081939697265625" lon="120.32812968827784061431884765625">
        <ele>142.8000030517578125</ele>
        <time>2016-07-16T12:03:29.000Z</time>
        <extensions>
          <ns3:TrackPointExtension>
            <ns3:hr>141</ns3:hr>
            <ns3:cad>96</ns3:cad>
          </ns3:TrackPointExtension>
        </extensions>
      </trkpt>
      <trkpt lat="29.148174561560153961181640625" lon="120.3281525708734989166259765625">
        <ele>143</ele>
        <time>2016-07-16T12:03:30.000Z</time>
        <extensions>
          <ns3:TrackPointExtension>
            <ns3:hr>141</ns3:hr>
            <ns3:cad>97</ns3:cad>
          </ns3:TrackPointExtension>
        </extensions>
      </trkpt>
      <trkpt lat="29.148174561560153961181640625" lon="120.3281525708734989166259765625">
        <ele>143</ele>
        <time>2016-07-16T12:03:31.000Z</time>
        <extensions>
          <ns3:TrackPointExtension>
            <ns3:hr>141</ns3:hr>
            <ns3:cad>97</ns3:cad>
          </ns3:TrackPointExtension>
        </extensions>
      </trkpt>
      <trkpt lat="29.148153103888034820556640625" lon="120.3281666524708271026611328125">
        <ele>143</ele>
        <time>2016-07-16T12:03:32.000Z</time>
        <extensions>
          <ns3:TrackPointExtension>
            <ns3:hr>141</ns3:hr>
            <ns3:cad>97</ns3:cad>
          </ns3:TrackPointExtension>
        </extensions>
      </trkpt>
      <trkpt lat="29.14813407696783542633056640625" lon="120.3281830810010433197021484375">
        <ele>143</ele>
        <time>2016-07-16T12:03:33.000Z</time>
        <extensions>
          <ns3:TrackPointExtension>
            <ns3:hr>140</ns3:hr>
            <ns3:cad>97</ns3:cad>
          </ns3:TrackPointExtension>
        </extensions>
      </trkpt>
      <trkpt lat="29.14811496622860431671142578125" lon="120.32820202410221099853515625">
        <ele>143.1999969482421875</ele>
        <time>2016-07-16T12:03:34.000Z</time>
        <extensions>
          <ns3:TrackPointExtension>
            <ns3:hr>140</ns3:hr>
            <ns3:cad>96</ns3:cad>
          </ns3:TrackPointExtension>
        </extensions>
      </trkpt>
      <trkpt lat="29.14809619076550006866455078125" lon="120.32822356559336185455322265625">
        <ele>143.1999969482421875</ele>
        <time>2016-07-16T12:03:35.000Z</time>
        <extensions>
          <ns3:TrackPointExtension>
            <ns3:hr>139</ns3:hr>
            <ns3:cad>96</ns3:cad>
          </ns3:TrackPointExtension>
        </extensions>
      </trkpt>
      <trkpt lat="29.14807976223528385162353515625" lon="120.328243933618068695068359375">
        <ele>143.399993896484375</ele>
        <time>2016-07-16T12:03:36.000Z</time>
        <extensions>
          <ns3:TrackPointExtension>
            <ns3:hr>139</ns3:hr>
            <ns3:cad>96</ns3:cad>
          </ns3:TrackPointExtension>
        </extensions>
      </trkpt>
      <trkpt lat="29.1480640880763530731201171875" lon="120.328265391290187835693359375">
        <ele>143.399993896484375</ele>
        <time>2016-07-16T12:03:37.000Z</time>
        <extensions>
          <ns3:TrackPointExtension>
            <ns3:hr>139</ns3:hr>
            <ns3:cad>97</ns3:cad>
          </ns3:TrackPointExtension>
        </extensions>
      </trkpt>
      <trkpt lat="29.14804925210773944854736328125" lon="120.328289531171321868896484375">
        <ele>143.399993896484375</ele>
        <time>2016-07-16T12:03:38.000Z</time>
        <extensions>
          <ns3:TrackPointExtension>
            <ns3:hr>139</ns3:hr>
            <ns3:cad>97</ns3:cad>
          </ns3:TrackPointExtension>
        </extensions>
      </trkpt>
      <trkpt lat="29.14803550578653812408447265625" lon="120.3283145092427730560302734375">
        <ele>143.399993896484375</ele>
        <time>2016-07-16T12:03:39.000Z</time>
        <extensions>
          <ns3:TrackPointExtension>
            <ns3:hr>139</ns3:hr>
            <ns3:cad>97</ns3:cad>
          </ns3:TrackPointExtension>
        </extensions>
      </trkpt>
      <trkpt lat="29.1480211727321147918701171875" lon="120.3283399902284145355224609375">
        <ele>143.600006103515625</ele>
        <time>2016-07-16T12:03:40.000Z</time>
        <extensions>
          <ns3:TrackPointExtension>
            <ns3:hr>139</ns3:hr>
            <ns3:cad>97</ns3:cad>
          </ns3:TrackPointExtension>
        </extensions>
      </trkpt>
      <trkpt lat="29.1480003856122493743896484375" lon="120.32839036546647548675537109375">
        <ele>143.600006103515625</ele>
        <time>2016-07-16T12:03:41.000Z</time>
        <extensions>
          <ns3:TrackPointExtension>
            <ns3:hr>138</ns3:hr>
            <ns3:cad>97</ns3:cad>
          </ns3:TrackPointExtension>
        </extensions>
      </trkpt>
      <trkpt lat="29.1480003856122493743896484375" lon="120.32839036546647548675537109375">
        <ele>143.600006103515625</ele>
        <time>2016-07-16T12:03:42.000Z</time>
        <extensions>
          <ns3:TrackPointExtension>
            <ns3:hr>138</ns3:hr>
            <ns3:cad>97</ns3:cad>
          </ns3:TrackPointExtension>
        </extensions>
      </trkpt>
      <trkpt lat="29.147991836071014404296875" lon="120.32841634936630725860595703125">
        <ele>143.600006103515625</ele>
        <time>2016-07-16T12:03:43.000Z</time>
        <extensions>
          <ns3:TrackPointExtension>
            <ns3:hr>139</ns3:hr>
            <ns3:cad>97</ns3:cad>
          </ns3:TrackPointExtension>
        </extensions>
      </trkpt>
      <trkpt lat="29.14798303507268428802490234375" lon="120.32844300381839275360107421875">
        <ele>143.600006103515625</ele>
        <time>2016-07-16T12:03:44.000Z</time>
        <extensions>
          <ns3:TrackPointExtension>
            <ns3:hr>139</ns3:hr>
            <ns3:cad>97</ns3:cad>
          </ns3:TrackPointExtension>
        </extensions>
      </trkpt>
      <trkpt lat="29.147975742816925048828125" lon="120.3284704126417636871337890625">
        <ele>143.8000030517578125</ele>
        <time>2016-07-16T12:03:45.000Z</time>
        <extensions>
          <ns3:TrackPointExtension>
            <ns3:hr>140</ns3:hr>
            <ns3:cad>97</ns3:cad>
          </ns3:TrackPointExtension>
        </extensions>
      </trkpt>
      <trkpt lat="29.147971384227275848388671875" lon="120.32849664799869060516357421875">
        <ele>143.8000030517578125</ele>
        <time>2016-07-16T12:03:46.000Z</time>
        <extensions>
          <ns3:TrackPointExtension>
            <ns3:hr>141</ns3:hr>
            <ns3:cad>97</ns3:cad>
          </ns3:TrackPointExtension>
        </extensions>
      </trkpt>
      <trkpt lat="29.147968031466007232666015625" lon="120.32852430827915668487548828125">
        <ele>143.8000030517578125</ele>
        <time>2016-07-16T12:03:47.000Z</time>
        <extensions>
          <ns3:TrackPointExtension>
            <ns3:hr>141</ns3:hr>
            <ns3:cad>97</ns3:cad>
          </ns3:TrackPointExtension>
        </extensions>
      </trkpt>
      <trkpt lat="29.14796526543796062469482421875" lon="120.328553728759288787841796875">
        <ele>144</ele>
        <time>2016-07-16T12:03:48.000Z</time>
        <extensions>
          <ns3:TrackPointExtension>
            <ns3:hr>142</ns3:hr>
            <ns3:cad>97</ns3:cad>
          </ns3:TrackPointExtension>
        </extensions>
      </trkpt>
      <trkpt lat="29.14796434342861175537109375" lon="120.3285808861255645751953125">
        <ele>144.1999969482421875</ele>
        <time>2016-07-16T12:03:49.000Z</time>
        <extensions>
          <ns3:TrackPointExtension>
            <ns3:hr>142</ns3:hr>
            <ns3:cad>97</ns3:cad>
          </ns3:TrackPointExtension>
        </extensions>
      </trkpt>
      <trkpt lat="29.14797012694180011749267578125" lon="120.32863318920135498046875">
        <ele>144.399993896484375</ele>
        <time>2016-07-16T12:03:50.000Z</time>
        <extensions>
          <ns3:TrackPointExtension>
            <ns3:hr>142</ns3:hr>
            <ns3:cad>97</ns3:cad>
          </ns3:TrackPointExtension>
        </extensions>
      </trkpt>
      <trkpt lat="29.14797012694180011749267578125" lon="120.32863318920135498046875">
        <ele>144.399993896484375</ele>
        <time>2016-07-16T12:03:51.000Z</time>
        <extensions>
          <ns3:TrackPointExtension>
            <ns3:hr>142</ns3:hr>
            <ns3:cad>97</ns3:cad>
          </ns3:TrackPointExtension>
        </extensions>
      </trkpt>
      <trkpt lat="29.14797582663595676422119140625" lon="120.32866026274859905242919921875">
        <ele>144.600006103515625</ele>
        <time>2016-07-16T12:03:52.000Z</time>
        <extensions>
          <ns3:TrackPointExtension>
            <ns3:hr>142</ns3:hr>
            <ns3:cad>97</ns3:cad>
          </ns3:TrackPointExtension>
        </extensions>
      </trkpt>
      <trkpt lat="29.147983454167842864990234375" lon="120.32868892885744571685791015625">
        <ele>144.600006103515625</ele>
        <time>2016-07-16T12:03:53.000Z</time>
        <extensions>
          <ns3:TrackPointExtension>
            <ns3:hr>143</ns3:hr>
            <ns3:cad>97</ns3:cad>
          </ns3:TrackPointExtension>
        </extensions>
      </trkpt>
      <trkpt lat="29.14799460209906101226806640625" lon="120.32871675677597522735595703125">
        <ele>144.8000030517578125</ele>
        <time>2016-07-16T12:03:54.000Z</time>
        <extensions>
          <ns3:TrackPointExtension>
            <ns3:hr>143</ns3:hr>
            <ns3:cad>98</ns3:cad>
          </ns3:TrackPointExtension>
        </extensions>
      </trkpt>
      <trkpt lat="29.14800415746867656707763671875" lon="120.3287413157522678375244140625">
        <ele>144.8000030517578125</ele>
        <time>2016-07-16T12:03:55.000Z</time>
        <extensions>
          <ns3:TrackPointExtension>
            <ns3:hr>144</ns3:hr>
            <ns3:cad>98</ns3:cad>
          </ns3:TrackPointExtension>
        </extensions>
      </trkpt>
      <trkpt lat="29.14801622740924358367919921875" lon="120.32876788638532161712646484375">
        <ele>145</ele>
        <time>2016-07-16T12:03:56.000Z</time>
        <extensions>
          <ns3:TrackPointExtension>
            <ns3:hr>144</ns3:hr>
            <ns3:cad>98</ns3:cad>
          </ns3:TrackPointExtension>
        </extensions>
      </trkpt>
      <trkpt lat="29.14802930317819118499755859375" lon="120.3287939541041851043701171875">
        <ele>145</ele>
        <time>2016-07-16T12:03:57.000Z</time>
        <extensions>
          <ns3:TrackPointExtension>
            <ns3:hr>144</ns3:hr>
            <ns3:cad>97</ns3:cad>
          </ns3:TrackPointExtension>
        </extensions>
      </trkpt>
      <trkpt lat="29.14804472588002681732177734375" lon="120.32881717197597026824951171875">
        <ele>145</ele>
        <time>2016-07-16T12:03:58.000Z</time>
        <extensions>
          <ns3:TrackPointExtension>
            <ns3:hr>144</ns3:hr>
            <ns3:cad>97</ns3:cad>
          </ns3:TrackPointExtension>
        </extensions>
      </trkpt>
      <trkpt lat="29.14805964566767215728759765625" lon="120.3288398869335651397705078125">
        <ele>145</ele>
        <time>2016-07-16T12:03:59.000Z</time>
        <extensions>
          <ns3:TrackPointExtension>
            <ns3:hr>144</ns3:hr>
            <ns3:cad>97</ns3:cad>
          </ns3:TrackPointExtension>
        </extensions>
      </trkpt>
      <trkpt lat="29.1480754874646663665771484375" lon="120.32886042259633541107177734375">
        <ele>145</ele>
        <time>2016-07-16T12:04:00.000Z</time>
        <extensions>
          <ns3:TrackPointExtension>
            <ns3:hr>144</ns3:hr>
            <ns3:cad>97</ns3:cad>
          </ns3:TrackPointExtension>
        </extensions>
      </trkpt>
      <trkpt lat="29.14809267036616802215576171875" lon="120.32888154499232769012451171875">
        <ele>145</ele>
        <time>2016-07-16T12:04:01.000Z</time>
        <extensions>
          <ns3:TrackPointExtension>
            <ns3:hr>144</ns3:hr>
            <ns3:cad>97</ns3:cad>
          </ns3:TrackPointExtension>
        </extensions>
      </trkpt>
      <trkpt lat="29.14811077527701854705810546875" lon="120.328900404274463653564453125">
        <ele>145</ele>
        <time>2016-07-16T12:04:02.000Z</time>
        <extensions>
          <ns3:TrackPointExtension>
            <ns3:hr>144</ns3:hr>
            <ns3:cad>99</ns3:cad>
          </ns3:TrackPointExtension>
        </extensions>
      </trkpt>
      <trkpt lat="29.14813072420656681060791015625" lon="120.3289176709949970245361328125">
        <ele>145</ele>
        <time>2016-07-16T12:04:03.000Z</time>
        <extensions>
          <ns3:TrackPointExtension>
            <ns3:hr>144</ns3:hr>
            <ns3:cad>99</ns3:cad>
          </ns3:TrackPointExtension>
        </extensions>
      </trkpt>
      <trkpt lat="29.1481495834887027740478515625" lon="120.3289367817342281341552734375">
        <ele>145</ele>
        <time>2016-07-16T12:04:04.000Z</time>
        <extensions>
          <ns3:TrackPointExtension>
            <ns3:hr>144</ns3:hr>
            <ns3:cad>96</ns3:cad>
          </ns3:TrackPointExtension>
        </extensions>
      </trkpt>
      <trkpt lat="29.14817028678953647613525390625" lon="120.3289537131786346435546875">
        <ele>145</ele>
        <time>2016-07-16T12:04:05.000Z</time>
        <extensions>
          <ns3:TrackPointExtension>
            <ns3:hr>144</ns3:hr>
            <ns3:cad>96</ns3:cad>
          </ns3:TrackPointExtension>
        </extensions>
      </trkpt>
      <trkpt lat="29.1481928341090679168701171875" lon="120.32896888442337512969970703125">
        <ele>145</ele>
        <time>2016-07-16T12:04:06.000Z</time>
        <extensions>
          <ns3:TrackPointExtension>
            <ns3:hr>144</ns3:hr>
            <ns3:cad>96</ns3:cad>
          </ns3:TrackPointExtension>
        </extensions>
      </trkpt>
      <trkpt lat="29.14821588434278964996337890625" lon="120.32898346893489360809326171875">
        <ele>144.8000030517578125</ele>
        <time>2016-07-16T12:04:07.000Z</time>
        <extensions>
          <ns3:TrackPointExtension>
            <ns3:hr>144</ns3:hr>
            <ns3:cad>97</ns3:cad>
          </ns3:TrackPointExtension>
        </extensions>
      </trkpt>
      <trkpt lat="29.1482364200055599212646484375" lon="120.3289978019893169403076171875">
        <ele>144.8000030517578125</ele>
        <time>2016-07-16T12:04:08.000Z</time>
        <extensions>
          <ns3:TrackPointExtension>
            <ns3:hr>144</ns3:hr>
            <ns3:cad>97</ns3:cad>
          </ns3:TrackPointExtension>
        </extensions>
      </trkpt>
      <trkpt lat="29.14825829677283763885498046875" lon="120.32901196740567684173583984375">
        <ele>144.600006103515625</ele>
        <time>2016-07-16T12:04:09.000Z</time>
        <extensions>
          <ns3:TrackPointExtension>
            <ns3:hr>143</ns3:hr>
            <ns3:cad>97</ns3:cad>
          </ns3:TrackPointExtension>
        </extensions>
      </trkpt>
      <trkpt lat="29.1482833586633205413818359375" lon="120.329023115336894989013671875">
        <ele>144.600006103515625</ele>
        <time>2016-07-16T12:04:10.000Z</time>
        <extensions>
          <ns3:TrackPointExtension>
            <ns3:hr>143</ns3:hr>
            <ns3:cad>97</ns3:cad>
          </ns3:TrackPointExtension>
        </extensions>
      </trkpt>
      <trkpt lat="29.1483333148062229156494140625" lon="120.32903862185776233673095703125">
        <ele>144.399993896484375</ele>
        <time>2016-07-16T12:04:11.000Z</time>
        <extensions>
          <ns3:TrackPointExtension>
            <ns3:hr>142</ns3:hr>
            <ns3:cad>97</ns3:cad>
          </ns3:TrackPointExtension>
        </extensions>
      </trkpt>
      <trkpt lat="29.1483333148062229156494140625" lon="120.32903862185776233673095703125">
        <ele>144.399993896484375</ele>
        <time>2016-07-16T12:04:12.000Z</time>
        <extensions>
          <ns3:TrackPointExtension>
            <ns3:hr>142</ns3:hr>
            <ns3:cad>97</ns3:cad>
          </ns3:TrackPointExtension>
        </extensions>
      </trkpt>
      <trkpt lat="29.14835753850638866424560546875" lon="120.32904549501836299896240234375">
        <ele>144.399993896484375</ele>
        <time>2016-07-16T12:04:13.000Z</time>
        <extensions>
          <ns3:TrackPointExtension>
            <ns3:hr>142</ns3:hr>
            <ns3:cad>97</ns3:cad>
          </ns3:TrackPointExtension>
        </extensions>
      </trkpt>
      <trkpt lat="29.1483822651207447052001953125" lon="120.32905236817896366119384765625">
        <ele>144.1999969482421875</ele>
        <time>2016-07-16T12:04:14.000Z</time>
        <extensions>
          <ns3:TrackPointExtension>
            <ns3:hr>142</ns3:hr>
            <ns3:cad>97</ns3:cad>
          </ns3:TrackPointExtension>
        </extensions>
      </trkpt>
      <trkpt lat="29.14840732701122760772705078125" lon="120.3290591575205326080322265625">
        <ele>144.1999969482421875</ele>
        <time>2016-07-16T12:04:15.000Z</time>
        <extensions>
          <ns3:TrackPointExtension>
            <ns3:hr>142</ns3:hr>
            <ns3:cad>96</ns3:cad>
          </ns3:TrackPointExtension>
        </extensions>
      </trkpt>
      <trkpt lat="29.14843113161623477935791015625" lon="120.329066701233386993408203125">
        <ele>144</ele>
        <time>2016-07-16T12:04:16.000Z</time>
        <extensions>
          <ns3:TrackPointExtension>
            <ns3:hr>142</ns3:hr>
            <ns3:cad>96</ns3:cad>
          </ns3:TrackPointExtension>
        </extensions>
      </trkpt>
      <trkpt lat="29.1484566964209079742431640625" lon="120.32907650806009769439697265625">
        <ele>143.8000030517578125</ele>
        <time>2016-07-16T12:04:17.000Z</time>
        <extensions>
          <ns3:TrackPointExtension>
            <ns3:hr>142</ns3:hr>
            <ns3:cad>96</ns3:cad>
          </ns3:TrackPointExtension>
        </extensions>
      </trkpt>
      <trkpt lat="29.14848309941589832305908203125" lon="120.329085476696491241455078125">
        <ele>143.399993896484375</ele>
        <time>2016-07-16T12:04:18.000Z</time>
        <extensions>
          <ns3:TrackPointExtension>
            <ns3:hr>142</ns3:hr>
            <ns3:cad>98</ns3:cad>
          </ns3:TrackPointExtension>
        </extensions>
      </trkpt>
      <trkpt lat="29.148507155478000640869140625" lon="120.3290950320661067962646484375">
        <ele>143</ele>
        <time>2016-07-16T12:04:19.000Z</time>
        <extensions>
          <ns3:TrackPointExtension>
            <ns3:hr>142</ns3:hr>
            <ns3:cad>98</ns3:cad>
          </ns3:TrackPointExtension>
        </extensions>
      </trkpt>
      <trkpt lat="29.1485309600830078125" lon="120.32910450361669063568115234375">
        <ele>142.600006103515625</ele>
        <time>2016-07-16T12:04:20.000Z</time>
        <extensions>
          <ns3:TrackPointExtension>
            <ns3:hr>141</ns3:hr>
            <ns3:cad>98</ns3:cad>
          </ns3:TrackPointExtension>
        </extensions>
      </trkpt>
      <trkpt lat="29.14855585433542728424072265625" lon="120.32911288551986217498779296875">
        <ele>142.1999969482421875</ele>
        <time>2016-07-16T12:04:21.000Z</time>
        <extensions>
          <ns3:TrackPointExtension>
            <ns3:hr>141</ns3:hr>
            <ns3:cad>97</ns3:cad>
          </ns3:TrackPointExtension>
        </extensions>
      </trkpt>
      <trkpt lat="29.14858150295913219451904296875" lon="120.32912227325141429901123046875">
        <ele>141.8000030517578125</ele>
        <time>2016-07-16T12:04:22.000Z</time>
        <extensions>
          <ns3:TrackPointExtension>
            <ns3:hr>142</ns3:hr>
            <ns3:cad>97</ns3:cad>
          </ns3:TrackPointExtension>
        </extensions>
      </trkpt>
      <trkpt lat="29.1486074030399322509765625" lon="120.3291305713355541229248046875">
        <ele>141.399993896484375</ele>
        <time>2016-07-16T12:04:23.000Z</time>
        <extensions>
          <ns3:TrackPointExtension>
            <ns3:hr>142</ns3:hr>
            <ns3:cad>97</ns3:cad>
          </ns3:TrackPointExtension>
        </extensions>
      </trkpt>
      <trkpt lat="29.1486300341784954071044921875" lon="120.32914121635258197784423828125">
        <ele>141</ele>
        <time>2016-07-16T12:04:24.000Z</time>
        <extensions>
          <ns3:TrackPointExtension>
            <ns3:hr>143</ns3:hr>
            <ns3:cad>97</ns3:cad>
          </ns3:TrackPointExtension>
        </extensions>
      </trkpt>
      <trkpt lat="29.148652665317058563232421875" lon="120.329151190817356109619140625">
        <ele>140.600006103515625</ele>
        <time>2016-07-16T12:04:25.000Z</time>
        <extensions>
          <ns3:TrackPointExtension>
            <ns3:hr>143</ns3:hr>
            <ns3:cad>97</ns3:cad>
          </ns3:TrackPointExtension>
        </extensions>
      </trkpt>
      <trkpt lat="29.1486739553511142730712890625" lon="120.32915881834924221038818359375">
        <ele>140.1999969482421875</ele>
        <time>2016-07-16T12:04:26.000Z</time>
        <extensions>
          <ns3:TrackPointExtension>
            <ns3:hr>144</ns3:hr>
            <ns3:cad>97</ns3:cad>
          </ns3:TrackPointExtension>
        </extensions>
      </trkpt>
      <trkpt lat="29.14869482629001140594482421875" lon="120.3291682898998260498046875">
        <ele>140</ele>
        <time>2016-07-16T12:04:27.000Z</time>
        <extensions>
          <ns3:TrackPointExtension>
            <ns3:hr>144</ns3:hr>
            <ns3:cad>97</ns3:cad>
          </ns3:TrackPointExtension>
        </extensions>
      </trkpt>
      <trkpt lat="29.14871980436146259307861328125" lon="120.3291805274784564971923828125">
        <ele>139.600006103515625</ele>
        <time>2016-07-16T12:04:28.000Z</time>
        <extensions>
          <ns3:TrackPointExtension>
            <ns3:hr>144</ns3:hr>
            <ns3:cad>96</ns3:cad>
          </ns3:TrackPointExtension>
        </extensions>
      </trkpt>
      <trkpt lat="29.1487443633377552032470703125" lon="120.32918932847678661346435546875">
        <ele>139.399993896484375</ele>
        <time>2016-07-16T12:04:29.000Z</time>
        <extensions>
          <ns3:TrackPointExtension>
            <ns3:hr>144</ns3:hr>
            <ns3:cad>96</ns3:cad>
          </ns3:TrackPointExtension>
        </extensions>
      </trkpt>
      <trkpt lat="29.148767329752445220947265625" lon="120.3291979618370532989501953125">
        <ele>139.1999969482421875</ele>
        <time>2016-07-16T12:04:30.000Z</time>
        <extensions>
          <ns3:TrackPointExtension>
            <ns3:hr>144</ns3:hr>
            <ns3:cad>97</ns3:cad>
          </ns3:TrackPointExtension>
        </extensions>
      </trkpt>
      <trkpt lat="29.148792810738086700439453125" lon="120.3292080201208591461181640625">
        <ele>139</ele>
        <time>2016-07-16T12:04:31.000Z</time>
        <extensions>
          <ns3:TrackPointExtension>
            <ns3:hr>144</ns3:hr>
            <ns3:cad>98</ns3:cad>
          </ns3:TrackPointExtension>
        </extensions>
      </trkpt>
      <trkpt lat="29.14881594479084014892578125" lon="120.32921732403337955474853515625">
        <ele>139</ele>
        <time>2016-07-16T12:04:32.000Z</time>
        <extensions>
          <ns3:TrackPointExtension>
            <ns3:hr>143</ns3:hr>
            <ns3:cad>98</ns3:cad>
          </ns3:TrackPointExtension>
        </extensions>
      </trkpt>
      <trkpt lat="29.148839078843593597412109375" lon="120.3292251192033290863037109375">
        <ele>138.8000030517578125</ele>
        <time>2016-07-16T12:04:33.000Z</time>
        <extensions>
          <ns3:TrackPointExtension>
            <ns3:hr>143</ns3:hr>
            <ns3:cad>98</ns3:cad>
          </ns3:TrackPointExtension>
        </extensions>
      </trkpt>
      <trkpt lat="29.14886347018182277679443359375" lon="120.3292321600019931793212890625">
        <ele>138.600006103515625</ele>
        <time>2016-07-16T12:04:34.000Z</time>
        <extensions>
          <ns3:TrackPointExtension>
            <ns3:hr>143</ns3:hr>
            <ns3:cad>98</ns3:cad>
          </ns3:TrackPointExtension>
        </extensions>
      </trkpt>
      <trkpt lat="29.14888677187263965606689453125" lon="120.32923878170549869537353515625">
        <ele>138.399993896484375</ele>
        <time>2016-07-16T12:04:35.000Z</time>
        <extensions>
          <ns3:TrackPointExtension>
            <ns3:hr>143</ns3:hr>
            <ns3:cad>97</ns3:cad>
          </ns3:TrackPointExtension>
        </extensions>
      </trkpt>
      <trkpt lat="29.148910827934741973876953125" lon="120.32924682833254337310791015625">
        <ele>138.399993896484375</ele>
        <time>2016-07-16T12:04:36.000Z</time>
        <extensions>
          <ns3:TrackPointExtension>
            <ns3:hr>143</ns3:hr>
            <ns3:cad>97</ns3:cad>
          </ns3:TrackPointExtension>
        </extensions>
      </trkpt>
      <trkpt lat="29.148936308920383453369140625" lon="120.32925336621701717376708984375">
        <ele>138.1999969482421875</ele>
        <time>2016-07-16T12:04:37.000Z</time>
        <extensions>
          <ns3:TrackPointExtension>
            <ns3:hr>143</ns3:hr>
            <ns3:cad>97</ns3:cad>
          </ns3:TrackPointExtension>
        </extensions>
      </trkpt>
      <trkpt lat="29.14896078407764434814453125" lon="120.32925956882536411285400390625">
        <ele>138</ele>
        <time>2016-07-16T12:04:38.000Z</time>
        <extensions>
          <ns3:TrackPointExtension>
            <ns3:hr>144</ns3:hr>
            <ns3:cad>98</ns3:cad>
          </ns3:TrackPointExtension>
        </extensions>
      </trkpt>
      <trkpt lat="29.1489857621490955352783203125" lon="120.32926862128078937530517578125">
        <ele>137.8000030517578125</ele>
        <time>2016-07-16T12:04:39.000Z</time>
        <extensions>
          <ns3:TrackPointExtension>
            <ns3:hr>144</ns3:hr>
            <ns3:cad>98</ns3:cad>
          </ns3:TrackPointExtension>
        </extensions>
      </trkpt>
      <trkpt lat="29.14903454482555389404296875" lon="120.32928136177361011505126953125">
        <ele>138</ele>
        <time>2016-07-16T12:04:40.000Z</time>
        <extensions>
          <ns3:TrackPointExtension>
            <ns3:hr>143</ns3:hr>
            <ns3:cad>97</ns3:cad>
          </ns3:TrackPointExtension>
        </extensions>
      </trkpt>
      <trkpt lat="29.14903454482555389404296875" lon="120.32928136177361011505126953125">
        <ele>138</ele>
        <time>2016-07-16T12:04:41.000Z</time>
        <extensions>
          <ns3:TrackPointExtension>
            <ns3:hr>143</ns3:hr>
            <ns3:cad>97</ns3:cad>
          </ns3:TrackPointExtension>
        </extensions>
      </trkpt>
      <trkpt lat="29.1490580141544342041015625" lon="120.3292863070964813232421875">
        <ele>138.1999969482421875</ele>
        <time>2016-07-16T12:04:42.000Z</time>
        <extensions>
          <ns3:TrackPointExtension>
            <ns3:hr>143</ns3:hr>
            <ns3:cad>97</ns3:cad>
          </ns3:TrackPointExtension>
        </extensions>
      </trkpt>
      <trkpt lat="29.149081818759441375732421875" lon="120.3292898274958133697509765625">
        <ele>138.399993896484375</ele>
        <time>2016-07-16T12:04:43.000Z</time>
        <extensions>
          <ns3:TrackPointExtension>
            <ns3:hr>143</ns3:hr>
            <ns3:cad>97</ns3:cad>
          </ns3:TrackPointExtension>
        </extensions>
      </trkpt>
      <trkpt lat="29.1491089761257171630859375" lon="120.32929309643805027008056640625">
        <ele>138.600006103515625</ele>
        <time>2016-07-16T12:04:44.000Z</time>
        <extensions>
          <ns3:TrackPointExtension>
            <ns3:hr>143</ns3:hr>
            <ns3:cad>97</ns3:cad>
          </ns3:TrackPointExtension>
        </extensions>
      </trkpt>
      <trkpt lat="29.14913646876811981201171875" lon="120.3292955271899700164794921875">
        <ele>138.8000030517578125</ele>
        <time>2016-07-16T12:04:45.000Z</time>
        <extensions>
          <ns3:TrackPointExtension>
            <ns3:hr>143</ns3:hr>
            <ns3:cad>97</ns3:cad>
          </ns3:TrackPointExtension>
        </extensions>
      </trkpt>
      <trkpt lat="29.14916169829666614532470703125" lon="120.32929678447544574737548828125">
        <ele>139</ele>
        <time>2016-07-16T12:04:46.000Z</time>
        <extensions>
          <ns3:TrackPointExtension>
            <ns3:hr>143</ns3:hr>
            <ns3:cad>97</ns3:cad>
          </ns3:TrackPointExtension>
        </extensions>
      </trkpt>
      <trkpt lat="29.14918583817780017852783203125" lon="120.32929770648479461669921875">
        <ele>139.1999969482421875</ele>
        <time>2016-07-16T12:04:47.000Z</time>
        <extensions>
          <ns3:TrackPointExtension>
            <ns3:hr>143</ns3:hr>
            <ns3:cad>98</ns3:cad>
          </ns3:TrackPointExtension>
        </extensions>
      </trkpt>
      <trkpt lat="29.1492311842739582061767578125" lon="120.32928924076259136199951171875">
        <ele>139.399993896484375</ele>
        <time>2016-07-16T12:04:48.000Z</time>
        <extensions>
          <ns3:TrackPointExtension>
            <ns3:hr>143</ns3:hr>
            <ns3:cad>97</ns3:cad>
          </ns3:TrackPointExtension>
        </extensions>
      </trkpt>
      <trkpt lat="29.1492311842739582061767578125" lon="120.32928924076259136199951171875">
        <ele>139.399993896484375</ele>
        <time>2016-07-16T12:04:49.000Z</time>
        <extensions>
          <ns3:TrackPointExtension>
            <ns3:hr>143</ns3:hr>
            <ns3:cad>97</ns3:cad>
          </ns3:TrackPointExtension>
        </extensions>
      </trkpt>
      <trkpt lat="29.1492516361176967620849609375" lon="120.32928203232586383819580078125">
        <ele>139.8000030517578125</ele>
        <time>2016-07-16T12:04:50.000Z</time>
        <extensions>
          <ns3:TrackPointExtension>
            <ns3:hr>143</ns3:hr>
            <ns3:cad>97</ns3:cad>
          </ns3:TrackPointExtension>
        </extensions>
      </trkpt>
      <trkpt lat="29.1492724232375621795654296875" lon="120.329274572432041168212890625">
        <ele>140</ele>
        <time>2016-07-16T12:04:51.000Z</time>
        <extensions>
          <ns3:TrackPointExtension>
            <ns3:hr>143</ns3:hr>
            <ns3:cad>97</ns3:cad>
          </ns3:TrackPointExtension>
        </extensions>
      </trkpt>
      <trkpt lat="29.1492942161858081817626953125" lon="120.3292670287191867828369140625">
        <ele>140</ele>
        <time>2016-07-16T12:04:52.000Z</time>
        <extensions>
          <ns3:TrackPointExtension>
            <ns3:hr>143</ns3:hr>
            <ns3:cad>96</ns3:cad>
          </ns3:TrackPointExtension>
        </extensions>
      </trkpt>
      <trkpt lat="29.14931391365826129913330078125" lon="120.32925604842603206634521484375">
        <ele>140.1999969482421875</ele>
        <time>2016-07-16T12:04:53.000Z</time>
        <extensions>
          <ns3:TrackPointExtension>
            <ns3:hr>143</ns3:hr>
            <ns3:cad>96</ns3:cad>
          </ns3:TrackPointExtension>
        </extensions>
      </trkpt>
      <trkpt lat="29.149333946406841278076171875" lon="120.329244397580623626708984375">
        <ele>140.1999969482421875</ele>
        <time>2016-07-16T12:04:54.000Z</time>
        <extensions>
          <ns3:TrackPointExtension>
            <ns3:hr>143</ns3:hr>
            <ns3:cad>97</ns3:cad>
          </ns3:TrackPointExtension>
        </extensions>
      </trkpt>
      <trkpt lat="29.149354733526706695556640625" lon="120.3292304836213588714599609375">
        <ele>140.1999969482421875</ele>
        <time>2016-07-16T12:04:55.000Z</time>
        <extensions>
          <ns3:TrackPointExtension>
            <ns3:hr>143</ns3:hr>
            <ns3:cad>97</ns3:cad>
          </ns3:TrackPointExtension>
        </extensions>
      </trkpt>
      <trkpt lat="29.14937459863722324371337890625" lon="120.3292137198150157928466796875">
        <ele>140.399993896484375</ele>
        <time>2016-07-16T12:04:56.000Z</time>
        <extensions>
          <ns3:TrackPointExtension>
            <ns3:hr>143</ns3:hr>
            <ns3:cad>97</ns3:cad>
          </ns3:TrackPointExtension>
        </extensions>
      </trkpt>
      <trkpt lat="29.149394966661930084228515625" lon="120.3291969560086727142333984375">
        <ele>140.399993896484375</ele>
        <time>2016-07-16T12:04:57.000Z</time>
        <extensions>
          <ns3:TrackPointExtension>
            <ns3:hr>143</ns3:hr>
            <ns3:cad>97</ns3:cad>
          </ns3:TrackPointExtension>
        </extensions>
      </trkpt>
      <trkpt lat="29.1494129039347171783447265625" lon="120.329179354012012481689453125">
        <ele>140.600006103515625</ele>
        <time>2016-07-16T12:04:58.000Z</time>
        <extensions>
          <ns3:TrackPointExtension>
            <ns3:hr>143</ns3:hr>
            <ns3:cad>97</ns3:cad>
          </ns3:TrackPointExtension>
        </extensions>
      </trkpt>
      <trkpt lat="29.14944550953805446624755859375" lon="120.32914272509515285491943359375">
        <ele>140.8000030517578125</ele>
        <time>2016-07-16T12:04:59.000Z</time>
        <extensions>
          <ns3:TrackPointExtension>
            <ns3:hr>143</ns3:hr>
            <ns3:cad>97</ns3:cad>
          </ns3:TrackPointExtension>
        </extensions>
      </trkpt>
      <trkpt lat="29.14944550953805446624755859375" lon="120.32914272509515285491943359375">
        <ele>140.8000030517578125</ele>
        <time>2016-07-16T12:05:00.000Z</time>
        <extensions>
          <ns3:TrackPointExtension>
            <ns3:hr>143</ns3:hr>
            <ns3:cad>98</ns3:cad>
          </ns3:TrackPointExtension>
        </extensions>
      </trkpt>
      <trkpt lat="29.14946059696376323699951171875" lon="120.3291211836040019989013671875">
        <ele>141</ele>
        <time>2016-07-16T12:05:01.000Z</time>
        <extensions>
          <ns3:TrackPointExtension>
            <ns3:hr>144</ns3:hr>
            <ns3:cad>98</ns3:cad>
          </ns3:TrackPointExtension>
        </extensions>
      </trkpt>
      <trkpt lat="29.14947601966559886932373046875" lon="120.32909880392253398895263671875">
        <ele>141.1999969482421875</ele>
        <time>2016-07-16T12:05:02.000Z</time>
        <extensions>
          <ns3:TrackPointExtension>
            <ns3:hr>144</ns3:hr>
            <ns3:cad>98</ns3:cad>
          </ns3:TrackPointExtension>
        </extensions>
      </trkpt>
      <trkpt lat="29.1494893468916416168212890625" lon="120.32907399348914623260498046875">
        <ele>141.399993896484375</ele>
        <time>2016-07-16T12:05:03.000Z</time>
        <extensions>
          <ns3:TrackPointExtension>
            <ns3:hr>144</ns3:hr>
            <ns3:cad>97</ns3:cad>
          </ns3:TrackPointExtension>
        </extensions>
      </trkpt>
      <trkpt lat="29.1495014168322086334228515625" lon="120.329052619636058807373046875">
        <ele>141.600006103515625</ele>
        <time>2016-07-16T12:05:04.000Z</time>
        <extensions>
          <ns3:TrackPointExtension>
            <ns3:hr>144</ns3:hr>
            <ns3:cad>97</ns3:cad>
          </ns3:TrackPointExtension>
        </extensions>
      </trkpt>
      <trkpt lat="29.1495128162205219268798828125" lon="120.32902956940233707427978515625">
        <ele>141.8000030517578125</ele>
        <time>2016-07-16T12:05:05.000Z</time>
        <extensions>
          <ns3:TrackPointExtension>
            <ns3:hr>144</ns3:hr>
            <ns3:cad>97</ns3:cad>
          </ns3:TrackPointExtension>
        </extensions>
      </trkpt>
      <trkpt lat="29.14952279068529605865478515625" lon="120.3290061838924884796142578125">
        <ele>142</ele>
        <time>2016-07-16T12:05:06.000Z</time>
        <extensions>
          <ns3:TrackPointExtension>
            <ns3:hr>144</ns3:hr>
            <ns3:cad>97</ns3:cad>
          </ns3:TrackPointExtension>
        </extensions>
      </trkpt>
      <trkpt lat="29.1495305858552455902099609375" lon="120.32898095436394214630126953125">
        <ele>142</ele>
        <time>2016-07-16T12:05:07.000Z</time>
        <extensions>
          <ns3:TrackPointExtension>
            <ns3:hr>145</ns3:hr>
            <ns3:cad>97</ns3:cad>
          </ns3:TrackPointExtension>
        </extensions>
      </trkpt>
      <trkpt lat="29.14953737519681453704833984375" lon="120.32895513810217380523681640625">
        <ele>142.1999969482421875</ele>
        <time>2016-07-16T12:05:08.000Z</time>
        <extensions>
          <ns3:TrackPointExtension>
            <ns3:hr>145</ns3:hr>
            <ns3:cad>97</ns3:cad>
          </ns3:TrackPointExtension>
        </extensions>
      </trkpt>
      <trkpt lat="29.149541147053241729736328125" lon="120.32892915420234203338623046875">
        <ele>142.399993896484375</ele>
        <time>2016-07-16T12:05:09.000Z</time>
        <extensions>
          <ns3:TrackPointExtension>
            <ns3:hr>145</ns3:hr>
            <ns3:cad>97</ns3:cad>
          </ns3:TrackPointExtension>
        </extensions>
      </trkpt>
      <trkpt lat="29.14954408071935176849365234375" lon="120.32890208065509796142578125">
        <ele>142.399993896484375</ele>
        <time>2016-07-16T12:05:10.000Z</time>
        <extensions>
          <ns3:TrackPointExtension>
            <ns3:hr>145</ns3:hr>
            <ns3:cad>97</ns3:cad>
          </ns3:TrackPointExtension>
        </extensions>
      </trkpt>
      <trkpt lat="29.149546511471271514892578125" lon="120.32887366600334644317626953125">
        <ele>142.600006103515625</ele>
        <time>2016-07-16T12:05:11.000Z</time>
        <extensions>
          <ns3:TrackPointExtension>
            <ns3:hr>145</ns3:hr>
            <ns3:cad>97</ns3:cad>
          </ns3:TrackPointExtension>
        </extensions>
      </trkpt>
      <trkpt lat="29.14954684674739837646484375" lon="120.3288465924561023712158203125">
        <ele>142.600006103515625</ele>
        <time>2016-07-16T12:05:12.000Z</time>
        <extensions>
          <ns3:TrackPointExtension>
            <ns3:hr>145</ns3:hr>
            <ns3:cad>97</ns3:cad>
          </ns3:TrackPointExtension>
        </extensions>
      </trkpt>
      <trkpt lat="29.14954441599547863006591796875" lon="120.32881650142371654510498046875">
        <ele>142.8000030517578125</ele>
        <time>2016-07-16T12:05:13.000Z</time>
        <extensions>
          <ns3:TrackPointExtension>
            <ns3:hr>145</ns3:hr>
            <ns3:cad>97</ns3:cad>
          </ns3:TrackPointExtension>
        </extensions>
      </trkpt>
      <trkpt lat="29.1495408117771148681640625" lon="120.32878733240067958831787109375">
        <ele>142.8000030517578125</ele>
        <time>2016-07-16T12:05:14.000Z</time>
        <extensions>
          <ns3:TrackPointExtension>
            <ns3:hr>145</ns3:hr>
            <ns3:cad>97</ns3:cad>
          </ns3:TrackPointExtension>
        </extensions>
      </trkpt>
      <trkpt lat="29.149537123739719390869140625" lon="120.328759588301181793212890625">
        <ele>143</ele>
        <time>2016-07-16T12:05:15.000Z</time>
        <extensions>
          <ns3:TrackPointExtension>
            <ns3:hr>144</ns3:hr>
            <ns3:cad>97</ns3:cad>
          </ns3:TrackPointExtension>
        </extensions>
      </trkpt>
      <trkpt lat="29.14953184314072132110595703125" lon="120.32873000018298625946044921875">
        <ele>143.1999969482421875</ele>
        <time>2016-07-16T12:05:16.000Z</time>
        <extensions>
          <ns3:TrackPointExtension>
            <ns3:hr>144</ns3:hr>
            <ns3:cad>97</ns3:cad>
          </ns3:TrackPointExtension>
        </extensions>
      </trkpt>
      <trkpt lat="29.14952295832335948944091796875" lon="120.3287027589976787567138671875">
        <ele>143.399993896484375</ele>
        <time>2016-07-16T12:05:17.000Z</time>
        <extensions>
          <ns3:TrackPointExtension>
            <ns3:hr>144</ns3:hr>
            <ns3:cad>97</ns3:cad>
          </ns3:TrackPointExtension>
        </extensions>
      </trkpt>
      <trkpt lat="29.14951357059180736541748046875" lon="120.3286749310791492462158203125">
        <ele>143.600006103515625</ele>
        <time>2016-07-16T12:05:18.000Z</time>
        <extensions>
          <ns3:TrackPointExtension>
            <ns3:hr>144</ns3:hr>
            <ns3:cad>97</ns3:cad>
          </ns3:TrackPointExtension>
        </extensions>
      </trkpt>
      <trkpt lat="29.1495040990412235260009765625" lon="120.3286484442651271820068359375">
        <ele>143.600006103515625</ele>
        <time>2016-07-16T12:05:19.000Z</time>
        <extensions>
          <ns3:TrackPointExtension>
            <ns3:hr>144</ns3:hr>
            <ns3:cad>97</ns3:cad>
          </ns3:TrackPointExtension>
        </extensions>
      </trkpt>
      <trkpt lat="29.14948322810232639312744140625" lon="120.32859555445611476898193359375">
        <ele>144</ele>
        <time>2016-07-16T12:05:20.000Z</time>
        <extensions>
          <ns3:TrackPointExtension>
            <ns3:hr>144</ns3:hr>
            <ns3:cad>96</ns3:cad>
          </ns3:TrackPointExtension>
        </extensions>
      </trkpt>
      <trkpt lat="29.14948322810232639312744140625" lon="120.32859555445611476898193359375">
        <ele>144</ele>
        <time>2016-07-16T12:05:21.000Z</time>
        <extensions>
          <ns3:TrackPointExtension>
            <ns3:hr>144</ns3:hr>
            <ns3:cad>96</ns3:cad>
          </ns3:TrackPointExtension>
        </extensions>
      </trkpt>
      <trkpt lat="29.1494719125330448150634765625" lon="120.32857040874660015106201171875">
        <ele>144</ele>
        <time>2016-07-16T12:05:22.000Z</time>
        <extensions>
          <ns3:TrackPointExtension>
            <ns3:hr>144</ns3:hr>
            <ns3:cad>97</ns3:cad>
          </ns3:TrackPointExtension>
        </extensions>
      </trkpt>
      <trkpt lat="29.14945791475474834442138671875" lon="120.328546352684497833251953125">
        <ele>144.1999969482421875</ele>
        <time>2016-07-16T12:05:23.000Z</time>
        <extensions>
          <ns3:TrackPointExtension>
            <ns3:hr>144</ns3:hr>
            <ns3:cad>97</ns3:cad>
          </ns3:TrackPointExtension>
        </extensions>
      </trkpt>
      <trkpt lat="29.14944249205291271209716796875" lon="120.328523218631744384765625">
        <ele>144.1999969482421875</ele>
        <time>2016-07-16T12:05:24.000Z</time>
        <extensions>
          <ns3:TrackPointExtension>
            <ns3:hr>144</ns3:hr>
            <ns3:cad>97</ns3:cad>
          </ns3:TrackPointExtension>
        </extensions>
      </trkpt>
      <trkpt lat="29.149426482617855072021484375" lon="120.32850134186446666717529296875">
        <ele>144.1999969482421875</ele>
        <time>2016-07-16T12:05:25.000Z</time>
        <extensions>
          <ns3:TrackPointExtension>
            <ns3:hr>144</ns3:hr>
            <ns3:cad>97</ns3:cad>
          </ns3:TrackPointExtension>
        </extensions>
      </trkpt>
      <trkpt lat="29.149410389363765716552734375" lon="120.328480638563632965087890625">
        <ele>144.1999969482421875</ele>
        <time>2016-07-16T12:05:26.000Z</time>
        <extensions>
          <ns3:TrackPointExtension>
            <ns3:hr>144</ns3:hr>
            <ns3:cad>97</ns3:cad>
          </ns3:TrackPointExtension>
        </extensions>
      </trkpt>
      <trkpt lat="29.14939396083354949951171875" lon="120.32846144400537014007568359375">
        <ele>144.1999969482421875</ele>
        <time>2016-07-16T12:05:27.000Z</time>
        <extensions>
          <ns3:TrackPointExtension>
            <ns3:hr>144</ns3:hr>
            <ns3:cad>98</ns3:cad>
          </ns3:TrackPointExtension>
        </extensions>
      </trkpt>
      <trkpt lat="29.14937677793204784393310546875" lon="120.3284435905516147613525390625">
        <ele>144</ele>
        <time>2016-07-16T12:05:28.000Z</time>
        <extensions>
          <ns3:TrackPointExtension>
            <ns3:hr>144</ns3:hr>
            <ns3:cad>96</ns3:cad>
          </ns3:TrackPointExtension>
        </extensions>
      </trkpt>
      <trkpt lat="29.14935909211635589599609375" lon="120.32842758111655712127685546875">
        <ele>144</ele>
        <time>2016-07-16T12:05:29.000Z</time>
        <extensions>
          <ns3:TrackPointExtension>
            <ns3:hr>144</ns3:hr>
            <ns3:cad>96</ns3:cad>
          </ns3:TrackPointExtension>
        </extensions>
      </trkpt>
      <trkpt lat="29.14934190921485424041748046875" lon="120.328411571681499481201171875">
        <ele>143.8000030517578125</ele>
        <time>2016-07-16T12:05:30.000Z</time>
        <extensions>
          <ns3:TrackPointExtension>
            <ns3:hr>145</ns3:hr>
            <ns3:cad>96</ns3:cad>
          </ns3:TrackPointExtension>
        </extensions>
      </trkpt>
      <trkpt lat="29.14930410683155059814453125" lon="120.32838483341038227081298828125">
        <ele>143.600006103515625</ele>
        <time>2016-07-16T12:05:31.000Z</time>
        <extensions>
          <ns3:TrackPointExtension>
            <ns3:hr>145</ns3:hr>
            <ns3:cad>96</ns3:cad>
          </ns3:TrackPointExtension>
        </extensions>
      </trkpt>
      <trkpt lat="29.14930410683155059814453125" lon="120.32838483341038227081298828125">
        <ele>143.600006103515625</ele>
        <time>2016-07-16T12:05:32.000Z</time>
        <extensions>
          <ns3:TrackPointExtension>
            <ns3:hr>145</ns3:hr>
            <ns3:cad>96</ns3:cad>
          </ns3:TrackPointExtension>
        </extensions>
      </trkpt>
      <trkpt lat="29.1492858342826366424560546875" lon="120.32837343402206897735595703125">
        <ele>143.600006103515625</ele>
        <time>2016-07-16T12:05:33.000Z</time>
        <extensions>
          <ns3:TrackPointExtension>
            <ns3:hr>145</ns3:hr>
            <ns3:cad>97</ns3:cad>
          </ns3:TrackPointExtension>
        </extensions>
      </trkpt>
      <trkpt lat="29.14926429279148578643798828125" lon="120.32836169935762882232666015625">
        <ele>143.399993896484375</ele>
        <time>2016-07-16T12:05:34.000Z</time>
        <extensions>
          <ns3:TrackPointExtension>
            <ns3:hr>145</ns3:hr>
            <ns3:cad>97</ns3:cad>
          </ns3:TrackPointExtension>
        </extensions>
      </trkpt>
      <trkpt lat="29.149241745471954345703125" lon="120.32835382036864757537841796875">
        <ele>143.399993896484375</ele>
        <time>2016-07-16T12:05:35.000Z</time>
        <extensions>
          <ns3:TrackPointExtension>
            <ns3:hr>145</ns3:hr>
            <ns3:cad>97</ns3:cad>
          </ns3:TrackPointExtension>
        </extensions>
      </trkpt>
      <trkpt lat="29.14921869523823261260986328125" lon="120.3283463604748249053955078125">
        <ele>143.1999969482421875</ele>
        <time>2016-07-16T12:05:36.000Z</time>
        <extensions>
          <ns3:TrackPointExtension>
            <ns3:hr>145</ns3:hr>
            <ns3:cad>97</ns3:cad>
          </ns3:TrackPointExtension>
        </extensions>
      </trkpt>
      <trkpt lat="29.14919572882354259490966796875" lon="120.328337810933589935302734375">
        <ele>143.1999969482421875</ele>
        <time>2016-07-16T12:05:37.000Z</time>
        <extensions>
          <ns3:TrackPointExtension>
            <ns3:hr>145</ns3:hr>
            <ns3:cad>97</ns3:cad>
          </ns3:TrackPointExtension>
        </extensions>
      </trkpt>
      <trkpt lat="29.14917376823723316192626953125" lon="120.32833085395395755767822265625">
        <ele>143.1999969482421875</ele>
        <time>2016-07-16T12:05:38.000Z</time>
        <extensions>
          <ns3:TrackPointExtension>
            <ns3:hr>145</ns3:hr>
            <ns3:cad>97</ns3:cad>
          </ns3:TrackPointExtension>
        </extensions>
      </trkpt>
      <trkpt lat="29.14915256202220916748046875" lon="120.32832029275596141815185546875">
        <ele>143</ele>
        <time>2016-07-16T12:05:39.000Z</time>
        <extensions>
          <ns3:TrackPointExtension>
            <ns3:hr>145</ns3:hr>
            <ns3:cad>97</ns3:cad>
          </ns3:TrackPointExtension>
        </extensions>
      </trkpt>
      <trkpt lat="29.14912984706461429595947265625" lon="120.32831073738634586334228515625">
        <ele>143</ele>
        <time>2016-07-16T12:05:40.000Z</time>
        <extensions>
          <ns3:TrackPointExtension>
            <ns3:hr>145</ns3:hr>
            <ns3:cad>97</ns3:cad>
          </ns3:TrackPointExtension>
        </extensions>
      </trkpt>
      <trkpt lat="29.1491094790399074554443359375" lon="120.3283027745783329010009765625">
        <ele>143</ele>
        <time>2016-07-16T12:05:41.000Z</time>
        <extensions>
          <ns3:TrackPointExtension>
            <ns3:hr>145</ns3:hr>
            <ns3:cad>97</ns3:cad>
          </ns3:TrackPointExtension>
        </extensions>
      </trkpt>
      <trkpt lat="29.149089865386486053466796875" lon="120.32828877680003643035888671875">
        <ele>143</ele>
        <time>2016-07-16T12:05:42.000Z</time>
        <extensions>
          <ns3:TrackPointExtension>
            <ns3:hr>145</ns3:hr>
            <ns3:cad>98</ns3:cad>
          </ns3:TrackPointExtension>
        </extensions>
      </trkpt>
      <trkpt lat="29.14906597696244716644287109375" lon="120.3282779641449451446533203125">
        <ele>143</ele>
        <time>2016-07-16T12:05:43.000Z</time>
        <extensions>
          <ns3:TrackPointExtension>
            <ns3:hr>145</ns3:hr>
            <ns3:cad>98</ns3:cad>
          </ns3:TrackPointExtension>
        </extensions>
      </trkpt>
      <trkpt lat="29.14902188815176486968994140625" lon="120.32826111651957035064697265625">
        <ele>142.8000030517578125</ele>
        <time>2016-07-16T12:05:44.000Z</time>
        <extensions>
          <ns3:TrackPointExtension>
            <ns3:hr>145</ns3:hr>
            <ns3:cad>97</ns3:cad>
          </ns3:TrackPointExtension>
        </extensions>
      </trkpt>
      <trkpt lat="29.14902188815176486968994140625" lon="120.32826111651957035064697265625">
        <ele>142.8000030517578125</ele>
        <time>2016-07-16T12:05:45.000Z</time>
        <extensions>
          <ns3:TrackPointExtension>
            <ns3:hr>145</ns3:hr>
            <ns3:cad>97</ns3:cad>
          </ns3:TrackPointExtension>
        </extensions>
      </trkpt>
      <trkpt lat="29.14899908937513828277587890625" lon="120.32825508154928684234619140625">
        <ele>142.600006103515625</ele>
        <time>2016-07-16T12:05:46.000Z</time>
        <extensions>
          <ns3:TrackPointExtension>
            <ns3:hr>145</ns3:hr>
            <ns3:cad>97</ns3:cad>
          </ns3:TrackPointExtension>
        </extensions>
      </trkpt>
      <trkpt lat="29.148975200951099395751953125" lon="120.32824720256030559539794921875">
        <ele>142.600006103515625</ele>
        <time>2016-07-16T12:05:47.000Z</time>
        <extensions>
          <ns3:TrackPointExtension>
            <ns3:hr>144</ns3:hr>
            <ns3:cad>97</ns3:cad>
          </ns3:TrackPointExtension>
        </extensions>
      </trkpt>
      <trkpt lat="29.1489498876035213470458984375" lon="120.32824032939970493316650390625">
        <ele>142.600006103515625</ele>
        <time>2016-07-16T12:05:48.000Z</time>
        <extensions>
          <ns3:TrackPointExtension>
            <ns3:hr>144</ns3:hr>
            <ns3:cad>97</ns3:cad>
          </ns3:TrackPointExtension>
        </extensions>
      </trkpt>
      <trkpt lat="29.148927591741085052490234375" lon="120.32823312096297740936279296875">
        <ele>142.600006103515625</ele>
        <time>2016-07-16T12:05:49.000Z</time>
        <extensions>
          <ns3:TrackPointExtension>
            <ns3:hr>144</ns3:hr>
            <ns3:cad>97</ns3:cad>
          </ns3:TrackPointExtension>
        </extensions>
      </trkpt>
      <trkpt lat="29.14890252985060214996337890625" lon="120.32822507433593273162841796875">
        <ele>142.600006103515625</ele>
        <time>2016-07-16T12:05:50.000Z</time>
        <extensions>
          <ns3:TrackPointExtension>
            <ns3:hr>144</ns3:hr>
            <ns3:cad>97</ns3:cad>
          </ns3:TrackPointExtension>
        </extensions>
      </trkpt>
      <trkpt lat="29.14887788705527782440185546875" lon="120.328216440975666046142578125">
        <ele>142.600006103515625</ele>
        <time>2016-07-16T12:05:51.000Z</time>
        <extensions>
          <ns3:TrackPointExtension>
            <ns3:hr>144</ns3:hr>
            <ns3:cad>98</ns3:cad>
          </ns3:TrackPointExtension>
        </extensions>
      </trkpt>
      <trkpt lat="29.14882943965494632720947265625" lon="120.328197665512561798095703125">
        <ele>142.399993896484375</ele>
        <time>2016-07-16T12:05:52.000Z</time>
        <extensions>
          <ns3:TrackPointExtension>
            <ns3:hr>144</ns3:hr>
            <ns3:cad>96</ns3:cad>
          </ns3:TrackPointExtension>
        </extensions>
      </trkpt>
      <trkpt lat="29.14882943965494632720947265625" lon="120.328197665512561798095703125">
        <ele>142.399993896484375</ele>
        <time>2016-07-16T12:05:53.000Z</time>
        <extensions>
          <ns3:TrackPointExtension>
            <ns3:hr>144</ns3:hr>
            <ns3:cad>96</ns3:cad>
          </ns3:TrackPointExtension>
        </extensions>
      </trkpt>
      <trkpt lat="29.14880680851638317108154296875" lon="120.32819020561873912811279296875">
        <ele>142.399993896484375</ele>
        <time>2016-07-16T12:05:54.000Z</time>
        <extensions>
          <ns3:TrackPointExtension>
            <ns3:hr>144</ns3:hr>
            <ns3:cad>96</ns3:cad>
          </ns3:TrackPointExtension>
        </extensions>
      </trkpt>
      <trkpt lat="29.148783423006534576416015625" lon="120.32818266190588474273681640625">
        <ele>142.399993896484375</ele>
        <time>2016-07-16T12:05:55.000Z</time>
        <extensions>
          <ns3:TrackPointExtension>
            <ns3:hr>144</ns3:hr>
            <ns3:cad>96</ns3:cad>
          </ns3:TrackPointExtension>
        </extensions>
      </trkpt>
      <trkpt lat="29.1487591154873371124267578125" lon="120.32817788422107696533203125">
        <ele>142.399993896484375</ele>
        <time>2016-07-16T12:05:56.000Z</time>
        <extensions>
          <ns3:TrackPointExtension>
            <ns3:hr>144</ns3:hr>
            <ns3:cad>97</ns3:cad>
          </ns3:TrackPointExtension>
        </extensions>
      </trkpt>
      <trkpt lat="29.14873656816780567169189453125" lon="120.3281723521649837493896484375">
        <ele>142.1999969482421875</ele>
        <time>2016-07-16T12:05:57.000Z</time>
        <extensions>
          <ns3:TrackPointExtension>
            <ns3:hr>144</ns3:hr>
            <ns3:cad>97</ns3:cad>
          </ns3:TrackPointExtension>
        </extensions>
      </trkpt>
      <trkpt lat="29.14871309883892536163330078125" lon="120.32816556282341480255126953125">
        <ele>142.1999969482421875</ele>
        <time>2016-07-16T12:05:58.000Z</time>
        <extensions>
          <ns3:TrackPointExtension>
            <ns3:hr>144</ns3:hr>
            <ns3:cad>97</ns3:cad>
          </ns3:TrackPointExtension>
        </extensions>
      </trkpt>
      <trkpt lat="29.1486897133290767669677734375" lon="120.328161455690860748291015625">
        <ele>142.1999969482421875</ele>
        <time>2016-07-16T12:05:59.000Z</time>
        <extensions>
          <ns3:TrackPointExtension>
            <ns3:hr>144</ns3:hr>
            <ns3:cad>98</ns3:cad>
          </ns3:TrackPointExtension>
        </extensions>
      </trkpt>
      <trkpt lat="29.14866565726697444915771484375" lon="120.32815433107316493988037109375">
        <ele>142.1999969482421875</ele>
        <time>2016-07-16T12:06:00.000Z</time>
        <extensions>
          <ns3:TrackPointExtension>
            <ns3:hr>144</ns3:hr>
            <ns3:cad>98</ns3:cad>
          </ns3:TrackPointExtension>
        </extensions>
      </trkpt>
      <trkpt lat="29.14863933809101581573486328125" lon="120.3281482122838497161865234375">
        <ele>142.1999969482421875</ele>
        <time>2016-07-16T12:06:01.000Z</time>
        <extensions>
          <ns3:TrackPointExtension>
            <ns3:hr>144</ns3:hr>
            <ns3:cad>96</ns3:cad>
          </ns3:TrackPointExtension>
        </extensions>
      </trkpt>
      <trkpt lat="29.14861603640019893646240234375" lon="120.3281405009329319000244140625">
        <ele>142.399993896484375</ele>
        <time>2016-07-16T12:06:02.000Z</time>
        <extensions>
          <ns3:TrackPointExtension>
            <ns3:hr>144</ns3:hr>
            <ns3:cad>96</ns3:cad>
          </ns3:TrackPointExtension>
        </extensions>
      </trkpt>
      <trkpt lat="29.1485911421477794647216796875" lon="120.3281329572200775146484375">
        <ele>142.399993896484375</ele>
        <time>2016-07-16T12:06:03.000Z</time>
        <extensions>
          <ns3:TrackPointExtension>
            <ns3:hr>145</ns3:hr>
            <ns3:cad>96</ns3:cad>
          </ns3:TrackPointExtension>
        </extensions>
      </trkpt>
      <trkpt lat="29.14856792427599430084228515625" lon="120.32812432385981082916259765625">
        <ele>142.399993896484375</ele>
        <time>2016-07-16T12:06:04.000Z</time>
        <extensions>
          <ns3:TrackPointExtension>
            <ns3:hr>145</ns3:hr>
            <ns3:cad>96</ns3:cad>
          </ns3:TrackPointExtension>
        </extensions>
      </trkpt>
      <trkpt lat="29.14854780770838260650634765625" lon="120.328112505376338958740234375">
        <ele>142.399993896484375</ele>
        <time>2016-07-16T12:06:05.000Z</time>
        <extensions>
          <ns3:TrackPointExtension>
            <ns3:hr>145</ns3:hr>
            <ns3:cad>97</ns3:cad>
          </ns3:TrackPointExtension>
        </extensions>
      </trkpt>
      <trkpt lat="29.14852760732173919677734375" lon="120.32810236327350139617919921875">
        <ele>142.399993896484375</ele>
        <time>2016-07-16T12:06:06.000Z</time>
        <extensions>
          <ns3:TrackPointExtension>
            <ns3:hr>145</ns3:hr>
            <ns3:cad>98</ns3:cad>
          </ns3:TrackPointExtension>
        </extensions>
      </trkpt>
      <trkpt lat="29.14850623346865177154541015625" lon="120.328094065189361572265625">
        <ele>142.399993896484375</ele>
        <time>2016-07-16T12:06:07.000Z</time>
        <extensions>
          <ns3:TrackPointExtension>
            <ns3:hr>145</ns3:hr>
            <ns3:cad>98</ns3:cad>
          </ns3:TrackPointExtension>
        </extensions>
      </trkpt>
      <trkpt lat="29.14845795370638370513916015625" lon="120.32808543182909488677978515625">
        <ele>142.600006103515625</ele>
        <time>2016-07-16T12:06:08.000Z</time>
        <extensions>
          <ns3:TrackPointExtension>
            <ns3:hr>145</ns3:hr>
            <ns3:cad>97</ns3:cad>
          </ns3:TrackPointExtension>
        </extensions>
      </trkpt>
      <trkpt lat="29.14845795370638370513916015625" lon="120.32808543182909488677978515625">
        <ele>142.600006103515625</ele>
        <time>2016-07-16T12:06:09.000Z</time>
        <extensions>
          <ns3:TrackPointExtension>
            <ns3:hr>145</ns3:hr>
            <ns3:cad>97</ns3:cad>
          </ns3:TrackPointExtension>
        </extensions>
      </trkpt>
      <trkpt lat="29.1484325565397739410400390625" lon="120.32808258198201656341552734375">
        <ele>142.600006103515625</ele>
        <time>2016-07-16T12:06:10.000Z</time>
        <extensions>
          <ns3:TrackPointExtension>
            <ns3:hr>144</ns3:hr>
            <ns3:cad>96</ns3:cad>
          </ns3:TrackPointExtension>
        </extensions>
      </trkpt>
      <trkpt lat="29.14840565063059329986572265625" lon="120.32808342017233371734619140625">
        <ele>142.600006103515625</ele>
        <time>2016-07-16T12:06:11.000Z</time>
        <extensions>
          <ns3:TrackPointExtension>
            <ns3:hr>143</ns3:hr>
            <ns3:cad>96</ns3:cad>
          </ns3:TrackPointExtension>
        </extensions>
      </trkpt>
      <trkpt lat="29.1483812592923641204833984375" lon="120.32808476127684116363525390625">
        <ele>142.600006103515625</ele>
        <time>2016-07-16T12:06:12.000Z</time>
        <extensions>
          <ns3:TrackPointExtension>
            <ns3:hr>143</ns3:hr>
            <ns3:cad>96</ns3:cad>
          </ns3:TrackPointExtension>
        </extensions>
      </trkpt>
      <trkpt lat="29.14835686795413494110107421875" lon="120.3280868567526340484619140625">
        <ele>142.600006103515625</ele>
        <time>2016-07-16T12:06:13.000Z</time>
        <extensions>
          <ns3:TrackPointExtension>
            <ns3:hr>143</ns3:hr>
            <ns3:cad>96</ns3:cad>
          </ns3:TrackPointExtension>
        </extensions>
      </trkpt>
      <trkpt lat="29.1483338177204132080078125" lon="120.3280902095139026641845703125">
        <ele>142.399993896484375</ele>
        <time>2016-07-16T12:06:14.000Z</time>
        <extensions>
          <ns3:TrackPointExtension>
            <ns3:hr>143</ns3:hr>
            <ns3:cad>96</ns3:cad>
          </ns3:TrackPointExtension>
        </extensions>
      </trkpt>
      <trkpt lat="29.14831194095313549041748046875" lon="120.3280945681035518646240234375">
        <ele>142.399993896484375</ele>
        <time>2016-07-16T12:06:15.000Z</time>
        <extensions>
          <ns3:TrackPointExtension>
            <ns3:hr>142</ns3:hr>
            <ns3:cad>96</ns3:cad>
          </ns3:TrackPointExtension>
        </extensions>
      </trkpt>
      <trkpt lat="29.1482893936336040496826171875" lon="120.328101105988025665283203125">
        <ele>142.600006103515625</ele>
        <time>2016-07-16T12:06:16.000Z</time>
        <extensions>
          <ns3:TrackPointExtension>
            <ns3:hr>142</ns3:hr>
            <ns3:cad>96</ns3:cad>
          </ns3:TrackPointExtension>
        </extensions>
      </trkpt>
      <trkpt lat="29.1482679359614849090576171875" lon="120.32810957171022891998291015625">
        <ele>142.600006103515625</ele>
        <time>2016-07-16T12:06:17.000Z</time>
        <extensions>
          <ns3:TrackPointExtension>
            <ns3:hr>141</ns3:hr>
            <ns3:cad>96</ns3:cad>
          </ns3:TrackPointExtension>
        </extensions>
      </trkpt>
      <trkpt lat="29.1482458077371120452880859375" lon="120.32811962999403476715087890625">
        <ele>142.8000030517578125</ele>
        <time>2016-07-16T12:06:18.000Z</time>
        <extensions>
          <ns3:TrackPointExtension>
            <ns3:hr>141</ns3:hr>
            <ns3:cad>96</ns3:cad>
          </ns3:TrackPointExtension>
        </extensions>
      </trkpt>
      <trkpt lat="29.14822317659854888916015625" lon="120.32813119702041149139404296875">
        <ele>142.8000030517578125</ele>
        <time>2016-07-16T12:06:19.000Z</time>
        <extensions>
          <ns3:TrackPointExtension>
            <ns3:hr>141</ns3:hr>
            <ns3:cad>97</ns3:cad>
          </ns3:TrackPointExtension>
        </extensions>
      </trkpt>
      <trkpt lat="29.14820113219320774078369140625" lon="120.32814410515129566192626953125">
        <ele>142.8000030517578125</ele>
        <time>2016-07-16T12:06:20.000Z</time>
        <extensions>
          <ns3:TrackPointExtension>
            <ns3:hr>142</ns3:hr>
            <ns3:cad>96</ns3:cad>
          </ns3:TrackPointExtension>
        </extensions>
      </trkpt>
      <trkpt lat="29.14817950688302516937255859375" lon="120.32815835438668727874755859375">
        <ele>143</ele>
        <time>2016-07-16T12:06:21.000Z</time>
        <extensions>
          <ns3:TrackPointExtension>
            <ns3:hr>142</ns3:hr>
            <ns3:cad>96</ns3:cad>
          </ns3:TrackPointExtension>
        </extensions>
      </trkpt>
      <trkpt lat="29.14816089905798435211181640625" lon="120.3281740285456180572509765625">
        <ele>143</ele>
        <time>2016-07-16T12:06:22.000Z</time>
        <extensions>
          <ns3:TrackPointExtension>
            <ns3:hr>143</ns3:hr>
            <ns3:cad>96</ns3:cad>
          </ns3:TrackPointExtension>
        </extensions>
      </trkpt>
      <trkpt lat="29.1481435485184192657470703125" lon="120.32819087617099285125732421875">
        <ele>143</ele>
        <time>2016-07-16T12:06:23.000Z</time>
        <extensions>
          <ns3:TrackPointExtension>
            <ns3:hr>143</ns3:hr>
            <ns3:cad>98</ns3:cad>
          </ns3:TrackPointExtension>
        </extensions>
      </trkpt>
      <trkpt lat="29.14812552742660045623779296875" lon="120.3282088972628116607666015625">
        <ele>143</ele>
        <time>2016-07-16T12:06:24.000Z</time>
        <extensions>
          <ns3:TrackPointExtension>
            <ns3:hr>143</ns3:hr>
            <ns3:cad>98</ns3:cad>
          </ns3:TrackPointExtension>
        </extensions>
      </trkpt>
      <trkpt lat="29.14811010472476482391357421875" lon="120.3282286785542964935302734375">
        <ele>143.1999969482421875</ele>
        <time>2016-07-16T12:06:25.000Z</time>
        <extensions>
          <ns3:TrackPointExtension>
            <ns3:hr>143</ns3:hr>
            <ns3:cad>98</ns3:cad>
          </ns3:TrackPointExtension>
        </extensions>
      </trkpt>
      <trkpt lat="29.1480949334800243377685546875" lon="120.32824887894093990325927734375">
        <ele>143.1999969482421875</ele>
        <time>2016-07-16T12:06:26.000Z</time>
        <extensions>
          <ns3:TrackPointExtension>
            <ns3:hr>143</ns3:hr>
            <ns3:cad>97</ns3:cad>
          </ns3:TrackPointExtension>
        </extensions>
      </trkpt>
      <trkpt lat="29.14807976223528385162353515625" lon="120.3282682411372661590576171875">
        <ele>143.399993896484375</ele>
        <time>2016-07-16T12:06:27.000Z</time>
        <extensions>
          <ns3:TrackPointExtension>
            <ns3:hr>143</ns3:hr>
            <ns3:cad>97</ns3:cad>
          </ns3:TrackPointExtension>
        </extensions>
      </trkpt>
      <trkpt lat="29.1480654291808605194091796875" lon="120.328286848962306976318359375">
        <ele>143.399993896484375</ele>
        <time>2016-07-16T12:06:28.000Z</time>
        <extensions>
          <ns3:TrackPointExtension>
            <ns3:hr>144</ns3:hr>
            <ns3:cad>96</ns3:cad>
          </ns3:TrackPointExtension>
        </extensions>
      </trkpt>
      <trkpt lat="29.1480500064790248870849609375" lon="120.3283084742724895477294921875">
        <ele>143.399993896484375</ele>
        <time>2016-07-16T12:06:29.000Z</time>
        <extensions>
          <ns3:TrackPointExtension>
            <ns3:hr>143</ns3:hr>
            <ns3:cad>96</ns3:cad>
          </ns3:TrackPointExtension>
        </extensions>
      </trkpt>
      <trkpt lat="29.14803676307201385498046875" lon="120.32833152450621128082275390625">
        <ele>143.399993896484375</ele>
        <time>2016-07-16T12:06:30.000Z</time>
        <extensions>
          <ns3:TrackPointExtension>
            <ns3:hr>144</ns3:hr>
            <ns3:cad>97</ns3:cad>
          </ns3:TrackPointExtension>
        </extensions>
      </trkpt>
      <trkpt lat="29.1480104438960552215576171875" lon="120.32838148064911365509033203125">
        <ele>143.600006103515625</ele>
        <time>2016-07-16T12:06:31.000Z</time>
        <extensions>
          <ns3:TrackPointExtension>
            <ns3:hr>144</ns3:hr>
            <ns3:cad>97</ns3:cad>
          </ns3:TrackPointExtension>
        </extensions>
      </trkpt>
      <trkpt lat="29.1480104438960552215576171875" lon="120.32838148064911365509033203125">
        <ele>143.600006103515625</ele>
        <time>2016-07-16T12:06:32.000Z</time>
        <extensions>
          <ns3:TrackPointExtension>
            <ns3:hr>144</ns3:hr>
            <ns3:cad>97</ns3:cad>
          </ns3:TrackPointExtension>
        </extensions>
      </trkpt>
      <trkpt lat="29.14799963124096393585205078125" lon="120.3284046985208988189697265625">
        <ele>143.600006103515625</ele>
        <time>2016-07-16T12:06:33.000Z</time>
        <extensions>
          <ns3:TrackPointExtension>
            <ns3:hr>143</ns3:hr>
            <ns3:cad>97</ns3:cad>
          </ns3:TrackPointExtension>
        </extensions>
      </trkpt>
      <trkpt lat="29.14799007587134838104248046875" lon="120.3284298442304134368896484375">
        <ele>143.600006103515625</ele>
        <time>2016-07-16T12:06:34.000Z</time>
        <extensions>
          <ns3:TrackPointExtension>
            <ns3:hr>143</ns3:hr>
            <ns3:cad>97</ns3:cad>
          </ns3:TrackPointExtension>
        </extensions>
      </trkpt>
      <trkpt lat="29.1479851305484771728515625" lon="120.32845641486346721649169921875">
        <ele>143.600006103515625</ele>
        <time>2016-07-16T12:06:35.000Z</time>
        <extensions>
          <ns3:TrackPointExtension>
            <ns3:hr>143</ns3:hr>
            <ns3:cad>97</ns3:cad>
          </ns3:TrackPointExtension>
        </extensions>
      </trkpt>
      <trkpt lat="29.14797984994947910308837890625" lon="120.32847938127815723419189453125">
        <ele>143.600006103515625</ele>
        <time>2016-07-16T12:06:36.000Z</time>
        <extensions>
          <ns3:TrackPointExtension>
            <ns3:hr>143</ns3:hr>
            <ns3:cad>97</ns3:cad>
          </ns3:TrackPointExtension>
        </extensions>
      </trkpt>
      <trkpt lat="29.14797398261725902557373046875" lon="120.32850318588316440582275390625">
        <ele>143.8000030517578125</ele>
        <time>2016-07-16T12:06:37.000Z</time>
        <extensions>
          <ns3:TrackPointExtension>
            <ns3:hr>144</ns3:hr>
            <ns3:cad>96</ns3:cad>
          </ns3:TrackPointExtension>
        </extensions>
      </trkpt>
      <trkpt lat="29.1479692049324512481689453125" lon="120.328526906669139862060546875">
        <ele>143.8000030517578125</ele>
        <time>2016-07-16T12:06:38.000Z</time>
        <extensions>
          <ns3:TrackPointExtension>
            <ns3:hr>144</ns3:hr>
            <ns3:cad>96</ns3:cad>
          </ns3:TrackPointExtension>
        </extensions>
      </trkpt>
      <trkpt lat="29.1479661874473094940185546875" lon="120.328551717102527618408203125">
        <ele>144</ele>
        <time>2016-07-16T12:06:39.000Z</time>
        <extensions>
          <ns3:TrackPointExtension>
            <ns3:hr>145</ns3:hr>
            <ns3:cad>97</ns3:cad>
          </ns3:TrackPointExtension>
        </extensions>
      </trkpt>
      <trkpt lat="29.1479628346860408782958984375" lon="120.328577198088169097900390625">
        <ele>144.1999969482421875</ele>
        <time>2016-07-16T12:06:40.000Z</time>
        <extensions>
          <ns3:TrackPointExtension>
            <ns3:hr>145</ns3:hr>
            <ns3:cad>97</ns3:cad>
          </ns3:TrackPointExtension>
        </extensions>
      </trkpt>
      <trkpt lat="29.1479635052382946014404296875" lon="120.328602008521556854248046875">
        <ele>144.399993896484375</ele>
        <time>2016-07-16T12:06:41.000Z</time>
        <extensions>
          <ns3:TrackPointExtension>
            <ns3:hr>145</ns3:hr>
            <ns3:cad>97</ns3:cad>
          </ns3:TrackPointExtension>
        </extensions>
      </trkpt>
      <trkpt lat="29.147966690361499786376953125" lon="120.32862807624042034149169921875">
        <ele>144.399993896484375</ele>
        <time>2016-07-16T12:06:42.000Z</time>
        <extensions>
          <ns3:TrackPointExtension>
            <ns3:hr>145</ns3:hr>
            <ns3:cad>97</ns3:cad>
          </ns3:TrackPointExtension>
        </extensions>
      </trkpt>
      <trkpt lat="29.14797104895114898681640625" lon="120.3286524675786495208740234375">
        <ele>144.600006103515625</ele>
        <time>2016-07-16T12:06:43.000Z</time>
        <extensions>
          <ns3:TrackPointExtension>
            <ns3:hr>145</ns3:hr>
            <ns3:cad>97</ns3:cad>
          </ns3:TrackPointExtension>
        </extensions>
      </trkpt>
      <trkpt lat="29.14797632955014705657958984375" lon="120.32867602072656154632568359375">
        <ele>144.600006103515625</ele>
        <time>2016-07-16T12:06:44.000Z</time>
        <extensions>
          <ns3:TrackPointExtension>
            <ns3:hr>140</ns3:hr>
            <ns3:cad>97</ns3:cad>
          </ns3:TrackPointExtension>
        </extensions>
      </trkpt>
      <trkpt lat="29.1479849629104137420654296875" lon="120.32870200462639331817626953125">
        <ele>144.8000030517578125</ele>
        <time>2016-07-16T12:06:45.000Z</time>
        <extensions>
          <ns3:TrackPointExtension>
            <ns3:hr>136</ns3:hr>
            <ns3:cad>97</ns3:cad>
          </ns3:TrackPointExtension>
        </extensions>
      </trkpt>
      <trkpt lat="29.14799652993679046630859375" lon="120.3287292458117008209228515625">
        <ele>144.8000030517578125</ele>
        <time>2016-07-16T12:06:46.000Z</time>
        <extensions>
          <ns3:TrackPointExtension>
            <ns3:hr>131</ns3:hr>
            <ns3:cad>97</ns3:cad>
          </ns3:TrackPointExtension>
        </extensions>
      </trkpt>
      <trkpt lat="29.1480084322392940521240234375" lon="120.32875330187380313873291015625">
        <ele>144.8000030517578125</ele>
        <time>2016-07-16T12:06:47.000Z</time>
        <extensions>
          <ns3:TrackPointExtension>
            <ns3:hr>127</ns3:hr>
            <ns3:cad>98</ns3:cad>
          </ns3:TrackPointExtension>
        </extensions>
      </trkpt>
      <trkpt lat="29.14802201092243194580078125" lon="120.3287761844694614410400390625">
        <ele>145</ele>
        <time>2016-07-16T12:06:48.000Z</time>
        <extensions>
          <ns3:TrackPointExtension>
            <ns3:hr>125</ns3:hr>
            <ns3:cad>98</ns3:cad>
          </ns3:TrackPointExtension>
        </extensions>
      </trkpt>
      <trkpt lat="29.14805193431675434112548828125" lon="120.32882018946111202239990234375">
        <ele>145</ele>
        <time>2016-07-16T12:06:49.000Z</time>
        <extensions>
          <ns3:TrackPointExtension>
            <ns3:hr>125</ns3:hr>
            <ns3:cad>98</ns3:cad>
          </ns3:TrackPointExtension>
        </extensions>
      </trkpt>
      <trkpt lat="29.14805193431675434112548828125" lon="120.32882018946111202239990234375">
        <ele>145</ele>
        <time>2016-07-16T12:06:50.000Z</time>
        <extensions>
          <ns3:TrackPointExtension>
            <ns3:hr>125</ns3:hr>
            <ns3:cad>98</ns3:cad>
          </ns3:TrackPointExtension>
        </extensions>
      </trkpt>
      <trkpt lat="29.1480701230466365814208984375" lon="120.32883997075259685516357421875">
        <ele>145</ele>
        <time>2016-07-16T12:06:51.000Z</time>
        <extensions>
          <ns3:TrackPointExtension>
            <ns3:hr>125</ns3:hr>
            <ns3:cad>97</ns3:cad>
          </ns3:TrackPointExtension>
        </extensions>
      </trkpt>
      <trkpt lat="29.14809015579521656036376953125" lon="120.32885958440601825714111328125">
        <ele>145</ele>
        <time>2016-07-16T12:06:52.000Z</time>
        <extensions>
          <ns3:TrackPointExtension>
            <ns3:hr>125</ns3:hr>
            <ns3:cad>97</ns3:cad>
          </ns3:TrackPointExtension>
        </extensions>
      </trkpt>
      <trkpt lat="29.14811111055314540863037109375" lon="120.32888196408748626708984375">
        <ele>145</ele>
        <time>2016-07-16T12:06:53.000Z</time>
        <extensions>
          <ns3:TrackPointExtension>
            <ns3:hr>125</ns3:hr>
            <ns3:cad>97</ns3:cad>
          </ns3:TrackPointExtension>
        </extensions>
      </trkpt>
      <trkpt lat="29.1481321491301059722900390625" lon="120.3289022482931613922119140625">
        <ele>145</ele>
        <time>2016-07-16T12:06:54.000Z</time>
        <extensions>
          <ns3:TrackPointExtension>
            <ns3:hr>125</ns3:hr>
            <ns3:cad>96</ns3:cad>
          </ns3:TrackPointExtension>
        </extensions>
      </trkpt>
      <trkpt lat="29.14815369062125682830810546875" lon="120.32892328687012195587158203125">
        <ele>145</ele>
        <time>2016-07-16T12:06:55.000Z</time>
        <extensions>
          <ns3:TrackPointExtension>
            <ns3:hr>125</ns3:hr>
            <ns3:cad>96</ns3:cad>
          </ns3:TrackPointExtension>
        </extensions>
      </trkpt>
      <trkpt lat="29.1481757350265979766845703125" lon="120.3289411403238773345947265625">
        <ele>145</ele>
        <time>2016-07-16T12:06:56.000Z</time>
        <extensions>
          <ns3:TrackPointExtension>
            <ns3:hr>125</ns3:hr>
            <ns3:cad>96</ns3:cad>
          </ns3:TrackPointExtension>
        </extensions>
      </trkpt>
      <trkpt lat="29.14819777943193912506103515625" lon="120.32895840704441070556640625">
        <ele>144.8000030517578125</ele>
        <time>2016-07-16T12:06:57.000Z</time>
        <extensions>
          <ns3:TrackPointExtension>
            <ns3:hr>126</ns3:hr>
            <ns3:cad>96</ns3:cad>
          </ns3:TrackPointExtension>
        </extensions>
      </trkpt>
      <trkpt lat="29.148221500217914581298828125" lon="120.32897592522203922271728515625">
        <ele>144.8000030517578125</ele>
        <time>2016-07-16T12:06:58.000Z</time>
        <extensions>
          <ns3:TrackPointExtension>
            <ns3:hr>126</ns3:hr>
            <ns3:cad>96</ns3:cad>
          </ns3:TrackPointExtension>
        </extensions>
      </trkpt>
      <trkpt lat="29.148244298994541168212890625" lon="120.32899000681936740875244140625">
        <ele>144.8000030517578125</ele>
        <time>2016-07-16T12:06:59.000Z</time>
        <extensions>
          <ns3:TrackPointExtension>
            <ns3:hr>127</ns3:hr>
            <ns3:cad>97</ns3:cad>
          </ns3:TrackPointExtension>
        </extensions>
      </trkpt>
      <trkpt lat="29.14826751686632633209228515625" lon="120.32900040037930011749267578125">
        <ele>144.600006103515625</ele>
        <time>2016-07-16T12:07:00.000Z</time>
        <extensions>
          <ns3:TrackPointExtension>
            <ns3:hr>127</ns3:hr>
            <ns3:cad>97</ns3:cad>
          </ns3:TrackPointExtension>
        </extensions>
      </trkpt>
      <trkpt lat="29.1482930816709995269775390625" lon="120.329009704291820526123046875">
        <ele>144.600006103515625</ele>
        <time>2016-07-16T12:07:01.000Z</time>
        <extensions>
          <ns3:TrackPointExtension>
            <ns3:hr>128</ns3:hr>
            <ns3:cad>97</ns3:cad>
          </ns3:TrackPointExtension>
        </extensions>
      </trkpt>
      <trkpt lat="29.148317389190196990966796875" lon="120.329017080366611480712890625">
        <ele>144.399993896484375</ele>
        <time>2016-07-16T12:07:02.000Z</time>
        <extensions>
          <ns3:TrackPointExtension>
            <ns3:hr>128</ns3:hr>
            <ns3:cad>96</ns3:cad>
          </ns3:TrackPointExtension>
        </extensions>
      </trkpt>
      <trkpt lat="29.14834194816648960113525390625" lon="120.32902554608881473541259765625">
        <ele>144.399993896484375</ele>
        <time>2016-07-16T12:07:03.000Z</time>
        <extensions>
          <ns3:TrackPointExtension>
            <ns3:hr>128</ns3:hr>
            <ns3:cad>96</ns3:cad>
          </ns3:TrackPointExtension>
        </extensions>
      </trkpt>
      <trkpt lat="29.14836533367633819580078125" lon="120.3290323354303836822509765625">
        <ele>144.1999969482421875</ele>
        <time>2016-07-16T12:07:04.000Z</time>
        <extensions>
          <ns3:TrackPointExtension>
            <ns3:hr>129</ns3:hr>
            <ns3:cad>96</ns3:cad>
          </ns3:TrackPointExtension>
        </extensions>
      </trkpt>
      <trkpt lat="29.14838871918618679046630859375" lon="120.3290400467813014984130859375">
        <ele>144.1999969482421875</ele>
        <time>2016-07-16T12:07:05.000Z</time>
        <extensions>
          <ns3:TrackPointExtension>
            <ns3:hr>129</ns3:hr>
            <ns3:cad>96</ns3:cad>
          </ns3:TrackPointExtension>
        </extensions>
      </trkpt>
      <trkpt lat="29.1484121046960353851318359375" lon="120.32904935069382190704345703125">
        <ele>144.1999969482421875</ele>
        <time>2016-07-16T12:07:06.000Z</time>
        <extensions>
          <ns3:TrackPointExtension>
            <ns3:hr>130</ns3:hr>
            <ns3:cad>96</ns3:cad>
          </ns3:TrackPointExtension>
        </extensions>
      </trkpt>
      <trkpt lat="29.14843481965363025665283203125" lon="120.3290574811398983001708984375">
        <ele>144</ele>
        <time>2016-07-16T12:07:07.000Z</time>
        <extensions>
          <ns3:TrackPointExtension>
            <ns3:hr>131</ns3:hr>
            <ns3:cad>96</ns3:cad>
          </ns3:TrackPointExtension>
        </extensions>
      </trkpt>
      <trkpt lat="29.14848276413977146148681640625" lon="120.3290745802223682403564453125">
        <ele>143.399993896484375</ele>
        <time>2016-07-16T12:07:08.000Z</time>
        <extensions>
          <ns3:TrackPointExtension>
            <ns3:hr>132</ns3:hr>
            <ns3:cad>96</ns3:cad>
          </ns3:TrackPointExtension>
        </extensions>
      </trkpt>
      <trkpt lat="29.14848276413977146148681640625" lon="120.3290745802223682403564453125">
        <ele>143.399993896484375</ele>
        <time>2016-07-16T12:07:09.000Z</time>
        <extensions>
          <ns3:TrackPointExtension>
            <ns3:hr>132</ns3:hr>
            <ns3:cad>96</ns3:cad>
          </ns3:TrackPointExtension>
        </extensions>
      </trkpt>
      <trkpt lat="29.14850480854511260986328125" lon="120.32908170484006404876708984375">
        <ele>143</ele>
        <time>2016-07-16T12:07:10.000Z</time>
        <extensions>
          <ns3:TrackPointExtension>
            <ns3:hr>133</ns3:hr>
            <ns3:cad>96</ns3:cad>
          </ns3:TrackPointExtension>
        </extensions>
      </trkpt>
      <trkpt lat="29.148527942597866058349609375" lon="120.3290905058383941650390625">
        <ele>142.600006103515625</ele>
        <time>2016-07-16T12:07:11.000Z</time>
        <extensions>
          <ns3:TrackPointExtension>
            <ns3:hr>133</ns3:hr>
            <ns3:cad>96</ns3:cad>
          </ns3:TrackPointExtension>
        </extensions>
      </trkpt>
      <trkpt lat="29.14855149574577808380126953125" lon="120.3290980495512485504150390625">
        <ele>142.1999969482421875</ele>
        <time>2016-07-16T12:07:12.000Z</time>
        <extensions>
          <ns3:TrackPointExtension>
            <ns3:hr>133</ns3:hr>
            <ns3:cad>97</ns3:cad>
          </ns3:TrackPointExtension>
        </extensions>
      </trkpt>
      <trkpt lat="29.14857412688434123992919921875" lon="120.32910617999732494354248046875">
        <ele>141.8000030517578125</ele>
        <time>2016-07-16T12:07:13.000Z</time>
        <extensions>
          <ns3:TrackPointExtension>
            <ns3:hr>134</ns3:hr>
            <ns3:cad>97</ns3:cad>
          </ns3:TrackPointExtension>
        </extensions>
      </trkpt>
      <trkpt lat="29.1485981829464435577392578125" lon="120.32911439426243305206298828125">
        <ele>141.399993896484375</ele>
        <time>2016-07-16T12:07:14.000Z</time>
        <extensions>
          <ns3:TrackPointExtension>
            <ns3:hr>134</ns3:hr>
            <ns3:cad>97</ns3:cad>
          </ns3:TrackPointExtension>
        </extensions>
      </trkpt>
      <trkpt lat="29.1486199758946895599365234375" lon="120.32912244088947772979736328125">
        <ele>141.1999969482421875</ele>
        <time>2016-07-16T12:07:15.000Z</time>
        <extensions>
          <ns3:TrackPointExtension>
            <ns3:hr>135</ns3:hr>
            <ns3:cad>97</ns3:cad>
          </ns3:TrackPointExtension>
        </extensions>
      </trkpt>
      <trkpt lat="29.14864269085228443145751953125" lon="120.32913199625909328460693359375">
        <ele>140.8000030517578125</ele>
        <time>2016-07-16T12:07:16.000Z</time>
        <extensions>
          <ns3:TrackPointExtension>
            <ns3:hr>135</ns3:hr>
            <ns3:cad>97</ns3:cad>
          </ns3:TrackPointExtension>
        </extensions>
      </trkpt>
      <trkpt lat="29.14866565726697444915771484375" lon="120.3291396237909793853759765625">
        <ele>140.399993896484375</ele>
        <time>2016-07-16T12:07:17.000Z</time>
        <extensions>
          <ns3:TrackPointExtension>
            <ns3:hr>136</ns3:hr>
            <ns3:cad>97</ns3:cad>
          </ns3:TrackPointExtension>
        </extensions>
      </trkpt>
      <trkpt lat="29.14868862368166446685791015625" lon="120.3291476704180240631103515625">
        <ele>140</ele>
        <time>2016-07-16T12:07:18.000Z</time>
        <extensions>
          <ns3:TrackPointExtension>
            <ns3:hr>136</ns3:hr>
            <ns3:cad>98</ns3:cad>
          </ns3:TrackPointExtension>
        </extensions>
      </trkpt>
      <trkpt lat="29.14873413741588592529296875" lon="120.32916761934757232666015625">
        <ele>139.399993896484375</ele>
        <time>2016-07-16T12:07:19.000Z</time>
        <extensions>
          <ns3:TrackPointExtension>
            <ns3:hr>137</ns3:hr>
            <ns3:cad>96</ns3:cad>
          </ns3:TrackPointExtension>
        </extensions>
      </trkpt>
      <trkpt lat="29.14873413741588592529296875" lon="120.32916761934757232666015625">
        <ele>139.399993896484375</ele>
        <time>2016-07-16T12:07:20.000Z</time>
        <extensions>
          <ns3:TrackPointExtension>
            <ns3:hr>137</ns3:hr>
            <ns3:cad>96</ns3:cad>
          </ns3:TrackPointExtension>
        </extensions>
      </trkpt>
      <trkpt lat="29.1487564332783222198486328125" lon="120.329178683459758758544921875">
        <ele>139.1999969482421875</ele>
        <time>2016-07-16T12:07:21.000Z</time>
        <extensions>
          <ns3:TrackPointExtension>
            <ns3:hr>137</ns3:hr>
            <ns3:cad>96</ns3:cad>
          </ns3:TrackPointExtension>
        </extensions>
      </trkpt>
      <trkpt lat="29.148779399693012237548828125" lon="120.329189412295818328857421875">
        <ele>139</ele>
        <time>2016-07-16T12:07:22.000Z</time>
        <extensions>
          <ns3:TrackPointExtension>
            <ns3:hr>138</ns3:hr>
            <ns3:cad>96</ns3:cad>
          </ns3:TrackPointExtension>
        </extensions>
      </trkpt>
      <trkpt lat="29.1488013602793216705322265625" lon="120.32919846475124359130859375">
        <ele>139</ele>
        <time>2016-07-16T12:07:23.000Z</time>
        <extensions>
          <ns3:TrackPointExtension>
            <ns3:hr>138</ns3:hr>
            <ns3:cad>96</ns3:cad>
          </ns3:TrackPointExtension>
        </extensions>
      </trkpt>
      <trkpt lat="29.148824326694011688232421875" lon="120.329209864139556884765625">
        <ele>138.8000030517578125</ele>
        <time>2016-07-16T12:07:24.000Z</time>
        <extensions>
          <ns3:TrackPointExtension>
            <ns3:hr>139</ns3:hr>
            <ns3:cad>98</ns3:cad>
          </ns3:TrackPointExtension>
        </extensions>
      </trkpt>
      <trkpt lat="29.1488461196422576904296875" lon="120.329218246042728424072265625">
        <ele>138.600006103515625</ele>
        <time>2016-07-16T12:07:25.000Z</time>
        <extensions>
          <ns3:TrackPointExtension>
            <ns3:hr>139</ns3:hr>
            <ns3:cad>98</ns3:cad>
          </ns3:TrackPointExtension>
        </extensions>
      </trkpt>
      <trkpt lat="29.148867912590503692626953125" lon="120.32922537066042423248291015625">
        <ele>138.600006103515625</ele>
        <time>2016-07-16T12:07:26.000Z</time>
        <extensions>
          <ns3:TrackPointExtension>
            <ns3:hr>139</ns3:hr>
            <ns3:cad>98</ns3:cad>
          </ns3:TrackPointExtension>
        </extensions>
      </trkpt>
      <trkpt lat="29.14888911880552768707275390625" lon="120.3292338363826274871826171875">
        <ele>138.399993896484375</ele>
        <time>2016-07-16T12:07:27.000Z</time>
        <extensions>
          <ns3:TrackPointExtension>
            <ns3:hr>139</ns3:hr>
            <ns3:cad>97</ns3:cad>
          </ns3:TrackPointExtension>
        </extensions>
      </trkpt>
      <trkpt lat="29.14891074411571025848388671875" lon="120.32924213446676731109619140625">
        <ele>138.399993896484375</ele>
        <time>2016-07-16T12:07:28.000Z</time>
        <extensions>
          <ns3:TrackPointExtension>
            <ns3:hr>139</ns3:hr>
            <ns3:cad>97</ns3:cad>
          </ns3:TrackPointExtension>
        </extensions>
      </trkpt>
      <trkpt lat="29.14893253706395626068115234375" lon="120.329252444207668304443359375">
        <ele>138.1999969482421875</ele>
        <time>2016-07-16T12:07:29.000Z</time>
        <extensions>
          <ns3:TrackPointExtension>
            <ns3:hr>139</ns3:hr>
            <ns3:cad>97</ns3:cad>
          </ns3:TrackPointExtension>
        </extensions>
      </trkpt>
      <trkpt lat="29.1489529050886631011962890625" lon="120.3292621672153472900390625">
        <ele>138</ele>
        <time>2016-07-16T12:07:30.000Z</time>
        <extensions>
          <ns3:TrackPointExtension>
            <ns3:hr>139</ns3:hr>
            <ns3:cad>97</ns3:cad>
          </ns3:TrackPointExtension>
        </extensions>
      </trkpt>
      <trkpt lat="29.14897461421787738800048828125" lon="120.32927163876593112945556640625">
        <ele>138</ele>
        <time>2016-07-16T12:07:31.000Z</time>
        <extensions>
          <ns3:TrackPointExtension>
            <ns3:hr>139</ns3:hr>
            <ns3:cad>96</ns3:cad>
          </ns3:TrackPointExtension>
        </extensions>
      </trkpt>
      <trkpt lat="29.14899774827063083648681640625" lon="120.329278595745563507080078125">
        <ele>137.8000030517578125</ele>
        <time>2016-07-16T12:07:32.000Z</time>
        <extensions>
          <ns3:TrackPointExtension>
            <ns3:hr>139</ns3:hr>
            <ns3:cad>96</ns3:cad>
          </ns3:TrackPointExtension>
        </extensions>
      </trkpt>
      <trkpt lat="29.14902054704725742340087890625" lon="120.3292841278016567230224609375">
        <ele>138</ele>
        <time>2016-07-16T12:07:33.000Z</time>
        <extensions>
          <ns3:TrackPointExtension>
            <ns3:hr>139</ns3:hr>
            <ns3:cad>95</ns3:cad>
          </ns3:TrackPointExtension>
        </extensions>
      </trkpt>
      <trkpt lat="29.14904418401420116424560546875" lon="120.3292915038764476776123046875">
        <ele>138.1999969482421875</ele>
        <time>2016-07-16T12:07:34.000Z</time>
        <extensions>
          <ns3:TrackPointExtension>
            <ns3:hr>140</ns3:hr>
            <ns3:cad>96</ns3:cad>
          </ns3:TrackPointExtension>
        </extensions>
      </trkpt>
      <trkpt lat="29.14909162558615207672119140625" lon="120.32929904758930206298828125">
        <ele>138.600006103515625</ele>
        <time>2016-07-16T12:07:35.000Z</time>
        <extensions>
          <ns3:TrackPointExtension>
            <ns3:hr>140</ns3:hr>
            <ns3:cad>96</ns3:cad>
          </ns3:TrackPointExtension>
        </extensions>
      </trkpt>
      <trkpt lat="29.14909162558615207672119140625" lon="120.32929904758930206298828125">
        <ele>138.600006103515625</ele>
        <time>2016-07-16T12:07:36.000Z</time>
        <extensions>
          <ns3:TrackPointExtension>
            <ns3:hr>140</ns3:hr>
            <ns3:cad>96</ns3:cad>
          </ns3:TrackPointExtension>
        </extensions>
      </trkpt>
      <trkpt lat="29.1491175256669521331787109375" lon="120.32930030487477779388427734375">
        <ele>138.600006103515625</ele>
        <time>2016-07-16T12:07:37.000Z</time>
        <extensions>
          <ns3:TrackPointExtension>
            <ns3:hr>140</ns3:hr>
            <ns3:cad>96</ns3:cad>
          </ns3:TrackPointExtension>
        </extensions>
      </trkpt>
      <trkpt lat="29.14913806132972240447998046875" lon="120.3292978741228580474853515625">
        <ele>138.8000030517578125</ele>
        <time>2016-07-16T12:07:38.000Z</time>
        <extensions>
          <ns3:TrackPointExtension>
            <ns3:hr>140</ns3:hr>
            <ns3:cad>96</ns3:cad>
          </ns3:TrackPointExtension>
        </extensions>
      </trkpt>
      <trkpt lat="29.1491611115634441375732421875" lon="120.32929594628512859344482421875">
        <ele>139</ele>
        <time>2016-07-16T12:07:39.000Z</time>
        <extensions>
          <ns3:TrackPointExtension>
            <ns3:hr>140</ns3:hr>
            <ns3:cad>96</ns3:cad>
          </ns3:TrackPointExtension>
        </extensions>
      </trkpt>
      <trkpt lat="29.14918499998748302459716796875" lon="120.3292888216674327850341796875">
        <ele>139.1999969482421875</ele>
        <time>2016-07-16T12:07:40.000Z</time>
        <extensions>
          <ns3:TrackPointExtension>
            <ns3:hr>140</ns3:hr>
            <ns3:cad>96</ns3:cad>
          </ns3:TrackPointExtension>
        </extensions>
      </trkpt>
      <trkpt lat="29.14920679293572902679443359375" lon="120.32928303815424442291259765625">
        <ele>139.1999969482421875</ele>
        <time>2016-07-16T12:07:41.000Z</time>
        <extensions>
          <ns3:TrackPointExtension>
            <ns3:hr>140</ns3:hr>
            <ns3:cad>96</ns3:cad>
          </ns3:TrackPointExtension>
        </extensions>
      </trkpt>
      <trkpt lat="29.14922892116010189056396484375" lon="120.329277254641056060791015625">
        <ele>139.399993896484375</ele>
        <time>2016-07-16T12:07:42.000Z</time>
        <extensions>
          <ns3:TrackPointExtension>
            <ns3:hr>140</ns3:hr>
            <ns3:cad>96</ns3:cad>
          </ns3:TrackPointExtension>
        </extensions>
      </trkpt>
      <trkpt lat="29.14927192032337188720703125" lon="120.329261161386966705322265625">
        <ele>140</ele>
        <time>2016-07-16T12:07:43.000Z</time>
        <extensions>
          <ns3:TrackPointExtension>
            <ns3:hr>141</ns3:hr>
            <ns3:cad>98</ns3:cad>
          </ns3:TrackPointExtension>
        </extensions>
      </trkpt>
      <trkpt lat="29.14927192032337188720703125" lon="120.329261161386966705322265625">
        <ele>140</ele>
        <time>2016-07-16T12:07:44.000Z</time>
        <extensions>
          <ns3:TrackPointExtension>
            <ns3:hr>141</ns3:hr>
            <ns3:cad>98</ns3:cad>
          </ns3:TrackPointExtension>
        </extensions>
      </trkpt>
      <trkpt lat="29.1492927074432373046875" lon="120.32924942672252655029296875">
        <ele>140</ele>
        <time>2016-07-16T12:07:45.000Z</time>
        <extensions>
          <ns3:TrackPointExtension>
            <ns3:hr>141</ns3:hr>
            <ns3:cad>98</ns3:cad>
          </ns3:TrackPointExtension>
        </extensions>
      </trkpt>
      <trkpt lat="29.149312488734722137451171875" lon="120.3292380273342132568359375">
        <ele>140.1999969482421875</ele>
        <time>2016-07-16T12:07:46.000Z</time>
        <extensions>
          <ns3:TrackPointExtension>
            <ns3:hr>141</ns3:hr>
            <ns3:cad>97</ns3:cad>
          </ns3:TrackPointExtension>
        </extensions>
      </trkpt>
      <trkpt lat="29.1493317671120166778564453125" lon="120.3292251192033290863037109375">
        <ele>140.1999969482421875</ele>
        <time>2016-07-16T12:07:47.000Z</time>
        <extensions>
          <ns3:TrackPointExtension>
            <ns3:hr>140</ns3:hr>
            <ns3:cad>97</ns3:cad>
          </ns3:TrackPointExtension>
        </extensions>
      </trkpt>
      <trkpt lat="29.14935029111802577972412109375" lon="120.3292100317776203155517578125">
        <ele>140.1999969482421875</ele>
        <time>2016-07-16T12:07:48.000Z</time>
        <extensions>
          <ns3:TrackPointExtension>
            <ns3:hr>140</ns3:hr>
            <ns3:cad>97</ns3:cad>
          </ns3:TrackPointExtension>
        </extensions>
      </trkpt>
      <trkpt lat="29.14936923421919345855712890625" lon="120.32919435761868953704833984375">
        <ele>140.399993896484375</ele>
        <time>2016-07-16T12:07:49.000Z</time>
        <extensions>
          <ns3:TrackPointExtension>
            <ns3:hr>140</ns3:hr>
            <ns3:cad>97</ns3:cad>
          </ns3:TrackPointExtension>
        </extensions>
      </trkpt>
      <trkpt lat="29.14938834495842456817626953125" lon="120.32917725853621959686279296875">
        <ele>140.399993896484375</ele>
        <time>2016-07-16T12:07:50.000Z</time>
        <extensions>
          <ns3:TrackPointExtension>
            <ns3:hr>140</ns3:hr>
            <ns3:cad>97</ns3:cad>
          </ns3:TrackPointExtension>
        </extensions>
      </trkpt>
      <trkpt lat="29.149407036602497100830078125" lon="120.32915982417762279510498046875">
        <ele>140.600006103515625</ele>
        <time>2016-07-16T12:07:51.000Z</time>
        <extensions>
          <ns3:TrackPointExtension>
            <ns3:hr>140</ns3:hr>
            <ns3:cad>97</ns3:cad>
          </ns3:TrackPointExtension>
        </extensions>
      </trkpt>
      <trkpt lat="29.149423129856586456298828125" lon="120.32914272509515285491943359375">
        <ele>140.8000030517578125</ele>
        <time>2016-07-16T12:07:52.000Z</time>
        <extensions>
          <ns3:TrackPointExtension>
            <ns3:hr>139</ns3:hr>
            <ns3:cad>97</ns3:cad>
          </ns3:TrackPointExtension>
        </extensions>
      </trkpt>
      <trkpt lat="29.14943763054907321929931640625" lon="120.329122357070446014404296875">
        <ele>141</ele>
        <time>2016-07-16T12:07:53.000Z</time>
        <extensions>
          <ns3:TrackPointExtension>
            <ns3:hr>139</ns3:hr>
            <ns3:cad>97</ns3:cad>
          </ns3:TrackPointExtension>
        </extensions>
      </trkpt>
      <trkpt lat="29.14945120923221111297607421875" lon="120.32909922301769256591796875">
        <ele>141</ele>
        <time>2016-07-16T12:07:54.000Z</time>
        <extensions>
          <ns3:TrackPointExtension>
            <ns3:hr>139</ns3:hr>
            <ns3:cad>95</ns3:cad>
          </ns3:TrackPointExtension>
        </extensions>
      </trkpt>
      <trkpt lat="29.149462692439556121826171875" lon="120.3290755860507488250732421875">
        <ele>141.1999969482421875</ele>
        <time>2016-07-16T12:07:55.000Z</time>
        <extensions>
          <ns3:TrackPointExtension>
            <ns3:hr>138</ns3:hr>
            <ns3:cad>95</ns3:cad>
          </ns3:TrackPointExtension>
        </extensions>
      </trkpt>
      <trkpt lat="29.1494729183614253997802734375" lon="120.32905228435993194580078125">
        <ele>141.399993896484375</ele>
        <time>2016-07-16T12:07:56.000Z</time>
        <extensions>
          <ns3:TrackPointExtension>
            <ns3:hr>138</ns3:hr>
            <ns3:cad>95</ns3:cad>
          </ns3:TrackPointExtension>
        </extensions>
      </trkpt>
      <trkpt lat="29.14948222227394580841064453125" lon="120.329025797545909881591796875">
        <ele>141.600006103515625</ele>
        <time>2016-07-16T12:07:57.000Z</time>
        <extensions>
          <ns3:TrackPointExtension>
            <ns3:hr>138</ns3:hr>
            <ns3:cad>97</ns3:cad>
          </ns3:TrackPointExtension>
        </extensions>
      </trkpt>
      <trkpt lat="29.1494923643767833709716796875" lon="120.3290028311312198638916015625">
        <ele>141.8000030517578125</ele>
        <time>2016-07-16T12:07:58.000Z</time>
        <extensions>
          <ns3:TrackPointExtension>
            <ns3:hr>138</ns3:hr>
            <ns3:cad>97</ns3:cad>
          </ns3:TrackPointExtension>
        </extensions>
      </trkpt>
      <trkpt lat="29.1495020873844623565673828125" lon="120.32898078672587871551513671875">
        <ele>141.8000030517578125</ele>
        <time>2016-07-16T12:07:59.000Z</time>
        <extensions>
          <ns3:TrackPointExtension>
            <ns3:hr>138</ns3:hr>
            <ns3:cad>97</ns3:cad>
          </ns3:TrackPointExtension>
        </extensions>
      </trkpt>
      <trkpt lat="29.14951172657310962677001953125" lon="120.328959412872791290283203125">
        <ele>142</ele>
        <time>2016-07-16T12:08:00.000Z</time>
        <extensions>
          <ns3:TrackPointExtension>
            <ns3:hr>138</ns3:hr>
            <ns3:cad>98</ns3:cad>
          </ns3:TrackPointExtension>
        </extensions>
      </trkpt>
      <trkpt lat="29.14951960556209087371826171875" lon="120.3289371170103549957275390625">
        <ele>142.1999969482421875</ele>
        <time>2016-07-16T12:08:01.000Z</time>
        <extensions>
          <ns3:TrackPointExtension>
            <ns3:hr>138</ns3:hr>
            <ns3:cad>98</ns3:cad>
          </ns3:TrackPointExtension>
        </extensions>
      </trkpt>
      <trkpt lat="29.1495258919894695281982421875" lon="120.3289136476814746856689453125">
        <ele>142.399993896484375</ele>
        <time>2016-07-16T12:08:02.000Z</time>
        <extensions>
          <ns3:TrackPointExtension>
            <ns3:hr>139</ns3:hr>
            <ns3:cad>97</ns3:cad>
          </ns3:TrackPointExtension>
        </extensions>
      </trkpt>
      <trkpt lat="29.14953066967427730560302734375" lon="120.3288895078003406524658203125">
        <ele>142.399993896484375</ele>
        <time>2016-07-16T12:08:03.000Z</time>
        <extensions>
          <ns3:TrackPointExtension>
            <ns3:hr>139</ns3:hr>
            <ns3:cad>97</ns3:cad>
          </ns3:TrackPointExtension>
        </extensions>
      </trkpt>
      <trkpt lat="29.14953368715941905975341796875" lon="120.32886318862438201904296875">
        <ele>142.600006103515625</ele>
        <time>2016-07-16T12:08:04.000Z</time>
        <extensions>
          <ns3:TrackPointExtension>
            <ns3:hr>139</ns3:hr>
            <ns3:cad>97</ns3:cad>
          </ns3:TrackPointExtension>
        </extensions>
      </trkpt>
      <trkpt lat="29.14953477680683135986328125" lon="120.32883510924875736236572265625">
        <ele>142.600006103515625</ele>
        <time>2016-07-16T12:08:05.000Z</time>
        <extensions>
          <ns3:TrackPointExtension>
            <ns3:hr>140</ns3:hr>
            <ns3:cad>97</ns3:cad>
          </ns3:TrackPointExtension>
        </extensions>
      </trkpt>
      <trkpt lat="29.1495356149971485137939453125" lon="120.32880744896829128265380859375">
        <ele>142.8000030517578125</ele>
        <time>2016-07-16T12:08:06.000Z</time>
        <extensions>
          <ns3:TrackPointExtension>
            <ns3:hr>140</ns3:hr>
            <ns3:cad>95</ns3:cad>
          </ns3:TrackPointExtension>
        </extensions>
      </trkpt>
      <trkpt lat="29.149534441530704498291015625" lon="120.32877660356462001800537109375">
        <ele>142.8000030517578125</ele>
        <time>2016-07-16T12:08:07.000Z</time>
        <extensions>
          <ns3:TrackPointExtension>
            <ns3:hr>140</ns3:hr>
            <ns3:cad>95</ns3:cad>
          </ns3:TrackPointExtension>
        </extensions>
      </trkpt>
      <trkpt lat="29.1495325975120067596435546875" lon="120.32874760217964649200439453125">
        <ele>143</ele>
        <time>2016-07-16T12:08:08.000Z</time>
        <extensions>
          <ns3:TrackPointExtension>
            <ns3:hr>141</ns3:hr>
            <ns3:cad>97</ns3:cad>
          </ns3:TrackPointExtension>
        </extensions>
      </trkpt>
      <trkpt lat="29.14952362887561321258544921875" lon="120.32869010232388973236083984375">
        <ele>143.600006103515625</ele>
        <time>2016-07-16T12:08:09.000Z</time>
        <extensions>
          <ns3:TrackPointExtension>
            <ns3:hr>141</ns3:hr>
            <ns3:cad>96</ns3:cad>
          </ns3:TrackPointExtension>
        </extensions>
      </trkpt>
      <trkpt lat="29.14952362887561321258544921875" lon="120.32869010232388973236083984375">
        <ele>143.600006103515625</ele>
        <time>2016-07-16T12:08:10.000Z</time>
        <extensions>
          <ns3:TrackPointExtension>
            <ns3:hr>141</ns3:hr>
            <ns3:cad>96</ns3:cad>
          </ns3:TrackPointExtension>
        </extensions>
      </trkpt>
      <trkpt lat="29.14951776154339313507080078125" lon="120.32866462133824825286865234375">
        <ele>143.8000030517578125</ele>
        <time>2016-07-16T12:08:11.000Z</time>
        <extensions>
          <ns3:TrackPointExtension>
            <ns3:hr>142</ns3:hr>
            <ns3:cad>96</ns3:cad>
          </ns3:TrackPointExtension>
        </extensions>
      </trkpt>
      <trkpt lat="29.1495111398398876190185546875" lon="120.3286393918097019195556640625">
        <ele>143.8000030517578125</ele>
        <time>2016-07-16T12:08:12.000Z</time>
        <extensions>
          <ns3:TrackPointExtension>
            <ns3:hr>142</ns3:hr>
            <ns3:cad>96</ns3:cad>
          </ns3:TrackPointExtension>
        </extensions>
      </trkpt>
      <trkpt lat="29.14950191974639892578125" lon="120.3286139108240604400634765625">
        <ele>144</ele>
        <time>2016-07-16T12:08:13.000Z</time>
        <extensions>
          <ns3:TrackPointExtension>
            <ns3:hr>141</ns3:hr>
            <ns3:cad>97</ns3:cad>
          </ns3:TrackPointExtension>
        </extensions>
      </trkpt>
      <trkpt lat="29.1494913585484027862548828125" lon="120.3285889327526092529296875">
        <ele>144.1999969482421875</ele>
        <time>2016-07-16T12:08:14.000Z</time>
        <extensions>
          <ns3:TrackPointExtension>
            <ns3:hr>141</ns3:hr>
            <ns3:cad>97</ns3:cad>
          </ns3:TrackPointExtension>
        </extensions>
      </trkpt>
      <trkpt lat="29.14948037825524806976318359375" lon="120.32856470905244350433349609375">
        <ele>144.1999969482421875</ele>
        <time>2016-07-16T12:08:15.000Z</time>
        <extensions>
          <ns3:TrackPointExtension>
            <ns3:hr>141</ns3:hr>
            <ns3:cad>97</ns3:cad>
          </ns3:TrackPointExtension>
        </extensions>
      </trkpt>
      <trkpt lat="29.149454645812511444091796875" lon="120.32851844094693660736083984375">
        <ele>144.399993896484375</ele>
        <time>2016-07-16T12:08:16.000Z</time>
        <extensions>
          <ns3:TrackPointExtension>
            <ns3:hr>140</ns3:hr>
            <ns3:cad>97</ns3:cad>
          </ns3:TrackPointExtension>
        </extensions>
      </trkpt>
      <trkpt lat="29.149454645812511444091796875" lon="120.32851844094693660736083984375">
        <ele>144.399993896484375</ele>
        <time>2016-07-16T12:08:17.000Z</time>
        <extensions>
          <ns3:TrackPointExtension>
            <ns3:hr>140</ns3:hr>
            <ns3:cad>97</ns3:cad>
          </ns3:TrackPointExtension>
        </extensions>
      </trkpt>
      <trkpt lat="29.149439223110675811767578125" lon="120.32849664799869060516357421875">
        <ele>144.399993896484375</ele>
        <time>2016-07-16T12:08:18.000Z</time>
        <extensions>
          <ns3:TrackPointExtension>
            <ns3:hr>140</ns3:hr>
            <ns3:cad>97</ns3:cad>
          </ns3:TrackPointExtension>
        </extensions>
      </trkpt>
      <trkpt lat="29.1494226269423961639404296875" lon="120.3284767828881740570068359375">
        <ele>144.399993896484375</ele>
        <time>2016-07-16T12:08:19.000Z</time>
        <extensions>
          <ns3:TrackPointExtension>
            <ns3:hr>139</ns3:hr>
            <ns3:cad>96</ns3:cad>
          </ns3:TrackPointExtension>
        </extensions>
      </trkpt>
      <trkpt lat="29.14940594695508480072021484375" lon="120.32845892943441867828369140625">
        <ele>144.399993896484375</ele>
        <time>2016-07-16T12:08:20.000Z</time>
        <extensions>
          <ns3:TrackPointExtension>
            <ns3:hr>139</ns3:hr>
            <ns3:cad>96</ns3:cad>
          </ns3:TrackPointExtension>
        </extensions>
      </trkpt>
      <trkpt lat="29.149388261139392852783203125" lon="120.32844115979969501495361328125">
        <ele>144.1999969482421875</ele>
        <time>2016-07-16T12:08:21.000Z</time>
        <extensions>
          <ns3:TrackPointExtension>
            <ns3:hr>139</ns3:hr>
            <ns3:cad>98</ns3:cad>
          </ns3:TrackPointExtension>
        </extensions>
      </trkpt>
      <trkpt lat="29.1493703238666057586669921875" lon="120.328424982726573944091796875">
        <ele>144.1999969482421875</ele>
        <time>2016-07-16T12:08:22.000Z</time>
        <extensions>
          <ns3:TrackPointExtension>
            <ns3:hr>139</ns3:hr>
            <ns3:cad>98</ns3:cad>
          </ns3:TrackPointExtension>
        </extensions>
      </trkpt>
      <trkpt lat="29.14935247041285037994384765625" lon="120.32841048203408718109130859375">
        <ele>144</ele>
        <time>2016-07-16T12:08:23.000Z</time>
        <extensions>
          <ns3:TrackPointExtension>
            <ns3:hr>139</ns3:hr>
            <ns3:cad>98</ns3:cad>
          </ns3:TrackPointExtension>
        </extensions>
      </trkpt>
      <trkpt lat="29.14933268912136554718017578125" lon="120.32839757390320301055908203125">
        <ele>144</ele>
        <time>2016-07-16T12:08:24.000Z</time>
        <extensions>
          <ns3:TrackPointExtension>
            <ns3:hr>139</ns3:hr>
            <ns3:cad>98</ns3:cad>
          </ns3:TrackPointExtension>
        </extensions>
      </trkpt>
      <trkpt lat="29.1493123210966587066650390625" lon="120.3283859230577945709228515625">
        <ele>143.8000030517578125</ele>
        <time>2016-07-16T12:08:25.000Z</time>
        <extensions>
          <ns3:TrackPointExtension>
            <ns3:hr>139</ns3:hr>
            <ns3:cad>97</ns3:cad>
          </ns3:TrackPointExtension>
        </extensions>
      </trkpt>
      <trkpt lat="29.14929027669131755828857421875" lon="120.32837645150721073150634765625">
        <ele>143.600006103515625</ele>
        <time>2016-07-16T12:08:26.000Z</time>
        <extensions>
          <ns3:TrackPointExtension>
            <ns3:hr>139</ns3:hr>
            <ns3:cad>97</ns3:cad>
          </ns3:TrackPointExtension>
        </extensions>
      </trkpt>
      <trkpt lat="29.1492673940956592559814453125" lon="120.328367650508880615234375">
        <ele>143.399993896484375</ele>
        <time>2016-07-16T12:08:27.000Z</time>
        <extensions>
          <ns3:TrackPointExtension>
            <ns3:hr>138</ns3:hr>
            <ns3:cad>97</ns3:cad>
          </ns3:TrackPointExtension>
        </extensions>
      </trkpt>
      <trkpt lat="29.14924442768096923828125" lon="120.3283601067960262298583984375">
        <ele>143.399993896484375</ele>
        <time>2016-07-16T12:08:28.000Z</time>
        <extensions>
          <ns3:TrackPointExtension>
            <ns3:hr>138</ns3:hr>
            <ns3:cad>96</ns3:cad>
          </ns3:TrackPointExtension>
        </extensions>
      </trkpt>
      <trkpt lat="29.149221964180469512939453125" lon="120.32835281454026699066162109375">
        <ele>143.1999969482421875</ele>
        <time>2016-07-16T12:08:29.000Z</time>
        <extensions>
          <ns3:TrackPointExtension>
            <ns3:hr>138</ns3:hr>
            <ns3:cad>95</ns3:cad>
          </ns3:TrackPointExtension>
        </extensions>
      </trkpt>
      <trkpt lat="29.14919991977512836456298828125" lon="120.32834527082741260528564453125">
        <ele>143.1999969482421875</ele>
        <time>2016-07-16T12:08:30.000Z</time>
        <extensions>
          <ns3:TrackPointExtension>
            <ns3:hr>138</ns3:hr>
            <ns3:cad>95</ns3:cad>
          </ns3:TrackPointExtension>
        </extensions>
      </trkpt>
      <trkpt lat="29.14917812682688236236572265625" lon="120.328337140381336212158203125">
        <ele>143</ele>
        <time>2016-07-16T12:08:31.000Z</time>
        <extensions>
          <ns3:TrackPointExtension>
            <ns3:hr>138</ns3:hr>
            <ns3:cad>96</ns3:cad>
          </ns3:TrackPointExtension>
        </extensions>
      </trkpt>
      <trkpt lat="29.149155579507350921630859375" lon="120.3283275850117206573486328125">
        <ele>143</ele>
        <time>2016-07-16T12:08:32.000Z</time>
        <extensions>
          <ns3:TrackPointExtension>
            <ns3:hr>138</ns3:hr>
            <ns3:cad>96</ns3:cad>
          </ns3:TrackPointExtension>
        </extensions>
      </trkpt>
      <trkpt lat="29.14910830557346343994140625" lon="120.32831140793859958648681640625">
        <ele>142.8000030517578125</ele>
        <time>2016-07-16T12:08:33.000Z</time>
        <extensions>
          <ns3:TrackPointExtension>
            <ns3:hr>139</ns3:hr>
            <ns3:cad>97</ns3:cad>
          </ns3:TrackPointExtension>
        </extensions>
      </trkpt>
      <trkpt lat="29.14910830557346343994140625" lon="120.32831140793859958648681640625">
        <ele>142.8000030517578125</ele>
        <time>2016-07-16T12:08:34.000Z</time>
        <extensions>
          <ns3:TrackPointExtension>
            <ns3:hr>139</ns3:hr>
            <ns3:cad>97</ns3:cad>
          </ns3:TrackPointExtension>
        </extensions>
      </trkpt>
      <trkpt lat="29.14908542297780513763427734375" lon="120.32830436713993549346923828125">
        <ele>142.8000030517578125</ele>
        <time>2016-07-16T12:08:35.000Z</time>
        <extensions>
          <ns3:TrackPointExtension>
            <ns3:hr>139</ns3:hr>
            <ns3:cad>98</ns3:cad>
          </ns3:TrackPointExtension>
        </extensions>
      </trkpt>
      <trkpt lat="29.14906270802021026611328125" lon="120.32829724252223968505859375">
        <ele>142.600006103515625</ele>
        <time>2016-07-16T12:08:36.000Z</time>
        <extensions>
          <ns3:TrackPointExtension>
            <ns3:hr>139</ns3:hr>
            <ns3:cad>98</ns3:cad>
          </ns3:TrackPointExtension>
        </extensions>
      </trkpt>
      <trkpt lat="29.1490390710532665252685546875" lon="120.32829062081873416900634765625">
        <ele>142.399993896484375</ele>
        <time>2016-07-16T12:08:37.000Z</time>
        <extensions>
          <ns3:TrackPointExtension>
            <ns3:hr>139</ns3:hr>
            <ns3:cad>97</ns3:cad>
          </ns3:TrackPointExtension>
        </extensions>
      </trkpt>
      <trkpt lat="29.14901451207697391510009765625" lon="120.328284166753292083740234375">
        <ele>142.399993896484375</ele>
        <time>2016-07-16T12:08:38.000Z</time>
        <extensions>
          <ns3:TrackPointExtension>
            <ns3:hr>140</ns3:hr>
            <ns3:cad>96</ns3:cad>
          </ns3:TrackPointExtension>
        </extensions>
      </trkpt>
      <trkpt lat="29.148991964757442474365234375" lon="120.328276120126247406005859375">
        <ele>142.1999969482421875</ele>
        <time>2016-07-16T12:08:39.000Z</time>
        <extensions>
          <ns3:TrackPointExtension>
            <ns3:hr>140</ns3:hr>
            <ns3:cad>96</ns3:cad>
          </ns3:TrackPointExtension>
        </extensions>
      </trkpt>
      <trkpt lat="29.1489706747233867645263671875" lon="120.3282662294805049896240234375">
        <ele>142.399993896484375</ele>
        <time>2016-07-16T12:08:40.000Z</time>
        <extensions>
          <ns3:TrackPointExtension>
            <ns3:hr>140</ns3:hr>
            <ns3:cad>96</ns3:cad>
          </ns3:TrackPointExtension>
        </extensions>
      </trkpt>
      <trkpt lat="29.14894863031804561614990234375" lon="120.328258685767650604248046875">
        <ele>142.399993896484375</ele>
        <time>2016-07-16T12:08:41.000Z</time>
        <extensions>
          <ns3:TrackPointExtension>
            <ns3:hr>140</ns3:hr>
            <ns3:cad>96</ns3:cad>
          </ns3:TrackPointExtension>
        </extensions>
      </trkpt>
      <trkpt lat="29.14892666973173618316650390625" lon="120.32825206406414508819580078125">
        <ele>142.399993896484375</ele>
        <time>2016-07-16T12:08:42.000Z</time>
        <extensions>
          <ns3:TrackPointExtension>
            <ns3:hr>140</ns3:hr>
            <ns3:cad>96</ns3:cad>
          </ns3:TrackPointExtension>
        </extensions>
      </trkpt>
      <trkpt lat="29.1488835029304027557373046875" lon="120.32823622226715087890625">
        <ele>142.399993896484375</ele>
        <time>2016-07-16T12:08:43.000Z</time>
        <extensions>
          <ns3:TrackPointExtension>
            <ns3:hr>139</ns3:hr>
            <ns3:cad>98</ns3:cad>
          </ns3:TrackPointExtension>
        </extensions>
      </trkpt>
      <trkpt lat="29.1488835029304027557373046875" lon="120.32823622226715087890625">
        <ele>142.399993896484375</ele>
        <time>2016-07-16T12:08:44.000Z</time>
        <extensions>
          <ns3:TrackPointExtension>
            <ns3:hr>139</ns3:hr>
            <ns3:cad>98</ns3:cad>
          </ns3:TrackPointExtension>
        </extensions>
      </trkpt>
      <trkpt lat="29.14886229671537876129150390625" lon="120.32822725363075733184814453125">
        <ele>142.399993896484375</ele>
        <time>2016-07-16T12:08:45.000Z</time>
        <extensions>
          <ns3:TrackPointExtension>
            <ns3:hr>138</ns3:hr>
            <ns3:cad>97</ns3:cad>
          </ns3:TrackPointExtension>
        </extensions>
      </trkpt>
      <trkpt lat="29.148839749395847320556640625" lon="120.32821970991790294647216796875">
        <ele>142.399993896484375</ele>
        <time>2016-07-16T12:08:46.000Z</time>
        <extensions>
          <ns3:TrackPointExtension>
            <ns3:hr>138</ns3:hr>
            <ns3:cad>97</ns3:cad>
          </ns3:TrackPointExtension>
        </extensions>
      </trkpt>
      <trkpt lat="29.1487924754619598388671875" lon="120.328203700482845306396484375">
        <ele>142.399993896484375</ele>
        <time>2016-07-16T12:08:47.000Z</time>
        <extensions>
          <ns3:TrackPointExtension>
            <ns3:hr>138</ns3:hr>
            <ns3:cad>97</ns3:cad>
          </ns3:TrackPointExtension>
        </extensions>
      </trkpt>
      <trkpt lat="29.1487924754619598388671875" lon="120.328203700482845306396484375">
        <ele>142.399993896484375</ele>
        <time>2016-07-16T12:08:48.000Z</time>
        <extensions>
          <ns3:TrackPointExtension>
            <ns3:hr>138</ns3:hr>
            <ns3:cad>97</ns3:cad>
          </ns3:TrackPointExtension>
        </extensions>
      </trkpt>
      <trkpt lat="29.14876942522823810577392578125" lon="120.32819540239870548248291015625">
        <ele>142.1999969482421875</ele>
        <time>2016-07-16T12:08:49.000Z</time>
        <extensions>
          <ns3:TrackPointExtension>
            <ns3:hr>138</ns3:hr>
            <ns3:cad>96</ns3:cad>
          </ns3:TrackPointExtension>
        </extensions>
      </trkpt>
      <trkpt lat="29.1487470455467700958251953125" lon="120.32818769104778766632080078125">
        <ele>142.1999969482421875</ele>
        <time>2016-07-16T12:08:50.000Z</time>
        <extensions>
          <ns3:TrackPointExtension>
            <ns3:hr>139</ns3:hr>
            <ns3:cad>96</ns3:cad>
          </ns3:TrackPointExtension>
        </extensions>
      </trkpt>
      <trkpt lat="29.1487249173223972320556640625" lon="120.3281820751726627349853515625">
        <ele>142.1999969482421875</ele>
        <time>2016-07-16T12:08:51.000Z</time>
        <extensions>
          <ns3:TrackPointExtension>
            <ns3:hr>139</ns3:hr>
            <ns3:cad>96</ns3:cad>
          </ns3:TrackPointExtension>
        </extensions>
      </trkpt>
      <trkpt lat="29.14870329201221466064453125" lon="120.3281772136688232421875">
        <ele>142.1999969482421875</ele>
        <time>2016-07-16T12:08:52.000Z</time>
        <extensions>
          <ns3:TrackPointExtension>
            <ns3:hr>139</ns3:hr>
            <ns3:cad>97</ns3:cad>
          </ns3:TrackPointExtension>
        </extensions>
      </trkpt>
      <trkpt lat="29.14868007414042949676513671875" lon="120.3281703405082225799560546875">
        <ele>142.1999969482421875</ele>
        <time>2016-07-16T12:08:53.000Z</time>
        <extensions>
          <ns3:TrackPointExtension>
            <ns3:hr>139</ns3:hr>
            <ns3:cad>97</ns3:cad>
          </ns3:TrackPointExtension>
        </extensions>
      </trkpt>
      <trkpt lat="29.14865593425929546356201171875" lon="120.3281622938811779022216796875">
        <ele>142.1999969482421875</ele>
        <time>2016-07-16T12:08:54.000Z</time>
        <extensions>
          <ns3:TrackPointExtension>
            <ns3:hr>140</ns3:hr>
            <ns3:cad>97</ns3:cad>
          </ns3:TrackPointExtension>
        </extensions>
      </trkpt>
      <trkpt lat="29.14863212965428829193115234375" lon="120.3281515650451183319091796875">
        <ele>142.1999969482421875</ele>
        <time>2016-07-16T12:08:55.000Z</time>
        <extensions>
          <ns3:TrackPointExtension>
            <ns3:hr>140</ns3:hr>
            <ns3:cad>97</ns3:cad>
          </ns3:TrackPointExtension>
        </extensions>
      </trkpt>
      <trkpt lat="29.14860916323959827423095703125" lon="120.3281418420374393463134765625">
        <ele>142.399993896484375</ele>
        <time>2016-07-16T12:08:56.000Z</time>
        <extensions>
          <ns3:TrackPointExtension>
            <ns3:hr>140</ns3:hr>
            <ns3:cad>97</ns3:cad>
          </ns3:TrackPointExtension>
        </extensions>
      </trkpt>
      <trkpt lat="29.14858737029135227203369140625" lon="120.32813153229653835296630859375">
        <ele>142.399993896484375</ele>
        <time>2016-07-16T12:08:57.000Z</time>
        <extensions>
          <ns3:TrackPointExtension>
            <ns3:hr>140</ns3:hr>
            <ns3:cad>97</ns3:cad>
          </ns3:TrackPointExtension>
        </extensions>
      </trkpt>
      <trkpt lat="29.14854395203292369842529296875" lon="120.32811124809086322784423828125">
        <ele>142.399993896484375</ele>
        <time>2016-07-16T12:08:58.000Z</time>
        <extensions>
          <ns3:TrackPointExtension>
            <ns3:hr>140</ns3:hr>
            <ns3:cad>97</ns3:cad>
          </ns3:TrackPointExtension>
        </extensions>
      </trkpt>
      <trkpt lat="29.14854395203292369842529296875" lon="120.32811124809086322784423828125">
        <ele>142.399993896484375</ele>
        <time>2016-07-16T12:08:59.000Z</time>
        <extensions>
          <ns3:TrackPointExtension>
            <ns3:hr>140</ns3:hr>
            <ns3:cad>97</ns3:cad>
          </ns3:TrackPointExtension>
        </extensions>
      </trkpt>
      <trkpt lat="29.14852031506597995758056640625" lon="120.32810571603477001190185546875">
        <ele>142.399993896484375</ele>
        <time>2016-07-16T12:09:00.000Z</time>
        <extensions>
          <ns3:TrackPointExtension>
            <ns3:hr>139</ns3:hr>
            <ns3:cad>97</ns3:cad>
          </ns3:TrackPointExtension>
        </extensions>
      </trkpt>
      <trkpt lat="29.1484969295561313629150390625" lon="120.32810102216899394989013671875">
        <ele>142.399993896484375</ele>
        <time>2016-07-16T12:09:01.000Z</time>
        <extensions>
          <ns3:TrackPointExtension>
            <ns3:hr>139</ns3:hr>
            <ns3:cad>97</ns3:cad>
          </ns3:TrackPointExtension>
        </extensions>
      </trkpt>
      <trkpt lat="29.1484732925891876220703125" lon="120.32809599302709102630615234375">
        <ele>142.399993896484375</ele>
        <time>2016-07-16T12:09:02.000Z</time>
        <extensions>
          <ns3:TrackPointExtension>
            <ns3:hr>138</ns3:hr>
            <ns3:cad>98</ns3:cad>
          </ns3:TrackPointExtension>
        </extensions>
      </trkpt>
      <trkpt lat="29.148449487984180450439453125" lon="120.3280932269990444183349609375">
        <ele>142.399993896484375</ele>
        <time>2016-07-16T12:09:03.000Z</time>
        <extensions>
          <ns3:TrackPointExtension>
            <ns3:hr>138</ns3:hr>
            <ns3:cad>98</ns3:cad>
          </ns3:TrackPointExtension>
        </extensions>
      </trkpt>
      <trkpt lat="29.1484250128269195556640625" lon="120.328093059360980987548828125">
        <ele>142.399993896484375</ele>
        <time>2016-07-16T12:09:04.000Z</time>
        <extensions>
          <ns3:TrackPointExtension>
            <ns3:hr>139</ns3:hr>
            <ns3:cad>97</ns3:cad>
          </ns3:TrackPointExtension>
        </extensions>
      </trkpt>
      <trkpt lat="29.14840062148869037628173828125" lon="120.32809481956064701080322265625">
        <ele>142.399993896484375</ele>
        <time>2016-07-16T12:09:05.000Z</time>
        <extensions>
          <ns3:TrackPointExtension>
            <ns3:hr>139</ns3:hr>
            <ns3:cad>97</ns3:cad>
          </ns3:TrackPointExtension>
        </extensions>
      </trkpt>
      <trkpt lat="29.14837748743593692779541015625" lon="120.3280962444841861724853515625">
        <ele>142.399993896484375</ele>
        <time>2016-07-16T12:09:06.000Z</time>
        <extensions>
          <ns3:TrackPointExtension>
            <ns3:hr>139</ns3:hr>
            <ns3:cad>97</ns3:cad>
          </ns3:TrackPointExtension>
        </extensions>
      </trkpt>
      <trkpt lat="29.14835452102124691009521484375" lon="120.32809917815029621124267578125">
        <ele>142.399993896484375</ele>
        <time>2016-07-16T12:09:07.000Z</time>
        <extensions>
          <ns3:TrackPointExtension>
            <ns3:hr>140</ns3:hr>
            <ns3:cad>97</ns3:cad>
          </ns3:TrackPointExtension>
        </extensions>
      </trkpt>
      <trkpt lat="29.1483316384255886077880859375" lon="120.3281034529209136962890625">
        <ele>142.399993896484375</ele>
        <time>2016-07-16T12:09:08.000Z</time>
        <extensions>
          <ns3:TrackPointExtension>
            <ns3:hr>140</ns3:hr>
            <ns3:cad>97</ns3:cad>
          </ns3:TrackPointExtension>
        </extensions>
      </trkpt>
      <trkpt lat="29.14830674417316913604736328125" lon="120.3281103260815143585205078125">
        <ele>142.600006103515625</ele>
        <time>2016-07-16T12:09:09.000Z</time>
        <extensions>
          <ns3:TrackPointExtension>
            <ns3:hr>140</ns3:hr>
            <ns3:cad>97</ns3:cad>
          </ns3:TrackPointExtension>
        </extensions>
      </trkpt>
      <trkpt lat="29.14828260429203510284423828125" lon="120.3281193785369396209716796875">
        <ele>142.600006103515625</ele>
        <time>2016-07-16T12:09:10.000Z</time>
        <extensions>
          <ns3:TrackPointExtension>
            <ns3:hr>139</ns3:hr>
            <ns3:cad>97</ns3:cad>
          </ns3:TrackPointExtension>
        </extensions>
      </trkpt>
      <trkpt lat="29.14825930260121822357177734375" lon="120.328129269182682037353515625">
        <ele>142.600006103515625</ele>
        <time>2016-07-16T12:09:11.000Z</time>
        <extensions>
          <ns3:TrackPointExtension>
            <ns3:hr>139</ns3:hr>
            <ns3:cad>96</ns3:cad>
          </ns3:TrackPointExtension>
        </extensions>
      </trkpt>
      <trkpt lat="29.1482380963861942291259765625" lon="120.32814041711390018463134765625">
        <ele>142.8000030517578125</ele>
        <time>2016-07-16T12:09:12.000Z</time>
        <extensions>
          <ns3:TrackPointExtension>
            <ns3:hr>139</ns3:hr>
            <ns3:cad>97</ns3:cad>
          </ns3:TrackPointExtension>
        </extensions>
      </trkpt>
      <trkpt lat="29.14821705780923366546630859375" lon="120.32815148122608661651611328125">
        <ele>142.8000030517578125</ele>
        <time>2016-07-16T12:09:13.000Z</time>
        <extensions>
          <ns3:TrackPointExtension>
            <ns3:hr>139</ns3:hr>
            <ns3:cad>97</ns3:cad>
          </ns3:TrackPointExtension>
        </extensions>
      </trkpt>
      <trkpt lat="29.14819392375648021697998046875" lon="120.3281643055379390716552734375">
        <ele>143</ele>
        <time>2016-07-16T12:09:14.000Z</time>
        <extensions>
          <ns3:TrackPointExtension>
            <ns3:hr>139</ns3:hr>
            <ns3:cad>96</ns3:cad>
          </ns3:TrackPointExtension>
        </extensions>
      </trkpt>
      <trkpt lat="29.1481546126306056976318359375" lon="120.328194983303546905517578125">
        <ele>143</ele>
        <time>2016-07-16T12:09:15.000Z</time>
        <extensions>
          <ns3:TrackPointExtension>
            <ns3:hr>139</ns3:hr>
            <ns3:cad>96</ns3:cad>
          </ns3:TrackPointExtension>
        </extensions>
      </trkpt>
      <trkpt lat="29.1481546126306056976318359375" lon="120.328194983303546905517578125">
        <ele>143</ele>
        <time>2016-07-16T12:09:16.000Z</time>
        <extensions>
          <ns3:TrackPointExtension>
            <ns3:hr>139</ns3:hr>
            <ns3:cad>97</ns3:cad>
          </ns3:TrackPointExtension>
        </extensions>
      </trkpt>
      <trkpt lat="29.1481348313391208648681640625" lon="120.3282132558524608612060546875">
        <ele>143</ele>
        <time>2016-07-16T12:09:17.000Z</time>
        <extensions>
          <ns3:TrackPointExtension>
            <ns3:hr>139</ns3:hr>
            <ns3:cad>97</ns3:cad>
          </ns3:TrackPointExtension>
        </extensions>
      </trkpt>
      <trkpt lat="29.14811722934246063232421875" lon="120.32823177985846996307373046875">
        <ele>143.1999969482421875</ele>
        <time>2016-07-16T12:09:18.000Z</time>
        <extensions>
          <ns3:TrackPointExtension>
            <ns3:hr>139</ns3:hr>
            <ns3:cad>96</ns3:cad>
          </ns3:TrackPointExtension>
        </extensions>
      </trkpt>
      <trkpt lat="29.14809920825064182281494140625" lon="120.3282521478831768035888671875">
        <ele>143.1999969482421875</ele>
        <time>2016-07-16T12:09:19.000Z</time>
        <extensions>
          <ns3:TrackPointExtension>
            <ns3:hr>140</ns3:hr>
            <ns3:cad>96</ns3:cad>
          </ns3:TrackPointExtension>
        </extensions>
      </trkpt>
      <trkpt lat="29.14808345027267932891845703125" lon="120.32827067188918590545654296875">
        <ele>143.399993896484375</ele>
        <time>2016-07-16T12:09:20.000Z</time>
        <extensions>
          <ns3:TrackPointExtension>
            <ns3:hr>140</ns3:hr>
            <ns3:cad>96</ns3:cad>
          </ns3:TrackPointExtension>
        </extensions>
      </trkpt>
      <trkpt lat="29.1480684466660022735595703125" lon="120.3282900340855121612548828125">
        <ele>143.399993896484375</ele>
        <time>2016-07-16T12:09:21.000Z</time>
        <extensions>
          <ns3:TrackPointExtension>
            <ns3:hr>140</ns3:hr>
            <ns3:cad>98</ns3:cad>
          </ns3:TrackPointExtension>
        </extensions>
      </trkpt>
      <trkpt lat="29.14805310778319835662841796875" lon="120.328313671052455902099609375">
        <ele>143.399993896484375</ele>
        <time>2016-07-16T12:09:22.000Z</time>
        <extensions>
          <ns3:TrackPointExtension>
            <ns3:hr>140</ns3:hr>
            <ns3:cad>98</ns3:cad>
          </ns3:TrackPointExtension>
        </extensions>
      </trkpt>
      <trkpt lat="29.14803952910006046295166015625" lon="120.32833655364811420440673828125">
        <ele>143.399993896484375</ele>
        <time>2016-07-16T12:09:23.000Z</time>
        <extensions>
          <ns3:TrackPointExtension>
            <ns3:hr>141</ns3:hr>
            <ns3:cad>98</ns3:cad>
          </ns3:TrackPointExtension>
        </extensions>
      </trkpt>
      <trkpt lat="29.148027710616588592529296875" lon="120.32836027443408966064453125">
        <ele>143.600006103515625</ele>
        <time>2016-07-16T12:09:24.000Z</time>
        <extensions>
          <ns3:TrackPointExtension>
            <ns3:hr>141</ns3:hr>
            <ns3:cad>97</ns3:cad>
          </ns3:TrackPointExtension>
        </extensions>
      </trkpt>
      <trkpt lat="29.1480117850005626678466796875" lon="120.328407548367977142333984375">
        <ele>143.600006103515625</ele>
        <time>2016-07-16T12:09:25.000Z</time>
        <extensions>
          <ns3:TrackPointExtension>
            <ns3:hr>141</ns3:hr>
            <ns3:cad>96</ns3:cad>
          </ns3:TrackPointExtension>
        </extensions>
      </trkpt>
      <trkpt lat="29.1480117850005626678466796875" lon="120.328407548367977142333984375">
        <ele>143.600006103515625</ele>
        <time>2016-07-16T12:09:26.000Z</time>
        <extensions>
          <ns3:TrackPointExtension>
            <ns3:hr>141</ns3:hr>
            <ns3:cad>96</ns3:cad>
          </ns3:TrackPointExtension>
        </extensions>
      </trkpt>
      <trkpt lat="29.148001559078693389892578125" lon="120.328433699905872344970703125">
        <ele>143.600006103515625</ele>
        <time>2016-07-16T12:09:27.000Z</time>
        <extensions>
          <ns3:TrackPointExtension>
            <ns3:hr>142</ns3:hr>
            <ns3:cad>96</ns3:cad>
          </ns3:TrackPointExtension>
        </extensions>
      </trkpt>
      <trkpt lat="29.147992171347141265869140625" lon="120.32845817506313323974609375">
        <ele>143.600006103515625</ele>
        <time>2016-07-16T12:09:28.000Z</time>
        <extensions>
          <ns3:TrackPointExtension>
            <ns3:hr>142</ns3:hr>
            <ns3:cad>96</ns3:cad>
          </ns3:TrackPointExtension>
        </extensions>
      </trkpt>
      <trkpt lat="29.14798353798687458038330078125" lon="120.32848298549652099609375">
        <ele>143.600006103515625</ele>
        <time>2016-07-16T12:09:29.000Z</time>
        <extensions>
          <ns3:TrackPointExtension>
            <ns3:hr>142</ns3:hr>
            <ns3:cad>96</ns3:cad>
          </ns3:TrackPointExtension>
        </extensions>
      </trkpt>
      <trkpt lat="29.1479792632162570953369140625" lon="120.32850653864443302154541015625">
        <ele>143.600006103515625</ele>
        <time>2016-07-16T12:09:30.000Z</time>
        <extensions>
          <ns3:TrackPointExtension>
            <ns3:hr>142</ns3:hr>
            <ns3:cad>96</ns3:cad>
          </ns3:TrackPointExtension>
        </extensions>
      </trkpt>
      <trkpt lat="29.1479749046266078948974609375" lon="120.3285304270684719085693359375">
        <ele>143.8000030517578125</ele>
        <time>2016-07-16T12:09:31.000Z</time>
        <extensions>
          <ns3:TrackPointExtension>
            <ns3:hr>141</ns3:hr>
            <ns3:cad>96</ns3:cad>
          </ns3:TrackPointExtension>
        </extensions>
      </trkpt>
      <trkpt lat="29.14797146804630756378173828125" lon="120.32855649478733539581298828125">
        <ele>144</ele>
        <time>2016-07-16T12:09:32.000Z</time>
        <extensions>
          <ns3:TrackPointExtension>
            <ns3:hr>140</ns3:hr>
            <ns3:cad>98</ns3:cad>
          </ns3:TrackPointExtension>
        </extensions>
      </trkpt>
      <trkpt lat="29.14796928875148296356201171875" lon="120.32858080230653285980224609375">
        <ele>144.1999969482421875</ele>
        <time>2016-07-16T12:09:33.000Z</time>
        <extensions>
          <ns3:TrackPointExtension>
            <ns3:hr>140</ns3:hr>
            <ns3:cad>98</ns3:cad>
          </ns3:TrackPointExtension>
        </extensions>
      </trkpt>
      <trkpt lat="29.14797230623662471771240234375" lon="120.32860728912055492401123046875">
        <ele>144.399993896484375</ele>
        <time>2016-07-16T12:09:34.000Z</time>
        <extensions>
          <ns3:TrackPointExtension>
            <ns3:hr>140</ns3:hr>
            <ns3:cad>98</ns3:cad>
          </ns3:TrackPointExtension>
        </extensions>
      </trkpt>
      <trkpt lat="29.14797716774046421051025390625" lon="120.32863427884876728057861328125">
        <ele>144.399993896484375</ele>
        <time>2016-07-16T12:09:35.000Z</time>
        <extensions>
          <ns3:TrackPointExtension>
            <ns3:hr>141</ns3:hr>
            <ns3:cad>96</ns3:cad>
          </ns3:TrackPointExtension>
        </extensions>
      </trkpt>
      <trkpt lat="29.1479836218059062957763671875" lon="120.32865959219634532928466796875">
        <ele>144.600006103515625</ele>
        <time>2016-07-16T12:09:36.000Z</time>
        <extensions>
          <ns3:TrackPointExtension>
            <ns3:hr>141</ns3:hr>
            <ns3:cad>96</ns3:cad>
          </ns3:TrackPointExtension>
        </extensions>
      </trkpt>
      <trkpt lat="29.14799694903194904327392578125" lon="120.3287161700427532196044921875">
        <ele>144.8000030517578125</ele>
        <time>2016-07-16T12:09:37.000Z</time>
        <extensions>
          <ns3:TrackPointExtension>
            <ns3:hr>141</ns3:hr>
            <ns3:cad>96</ns3:cad>
          </ns3:TrackPointExtension>
        </extensions>
      </trkpt>
      <trkpt lat="29.14799694903194904327392578125" lon="120.3287161700427532196044921875">
        <ele>144.8000030517578125</ele>
        <time>2016-07-16T12:09:38.000Z</time>
        <extensions>
          <ns3:TrackPointExtension>
            <ns3:hr>141</ns3:hr>
            <ns3:cad>96</ns3:cad>
          </ns3:TrackPointExtension>
        </extensions>
      </trkpt>
      <trkpt lat="29.148004241287708282470703125" lon="120.3287429921329021453857421875">
        <ele>144.8000030517578125</ele>
        <time>2016-07-16T12:09:39.000Z</time>
        <extensions>
          <ns3:TrackPointExtension>
            <ns3:hr>141</ns3:hr>
            <ns3:cad>98</ns3:cad>
          </ns3:TrackPointExtension>
        </extensions>
      </trkpt>
      <trkpt lat="29.14801522158086299896240234375" lon="120.328770317137241363525390625">
        <ele>145</ele>
        <time>2016-07-16T12:09:40.000Z</time>
        <extensions>
          <ns3:TrackPointExtension>
            <ns3:hr>141</ns3:hr>
            <ns3:cad>98</ns3:cad>
          </ns3:TrackPointExtension>
        </extensions>
      </trkpt>
      <trkpt lat="29.148031063377857208251953125" lon="120.3287994861602783203125">
        <ele>145</ele>
        <time>2016-07-16T12:09:41.000Z</time>
        <extensions>
          <ns3:TrackPointExtension>
            <ns3:hr>141</ns3:hr>
            <ns3:cad>98</ns3:cad>
          </ns3:TrackPointExtension>
        </extensions>
      </trkpt>
      <trkpt lat="29.14804791100323200225830078125" lon="120.32882471568882465362548828125">
        <ele>145</ele>
        <time>2016-07-16T12:09:42.000Z</time>
        <extensions>
          <ns3:TrackPointExtension>
            <ns3:hr>141</ns3:hr>
            <ns3:cad>96</ns3:cad>
          </ns3:TrackPointExtension>
        </extensions>
      </trkpt>
      <trkpt lat="29.14806718938052654266357421875" lon="120.32885204069316387176513671875">
        <ele>145</ele>
        <time>2016-07-16T12:09:43.000Z</time>
        <extensions>
          <ns3:TrackPointExtension>
            <ns3:hr>141</ns3:hr>
            <ns3:cad>96</ns3:cad>
          </ns3:TrackPointExtension>
        </extensions>
      </trkpt>
      <trkpt lat="29.14808562956750392913818359375" lon="120.32887651585042476654052734375">
        <ele>145</ele>
        <time>2016-07-16T12:09:44.000Z</time>
        <extensions>
          <ns3:TrackPointExtension>
            <ns3:hr>141</ns3:hr>
            <ns3:cad>96</ns3:cad>
          </ns3:TrackPointExtension>
        </extensions>
      </trkpt>
      <trkpt lat="29.14810515940189361572265625" lon="120.32890216447412967681884765625">
        <ele>145</ele>
        <time>2016-07-16T12:09:45.000Z</time>
        <extensions>
          <ns3:TrackPointExtension>
            <ns3:hr>143</ns3:hr>
            <ns3:cad>96</ns3:cad>
          </ns3:TrackPointExtension>
        </extensions>
      </trkpt>
      <trkpt lat="29.14812603034079074859619140625" lon="120.32892278395593166351318359375">
        <ele>145</ele>
        <time>2016-07-16T12:09:46.000Z</time>
        <extensions>
          <ns3:TrackPointExtension>
            <ns3:hr>144</ns3:hr>
            <ns3:cad>97</ns3:cad>
          </ns3:TrackPointExtension>
        </extensions>
      </trkpt>
      <trkpt lat="29.14814882911741733551025390625" lon="120.32894122414290904998779296875">
        <ele>145</ele>
        <time>2016-07-16T12:09:47.000Z</time>
        <extensions>
          <ns3:TrackPointExtension>
            <ns3:hr>144</ns3:hr>
            <ns3:cad>97</ns3:cad>
          </ns3:TrackPointExtension>
        </extensions>
      </trkpt>
      <trkpt lat="29.148170538246631622314453125" lon="120.328958742320537567138671875">
        <ele>145</ele>
        <time>2016-07-16T12:09:48.000Z</time>
        <extensions>
          <ns3:TrackPointExtension>
            <ns3:hr>144</ns3:hr>
            <ns3:cad>97</ns3:cad>
          </ns3:TrackPointExtension>
        </extensions>
      </trkpt>
      <trkpt lat="29.148191995918750762939453125" lon="120.32897575758397579193115234375">
        <ele>145</ele>
        <time>2016-07-16T12:09:49.000Z</time>
        <extensions>
          <ns3:TrackPointExtension>
            <ns3:hr>143</ns3:hr>
            <ns3:cad>97</ns3:cad>
          </ns3:TrackPointExtension>
        </extensions>
      </trkpt>
      <trkpt lat="29.14821404032409191131591796875" lon="120.32899201847612857818603515625">
        <ele>144.8000030517578125</ele>
        <time>2016-07-16T12:09:50.000Z</time>
        <extensions>
          <ns3:TrackPointExtension>
            <ns3:hr>143</ns3:hr>
            <ns3:cad>97</ns3:cad>
          </ns3:TrackPointExtension>
        </extensions>
      </trkpt>
      <trkpt lat="29.14823700673878192901611328125" lon="120.329005680978298187255859375">
        <ele>144.8000030517578125</ele>
        <time>2016-07-16T12:09:51.000Z</time>
        <extensions>
          <ns3:TrackPointExtension>
            <ns3:hr>143</ns3:hr>
            <ns3:cad>97</ns3:cad>
          </ns3:TrackPointExtension>
        </extensions>
      </trkpt>
      <trkpt lat="29.1482582129538059234619140625" lon="120.32901607453823089599609375">
        <ele>144.600006103515625</ele>
        <time>2016-07-16T12:09:52.000Z</time>
        <extensions>
          <ns3:TrackPointExtension>
            <ns3:hr>143</ns3:hr>
            <ns3:cad>97</ns3:cad>
          </ns3:TrackPointExtension>
        </extensions>
      </trkpt>
      <trkpt lat="29.14830137975513935089111328125" lon="120.329033844172954559326171875">
        <ele>144.600006103515625</ele>
        <time>2016-07-16T12:09:53.000Z</time>
        <extensions>
          <ns3:TrackPointExtension>
            <ns3:hr>143</ns3:hr>
            <ns3:cad>97</ns3:cad>
          </ns3:TrackPointExtension>
        </extensions>
      </trkpt>
      <trkpt lat="29.14830137975513935089111328125" lon="120.329033844172954559326171875">
        <ele>144.600006103515625</ele>
        <time>2016-07-16T12:09:54.000Z</time>
        <extensions>
          <ns3:TrackPointExtension>
            <ns3:hr>143</ns3:hr>
            <ns3:cad>97</ns3:cad>
          </ns3:TrackPointExtension>
        </extensions>
      </trkpt>
      <trkpt lat="29.14832199923694133758544921875" lon="120.32904230989515781402587890625">
        <ele>144.399993896484375</ele>
        <time>2016-07-16T12:09:55.000Z</time>
        <extensions>
          <ns3:TrackPointExtension>
            <ns3:hr>143</ns3:hr>
            <ns3:cad>96</ns3:cad>
          </ns3:TrackPointExtension>
        </extensions>
      </trkpt>
      <trkpt lat="29.14834261871874332427978515625" lon="120.32905152998864650726318359375">
        <ele>144.399993896484375</ele>
        <time>2016-07-16T12:09:56.000Z</time>
        <extensions>
          <ns3:TrackPointExtension>
            <ns3:hr>143</ns3:hr>
            <ns3:cad>96</ns3:cad>
          </ns3:TrackPointExtension>
        </extensions>
      </trkpt>
      <trkpt lat="29.14836558513343334197998046875" lon="120.3290588222444057464599609375">
        <ele>144.1999969482421875</ele>
        <time>2016-07-16T12:09:57.000Z</time>
        <extensions>
          <ns3:TrackPointExtension>
            <ns3:hr>143</ns3:hr>
            <ns3:cad>96</ns3:cad>
          </ns3:TrackPointExtension>
        </extensions>
      </trkpt>
      <trkpt lat="29.1483903117477893829345703125" lon="120.32906946726143360137939453125">
        <ele>144.1999969482421875</ele>
        <time>2016-07-16T12:09:58.000Z</time>
        <extensions>
          <ns3:TrackPointExtension>
            <ns3:hr>144</ns3:hr>
            <ns3:cad>96</ns3:cad>
          </ns3:TrackPointExtension>
        </extensions>
      </trkpt>
      <trkpt lat="29.1484110988676548004150390625" lon="120.3290775977075099945068359375">
        <ele>144</ele>
        <time>2016-07-16T12:09:59.000Z</time>
        <extensions>
          <ns3:TrackPointExtension>
            <ns3:hr>144</ns3:hr>
            <ns3:cad>96</ns3:cad>
          </ns3:TrackPointExtension>
        </extensions>
      </trkpt>
      <trkpt lat="29.14843297563493251800537109375" lon="120.3290863148868083953857421875">
        <ele>144</ele>
        <time>2016-07-16T12:10:00.000Z</time>
        <extensions>
          <ns3:TrackPointExtension>
            <ns3:hr>144</ns3:hr>
            <ns3:cad>96</ns3:cad>
          </ns3:TrackPointExtension>
        </extensions>
      </trkpt>
      <trkpt lat="29.1484558582305908203125" lon="120.3290940262377262115478515625">
        <ele>143.8000030517578125</ele>
        <time>2016-07-16T12:10:01.000Z</time>
        <extensions>
          <ns3:TrackPointExtension>
            <ns3:hr>144</ns3:hr>
            <ns3:cad>96</ns3:cad>
          </ns3:TrackPointExtension>
        </extensions>
      </trkpt>
      <trkpt lat="29.14850120432674884796142578125" lon="120.329106934368610382080078125">
        <ele>143.1999969482421875</ele>
        <time>2016-07-16T12:10:02.000Z</time>
        <extensions>
          <ns3:TrackPointExtension>
            <ns3:hr>144</ns3:hr>
            <ns3:cad>96</ns3:cad>
          </ns3:TrackPointExtension>
        </extensions>
      </trkpt>
      <trkpt lat="29.14850120432674884796142578125" lon="120.329106934368610382080078125">
        <ele>143.1999969482421875</ele>
        <time>2016-07-16T12:10:03.000Z</time>
        <extensions>
          <ns3:TrackPointExtension>
            <ns3:hr>144</ns3:hr>
            <ns3:cad>97</ns3:cad>
          </ns3:TrackPointExtension>
        </extensions>
      </trkpt>
      <trkpt lat="29.1485242545604705810546875" lon="120.32911389134824275970458984375">
        <ele>142.8000030517578125</ele>
        <time>2016-07-16T12:10:04.000Z</time>
        <extensions>
          <ns3:TrackPointExtension>
            <ns3:hr>144</ns3:hr>
            <ns3:cad>97</ns3:cad>
          </ns3:TrackPointExtension>
        </extensions>
      </trkpt>
      <trkpt lat="29.1485468856990337371826171875" lon="120.329121015965938568115234375">
        <ele>142.399993896484375</ele>
        <time>2016-07-16T12:10:05.000Z</time>
        <extensions>
          <ns3:TrackPointExtension>
            <ns3:hr>144</ns3:hr>
            <ns3:cad>97</ns3:cad>
          </ns3:TrackPointExtension>
        </extensions>
      </trkpt>
      <trkpt lat="29.14857010357081890106201171875" lon="120.32912931405007839202880859375">
        <ele>142</ele>
        <time>2016-07-16T12:10:06.000Z</time>
        <extensions>
          <ns3:TrackPointExtension>
            <ns3:hr>145</ns3:hr>
            <ns3:cad>97</ns3:cad>
          </ns3:TrackPointExtension>
        </extensions>
      </trkpt>
      <trkpt lat="29.14859072305262088775634765625" lon="120.32913719303905963897705078125">
        <ele>141.600006103515625</ele>
        <time>2016-07-16T12:10:07.000Z</time>
        <extensions>
          <ns3:TrackPointExtension>
            <ns3:hr>145</ns3:hr>
            <ns3:cad>97</ns3:cad>
          </ns3:TrackPointExtension>
        </extensions>
      </trkpt>
      <trkpt lat="29.148614108562469482421875" lon="120.3291453234851360321044921875">
        <ele>141.1999969482421875</ele>
        <time>2016-07-16T12:10:08.000Z</time>
        <extensions>
          <ns3:TrackPointExtension>
            <ns3:hr>145</ns3:hr>
            <ns3:cad>97</ns3:cad>
          </ns3:TrackPointExtension>
        </extensions>
      </trkpt>
      <trkpt lat="29.1486377455294132232666015625" lon="120.32915529794991016387939453125">
        <ele>140.8000030517578125</ele>
        <time>2016-07-16T12:10:09.000Z</time>
        <extensions>
          <ns3:TrackPointExtension>
            <ns3:hr>145</ns3:hr>
            <ns3:cad>97</ns3:cad>
          </ns3:TrackPointExtension>
        </extensions>
      </trkpt>
      <trkpt lat="29.14866012521088123321533203125" lon="120.32916485331952571868896484375">
        <ele>140.600006103515625</ele>
        <time>2016-07-16T12:10:10.000Z</time>
        <extensions>
          <ns3:TrackPointExtension>
            <ns3:hr>146</ns3:hr>
            <ns3:cad>97</ns3:cad>
          </ns3:TrackPointExtension>
        </extensions>
      </trkpt>
      <trkpt lat="29.14868359453976154327392578125" lon="120.329176001250743865966796875">
        <ele>140.1999969482421875</ele>
        <time>2016-07-16T12:10:11.000Z</time>
        <extensions>
          <ns3:TrackPointExtension>
            <ns3:hr>146</ns3:hr>
            <ns3:cad>97</ns3:cad>
          </ns3:TrackPointExtension>
        </extensions>
      </trkpt>
      <trkpt lat="29.1487064771354198455810546875" lon="120.32918396405875682830810546875">
        <ele>139.8000030517578125</ele>
        <time>2016-07-16T12:10:12.000Z</time>
        <extensions>
          <ns3:TrackPointExtension>
            <ns3:hr>146</ns3:hr>
            <ns3:cad>97</ns3:cad>
          </ns3:TrackPointExtension>
        </extensions>
      </trkpt>
      <trkpt lat="29.14872952736914157867431640625" lon="120.32919251359999179840087890625">
        <ele>139.399993896484375</ele>
        <time>2016-07-16T12:10:13.000Z</time>
        <extensions>
          <ns3:TrackPointExtension>
            <ns3:hr>146</ns3:hr>
            <ns3:cad>97</ns3:cad>
          </ns3:TrackPointExtension>
        </extensions>
      </trkpt>
      <trkpt lat="29.1487547568976879119873046875" lon="120.32920240424573421478271484375">
        <ele>139.1999969482421875</ele>
        <time>2016-07-16T12:10:14.000Z</time>
        <extensions>
          <ns3:TrackPointExtension>
            <ns3:hr>146</ns3:hr>
            <ns3:cad>97</ns3:cad>
          </ns3:TrackPointExtension>
        </extensions>
      </trkpt>
      <trkpt lat="29.1487782262265682220458984375" lon="120.329211540520191192626953125">
        <ele>139.1999969482421875</ele>
        <time>2016-07-16T12:10:15.000Z</time>
        <extensions>
          <ns3:TrackPointExtension>
            <ns3:hr>146</ns3:hr>
            <ns3:cad>96</ns3:cad>
          </ns3:TrackPointExtension>
        </extensions>
      </trkpt>
      <trkpt lat="29.1488020308315753936767578125" lon="120.3292210958898067474365234375">
        <ele>139</ele>
        <time>2016-07-16T12:10:16.000Z</time>
        <extensions>
          <ns3:TrackPointExtension>
            <ns3:hr>146</ns3:hr>
            <ns3:cad>96</ns3:cad>
          </ns3:TrackPointExtension>
        </extensions>
      </trkpt>
      <trkpt lat="29.1488251648843288421630859375" lon="120.329229645431041717529296875">
        <ele>138.8000030517578125</ele>
        <time>2016-07-16T12:10:17.000Z</time>
        <extensions>
          <ns3:TrackPointExtension>
            <ns3:hr>146</ns3:hr>
            <ns3:cad>97</ns3:cad>
          </ns3:TrackPointExtension>
        </extensions>
      </trkpt>
      <trkpt lat="29.14884620346128940582275390625" lon="120.32923626713454723358154296875">
        <ele>138.8000030517578125</ele>
        <time>2016-07-16T12:10:18.000Z</time>
        <extensions>
          <ns3:TrackPointExtension>
            <ns3:hr>146</ns3:hr>
            <ns3:cad>97</ns3:cad>
          </ns3:TrackPointExtension>
        </extensions>
      </trkpt>
      <trkpt lat="29.14887000806629657745361328125" lon="120.32924540340900421142578125">
        <ele>138.600006103515625</ele>
        <time>2016-07-16T12:10:19.000Z</time>
        <extensions>
          <ns3:TrackPointExtension>
            <ns3:hr>146</ns3:hr>
            <ns3:cad>97</ns3:cad>
          </ns3:TrackPointExtension>
        </extensions>
      </trkpt>
      <trkpt lat="29.1488955728709697723388671875" lon="120.32925403676927089691162109375">
        <ele>138.399993896484375</ele>
        <time>2016-07-16T12:10:20.000Z</time>
        <extensions>
          <ns3:TrackPointExtension>
            <ns3:hr>145</ns3:hr>
            <ns3:cad>97</ns3:cad>
          </ns3:TrackPointExtension>
        </extensions>
      </trkpt>
      <trkpt lat="29.148919880390167236328125" lon="120.329263508319854736328125">
        <ele>138.399993896484375</ele>
        <time>2016-07-16T12:10:21.000Z</time>
        <extensions>
          <ns3:TrackPointExtension>
            <ns3:hr>145</ns3:hr>
            <ns3:cad>97</ns3:cad>
          </ns3:TrackPointExtension>
        </extensions>
      </trkpt>
      <trkpt lat="29.14894334971904754638671875" lon="120.32927549444139003753662109375">
        <ele>138.1999969482421875</ele>
        <time>2016-07-16T12:10:22.000Z</time>
        <extensions>
          <ns3:TrackPointExtension>
            <ns3:hr>145</ns3:hr>
            <ns3:cad>98</ns3:cad>
          </ns3:TrackPointExtension>
        </extensions>
      </trkpt>
      <trkpt lat="29.1489659808576107025146484375" lon="120.32928454689681529998779296875">
        <ele>138</ele>
        <time>2016-07-16T12:10:23.000Z</time>
        <extensions>
          <ns3:TrackPointExtension>
            <ns3:hr>145</ns3:hr>
            <ns3:cad>98</ns3:cad>
          </ns3:TrackPointExtension>
        </extensions>
      </trkpt>
      <trkpt lat="29.148987270891666412353515625" lon="120.3292943537235260009765625">
        <ele>138</ele>
        <time>2016-07-16T12:10:24.000Z</time>
        <extensions>
          <ns3:TrackPointExtension>
            <ns3:hr>145</ns3:hr>
            <ns3:cad>98</ns3:cad>
          </ns3:TrackPointExtension>
        </extensions>
      </trkpt>
      <trkpt lat="29.1490112431347370147705078125" lon="120.3293050825595855712890625">
        <ele>138</ele>
        <time>2016-07-16T12:10:25.000Z</time>
        <extensions>
          <ns3:TrackPointExtension>
            <ns3:hr>145</ns3:hr>
            <ns3:cad>98</ns3:cad>
          </ns3:TrackPointExtension>
        </extensions>
      </trkpt>
      <trkpt lat="29.1490340419113636016845703125" lon="120.3293139673769474029541015625">
        <ele>138.1999969482421875</ele>
        <time>2016-07-16T12:10:26.000Z</time>
        <extensions>
          <ns3:TrackPointExtension>
            <ns3:hr>145</ns3:hr>
            <ns3:cad>97</ns3:cad>
          </ns3:TrackPointExtension>
        </extensions>
      </trkpt>
      <trkpt lat="29.1490581817924976348876953125" lon="120.32932193018496036529541015625">
        <ele>138.399993896484375</ele>
        <time>2016-07-16T12:10:27.000Z</time>
        <extensions>
          <ns3:TrackPointExtension>
            <ns3:hr>145</ns3:hr>
            <ns3:cad>97</ns3:cad>
          </ns3:TrackPointExtension>
        </extensions>
      </trkpt>
      <trkpt lat="29.14908290840685367584228515625" lon="120.3293267078697681427001953125">
        <ele>138.600006103515625</ele>
        <time>2016-07-16T12:10:28.000Z</time>
        <extensions>
          <ns3:TrackPointExtension>
            <ns3:hr>145</ns3:hr>
            <ns3:cad>97</ns3:cad>
          </ns3:TrackPointExtension>
        </extensions>
      </trkpt>
      <trkpt lat="29.1491067968308925628662109375" lon="120.32932796515524387359619140625">
        <ele>138.8000030517578125</ele>
        <time>2016-07-16T12:10:29.000Z</time>
        <extensions>
          <ns3:TrackPointExtension>
            <ns3:hr>145</ns3:hr>
            <ns3:cad>96</ns3:cad>
          </ns3:TrackPointExtension>
        </extensions>
      </trkpt>
      <trkpt lat="29.1491316072642803192138671875" lon="120.32932855188846588134765625">
        <ele>139</ele>
        <time>2016-07-16T12:10:30.000Z</time>
        <extensions>
          <ns3:TrackPointExtension>
            <ns3:hr>145</ns3:hr>
            <ns3:cad>96</ns3:cad>
          </ns3:TrackPointExtension>
        </extensions>
      </trkpt>
      <trkpt lat="29.14915415458381175994873046875" lon="120.32932452857494354248046875">
        <ele>139</ele>
        <time>2016-07-16T12:10:31.000Z</time>
        <extensions>
          <ns3:TrackPointExtension>
            <ns3:hr>145</ns3:hr>
            <ns3:cad>96</ns3:cad>
          </ns3:TrackPointExtension>
        </extensions>
      </trkpt>
      <trkpt lat="29.1491782106459140777587890625" lon="120.32932058908045291900634765625">
        <ele>139.1999969482421875</ele>
        <time>2016-07-16T12:10:32.000Z</time>
        <extensions>
          <ns3:TrackPointExtension>
            <ns3:hr>145</ns3:hr>
            <ns3:cad>96</ns3:cad>
          </ns3:TrackPointExtension>
        </extensions>
      </trkpt>
      <trkpt lat="29.14920260198414325714111328125" lon="120.3293139673769474029541015625">
        <ele>139.399993896484375</ele>
        <time>2016-07-16T12:10:33.000Z</time>
        <extensions>
          <ns3:TrackPointExtension>
            <ns3:hr>145</ns3:hr>
            <ns3:cad>96</ns3:cad>
          </ns3:TrackPointExtension>
        </extensions>
      </trkpt>
      <trkpt lat="29.1492254845798015594482421875" lon="120.32930701039731502532958984375">
        <ele>139.600006103515625</ele>
        <time>2016-07-16T12:10:34.000Z</time>
        <extensions>
          <ns3:TrackPointExtension>
            <ns3:hr>147</ns3:hr>
            <ns3:cad>96</ns3:cad>
          </ns3:TrackPointExtension>
        </extensions>
      </trkpt>
      <trkpt lat="29.14924778044223785400390625" lon="120.32929904758930206298828125">
        <ele>139.600006103515625</ele>
        <time>2016-07-16T12:10:35.000Z</time>
        <extensions>
          <ns3:TrackPointExtension>
            <ns3:hr>147</ns3:hr>
            <ns3:cad>96</ns3:cad>
          </ns3:TrackPointExtension>
        </extensions>
      </trkpt>
      <trkpt lat="29.1492680646479129791259765625" lon="120.32928806729614734649658203125">
        <ele>139.8000030517578125</ele>
        <time>2016-07-16T12:10:36.000Z</time>
        <extensions>
          <ns3:TrackPointExtension>
            <ns3:hr>146</ns3:hr>
            <ns3:cad>96</ns3:cad>
          </ns3:TrackPointExtension>
        </extensions>
      </trkpt>
      <trkpt lat="29.14928977377712726593017578125" lon="120.329276584088802337646484375">
        <ele>140</ele>
        <time>2016-07-16T12:10:37.000Z</time>
        <extensions>
          <ns3:TrackPointExtension>
            <ns3:hr>146</ns3:hr>
            <ns3:cad>97</ns3:cad>
          </ns3:TrackPointExtension>
        </extensions>
      </trkpt>
      <trkpt lat="29.1493109799921512603759765625" lon="120.32926241867244243621826171875">
        <ele>140.1999969482421875</ele>
        <time>2016-07-16T12:10:38.000Z</time>
        <extensions>
          <ns3:TrackPointExtension>
            <ns3:hr>147</ns3:hr>
            <ns3:cad>98</ns3:cad>
          </ns3:TrackPointExtension>
        </extensions>
      </trkpt>
      <trkpt lat="29.14933092892169952392578125" lon="120.329247750341892242431640625">
        <ele>140.1999969482421875</ele>
        <time>2016-07-16T12:10:39.000Z</time>
        <extensions>
          <ns3:TrackPointExtension>
            <ns3:hr>147</ns3:hr>
            <ns3:cad>98</ns3:cad>
          </ns3:TrackPointExtension>
        </extensions>
      </trkpt>
      <trkpt lat="29.14935196749866008758544921875" lon="120.32923107035458087921142578125">
        <ele>140.1999969482421875</ele>
        <time>2016-07-16T12:10:40.000Z</time>
        <extensions>
          <ns3:TrackPointExtension>
            <ns3:hr>148</ns3:hr>
            <ns3:cad>96</ns3:cad>
          </ns3:TrackPointExtension>
        </extensions>
      </trkpt>
      <trkpt lat="29.149387590587139129638671875" lon="120.329194106161594390869140625">
        <ele>140.399993896484375</ele>
        <time>2016-07-16T12:10:41.000Z</time>
        <extensions>
          <ns3:TrackPointExtension>
            <ns3:hr>148</ns3:hr>
            <ns3:cad>96</ns3:cad>
          </ns3:TrackPointExtension>
        </extensions>
      </trkpt>
      <trkpt lat="29.149387590587139129638671875" lon="120.329194106161594390869140625">
        <ele>140.399993896484375</ele>
        <time>2016-07-16T12:10:42.000Z</time>
        <extensions>
          <ns3:TrackPointExtension>
            <ns3:hr>148</ns3:hr>
            <ns3:cad>96</ns3:cad>
          </ns3:TrackPointExtension>
        </extensions>
      </trkpt>
      <trkpt lat="29.14940443821251392364501953125" lon="120.329172648489475250244140625">
        <ele>140.399993896484375</ele>
        <time>2016-07-16T12:10:43.000Z</time>
        <extensions>
          <ns3:TrackPointExtension>
            <ns3:hr>148</ns3:hr>
            <ns3:cad>96</ns3:cad>
          </ns3:TrackPointExtension>
        </extensions>
      </trkpt>
      <trkpt lat="29.1494206152856349945068359375" lon="120.3291516937315464019775390625">
        <ele>140.600006103515625</ele>
        <time>2016-07-16T12:10:44.000Z</time>
        <extensions>
          <ns3:TrackPointExtension>
            <ns3:hr>148</ns3:hr>
            <ns3:cad>96</ns3:cad>
          </ns3:TrackPointExtension>
        </extensions>
      </trkpt>
      <trkpt lat="29.1494367085397243499755859375" lon="120.3291307389736175537109375">
        <ele>140.8000030517578125</ele>
        <time>2016-07-16T12:10:45.000Z</time>
        <extensions>
          <ns3:TrackPointExtension>
            <ns3:hr>147</ns3:hr>
            <ns3:cad>96</ns3:cad>
          </ns3:TrackPointExtension>
        </extensions>
      </trkpt>
      <trkpt lat="29.14945204742252826690673828125" lon="120.32910861074924468994140625">
        <ele>141</ele>
        <time>2016-07-16T12:10:46.000Z</time>
        <extensions>
          <ns3:TrackPointExtension>
            <ns3:hr>147</ns3:hr>
            <ns3:cad>96</ns3:cad>
          </ns3:TrackPointExtension>
        </extensions>
      </trkpt>
      <trkpt lat="29.14947509765625" lon="120.32905991189181804656982421875">
        <ele>141.399993896484375</ele>
        <time>2016-07-16T12:10:47.000Z</time>
        <extensions>
          <ns3:TrackPointExtension>
            <ns3:hr>147</ns3:hr>
            <ns3:cad>97</ns3:cad>
          </ns3:TrackPointExtension>
        </extensions>
      </trkpt>
      <trkpt lat="29.14947509765625" lon="120.32905991189181804656982421875">
        <ele>141.399993896484375</ele>
        <time>2016-07-16T12:10:48.000Z</time>
        <extensions>
          <ns3:TrackPointExtension>
            <ns3:hr>147</ns3:hr>
            <ns3:cad>97</ns3:cad>
          </ns3:TrackPointExtension>
        </extensions>
      </trkpt>
      <trkpt lat="29.14948339574038982391357421875" lon="120.32903342507779598236083984375">
        <ele>141.600006103515625</ele>
        <time>2016-07-16T12:10:49.000Z</time>
        <extensions>
          <ns3:TrackPointExtension>
            <ns3:hr>147</ns3:hr>
            <ns3:cad>97</ns3:cad>
          </ns3:TrackPointExtension>
        </extensions>
      </trkpt>
      <trkpt lat="29.14949110709130764007568359375" lon="120.329005680978298187255859375">
        <ele>141.8000030517578125</ele>
        <time>2016-07-16T12:10:50.000Z</time>
        <extensions>
          <ns3:TrackPointExtension>
            <ns3:hr>147</ns3:hr>
            <ns3:cad>97</ns3:cad>
          </ns3:TrackPointExtension>
        </extensions>
      </trkpt>
      <trkpt lat="29.14949781261384487152099609375" lon="120.3289786912500858306884765625">
        <ele>141.8000030517578125</ele>
        <time>2016-07-16T12:10:51.000Z</time>
        <extensions>
          <ns3:TrackPointExtension>
            <ns3:hr>147</ns3:hr>
            <ns3:cad>96</ns3:cad>
          </ns3:TrackPointExtension>
        </extensions>
      </trkpt>
      <trkpt lat="29.1495030932128429412841796875" lon="120.32895245589315891265869140625">
        <ele>142</ele>
        <time>2016-07-16T12:10:52.000Z</time>
        <extensions>
          <ns3:TrackPointExtension>
            <ns3:hr>147</ns3:hr>
            <ns3:cad>96</ns3:cad>
          </ns3:TrackPointExtension>
        </extensions>
      </trkpt>
      <trkpt lat="29.14950770325958728790283203125" lon="120.32892362214624881744384765625">
        <ele>142.1999969482421875</ele>
        <time>2016-07-16T12:10:53.000Z</time>
        <extensions>
          <ns3:TrackPointExtension>
            <ns3:hr>146</ns3:hr>
            <ns3:cad>97</ns3:cad>
          </ns3:TrackPointExtension>
        </extensions>
      </trkpt>
      <trkpt lat="29.1495118103921413421630859375" lon="120.32889612950384616851806640625">
        <ele>142.1999969482421875</ele>
        <time>2016-07-16T12:10:54.000Z</time>
        <extensions>
          <ns3:TrackPointExtension>
            <ns3:hr>146</ns3:hr>
            <ns3:cad>97</ns3:cad>
          </ns3:TrackPointExtension>
        </extensions>
      </trkpt>
      <trkpt lat="29.14951440878212451934814453125" lon="120.3288690559566020965576171875">
        <ele>142.399993896484375</ele>
        <time>2016-07-16T12:10:55.000Z</time>
        <extensions>
          <ns3:TrackPointExtension>
            <ns3:hr>146</ns3:hr>
            <ns3:cad>99</ns3:cad>
          </ns3:TrackPointExtension>
        </extensions>
      </trkpt>
      <trkpt lat="29.14951600134372711181640625" lon="120.32884013839066028594970703125">
        <ele>142.399993896484375</ele>
        <time>2016-07-16T12:10:56.000Z</time>
        <extensions>
          <ns3:TrackPointExtension>
            <ns3:hr>146</ns3:hr>
            <ns3:cad>99</ns3:cad>
          </ns3:TrackPointExtension>
        </extensions>
      </trkpt>
      <trkpt lat="29.14951642043888568878173828125" lon="120.32881214283406734466552734375">
        <ele>142.600006103515625</ele>
        <time>2016-07-16T12:10:57.000Z</time>
        <extensions>
          <ns3:TrackPointExtension>
            <ns3:hr>146</ns3:hr>
            <ns3:cad>96</ns3:cad>
          </ns3:TrackPointExtension>
        </extensions>
      </trkpt>
      <trkpt lat="29.14951424114406108856201171875" lon="120.32878263853490352630615234375">
        <ele>142.600006103515625</ele>
        <time>2016-07-16T12:10:58.000Z</time>
        <extensions>
          <ns3:TrackPointExtension>
            <ns3:hr>146</ns3:hr>
            <ns3:cad>96</ns3:cad>
          </ns3:TrackPointExtension>
        </extensions>
      </trkpt>
      <trkpt lat="29.149510972201824188232421875" lon="120.3287540562450885772705078125">
        <ele>142.8000030517578125</ele>
        <time>2016-07-16T12:10:59.000Z</time>
        <extensions>
          <ns3:TrackPointExtension>
            <ns3:hr>146</ns3:hr>
            <ns3:cad>96</ns3:cad>
          </ns3:TrackPointExtension>
        </extensions>
      </trkpt>
      <trkpt lat="29.1495054401457309722900390625" lon="120.32872715033590793609619140625">
        <ele>142.8000030517578125</ele>
        <time>2016-07-16T12:11:00.000Z</time>
        <extensions>
          <ns3:TrackPointExtension>
            <ns3:hr>146</ns3:hr>
            <ns3:cad>98</ns3:cad>
          </ns3:TrackPointExtension>
        </extensions>
      </trkpt>
      <trkpt lat="29.1494994051754474639892578125" lon="120.3286984004080295562744140625">
        <ele>143</ele>
        <time>2016-07-16T12:11:01.000Z</time>
        <extensions>
          <ns3:TrackPointExtension>
            <ns3:hr>146</ns3:hr>
            <ns3:cad>98</ns3:cad>
          </ns3:TrackPointExtension>
        </extensions>
      </trkpt>
      <trkpt lat="29.1494843177497386932373046875" lon="120.32864266075193881988525390625">
        <ele>143.399993896484375</ele>
        <time>2016-07-16T12:11:02.000Z</time>
        <extensions>
          <ns3:TrackPointExtension>
            <ns3:hr>146</ns3:hr>
            <ns3:cad>97</ns3:cad>
          </ns3:TrackPointExtension>
        </extensions>
      </trkpt>
      <trkpt lat="29.1494843177497386932373046875" lon="120.32864266075193881988525390625">
        <ele>143.399993896484375</ele>
        <time>2016-07-16T12:11:03.000Z</time>
        <extensions>
          <ns3:TrackPointExtension>
            <ns3:hr>146</ns3:hr>
            <ns3:cad>96</ns3:cad>
          </ns3:TrackPointExtension>
        </extensions>
      </trkpt>
      <trkpt lat="29.14947467856109142303466796875" lon="120.328616760671138763427734375">
        <ele>143.600006103515625</ele>
        <time>2016-07-16T12:11:04.000Z</time>
        <extensions>
          <ns3:TrackPointExtension>
            <ns3:hr>146</ns3:hr>
            <ns3:cad>96</ns3:cad>
          </ns3:TrackPointExtension>
        </extensions>
      </trkpt>
      <trkpt lat="29.14946411736309528350830078125" lon="120.328592956066131591796875">
        <ele>143.8000030517578125</ele>
        <time>2016-07-16T12:11:05.000Z</time>
        <extensions>
          <ns3:TrackPointExtension>
            <ns3:hr>146</ns3:hr>
            <ns3:cad>97</ns3:cad>
          </ns3:TrackPointExtension>
        </extensions>
      </trkpt>
      <trkpt lat="29.149454645812511444091796875" lon="120.3285701572895050048828125">
        <ele>143.8000030517578125</ele>
        <time>2016-07-16T12:11:06.000Z</time>
        <extensions>
          <ns3:TrackPointExtension>
            <ns3:hr>146</ns3:hr>
            <ns3:cad>97</ns3:cad>
          </ns3:TrackPointExtension>
        </extensions>
      </trkpt>
      <trkpt lat="29.1494424082338809967041015625" lon="120.3285478614270687103271484375">
        <ele>143.8000030517578125</ele>
        <time>2016-07-16T12:11:07.000Z</time>
        <extensions>
          <ns3:TrackPointExtension>
            <ns3:hr>146</ns3:hr>
            <ns3:cad>96</ns3:cad>
          </ns3:TrackPointExtension>
        </extensions>
      </trkpt>
      <trkpt lat="29.14942958392202854156494140625" lon="120.32852682285010814666748046875">
        <ele>144</ele>
        <time>2016-07-16T12:11:08.000Z</time>
        <extensions>
          <ns3:TrackPointExtension>
            <ns3:hr>146</ns3:hr>
            <ns3:cad>96</ns3:cad>
          </ns3:TrackPointExtension>
        </extensions>
      </trkpt>
      <trkpt lat="29.149414412677288055419921875" lon="120.32850553281605243682861328125">
        <ele>144</ele>
        <time>2016-07-16T12:11:09.000Z</time>
        <extensions>
          <ns3:TrackPointExtension>
            <ns3:hr>146</ns3:hr>
            <ns3:cad>96</ns3:cad>
          </ns3:TrackPointExtension>
        </extensions>
      </trkpt>
      <trkpt lat="29.1493971459567546844482421875" lon="120.328486673533916473388671875">
        <ele>143.8000030517578125</ele>
        <time>2016-07-16T12:11:10.000Z</time>
        <extensions>
          <ns3:TrackPointExtension>
            <ns3:hr>147</ns3:hr>
            <ns3:cad>96</ns3:cad>
          </ns3:TrackPointExtension>
        </extensions>
      </trkpt>
      <trkpt lat="29.149381220340728759765625" lon="120.32846798188984394073486328125">
        <ele>143.8000030517578125</ele>
        <time>2016-07-16T12:11:11.000Z</time>
        <extensions>
          <ns3:TrackPointExtension>
            <ns3:hr>146</ns3:hr>
            <ns3:cad>96</ns3:cad>
          </ns3:TrackPointExtension>
        </extensions>
      </trkpt>
      <trkpt lat="29.14936487562954425811767578125" lon="120.3284506313502788543701171875">
        <ele>143.8000030517578125</ele>
        <time>2016-07-16T12:11:12.000Z</time>
        <extensions>
          <ns3:TrackPointExtension>
            <ns3:hr>146</ns3:hr>
            <ns3:cad>96</ns3:cad>
          </ns3:TrackPointExtension>
        </extensions>
      </trkpt>
      <trkpt lat="29.1493485309183597564697265625" lon="120.32843529246747493743896484375">
        <ele>143.8000030517578125</ele>
        <time>2016-07-16T12:11:13.000Z</time>
        <extensions>
          <ns3:TrackPointExtension>
            <ns3:hr>146</ns3:hr>
            <ns3:cad>96</ns3:cad>
          </ns3:TrackPointExtension>
        </extensions>
      </trkpt>
      <trkpt lat="29.1493317671120166778564453125" lon="120.32842137850821018218994140625">
        <ele>143.600006103515625</ele>
        <time>2016-07-16T12:11:14.000Z</time>
        <extensions>
          <ns3:TrackPointExtension>
            <ns3:hr>146</ns3:hr>
            <ns3:cad>98</ns3:cad>
          </ns3:TrackPointExtension>
        </extensions>
      </trkpt>
      <trkpt lat="29.1493133269250392913818359375" lon="120.3284090571105480194091796875">
        <ele>143.600006103515625</ele>
        <time>2016-07-16T12:11:15.000Z</time>
        <extensions>
          <ns3:TrackPointExtension>
            <ns3:hr>146</ns3:hr>
            <ns3:cad>98</ns3:cad>
          </ns3:TrackPointExtension>
        </extensions>
      </trkpt>
      <trkpt lat="29.149294383823871612548828125" lon="120.3283969871699810028076171875">
        <ele>143.399993896484375</ele>
        <time>2016-07-16T12:11:16.000Z</time>
        <extensions>
          <ns3:TrackPointExtension>
            <ns3:hr>146</ns3:hr>
            <ns3:cad>98</ns3:cad>
          </ns3:TrackPointExtension>
        </extensions>
      </trkpt>
      <trkpt lat="29.1492747701704502105712890625" lon="120.32838843762874603271484375">
        <ele>143.1999969482421875</ele>
        <time>2016-07-16T12:11:17.000Z</time>
        <extensions>
          <ns3:TrackPointExtension>
            <ns3:hr>147</ns3:hr>
            <ns3:cad>97</ns3:cad>
          </ns3:TrackPointExtension>
        </extensions>
      </trkpt>
      <trkpt lat="29.14925507269799709320068359375" lon="120.3283805586397647857666015625">
        <ele>143.1999969482421875</ele>
        <time>2016-07-16T12:11:18.000Z</time>
        <extensions>
          <ns3:TrackPointExtension>
            <ns3:hr>146</ns3:hr>
            <ns3:cad>96</ns3:cad>
          </ns3:TrackPointExtension>
        </extensions>
      </trkpt>
      <trkpt lat="29.14921249262988567352294921875" lon="120.32836371101438999176025390625">
        <ele>143</ele>
        <time>2016-07-16T12:11:19.000Z</time>
        <extensions>
          <ns3:TrackPointExtension>
            <ns3:hr>147</ns3:hr>
            <ns3:cad>96</ns3:cad>
          </ns3:TrackPointExtension>
        </extensions>
      </trkpt>
      <trkpt lat="29.14921249262988567352294921875" lon="120.32836371101438999176025390625">
        <ele>143</ele>
        <time>2016-07-16T12:11:20.000Z</time>
        <extensions>
          <ns3:TrackPointExtension>
            <ns3:hr>147</ns3:hr>
            <ns3:cad>96</ns3:cad>
          </ns3:TrackPointExtension>
        </extensions>
      </trkpt>
      <trkpt lat="29.14919153787195682525634765625" lon="120.32835516147315502166748046875">
        <ele>143</ele>
        <time>2016-07-16T12:11:21.000Z</time>
        <extensions>
          <ns3:TrackPointExtension>
            <ns3:hr>147</ns3:hr>
            <ns3:cad>96</ns3:cad>
          </ns3:TrackPointExtension>
        </extensions>
      </trkpt>
      <trkpt lat="29.14917024783790111541748046875" lon="120.3283470310270786285400390625">
        <ele>143</ele>
        <time>2016-07-16T12:11:22.000Z</time>
        <extensions>
          <ns3:TrackPointExtension>
            <ns3:hr>147</ns3:hr>
            <ns3:cad>96</ns3:cad>
          </ns3:TrackPointExtension>
        </extensions>
      </trkpt>
      <trkpt lat="29.149147532880306243896484375" lon="120.32833923585712909698486328125">
        <ele>142.8000030517578125</ele>
        <time>2016-07-16T12:11:23.000Z</time>
        <extensions>
          <ns3:TrackPointExtension>
            <ns3:hr>147</ns3:hr>
            <ns3:cad>98</ns3:cad>
          </ns3:TrackPointExtension>
        </extensions>
      </trkpt>
      <trkpt lat="29.14912548847496509552001953125" lon="120.32833051867783069610595703125">
        <ele>142.8000030517578125</ele>
        <time>2016-07-16T12:11:24.000Z</time>
        <extensions>
          <ns3:TrackPointExtension>
            <ns3:hr>147</ns3:hr>
            <ns3:cad>98</ns3:cad>
          </ns3:TrackPointExtension>
        </extensions>
      </trkpt>
      <trkpt lat="29.14910319261252880096435546875" lon="120.328324399888515472412109375">
        <ele>142.600006103515625</ele>
        <time>2016-07-16T12:11:25.000Z</time>
        <extensions>
          <ns3:TrackPointExtension>
            <ns3:hr>147</ns3:hr>
            <ns3:cad>98</ns3:cad>
          </ns3:TrackPointExtension>
        </extensions>
      </trkpt>
      <trkpt lat="29.1490821540355682373046875" lon="120.3283148445188999176025390625">
        <ele>142.600006103515625</ele>
        <time>2016-07-16T12:11:26.000Z</time>
        <extensions>
          <ns3:TrackPointExtension>
            <ns3:hr>147</ns3:hr>
            <ns3:cad>97</ns3:cad>
          </ns3:TrackPointExtension>
        </extensions>
      </trkpt>
      <trkpt lat="29.14906195364892482757568359375" lon="120.32830570824444293975830078125">
        <ele>142.600006103515625</ele>
        <time>2016-07-16T12:11:27.000Z</time>
        <extensions>
          <ns3:TrackPointExtension>
            <ns3:hr>147</ns3:hr>
            <ns3:cad>97</ns3:cad>
          </ns3:TrackPointExtension>
        </extensions>
      </trkpt>
      <trkpt lat="29.14904016070067882537841796875" lon="120.3282980807125568389892578125">
        <ele>142.399993896484375</ele>
        <time>2016-07-16T12:11:28.000Z</time>
        <extensions>
          <ns3:TrackPointExtension>
            <ns3:hr>147</ns3:hr>
            <ns3:cad>97</ns3:cad>
          </ns3:TrackPointExtension>
        </extensions>
      </trkpt>
      <trkpt lat="29.14901719428598880767822265625" lon="120.32828995026648044586181640625">
        <ele>142.1999969482421875</ele>
        <time>2016-07-16T12:11:29.000Z</time>
        <extensions>
          <ns3:TrackPointExtension>
            <ns3:hr>147</ns3:hr>
            <ns3:cad>96</ns3:cad>
          </ns3:TrackPointExtension>
        </extensions>
      </trkpt>
      <trkpt lat="29.1489958204329013824462890625" lon="120.328281484544277191162109375">
        <ele>142.1999969482421875</ele>
        <time>2016-07-16T12:11:30.000Z</time>
        <extensions>
          <ns3:TrackPointExtension>
            <ns3:hr>147</ns3:hr>
            <ns3:cad>96</ns3:cad>
          </ns3:TrackPointExtension>
        </extensions>
      </trkpt>
      <trkpt lat="29.14897419512271881103515625" lon="120.32827151007950305938720703125">
        <ele>142.1999969482421875</ele>
        <time>2016-07-16T12:11:31.000Z</time>
        <extensions>
          <ns3:TrackPointExtension>
            <ns3:hr>147</ns3:hr>
            <ns3:cad>96</ns3:cad>
          </ns3:TrackPointExtension>
        </extensions>
      </trkpt>
      <trkpt lat="29.1489522345364093780517578125" lon="120.32826329581439495086669921875">
        <ele>142.399993896484375</ele>
        <time>2016-07-16T12:11:32.000Z</time>
        <extensions>
          <ns3:TrackPointExtension>
            <ns3:hr>147</ns3:hr>
            <ns3:cad>96</ns3:cad>
          </ns3:TrackPointExtension>
        </extensions>
      </trkpt>
      <trkpt lat="29.1489307768642902374267578125" lon="120.3282551653683185577392578125">
        <ele>142.399993896484375</ele>
        <time>2016-07-16T12:11:33.000Z</time>
        <extensions>
          <ns3:TrackPointExtension>
            <ns3:hr>147</ns3:hr>
            <ns3:cad>96</ns3:cad>
          </ns3:TrackPointExtension>
        </extensions>
      </trkpt>
      <trkpt lat="29.1489116661250591278076171875" lon="120.32824351452291011810302734375">
        <ele>142.399993896484375</ele>
        <time>2016-07-16T12:11:34.000Z</time>
        <extensions>
          <ns3:TrackPointExtension>
            <ns3:hr>147</ns3:hr>
            <ns3:cad>96</ns3:cad>
          </ns3:TrackPointExtension>
        </extensions>
      </trkpt>
      <trkpt lat="29.1488902084529399871826171875" lon="120.3282353840768337249755859375">
        <ele>142.399993896484375</ele>
        <time>2016-07-16T12:11:35.000Z</time>
        <extensions>
          <ns3:TrackPointExtension>
            <ns3:hr>146</ns3:hr>
            <ns3:cad>97</ns3:cad>
          </ns3:TrackPointExtension>
        </extensions>
      </trkpt>
      <trkpt lat="29.14886782877147197723388671875" lon="120.328227169811725616455078125">
        <ele>142.600006103515625</ele>
        <time>2016-07-16T12:11:36.000Z</time>
        <extensions>
          <ns3:TrackPointExtension>
            <ns3:hr>146</ns3:hr>
            <ns3:cad>97</ns3:cad>
          </ns3:TrackPointExtension>
        </extensions>
      </trkpt>
      <trkpt lat="29.148844443261623382568359375" lon="120.32821769826114177703857421875">
        <ele>142.399993896484375</ele>
        <time>2016-07-16T12:11:37.000Z</time>
        <extensions>
          <ns3:TrackPointExtension>
            <ns3:hr>146</ns3:hr>
            <ns3:cad>97</ns3:cad>
          </ns3:TrackPointExtension>
        </extensions>
      </trkpt>
      <trkpt lat="29.14882172830402851104736328125" lon="120.328209400177001953125">
        <ele>142.399993896484375</ele>
        <time>2016-07-16T12:11:38.000Z</time>
        <extensions>
          <ns3:TrackPointExtension>
            <ns3:hr>146</ns3:hr>
            <ns3:cad>97</ns3:cad>
          </ns3:TrackPointExtension>
        </extensions>
      </trkpt>
      <trkpt lat="29.14880027063190937042236328125" lon="120.32820026390254497528076171875">
        <ele>142.399993896484375</ele>
        <time>2016-07-16T12:11:39.000Z</time>
        <extensions>
          <ns3:TrackPointExtension>
            <ns3:hr>147</ns3:hr>
            <ns3:cad>97</ns3:cad>
          </ns3:TrackPointExtension>
        </extensions>
      </trkpt>
      <trkpt lat="29.148778058588504791259765625" lon="120.32819272018969058990478515625">
        <ele>142.399993896484375</ele>
        <time>2016-07-16T12:11:40.000Z</time>
        <extensions>
          <ns3:TrackPointExtension>
            <ns3:hr>147</ns3:hr>
            <ns3:cad>97</ns3:cad>
          </ns3:TrackPointExtension>
        </extensions>
      </trkpt>
      <trkpt lat="29.1487564332783222198486328125" lon="120.3281837515532970428466796875">
        <ele>142.1999969482421875</ele>
        <time>2016-07-16T12:11:41.000Z</time>
        <extensions>
          <ns3:TrackPointExtension>
            <ns3:hr>147</ns3:hr>
            <ns3:cad>97</ns3:cad>
          </ns3:TrackPointExtension>
        </extensions>
      </trkpt>
      <trkpt lat="29.14873220957815647125244140625" lon="120.32817528583109378814697265625">
        <ele>142.1999969482421875</ele>
        <time>2016-07-16T12:11:42.000Z</time>
        <extensions>
          <ns3:TrackPointExtension>
            <ns3:hr>147</ns3:hr>
            <ns3:cad>97</ns3:cad>
          </ns3:TrackPointExtension>
        </extensions>
      </trkpt>
      <trkpt lat="29.148708991706371307373046875" lon="120.32816774211823940277099609375">
        <ele>142.1999969482421875</ele>
        <time>2016-07-16T12:11:43.000Z</time>
        <extensions>
          <ns3:TrackPointExtension>
            <ns3:hr>147</ns3:hr>
            <ns3:cad>97</ns3:cad>
          </ns3:TrackPointExtension>
        </extensions>
      </trkpt>
      <trkpt lat="29.1486851871013641357421875" lon="120.3281592763960361480712890625">
        <ele>142.1999969482421875</ele>
        <time>2016-07-16T12:11:44.000Z</time>
        <extensions>
          <ns3:TrackPointExtension>
            <ns3:hr>147</ns3:hr>
            <ns3:cad>97</ns3:cad>
          </ns3:TrackPointExtension>
        </extensions>
      </trkpt>
      <trkpt lat="29.148661382496356964111328125" lon="120.32815131358802318572998046875">
        <ele>142.1999969482421875</ele>
        <time>2016-07-16T12:11:45.000Z</time>
        <extensions>
          <ns3:TrackPointExtension>
            <ns3:hr>146</ns3:hr>
            <ns3:cad>97</ns3:cad>
          </ns3:TrackPointExtension>
        </extensions>
      </trkpt>
      <trkpt lat="29.1486384160816669464111328125" lon="120.328144691884517669677734375">
        <ele>142.399993896484375</ele>
        <time>2016-07-16T12:11:46.000Z</time>
        <extensions>
          <ns3:TrackPointExtension>
            <ns3:hr>146</ns3:hr>
            <ns3:cad>97</ns3:cad>
          </ns3:TrackPointExtension>
        </extensions>
      </trkpt>
      <trkpt lat="29.14861469529569149017333984375" lon="120.32813773490488529205322265625">
        <ele>142.399993896484375</ele>
        <time>2016-07-16T12:11:47.000Z</time>
        <extensions>
          <ns3:TrackPointExtension>
            <ns3:hr>146</ns3:hr>
            <ns3:cad>97</ns3:cad>
          </ns3:TrackPointExtension>
        </extensions>
      </trkpt>
      <trkpt lat="29.14859156124293804168701171875" lon="120.32812985591590404510498046875">
        <ele>142.399993896484375</ele>
        <time>2016-07-16T12:11:48.000Z</time>
        <extensions>
          <ns3:TrackPointExtension>
            <ns3:hr>146</ns3:hr>
            <ns3:cad>97</ns3:cad>
          </ns3:TrackPointExtension>
        </extensions>
      </trkpt>
      <trkpt lat="29.14856859482824802398681640625" lon="120.32812113873660564422607421875">
        <ele>142.399993896484375</ele>
        <time>2016-07-16T12:11:49.000Z</time>
        <extensions>
          <ns3:TrackPointExtension>
            <ns3:hr>146</ns3:hr>
            <ns3:cad>97</ns3:cad>
          </ns3:TrackPointExtension>
        </extensions>
      </trkpt>
      <trkpt lat="29.14854646660387516021728515625" lon="120.3281114995479583740234375">
        <ele>142.399993896484375</ele>
        <time>2016-07-16T12:11:50.000Z</time>
        <extensions>
          <ns3:TrackPointExtension>
            <ns3:hr>146</ns3:hr>
            <ns3:cad>97</ns3:cad>
          </ns3:TrackPointExtension>
        </extensions>
      </trkpt>
      <trkpt lat="29.14852500893175601959228515625" lon="120.32810286618769168853759765625">
        <ele>142.399993896484375</ele>
        <time>2016-07-16T12:11:51.000Z</time>
        <extensions>
          <ns3:TrackPointExtension>
            <ns3:hr>146</ns3:hr>
            <ns3:cad>97</ns3:cad>
          </ns3:TrackPointExtension>
        </extensions>
      </trkpt>
      <trkpt lat="29.14850212633609771728515625" lon="120.32809766940772533416748046875">
        <ele>142.399993896484375</ele>
        <time>2016-07-16T12:11:52.000Z</time>
        <extensions>
          <ns3:TrackPointExtension>
            <ns3:hr>145</ns3:hr>
            <ns3:cad>96</ns3:cad>
          </ns3:TrackPointExtension>
        </extensions>
      </trkpt>
      <trkpt lat="29.14847932755947113037109375" lon="120.3280928917229175567626953125">
        <ele>142.399993896484375</ele>
        <time>2016-07-16T12:11:53.000Z</time>
        <extensions>
          <ns3:TrackPointExtension>
            <ns3:hr>145</ns3:hr>
            <ns3:cad>96</ns3:cad>
          </ns3:TrackPointExtension>
        </extensions>
      </trkpt>
      <trkpt lat="29.14845560677349567413330078125" lon="120.3280902095139026641845703125">
        <ele>142.399993896484375</ele>
        <time>2016-07-16T12:11:54.000Z</time>
        <extensions>
          <ns3:TrackPointExtension>
            <ns3:hr>145</ns3:hr>
            <ns3:cad>96</ns3:cad>
          </ns3:TrackPointExtension>
        </extensions>
      </trkpt>
      <trkpt lat="29.14843146689236164093017578125" lon="120.328088700771331787109375">
        <ele>142.600006103515625</ele>
        <time>2016-07-16T12:11:55.000Z</time>
        <extensions>
          <ns3:TrackPointExtension>
            <ns3:hr>144</ns3:hr>
            <ns3:cad>96</ns3:cad>
          </ns3:TrackPointExtension>
        </extensions>
      </trkpt>
      <trkpt lat="29.14840866811573505401611328125" lon="120.32808811403810977935791015625">
        <ele>142.600006103515625</ele>
        <time>2016-07-16T12:11:56.000Z</time>
        <extensions>
          <ns3:TrackPointExtension>
            <ns3:hr>144</ns3:hr>
            <ns3:cad>96</ns3:cad>
          </ns3:TrackPointExtension>
        </extensions>
      </trkpt>
      <trkpt lat="29.14838586933910846710205078125" lon="120.3280902095139026641845703125">
        <ele>142.399993896484375</ele>
        <time>2016-07-16T12:11:57.000Z</time>
        <extensions>
          <ns3:TrackPointExtension>
            <ns3:hr>144</ns3:hr>
            <ns3:cad>98</ns3:cad>
          </ns3:TrackPointExtension>
        </extensions>
      </trkpt>
      <trkpt lat="29.14836374111473560333251953125" lon="120.328093059360980987548828125">
        <ele>142.399993896484375</ele>
        <time>2016-07-16T12:11:58.000Z</time>
        <extensions>
          <ns3:TrackPointExtension>
            <ns3:hr>144</ns3:hr>
            <ns3:cad>98</ns3:cad>
          </ns3:TrackPointExtension>
        </extensions>
      </trkpt>
      <trkpt lat="29.1483413614332675933837890625" lon="120.3280980885028839111328125">
        <ele>142.399993896484375</ele>
        <time>2016-07-16T12:11:59.000Z</time>
        <extensions>
          <ns3:TrackPointExtension>
            <ns3:hr>144</ns3:hr>
            <ns3:cad>98</ns3:cad>
          </ns3:TrackPointExtension>
        </extensions>
      </trkpt>
      <trkpt lat="29.14831973612308502197265625" lon="120.3281036205589771270751953125">
        <ele>142.399993896484375</ele>
        <time>2016-07-16T12:12:00.000Z</time>
        <extensions>
          <ns3:TrackPointExtension>
            <ns3:hr>144</ns3:hr>
            <ns3:cad>98</ns3:cad>
          </ns3:TrackPointExtension>
        </extensions>
      </trkpt>
      <trkpt lat="29.148297272622585296630859375" lon="120.328109823167324066162109375">
        <ele>142.600006103515625</ele>
        <time>2016-07-16T12:12:01.000Z</time>
        <extensions>
          <ns3:TrackPointExtension>
            <ns3:hr>144</ns3:hr>
            <ns3:cad>97</ns3:cad>
          </ns3:TrackPointExtension>
        </extensions>
      </trkpt>
      <trkpt lat="29.1482748091220855712890625" lon="120.32811753451824188232421875">
        <ele>142.600006103515625</ele>
        <time>2016-07-16T12:12:02.000Z</time>
        <extensions>
          <ns3:TrackPointExtension>
            <ns3:hr>144</ns3:hr>
            <ns3:cad>96</ns3:cad>
          </ns3:TrackPointExtension>
        </extensions>
      </trkpt>
      <trkpt lat="29.148251004517078399658203125" lon="120.328127928078174591064453125">
        <ele>142.8000030517578125</ele>
        <time>2016-07-16T12:12:03.000Z</time>
        <extensions>
          <ns3:TrackPointExtension>
            <ns3:hr>144</ns3:hr>
            <ns3:cad>96</ns3:cad>
          </ns3:TrackPointExtension>
        </extensions>
      </trkpt>
      <trkpt lat="29.14822996594011783599853515625" lon="120.32813974656164646148681640625">
        <ele>142.8000030517578125</ele>
        <time>2016-07-16T12:12:04.000Z</time>
        <extensions>
          <ns3:TrackPointExtension>
            <ns3:hr>144</ns3:hr>
            <ns3:cad>96</ns3:cad>
          </ns3:TrackPointExtension>
        </extensions>
      </trkpt>
      <trkpt lat="29.1482109390199184417724609375" lon="120.3281515650451183319091796875">
        <ele>142.8000030517578125</ele>
        <time>2016-07-16T12:12:05.000Z</time>
        <extensions>
          <ns3:TrackPointExtension>
            <ns3:hr>145</ns3:hr>
            <ns3:cad>97</ns3:cad>
          </ns3:TrackPointExtension>
        </extensions>
      </trkpt>
      <trkpt lat="29.148191325366497039794921875" lon="120.32816573046147823333740234375">
        <ele>143</ele>
        <time>2016-07-16T12:12:06.000Z</time>
        <extensions>
          <ns3:TrackPointExtension>
            <ns3:hr>144</ns3:hr>
            <ns3:cad>97</ns3:cad>
          </ns3:TrackPointExtension>
        </extensions>
      </trkpt>
      <trkpt lat="29.148173220455646514892578125" lon="120.32818115316331386566162109375">
        <ele>143</ele>
        <time>2016-07-16T12:12:07.000Z</time>
        <extensions>
          <ns3:TrackPointExtension>
            <ns3:hr>144</ns3:hr>
            <ns3:cad>98</ns3:cad>
          </ns3:TrackPointExtension>
        </extensions>
      </trkpt>
      <trkpt lat="29.14815503172576427459716796875" lon="120.328196324408054351806640625">
        <ele>143</ele>
        <time>2016-07-16T12:12:08.000Z</time>
        <extensions>
          <ns3:TrackPointExtension>
            <ns3:hr>144</ns3:hr>
            <ns3:cad>98</ns3:cad>
          </ns3:TrackPointExtension>
        </extensions>
      </trkpt>
      <trkpt lat="29.1481388546526432037353515625" lon="120.3282125853002071380615234375">
        <ele>143</ele>
        <time>2016-07-16T12:12:09.000Z</time>
        <extensions>
          <ns3:TrackPointExtension>
            <ns3:hr>144</ns3:hr>
            <ns3:cad>98</ns3:cad>
          </ns3:TrackPointExtension>
        </extensions>
      </trkpt>
      <trkpt lat="29.1481076739728450775146484375" lon="120.3282491303980350494384765625">
        <ele>143.1999969482421875</ele>
        <time>2016-07-16T12:12:10.000Z</time>
        <extensions>
          <ns3:TrackPointExtension>
            <ns3:hr>144</ns3:hr>
            <ns3:cad>96</ns3:cad>
          </ns3:TrackPointExtension>
        </extensions>
      </trkpt>
      <trkpt lat="29.1481076739728450775146484375" lon="120.3282491303980350494384765625">
        <ele>143.1999969482421875</ele>
        <time>2016-07-16T12:12:11.000Z</time>
        <extensions>
          <ns3:TrackPointExtension>
            <ns3:hr>144</ns3:hr>
            <ns3:cad>96</ns3:cad>
          </ns3:TrackPointExtension>
        </extensions>
      </trkpt>
      <trkpt lat="29.14809250272810459136962890625" lon="120.3282715938985347747802734375">
        <ele>143.1999969482421875</ele>
        <time>2016-07-16T12:12:12.000Z</time>
        <extensions>
          <ns3:TrackPointExtension>
            <ns3:hr>144</ns3:hr>
            <ns3:cad>96</ns3:cad>
          </ns3:TrackPointExtension>
        </extensions>
      </trkpt>
      <trkpt lat="29.1480790078639984130859375" lon="120.328294895589351654052734375">
        <ele>143.399993896484375</ele>
        <time>2016-07-16T12:12:13.000Z</time>
        <extensions>
          <ns3:TrackPointExtension>
            <ns3:hr>144</ns3:hr>
            <ns3:cad>96</ns3:cad>
          </ns3:TrackPointExtension>
        </extensions>
      </trkpt>
      <trkpt lat="29.14806718938052654266357421875" lon="120.3283185325562953948974609375">
        <ele>143.399993896484375</ele>
        <time>2016-07-16T12:12:14.000Z</time>
        <extensions>
          <ns3:TrackPointExtension>
            <ns3:hr>144</ns3:hr>
            <ns3:cad>96</ns3:cad>
          </ns3:TrackPointExtension>
        </extensions>
      </trkpt>
      <trkpt lat="29.1480536945164203643798828125" lon="120.32834141515195369720458984375">
        <ele>143.399993896484375</ele>
        <time>2016-07-16T12:12:15.000Z</time>
        <extensions>
          <ns3:TrackPointExtension>
            <ns3:hr>144</ns3:hr>
            <ns3:cad>97</ns3:cad>
          </ns3:TrackPointExtension>
        </extensions>
      </trkpt>
      <trkpt lat="29.14804254658520221710205078125" lon="120.328365303575992584228515625">
        <ele>143.399993896484375</ele>
        <time>2016-07-16T12:12:16.000Z</time>
        <extensions>
          <ns3:TrackPointExtension>
            <ns3:hr>144</ns3:hr>
            <ns3:cad>98</ns3:cad>
          </ns3:TrackPointExtension>
        </extensions>
      </trkpt>
      <trkpt lat="29.1480332426726818084716796875" lon="120.32838818617165088653564453125">
        <ele>143.399993896484375</ele>
        <time>2016-07-16T12:12:17.000Z</time>
        <extensions>
          <ns3:TrackPointExtension>
            <ns3:hr>144</ns3:hr>
            <ns3:cad>98</ns3:cad>
          </ns3:TrackPointExtension>
        </extensions>
      </trkpt>
      <trkpt lat="29.14802293293178081512451171875" lon="120.32841132022440433502197265625">
        <ele>143.600006103515625</ele>
        <time>2016-07-16T12:12:18.000Z</time>
        <extensions>
          <ns3:TrackPointExtension>
            <ns3:hr>144</ns3:hr>
            <ns3:cad>98</ns3:cad>
          </ns3:TrackPointExtension>
        </extensions>
      </trkpt>
      <trkpt lat="29.14800549857318401336669921875" lon="120.3284593485295772552490234375">
        <ele>143.600006103515625</ele>
        <time>2016-07-16T12:12:19.000Z</time>
        <extensions>
          <ns3:TrackPointExtension>
            <ns3:hr>144</ns3:hr>
            <ns3:cad>96</ns3:cad>
          </ns3:TrackPointExtension>
        </extensions>
      </trkpt>
      <trkpt lat="29.14800549857318401336669921875" lon="120.3284593485295772552490234375">
        <ele>143.600006103515625</ele>
        <time>2016-07-16T12:12:20.000Z</time>
        <extensions>
          <ns3:TrackPointExtension>
            <ns3:hr>144</ns3:hr>
            <ns3:cad>96</ns3:cad>
          </ns3:TrackPointExtension>
        </extensions>
      </trkpt>
      <trkpt lat="29.14799929596483707427978515625" lon="120.328483991324901580810546875">
        <ele>143.600006103515625</ele>
        <time>2016-07-16T12:12:21.000Z</time>
        <extensions>
          <ns3:TrackPointExtension>
            <ns3:hr>144</ns3:hr>
            <ns3:cad>96</ns3:cad>
          </ns3:TrackPointExtension>
        </extensions>
      </trkpt>
      <trkpt lat="29.1479940153658390045166015625" lon="120.3285072930157184600830078125">
        <ele>143.600006103515625</ele>
        <time>2016-07-16T12:12:22.000Z</time>
        <extensions>
          <ns3:TrackPointExtension>
            <ns3:hr>144</ns3:hr>
            <ns3:cad>96</ns3:cad>
          </ns3:TrackPointExtension>
        </extensions>
      </trkpt>
      <trkpt lat="29.14798873476684093475341796875" lon="120.32853269018232822418212890625">
        <ele>143.8000030517578125</ele>
        <time>2016-07-16T12:12:23.000Z</time>
        <extensions>
          <ns3:TrackPointExtension>
            <ns3:hr>144</ns3:hr>
            <ns3:cad>96</ns3:cad>
          </ns3:TrackPointExtension>
        </extensions>
      </trkpt>
      <trkpt lat="29.1479859687387943267822265625" lon="120.3285592608153820037841796875">
        <ele>144</ele>
        <time>2016-07-16T12:12:24.000Z</time>
        <extensions>
          <ns3:TrackPointExtension>
            <ns3:hr>145</ns3:hr>
            <ns3:cad>96</ns3:cad>
          </ns3:TrackPointExtension>
        </extensions>
      </trkpt>
      <trkpt lat="29.14798806421458721160888671875" lon="120.32858666963875293731689453125">
        <ele>144.1999969482421875</ele>
        <time>2016-07-16T12:12:25.000Z</time>
        <extensions>
          <ns3:TrackPointExtension>
            <ns3:hr>145</ns3:hr>
            <ns3:cad>99</ns3:cad>
          </ns3:TrackPointExtension>
        </extensions>
      </trkpt>
      <trkpt lat="29.14798923768103122711181640625" lon="120.328614413738250732421875">
        <ele>144.399993896484375</ele>
        <time>2016-07-16T12:12:26.000Z</time>
        <extensions>
          <ns3:TrackPointExtension>
            <ns3:hr>146</ns3:hr>
            <ns3:cad>99</ns3:cad>
          </ns3:TrackPointExtension>
        </extensions>
      </trkpt>
      <trkpt lat="29.14799175225198268890380859375" lon="120.32864048145711421966552734375">
        <ele>144.399993896484375</ele>
        <time>2016-07-16T12:12:27.000Z</time>
        <extensions>
          <ns3:TrackPointExtension>
            <ns3:hr>147</ns3:hr>
            <ns3:cad>99</ns3:cad>
          </ns3:TrackPointExtension>
        </extensions>
      </trkpt>
      <trkpt lat="29.147996194660663604736328125" lon="120.3286652080714702606201171875">
        <ele>144.600006103515625</ele>
        <time>2016-07-16T12:12:28.000Z</time>
        <extensions>
          <ns3:TrackPointExtension>
            <ns3:hr>147</ns3:hr>
            <ns3:cad>96</ns3:cad>
          </ns3:TrackPointExtension>
        </extensions>
      </trkpt>
      <trkpt lat="29.1480010561645030975341796875" lon="120.328691862523555755615234375">
        <ele>144.600006103515625</ele>
        <time>2016-07-16T12:12:29.000Z</time>
        <extensions>
          <ns3:TrackPointExtension>
            <ns3:hr>147</ns3:hr>
            <ns3:cad>96</ns3:cad>
          </ns3:TrackPointExtension>
        </extensions>
      </trkpt>
      <trkpt lat="29.14800985716283321380615234375" lon="120.3287175111472606658935546875">
        <ele>144.8000030517578125</ele>
        <time>2016-07-16T12:12:30.000Z</time>
        <extensions>
          <ns3:TrackPointExtension>
            <ns3:hr>147</ns3:hr>
            <ns3:cad>96</ns3:cad>
          </ns3:TrackPointExtension>
        </extensions>
      </trkpt>
      <trkpt lat="29.14801924489438533782958984375" lon="120.32874357886612415313720703125">
        <ele>144.8000030517578125</ele>
        <time>2016-07-16T12:12:31.000Z</time>
        <extensions>
          <ns3:TrackPointExtension>
            <ns3:hr>147</ns3:hr>
            <ns3:cad>96</ns3:cad>
          </ns3:TrackPointExtension>
        </extensions>
      </trkpt>
      <trkpt lat="29.14804757572710514068603515625" lon="120.3287936188280582427978515625">
        <ele>145</ele>
        <time>2016-07-16T12:12:32.000Z</time>
        <extensions>
          <ns3:TrackPointExtension>
            <ns3:hr>146</ns3:hr>
            <ns3:cad>97</ns3:cad>
          </ns3:TrackPointExtension>
        </extensions>
      </trkpt>
      <trkpt lat="29.14804757572710514068603515625" lon="120.3287936188280582427978515625">
        <ele>145</ele>
        <time>2016-07-16T12:12:33.000Z</time>
        <extensions>
          <ns3:TrackPointExtension>
            <ns3:hr>146</ns3:hr>
            <ns3:cad>97</ns3:cad>
          </ns3:TrackPointExtension>
        </extensions>
      </trkpt>
      <trkpt lat="29.14806090295314788818359375" lon="120.32881566323339939117431640625">
        <ele>145</ele>
        <time>2016-07-16T12:12:34.000Z</time>
        <extensions>
          <ns3:TrackPointExtension>
            <ns3:hr>146</ns3:hr>
            <ns3:cad>97</ns3:cad>
          </ns3:TrackPointExtension>
        </extensions>
      </trkpt>
      <trkpt lat="29.14807825349271297454833984375" lon="120.328838713467121124267578125">
        <ele>145</ele>
        <time>2016-07-16T12:12:35.000Z</time>
        <extensions>
          <ns3:TrackPointExtension>
            <ns3:hr>146</ns3:hr>
            <ns3:cad>97</ns3:cad>
          </ns3:TrackPointExtension>
        </extensions>
      </trkpt>
      <trkpt lat="29.1480939276516437530517578125" lon="120.32885706983506679534912109375">
        <ele>145</ele>
        <time>2016-07-16T12:12:36.000Z</time>
        <extensions>
          <ns3:TrackPointExtension>
            <ns3:hr>146</ns3:hr>
            <ns3:cad>97</ns3:cad>
          </ns3:TrackPointExtension>
        </extensions>
      </trkpt>
      <trkpt lat="29.14810893125832080841064453125" lon="120.32887819223105907440185546875">
        <ele>145</ele>
        <time>2016-07-16T12:12:37.000Z</time>
        <extensions>
          <ns3:TrackPointExtension>
            <ns3:hr>145</ns3:hr>
            <ns3:cad>97</ns3:cad>
          </ns3:TrackPointExtension>
        </extensions>
      </trkpt>
      <trkpt lat="29.14812351576983928680419921875" lon="120.3288995660841464996337890625">
        <ele>145</ele>
        <time>2016-07-16T12:12:38.000Z</time>
        <extensions>
          <ns3:TrackPointExtension>
            <ns3:hr>145</ns3:hr>
            <ns3:cad>97</ns3:cad>
          </ns3:TrackPointExtension>
        </extensions>
      </trkpt>
      <trkpt lat="29.1481408663094043731689453125" lon="120.32891959883272647857666015625">
        <ele>145</ele>
        <time>2016-07-16T12:12:39.000Z</time>
        <extensions>
          <ns3:TrackPointExtension>
            <ns3:hr>145</ns3:hr>
            <ns3:cad>97</ns3:cad>
          </ns3:TrackPointExtension>
        </extensions>
      </trkpt>
      <trkpt lat="29.14816307835280895233154296875" lon="120.328939296305179595947265625">
        <ele>145</ele>
        <time>2016-07-16T12:12:40.000Z</time>
        <extensions>
          <ns3:TrackPointExtension>
            <ns3:hr>145</ns3:hr>
            <ns3:cad>97</ns3:cad>
          </ns3:TrackPointExtension>
        </extensions>
      </trkpt>
      <trkpt lat="29.148184955120086669921875" lon="120.32895664684474468231201171875">
        <ele>145</ele>
        <time>2016-07-16T12:12:41.000Z</time>
        <extensions>
          <ns3:TrackPointExtension>
            <ns3:hr>145</ns3:hr>
            <ns3:cad>97</ns3:cad>
          </ns3:TrackPointExtension>
        </extensions>
      </trkpt>
      <trkpt lat="29.14820867590606212615966796875" lon="120.32897525466978549957275390625">
        <ele>144.8000030517578125</ele>
        <time>2016-07-16T12:12:42.000Z</time>
        <extensions>
          <ns3:TrackPointExtension>
            <ns3:hr>145</ns3:hr>
            <ns3:cad>97</ns3:cad>
          </ns3:TrackPointExtension>
        </extensions>
      </trkpt>
      <trkpt lat="29.14823281578719615936279296875" lon="120.328988917171955108642578125">
        <ele>144.8000030517578125</ele>
        <time>2016-07-16T12:12:43.000Z</time>
        <extensions>
          <ns3:TrackPointExtension>
            <ns3:hr>145</ns3:hr>
            <ns3:cad>97</ns3:cad>
          </ns3:TrackPointExtension>
        </extensions>
      </trkpt>
      <trkpt lat="29.1482783295214176177978515625" lon="120.3290118835866451263427734375">
        <ele>144.600006103515625</ele>
        <time>2016-07-16T12:12:44.000Z</time>
        <extensions>
          <ns3:TrackPointExtension>
            <ns3:hr>146</ns3:hr>
            <ns3:cad>97</ns3:cad>
          </ns3:TrackPointExtension>
        </extensions>
      </trkpt>
      <trkpt lat="29.1482783295214176177978515625" lon="120.3290118835866451263427734375">
        <ele>144.600006103515625</ele>
        <time>2016-07-16T12:12:45.000Z</time>
        <extensions>
          <ns3:TrackPointExtension>
            <ns3:hr>146</ns3:hr>
            <ns3:cad>98</ns3:cad>
          </ns3:TrackPointExtension>
        </extensions>
      </trkpt>
      <trkpt lat="29.1482984460890293121337890625" lon="120.32902118749916553497314453125">
        <ele>144.600006103515625</ele>
        <time>2016-07-16T12:12:46.000Z</time>
        <extensions>
          <ns3:TrackPointExtension>
            <ns3:hr>146</ns3:hr>
            <ns3:cad>98</ns3:cad>
          </ns3:TrackPointExtension>
        </extensions>
      </trkpt>
      <trkpt lat="29.148342199623584747314453125" lon="120.32903845421969890594482421875">
        <ele>144.399993896484375</ele>
        <time>2016-07-16T12:12:47.000Z</time>
        <extensions>
          <ns3:TrackPointExtension>
            <ns3:hr>146</ns3:hr>
            <ns3:cad>98</ns3:cad>
          </ns3:TrackPointExtension>
        </extensions>
      </trkpt>
      <trkpt lat="29.148342199623584747314453125" lon="120.32903845421969890594482421875">
        <ele>144.399993896484375</ele>
        <time>2016-07-16T12:12:48.000Z</time>
        <extensions>
          <ns3:TrackPointExtension>
            <ns3:hr>146</ns3:hr>
            <ns3:cad>98</ns3:cad>
          </ns3:TrackPointExtension>
        </extensions>
      </trkpt>
      <trkpt lat="29.14836399257183074951171875" lon="120.3290484286844730377197265625">
        <ele>144.1999969482421875</ele>
        <time>2016-07-16T12:12:49.000Z</time>
        <extensions>
          <ns3:TrackPointExtension>
            <ns3:hr>146</ns3:hr>
            <ns3:cad>97</ns3:cad>
          </ns3:TrackPointExtension>
        </extensions>
      </trkpt>
      <trkpt lat="29.148386456072330474853515625" lon="120.32906209118664264678955078125">
        <ele>144.1999969482421875</ele>
        <time>2016-07-16T12:12:50.000Z</time>
        <extensions>
          <ns3:TrackPointExtension>
            <ns3:hr>146</ns3:hr>
            <ns3:cad>97</ns3:cad>
          </ns3:TrackPointExtension>
        </extensions>
      </trkpt>
      <trkpt lat="29.148410595953464508056640625" lon="120.3290729038417339324951171875">
        <ele>144</ele>
        <time>2016-07-16T12:12:51.000Z</time>
        <extensions>
          <ns3:TrackPointExtension>
            <ns3:hr>146</ns3:hr>
            <ns3:cad>97</ns3:cad>
          </ns3:TrackPointExtension>
        </extensions>
      </trkpt>
      <trkpt lat="29.14843381382524967193603515625" lon="120.3290829621255397796630859375">
        <ele>144</ele>
        <time>2016-07-16T12:12:52.000Z</time>
        <extensions>
          <ns3:TrackPointExtension>
            <ns3:hr>146</ns3:hr>
            <ns3:cad>97</ns3:cad>
          </ns3:TrackPointExtension>
        </extensions>
      </trkpt>
      <trkpt lat="29.14845652878284454345703125" lon="120.32909385859966278076171875">
        <ele>143.8000030517578125</ele>
        <time>2016-07-16T12:12:53.000Z</time>
        <extensions>
          <ns3:TrackPointExtension>
            <ns3:hr>146</ns3:hr>
            <ns3:cad>98</ns3:cad>
          </ns3:TrackPointExtension>
        </extensions>
      </trkpt>
      <trkpt lat="29.14847874082624912261962890625" lon="120.329102911055088043212890625">
        <ele>143.600006103515625</ele>
        <time>2016-07-16T12:12:54.000Z</time>
        <extensions>
          <ns3:TrackPointExtension>
            <ns3:hr>146</ns3:hr>
            <ns3:cad>98</ns3:cad>
          </ns3:TrackPointExtension>
        </extensions>
      </trkpt>
      <trkpt lat="29.1485029645264148712158203125" lon="120.32911053858697414398193359375">
        <ele>143.1999969482421875</ele>
        <time>2016-07-16T12:12:55.000Z</time>
        <extensions>
          <ns3:TrackPointExtension>
            <ns3:hr>146</ns3:hr>
            <ns3:cad>98</ns3:cad>
          </ns3:TrackPointExtension>
        </extensions>
      </trkpt>
      <trkpt lat="29.14852819405496120452880859375" lon="120.3291185013949871063232421875">
        <ele>142.8000030517578125</ele>
        <time>2016-07-16T12:12:56.000Z</time>
        <extensions>
          <ns3:TrackPointExtension>
            <ns3:hr>146</ns3:hr>
            <ns3:cad>98</ns3:cad>
          </ns3:TrackPointExtension>
        </extensions>
      </trkpt>
      <trkpt lat="29.14855183102190494537353515625" lon="120.32912629656493663787841796875">
        <ele>142.399993896484375</ele>
        <time>2016-07-16T12:12:57.000Z</time>
        <extensions>
          <ns3:TrackPointExtension>
            <ns3:hr>146</ns3:hr>
            <ns3:cad>99</ns3:cad>
          </ns3:TrackPointExtension>
        </extensions>
      </trkpt>
      <trkpt lat="29.14857395924627780914306640625" lon="120.3291339240968227386474609375">
        <ele>142</ele>
        <time>2016-07-16T12:12:58.000Z</time>
        <extensions>
          <ns3:TrackPointExtension>
            <ns3:hr>146</ns3:hr>
            <ns3:cad>98</ns3:cad>
          </ns3:TrackPointExtension>
        </extensions>
      </trkpt>
      <trkpt lat="29.1485966742038726806640625" lon="120.32914255745708942413330078125">
        <ele>141.600006103515625</ele>
        <time>2016-07-16T12:12:59.000Z</time>
        <extensions>
          <ns3:TrackPointExtension>
            <ns3:hr>147</ns3:hr>
            <ns3:cad>97</ns3:cad>
          </ns3:TrackPointExtension>
        </extensions>
      </trkpt>
      <trkpt lat="29.14861670695245265960693359375" lon="120.329150520265102386474609375">
        <ele>141.1999969482421875</ele>
        <time>2016-07-16T12:13:00.000Z</time>
        <extensions>
          <ns3:TrackPointExtension>
            <ns3:hr>147</ns3:hr>
            <ns3:cad>97</ns3:cad>
          </ns3:TrackPointExtension>
        </extensions>
      </trkpt>
      <trkpt lat="29.1486387513577938079833984375" lon="120.32916032709181308746337890625">
        <ele>140.8000030517578125</ele>
        <time>2016-07-16T12:13:01.000Z</time>
        <extensions>
          <ns3:TrackPointExtension>
            <ns3:hr>147</ns3:hr>
            <ns3:cad>97</ns3:cad>
          </ns3:TrackPointExtension>
        </extensions>
      </trkpt>
      <trkpt lat="29.1486826725304126739501953125" lon="120.329176001250743865966796875">
        <ele>140.1999969482421875</ele>
        <time>2016-07-16T12:13:02.000Z</time>
        <extensions>
          <ns3:TrackPointExtension>
            <ns3:hr>146</ns3:hr>
            <ns3:cad>96</ns3:cad>
          </ns3:TrackPointExtension>
        </extensions>
      </trkpt>
      <trkpt lat="29.1486826725304126739501953125" lon="120.329176001250743865966796875">
        <ele>140.1999969482421875</ele>
        <time>2016-07-16T12:13:03.000Z</time>
        <extensions>
          <ns3:TrackPointExtension>
            <ns3:hr>146</ns3:hr>
            <ns3:cad>97</ns3:cad>
          </ns3:TrackPointExtension>
        </extensions>
      </trkpt>
      <trkpt lat="29.14870689623057842254638671875" lon="120.32918639481067657470703125">
        <ele>139.8000030517578125</ele>
        <time>2016-07-16T12:13:04.000Z</time>
        <extensions>
          <ns3:TrackPointExtension>
            <ns3:hr>146</ns3:hr>
            <ns3:cad>97</ns3:cad>
          </ns3:TrackPointExtension>
        </extensions>
      </trkpt>
      <trkpt lat="29.14872902445495128631591796875" lon="120.32919469289481639862060546875">
        <ele>139.399993896484375</ele>
        <time>2016-07-16T12:13:05.000Z</time>
        <extensions>
          <ns3:TrackPointExtension>
            <ns3:hr>146</ns3:hr>
            <ns3:cad>97</ns3:cad>
          </ns3:TrackPointExtension>
        </extensions>
      </trkpt>
      <trkpt lat="29.14875215850770473480224609375" lon="120.32920273952186107635498046875">
        <ele>139.399993896484375</ele>
        <time>2016-07-16T12:13:06.000Z</time>
        <extensions>
          <ns3:TrackPointExtension>
            <ns3:hr>146</ns3:hr>
            <ns3:cad>97</ns3:cad>
          </ns3:TrackPointExtension>
        </extensions>
      </trkpt>
      <trkpt lat="29.1487762145698070526123046875" lon="120.32921095378696918487548828125">
        <ele>139.1999969482421875</ele>
        <time>2016-07-16T12:13:07.000Z</time>
        <extensions>
          <ns3:TrackPointExtension>
            <ns3:hr>147</ns3:hr>
            <ns3:cad>97</ns3:cad>
          </ns3:TrackPointExtension>
        </extensions>
      </trkpt>
      <trkpt lat="29.14880010299384593963623046875" lon="120.32921933569014072418212890625">
        <ele>139</ele>
        <time>2016-07-16T12:13:08.000Z</time>
        <extensions>
          <ns3:TrackPointExtension>
            <ns3:hr>146</ns3:hr>
            <ns3:cad>97</ns3:cad>
          </ns3:TrackPointExtension>
        </extensions>
      </trkpt>
      <trkpt lat="29.14882441051304340362548828125" lon="120.3292288072407245635986328125">
        <ele>138.8000030517578125</ele>
        <time>2016-07-16T12:13:09.000Z</time>
        <extensions>
          <ns3:TrackPointExtension>
            <ns3:hr>146</ns3:hr>
            <ns3:cad>97</ns3:cad>
          </ns3:TrackPointExtension>
        </extensions>
      </trkpt>
      <trkpt lat="29.14884888567030429840087890625" lon="120.32923861406743526458740234375">
        <ele>138.8000030517578125</ele>
        <time>2016-07-16T12:13:10.000Z</time>
        <extensions>
          <ns3:TrackPointExtension>
            <ns3:hr>146</ns3:hr>
            <ns3:cad>97</ns3:cad>
          </ns3:TrackPointExtension>
        </extensions>
      </trkpt>
      <trkpt lat="29.14887084625661373138427734375" lon="120.32924833707511425018310546875">
        <ele>138.600006103515625</ele>
        <time>2016-07-16T12:13:11.000Z</time>
        <extensions>
          <ns3:TrackPointExtension>
            <ns3:hr>146</ns3:hr>
            <ns3:cad>97</ns3:cad>
          </ns3:TrackPointExtension>
        </extensions>
      </trkpt>
      <trkpt lat="29.1488932259380817413330078125" lon="120.3292576409876346588134765625">
        <ele>138.399993896484375</ele>
        <time>2016-07-16T12:13:12.000Z</time>
        <extensions>
          <ns3:TrackPointExtension>
            <ns3:hr>146</ns3:hr>
            <ns3:cad>97</ns3:cad>
          </ns3:TrackPointExtension>
        </extensions>
      </trkpt>
      <trkpt lat="29.14891325868666172027587890625" lon="120.32926292158663272857666015625">
        <ele>138.399993896484375</ele>
        <time>2016-07-16T12:13:13.000Z</time>
        <extensions>
          <ns3:TrackPointExtension>
            <ns3:hr>145</ns3:hr>
            <ns3:cad>97</ns3:cad>
          </ns3:TrackPointExtension>
        </extensions>
      </trkpt>
      <trkpt lat="29.148933626711368560791015625" lon="120.329269878566265106201171875">
        <ele>138.1999969482421875</ele>
        <time>2016-07-16T12:13:14.000Z</time>
        <extensions>
          <ns3:TrackPointExtension>
            <ns3:hr>146</ns3:hr>
            <ns3:cad>97</ns3:cad>
          </ns3:TrackPointExtension>
        </extensions>
      </trkpt>
      <trkpt lat="29.14895734749734401702880859375" lon="120.32927691936492919921875">
        <ele>138</ele>
        <time>2016-07-16T12:13:15.000Z</time>
        <extensions>
          <ns3:TrackPointExtension>
            <ns3:hr>146</ns3:hr>
            <ns3:cad>97</ns3:cad>
          </ns3:TrackPointExtension>
        </extensions>
      </trkpt>
      <trkpt lat="29.14897796697914600372314453125" lon="120.3292811103165149688720703125">
        <ele>138</ele>
        <time>2016-07-16T12:13:16.000Z</time>
        <extensions>
          <ns3:TrackPointExtension>
            <ns3:hr>146</ns3:hr>
            <ns3:cad>97</ns3:cad>
          </ns3:TrackPointExtension>
        </extensions>
      </trkpt>
      <trkpt lat="29.14900009520351886749267578125" lon="120.3292868100106716156005859375">
        <ele>137.8000030517578125</ele>
        <time>2016-07-16T12:13:17.000Z</time>
        <extensions>
          <ns3:TrackPointExtension>
            <ns3:hr>146</ns3:hr>
            <ns3:cad>97</ns3:cad>
          </ns3:TrackPointExtension>
        </extensions>
      </trkpt>
      <trkpt lat="29.14902255870401859283447265625" lon="120.32929192297160625457763671875">
        <ele>138</ele>
        <time>2016-07-16T12:13:18.000Z</time>
        <extensions>
          <ns3:TrackPointExtension>
            <ns3:hr>146</ns3:hr>
            <ns3:cad>98</ns3:cad>
          </ns3:TrackPointExtension>
        </extensions>
      </trkpt>
      <trkpt lat="29.1490454412996768951416015625" lon="120.32929711975157260894775390625">
        <ele>138.1999969482421875</ele>
        <time>2016-07-16T12:13:19.000Z</time>
        <extensions>
          <ns3:TrackPointExtension>
            <ns3:hr>145</ns3:hr>
            <ns3:cad>98</ns3:cad>
          </ns3:TrackPointExtension>
        </extensions>
      </trkpt>
      <trkpt lat="29.1490714251995086669921875" lon="120.32930164597928524017333984375">
        <ele>138.399993896484375</ele>
        <time>2016-07-16T12:13:20.000Z</time>
        <extensions>
          <ns3:TrackPointExtension>
            <ns3:hr>145</ns3:hr>
            <ns3:cad>98</ns3:cad>
          </ns3:TrackPointExtension>
        </extensions>
      </trkpt>
      <trkpt lat="29.14909548126161098480224609375" lon="120.329304076731204986572265625">
        <ele>138.600006103515625</ele>
        <time>2016-07-16T12:13:21.000Z</time>
        <extensions>
          <ns3:TrackPointExtension>
            <ns3:hr>145</ns3:hr>
            <ns3:cad>97</ns3:cad>
          </ns3:TrackPointExtension>
        </extensions>
      </trkpt>
      <trkpt lat="29.14912037551403045654296875" lon="120.32930717803537845611572265625">
        <ele>138.8000030517578125</ele>
        <time>2016-07-16T12:13:22.000Z</time>
        <extensions>
          <ns3:TrackPointExtension>
            <ns3:hr>145</ns3:hr>
            <ns3:cad>96</ns3:cad>
          </ns3:TrackPointExtension>
        </extensions>
      </trkpt>
      <trkpt lat="29.14914577268064022064208984375" lon="120.32930600456893444061279296875">
        <ele>139</ele>
        <time>2016-07-16T12:13:23.000Z</time>
        <extensions>
          <ns3:TrackPointExtension>
            <ns3:hr>146</ns3:hr>
            <ns3:cad>96</ns3:cad>
          </ns3:TrackPointExtension>
        </extensions>
      </trkpt>
      <trkpt lat="29.14916890673339366912841796875" lon="120.32930298708379268646240234375">
        <ele>139</ele>
        <time>2016-07-16T12:13:24.000Z</time>
        <extensions>
          <ns3:TrackPointExtension>
            <ns3:hr>146</ns3:hr>
            <ns3:cad>96</ns3:cad>
          </ns3:TrackPointExtension>
        </extensions>
      </trkpt>
      <trkpt lat="29.1491929627954959869384765625" lon="120.329300053417682647705078125">
        <ele>139.1999969482421875</ele>
        <time>2016-07-16T12:13:25.000Z</time>
        <extensions>
          <ns3:TrackPointExtension>
            <ns3:hr>146</ns3:hr>
            <ns3:cad>97</ns3:cad>
          </ns3:TrackPointExtension>
        </extensions>
      </trkpt>
      <trkpt lat="29.14921601302921772003173828125" lon="120.32929292879998683929443359375">
        <ele>139.399993896484375</ele>
        <time>2016-07-16T12:13:26.000Z</time>
        <extensions>
          <ns3:TrackPointExtension>
            <ns3:hr>146</ns3:hr>
            <ns3:cad>97</ns3:cad>
          </ns3:TrackPointExtension>
        </extensions>
      </trkpt>
      <trkpt lat="29.149238727986812591552734375" lon="120.32928538508713245391845703125">
        <ele>139.600006103515625</ele>
        <time>2016-07-16T12:13:27.000Z</time>
        <extensions>
          <ns3:TrackPointExtension>
            <ns3:hr>146</ns3:hr>
            <ns3:cad>97</ns3:cad>
          </ns3:TrackPointExtension>
        </extensions>
      </trkpt>
      <trkpt lat="29.1492620296776294708251953125" lon="120.3292754106223583221435546875">
        <ele>139.8000030517578125</ele>
        <time>2016-07-16T12:13:28.000Z</time>
        <extensions>
          <ns3:TrackPointExtension>
            <ns3:hr>146</ns3:hr>
            <ns3:cad>97</ns3:cad>
          </ns3:TrackPointExtension>
        </extensions>
      </trkpt>
      <trkpt lat="29.14928424172103404998779296875" lon="120.329266525804996490478515625">
        <ele>140</ele>
        <time>2016-07-16T12:13:29.000Z</time>
        <extensions>
          <ns3:TrackPointExtension>
            <ns3:hr>146</ns3:hr>
            <ns3:cad>96</ns3:cad>
          </ns3:TrackPointExtension>
        </extensions>
      </trkpt>
      <trkpt lat="29.1493072919547557830810546875" lon="120.32925688661634922027587890625">
        <ele>140.1999969482421875</ele>
        <time>2016-07-16T12:13:30.000Z</time>
        <extensions>
          <ns3:TrackPointExtension>
            <ns3:hr>146</ns3:hr>
            <ns3:cad>97</ns3:cad>
          </ns3:TrackPointExtension>
        </extensions>
      </trkpt>
      <trkpt lat="29.1493297554552555084228515625" lon="120.3292432241141796112060546875">
        <ele>140.1999969482421875</ele>
        <time>2016-07-16T12:13:31.000Z</time>
        <extensions>
          <ns3:TrackPointExtension>
            <ns3:hr>146</ns3:hr>
            <ns3:cad>97</ns3:cad>
          </ns3:TrackPointExtension>
        </extensions>
      </trkpt>
      <trkpt lat="29.1493515484035015106201171875" lon="120.329227633774280548095703125">
        <ele>140.1999969482421875</ele>
        <time>2016-07-16T12:13:32.000Z</time>
        <extensions>
          <ns3:TrackPointExtension>
            <ns3:hr>146</ns3:hr>
            <ns3:cad>98</ns3:cad>
          </ns3:TrackPointExtension>
        </extensions>
      </trkpt>
      <trkpt lat="29.14937241934239864349365234375" lon="120.3292096965014934539794921875">
        <ele>140.399993896484375</ele>
        <time>2016-07-16T12:13:33.000Z</time>
        <extensions>
          <ns3:TrackPointExtension>
            <ns3:hr>146</ns3:hr>
            <ns3:cad>98</ns3:cad>
          </ns3:TrackPointExtension>
        </extensions>
      </trkpt>
      <trkpt lat="29.14939085952937602996826171875" lon="120.329190753400325775146484375">
        <ele>140.399993896484375</ele>
        <time>2016-07-16T12:13:34.000Z</time>
        <extensions>
          <ns3:TrackPointExtension>
            <ns3:hr>146</ns3:hr>
            <ns3:cad>98</ns3:cad>
          </ns3:TrackPointExtension>
        </extensions>
      </trkpt>
      <trkpt lat="29.149408042430877685546875" lon="120.32917172648012638092041015625">
        <ele>140.600006103515625</ele>
        <time>2016-07-16T12:13:35.000Z</time>
        <extensions>
          <ns3:TrackPointExtension>
            <ns3:hr>145</ns3:hr>
            <ns3:cad>97</ns3:cad>
          </ns3:TrackPointExtension>
        </extensions>
      </trkpt>
      <trkpt lat="29.14942539297044277191162109375" lon="120.32915194518864154815673828125">
        <ele>140.8000030517578125</ele>
        <time>2016-07-16T12:13:36.000Z</time>
        <extensions>
          <ns3:TrackPointExtension>
            <ns3:hr>145</ns3:hr>
            <ns3:cad>97</ns3:cad>
          </ns3:TrackPointExtension>
        </extensions>
      </trkpt>
      <trkpt lat="29.14944115094840526580810546875" lon="120.32913149334490299224853515625">
        <ele>141</ele>
        <time>2016-07-16T12:13:37.000Z</time>
        <extensions>
          <ns3:TrackPointExtension>
            <ns3:hr>145</ns3:hr>
            <ns3:cad>97</ns3:cad>
          </ns3:TrackPointExtension>
        </extensions>
      </trkpt>
      <trkpt lat="29.1494561545550823211669921875" lon="120.3291104547679424285888671875">
        <ele>141</ele>
        <time>2016-07-16T12:13:38.000Z</time>
        <extensions>
          <ns3:TrackPointExtension>
            <ns3:hr>144</ns3:hr>
            <ns3:cad>97</ns3:cad>
          </ns3:TrackPointExtension>
        </extensions>
      </trkpt>
      <trkpt lat="29.14946948178112506866455078125" lon="120.329088158905506134033203125">
        <ele>141.1999969482421875</ele>
        <time>2016-07-16T12:13:39.000Z</time>
        <extensions>
          <ns3:TrackPointExtension>
            <ns3:hr>144</ns3:hr>
            <ns3:cad>97</ns3:cad>
          </ns3:TrackPointExtension>
        </extensions>
      </trkpt>
      <trkpt lat="29.1494818031787872314453125" lon="120.32906628213822841644287109375">
        <ele>141.399993896484375</ele>
        <time>2016-07-16T12:13:40.000Z</time>
        <extensions>
          <ns3:TrackPointExtension>
            <ns3:hr>144</ns3:hr>
            <ns3:cad>97</ns3:cad>
          </ns3:TrackPointExtension>
        </extensions>
      </trkpt>
      <trkpt lat="29.14949093945324420928955078125" lon="120.3290427289903163909912109375">
        <ele>141.600006103515625</ele>
        <time>2016-07-16T12:13:41.000Z</time>
        <extensions>
          <ns3:TrackPointExtension>
            <ns3:hr>144</ns3:hr>
            <ns3:cad>97</ns3:cad>
          </ns3:TrackPointExtension>
        </extensions>
      </trkpt>
      <trkpt lat="29.14949856698513031005859375" lon="120.32901900820434093475341796875">
        <ele>141.8000030517578125</ele>
        <time>2016-07-16T12:13:42.000Z</time>
        <extensions>
          <ns3:TrackPointExtension>
            <ns3:hr>144</ns3:hr>
            <ns3:cad>97</ns3:cad>
          </ns3:TrackPointExtension>
        </extensions>
      </trkpt>
      <trkpt lat="29.14950569160282611846923828125" lon="120.32899620942771434783935546875">
        <ele>141.8000030517578125</ele>
        <time>2016-07-16T12:13:43.000Z</time>
        <extensions>
          <ns3:TrackPointExtension>
            <ns3:hr>144</ns3:hr>
            <ns3:cad>98</ns3:cad>
          </ns3:TrackPointExtension>
        </extensions>
      </trkpt>
      <trkpt lat="29.14951340295374393463134765625" lon="120.3289723210036754608154296875">
        <ele>142</ele>
        <time>2016-07-16T12:13:44.000Z</time>
        <extensions>
          <ns3:TrackPointExtension>
            <ns3:hr>144</ns3:hr>
            <ns3:cad>98</ns3:cad>
          </ns3:TrackPointExtension>
        </extensions>
      </trkpt>
      <trkpt lat="29.14951927028596401214599609375" lon="120.32894809730350971221923828125">
        <ele>142.1999969482421875</ele>
        <time>2016-07-16T12:13:45.000Z</time>
        <extensions>
          <ns3:TrackPointExtension>
            <ns3:hr>144</ns3:hr>
            <ns3:cad>97</ns3:cad>
          </ns3:TrackPointExtension>
        </extensions>
      </trkpt>
      <trkpt lat="29.1495232097804546356201171875" lon="120.32892362214624881744384765625">
        <ele>142.1999969482421875</ele>
        <time>2016-07-16T12:13:46.000Z</time>
        <extensions>
          <ns3:TrackPointExtension>
            <ns3:hr>144</ns3:hr>
            <ns3:cad>97</ns3:cad>
          </ns3:TrackPointExtension>
        </extensions>
      </trkpt>
      <trkpt lat="29.1495285741984844207763671875" lon="120.3288764320313930511474609375">
        <ele>142.399993896484375</ele>
        <time>2016-07-16T12:13:47.000Z</time>
        <extensions>
          <ns3:TrackPointExtension>
            <ns3:hr>144</ns3:hr>
            <ns3:cad>95</ns3:cad>
          </ns3:TrackPointExtension>
        </extensions>
      </trkpt>
      <trkpt lat="29.1495285741984844207763671875" lon="120.3288764320313930511474609375">
        <ele>142.399993896484375</ele>
        <time>2016-07-16T12:13:48.000Z</time>
        <extensions>
          <ns3:TrackPointExtension>
            <ns3:hr>144</ns3:hr>
            <ns3:cad>95</ns3:cad>
          </ns3:TrackPointExtension>
        </extensions>
      </trkpt>
      <trkpt lat="29.14952882565557956695556640625" lon="120.3288506157696247100830078125">
        <ele>142.600006103515625</ele>
        <time>2016-07-16T12:13:49.000Z</time>
        <extensions>
          <ns3:TrackPointExtension>
            <ns3:hr>144</ns3:hr>
            <ns3:cad>97</ns3:cad>
          </ns3:TrackPointExtension>
        </extensions>
      </trkpt>
      <trkpt lat="29.14952765218913555145263671875" lon="120.3288264758884906768798828125">
        <ele>142.600006103515625</ele>
        <time>2016-07-16T12:13:50.000Z</time>
        <extensions>
          <ns3:TrackPointExtension>
            <ns3:hr>144</ns3:hr>
            <ns3:cad>97</ns3:cad>
          </ns3:TrackPointExtension>
        </extensions>
      </trkpt>
      <trkpt lat="29.14952614344656467437744140625" lon="120.328802168369293212890625">
        <ele>142.8000030517578125</ele>
        <time>2016-07-16T12:13:51.000Z</time>
        <extensions>
          <ns3:TrackPointExtension>
            <ns3:hr>144</ns3:hr>
            <ns3:cad>96</ns3:cad>
          </ns3:TrackPointExtension>
        </extensions>
      </trkpt>
      <trkpt lat="29.14952538907527923583984375" lon="120.3287805430591106414794921875">
        <ele>142.8000030517578125</ele>
        <time>2016-07-16T12:13:52.000Z</time>
        <extensions>
          <ns3:TrackPointExtension>
            <ns3:hr>144</ns3:hr>
            <ns3:cad>96</ns3:cad>
          </ns3:TrackPointExtension>
        </extensions>
      </trkpt>
      <trkpt lat="29.14952379651367664337158203125" lon="120.32875933684408664703369140625">
        <ele>142.8000030517578125</ele>
        <time>2016-07-16T12:13:53.000Z</time>
        <extensions>
          <ns3:TrackPointExtension>
            <ns3:hr>144</ns3:hr>
            <ns3:cad>96</ns3:cad>
          </ns3:TrackPointExtension>
        </extensions>
      </trkpt>
      <trkpt lat="29.14952128194272518157958984375" lon="120.32873838208615779876708984375">
        <ele>143</ele>
        <time>2016-07-16T12:13:54.000Z</time>
        <extensions>
          <ns3:TrackPointExtension>
            <ns3:hr>144</ns3:hr>
            <ns3:cad>96</ns3:cad>
          </ns3:TrackPointExtension>
        </extensions>
      </trkpt>
      <trkpt lat="29.14951927028596401214599609375" lon="120.32871759496629238128662109375">
        <ele>143.1999969482421875</ele>
        <time>2016-07-16T12:13:55.000Z</time>
        <extensions>
          <ns3:TrackPointExtension>
            <ns3:hr>144</ns3:hr>
            <ns3:cad>96</ns3:cad>
          </ns3:TrackPointExtension>
        </extensions>
      </trkpt>
      <trkpt lat="29.1495166718959808349609375" lon="120.3286989033222198486328125">
        <ele>143.399993896484375</ele>
        <time>2016-07-16T12:13:56.000Z</time>
        <extensions>
          <ns3:TrackPointExtension>
            <ns3:hr>144</ns3:hr>
            <ns3:cad>96</ns3:cad>
          </ns3:TrackPointExtension>
        </extensions>
      </trkpt>
      <trkpt lat="29.149512983858585357666015625" lon="120.32868037931621074676513671875">
        <ele>143.399993896484375</ele>
        <time>2016-07-16T12:13:57.000Z</time>
        <extensions>
          <ns3:TrackPointExtension>
            <ns3:hr>144</ns3:hr>
            <ns3:cad>95</ns3:cad>
          </ns3:TrackPointExtension>
        </extensions>
      </trkpt>
      <trkpt lat="29.14950787089765071868896484375" lon="120.3286618553102016448974609375">
        <ele>143.600006103515625</ele>
        <time>2016-07-16T12:13:58.000Z</time>
        <extensions>
          <ns3:TrackPointExtension>
            <ns3:hr>144</ns3:hr>
            <ns3:cad>94</ns3:cad>
          </ns3:TrackPointExtension>
        </extensions>
      </trkpt>
      <trkpt lat="29.149501584470272064208984375" lon="120.32864433713257312774658203125">
        <ele>143.600006103515625</ele>
        <time>2016-07-16T12:13:59.000Z</time>
        <extensions>
          <ns3:TrackPointExtension>
            <ns3:hr>143</ns3:hr>
            <ns3:cad>93</ns3:cad>
          </ns3:TrackPointExtension>
        </extensions>
      </trkpt>
      <trkpt lat="29.1494957171380519866943359375" lon="120.3286291658878326416015625">
        <ele>143.8000030517578125</ele>
        <time>2016-07-16T12:14:00.000Z</time>
        <extensions>
          <ns3:TrackPointExtension>
            <ns3:hr>143</ns3:hr>
            <ns3:cad>93</ns3:cad>
          </ns3:TrackPointExtension>
        </extensions>
      </trkpt>
      <trkpt lat="29.1494893468916416168212890625" lon="120.32861500047147274017333984375">
        <ele>143.8000030517578125</ele>
        <time>2016-07-16T12:14:01.000Z</time>
        <extensions>
          <ns3:TrackPointExtension>
            <ns3:hr>145</ns3:hr>
            <ns3:cad>93</ns3:cad>
          </ns3:TrackPointExtension>
        </extensions>
      </trkpt>
      <trkpt lat="29.149483479559421539306640625" lon="120.3286018408834934234619140625">
        <ele>143.8000030517578125</ele>
        <time>2016-07-16T12:14:02.000Z</time>
        <extensions>
          <ns3:TrackPointExtension>
            <ns3:hr>144</ns3:hr>
            <ns3:cad>90</ns3:cad>
          </ns3:TrackPointExtension>
        </extensions>
      </trkpt>
      <trkpt lat="29.14947719313204288482666015625" lon="120.32858985476195812225341796875">
        <ele>144</ele>
        <time>2016-07-16T12:14:03.000Z</time>
        <extensions>
          <ns3:TrackPointExtension>
            <ns3:hr>144</ns3:hr>
            <ns3:cad>90</ns3:cad>
          </ns3:TrackPointExtension>
        </extensions>
      </trkpt>
      <trkpt lat="29.14946998469531536102294921875" lon="120.32857728190720081329345703125">
        <ele>144</ele>
        <time>2016-07-16T12:14:04.000Z</time>
        <extensions>
          <ns3:TrackPointExtension>
            <ns3:hr>142</ns3:hr>
            <ns3:cad>90</ns3:cad>
          </ns3:TrackPointExtension>
        </extensions>
      </trkpt>
      <trkpt lat="29.14946277625858783721923828125" lon="120.3285647928714752197265625">
        <ele>144</ele>
        <time>2016-07-16T12:14:05.000Z</time>
        <extensions>
          <ns3:TrackPointExtension>
            <ns3:hr>141</ns3:hr>
            <ns3:cad>90</ns3:cad>
          </ns3:TrackPointExtension>
        </extensions>
      </trkpt>
      <trkpt lat="29.14945540018379688262939453125" lon="120.3285525552928447723388671875">
        <ele>144</ele>
        <time>2016-07-16T12:14:06.000Z</time>
        <extensions>
          <ns3:TrackPointExtension>
            <ns3:hr>140</ns3:hr>
            <ns3:cad>62</ns3:cad>
          </ns3:TrackPointExtension>
        </extensions>
      </trkpt>
      <trkpt lat="29.14944869466125965118408203125" lon="120.328540988266468048095703125">
        <ele>144</ele>
        <time>2016-07-16T12:14:07.000Z</time>
        <extensions>
          <ns3:TrackPointExtension>
            <ns3:hr>138</ns3:hr>
            <ns3:cad>62</ns3:cad>
          </ns3:TrackPointExtension>
        </extensions>
      </trkpt>
      <trkpt lat="29.14944249205291271209716796875" lon="120.32852967269718647003173828125">
        <ele>144</ele>
        <time>2016-07-16T12:14:08.000Z</time>
        <extensions>
          <ns3:TrackPointExtension>
            <ns3:hr>137</ns3:hr>
            <ns3:cad>62</ns3:cad>
          </ns3:TrackPointExtension>
        </extensions>
      </trkpt>
      <trkpt lat="29.149435870349407196044921875" lon="120.32851810567080974578857421875">
        <ele>144.1999969482421875</ele>
        <time>2016-07-16T12:14:09.000Z</time>
        <extensions>
          <ns3:TrackPointExtension>
            <ns3:hr>137</ns3:hr>
            <ns3:cad>58</ns3:cad>
          </ns3:TrackPointExtension>
        </extensions>
      </trkpt>
      <trkpt lat="29.14942874573171138763427734375" lon="120.32850620336830615997314453125">
        <ele>144.1999969482421875</ele>
        <time>2016-07-16T12:14:10.000Z</time>
        <extensions>
          <ns3:TrackPointExtension>
            <ns3:hr>139</ns3:hr>
            <ns3:cad>58</ns3:cad>
          </ns3:TrackPointExtension>
        </extensions>
      </trkpt>
      <trkpt lat="29.149421118199825286865234375" lon="120.32849597744643688201904296875">
        <ele>144.1999969482421875</ele>
        <time>2016-07-16T12:14:11.000Z</time>
        <extensions>
          <ns3:TrackPointExtension>
            <ns3:hr>138</ns3:hr>
            <ns3:cad>58</ns3:cad>
          </ns3:TrackPointExtension>
        </extensions>
      </trkpt>
      <trkpt lat="29.1494129039347171783447265625" lon="120.3284868411719799041748046875">
        <ele>144.1999969482421875</ele>
        <time>2016-07-16T12:14:12.000Z</time>
        <extensions>
          <ns3:TrackPointExtension>
            <ns3:hr>137</ns3:hr>
            <ns3:cad>58</ns3:cad>
          </ns3:TrackPointExtension>
        </extensions>
      </trkpt>
      <trkpt lat="29.149406366050243377685546875" lon="120.32847887836396694183349609375">
        <ele>144</ele>
        <time>2016-07-16T12:14:13.000Z</time>
        <extensions>
          <ns3:TrackPointExtension>
            <ns3:hr>140</ns3:hr>
            <ns3:cad>58</ns3:cad>
          </ns3:TrackPointExtension>
        </extensions>
      </trkpt>
      <trkpt lat="29.14939756505191326141357421875" lon="120.32847158610820770263671875">
        <ele>144</ele>
        <time>2016-07-16T12:14:14.000Z</time>
        <extensions>
          <ns3:TrackPointExtension>
            <ns3:hr>140</ns3:hr>
            <ns3:cad>0</ns3:cad>
          </ns3:TrackPointExtension>
        </extensions>
      </trkpt>
      <trkpt lat="29.14939119480550289154052734375" lon="120.32846563495695590972900390625">
        <ele>144</ele>
        <time>2016-07-16T12:14:15.000Z</time>
        <extensions>
          <ns3:TrackPointExtension>
            <ns3:hr>140</ns3:hr>
            <ns3:cad>0</ns3:cad>
          </ns3:TrackPointExtension>
        </extensions>
      </trkpt>
      <trkpt lat="29.14938733913004398345947265625" lon="120.32846529968082904815673828125">
        <ele>144</ele>
        <time>2016-07-16T12:14:16.000Z</time>
        <extensions>
          <ns3:TrackPointExtension>
            <ns3:hr>139</ns3:hr>
            <ns3:cad>0</ns3:cad>
          </ns3:TrackPointExtension>
        </extensions>
      </trkpt>
      <trkpt lat="29.14938013069331645965576171875" lon="120.32845943234860897064208984375">
        <ele>144</ele>
        <time>2016-07-16T12:14:17.000Z</time>
        <extensions>
          <ns3:TrackPointExtension>
            <ns3:hr>139</ns3:hr>
            <ns3:cad>0</ns3:cad>
          </ns3:TrackPointExtension>
        </extensions>
      </trkpt>
      <trkpt lat="29.1493773646652698516845703125" lon="120.32845624722540378570556640625">
        <ele>144</ele>
        <time>2016-07-16T12:14:18.000Z</time>
        <extensions>
          <ns3:TrackPointExtension>
            <ns3:hr>138</ns3:hr>
            <ns3:cad>0</ns3:cad>
          </ns3:TrackPointExtension>
        </extensions>
      </trkpt>
      <trkpt lat="29.149367474019527435302734375" lon="120.3284519724547863006591796875">
        <ele>143.8000030517578125</ele>
        <time>2016-07-16T12:14:19.000Z</time>
        <extensions>
          <ns3:TrackPointExtension>
            <ns3:hr>138</ns3:hr>
            <ns3:cad>0</ns3:cad>
          </ns3:TrackPointExtension>
        </extensions>
      </trkpt>
      <trkpt lat="29.1493592597544193267822265625" lon="120.32844702713191509246826171875">
        <ele>143.8000030517578125</ele>
        <time>2016-07-16T12:14:20.000Z</time>
        <extensions>
          <ns3:TrackPointExtension>
            <ns3:hr>138</ns3:hr>
            <ns3:cad>62</ns3:cad>
          </ns3:TrackPointExtension>
        </extensions>
      </trkpt>
      <trkpt lat="29.1493572480976581573486328125" lon="120.3284432552754878997802734375">
        <ele>143.8000030517578125</ele>
        <time>2016-07-16T12:14:21.000Z</time>
        <extensions>
          <ns3:TrackPointExtension>
            <ns3:hr>138</ns3:hr>
            <ns3:cad>62</ns3:cad>
          </ns3:TrackPointExtension>
        </extensions>
      </trkpt>
      <trkpt lat="29.14935104548931121826171875" lon="120.32843763940036296844482421875">
        <ele>143.8000030517578125</ele>
        <time>2016-07-16T12:14:22.000Z</time>
        <extensions>
          <ns3:TrackPointExtension>
            <ns3:hr>138</ns3:hr>
            <ns3:cad>62</ns3:cad>
          </ns3:TrackPointExtension>
        </extensions>
      </trkpt>
      <trkpt lat="29.14934433996677398681640625" lon="120.32842624001204967498779296875">
        <ele>143.8000030517578125</ele>
        <time>2016-07-16T12:14:23.000Z</time>
        <extensions>
          <ns3:TrackPointExtension>
            <ns3:hr>138</ns3:hr>
            <ns3:cad>62</ns3:cad>
          </ns3:TrackPointExtension>
        </extensions>
      </trkpt>
      <trkpt lat="29.14933755062520503997802734375" lon="120.32841953448951244354248046875">
        <ele>143.8000030517578125</ele>
        <time>2016-07-16T12:14:24.000Z</time>
        <extensions>
          <ns3:TrackPointExtension>
            <ns3:hr>139</ns3:hr>
            <ns3:cad>62</ns3:cad>
          </ns3:TrackPointExtension>
        </extensions>
      </trkpt>
      <trkpt lat="29.14932464249432086944580078125" lon="120.3284144215285778045654296875">
        <ele>143.600006103515625</ele>
        <time>2016-07-16T12:14:25.000Z</time>
        <extensions>
          <ns3:TrackPointExtension>
            <ns3:hr>139</ns3:hr>
            <ns3:cad>0</ns3:cad>
          </ns3:TrackPointExtension>
        </extensions>
      </trkpt>
      <trkpt lat="29.1493183560669422149658203125" lon="120.3284092247486114501953125">
        <ele>143.600006103515625</ele>
        <time>2016-07-16T12:14:26.000Z</time>
        <extensions>
          <ns3:TrackPointExtension>
            <ns3:hr>139</ns3:hr>
            <ns3:cad>0</ns3:cad>
          </ns3:TrackPointExtension>
        </extensions>
      </trkpt>
      <trkpt lat="29.14931542240083217620849609375" lon="120.3284067101776599884033203125">
        <ele>143.600006103515625</ele>
        <time>2016-07-16T12:14:27.000Z</time>
        <extensions>
          <ns3:TrackPointExtension>
            <ns3:hr>138</ns3:hr>
            <ns3:cad>0</ns3:cad>
          </ns3:TrackPointExtension>
        </extensions>
      </trkpt>
      <trkpt lat="29.1493079625070095062255859375" lon="120.3284026868641376495361328125">
        <ele>143.600006103515625</ele>
        <time>2016-07-16T12:14:28.000Z</time>
        <extensions>
          <ns3:TrackPointExtension>
            <ns3:hr>138</ns3:hr>
            <ns3:cad>0</ns3:cad>
          </ns3:TrackPointExtension>
        </extensions>
      </trkpt>
      <trkpt lat="29.14930419065058231353759765625" lon="120.32840025611221790313720703125">
        <ele>143.399993896484375</ele>
        <time>2016-07-16T12:14:29.000Z</time>
        <extensions>
          <ns3:TrackPointExtension>
            <ns3:hr>137</ns3:hr>
            <ns3:cad>0</ns3:cad>
          </ns3:TrackPointExtension>
        </extensions>
      </trkpt>
      <trkpt lat="29.14929564110934734344482421875" lon="120.32839539460837841033935546875">
        <ele>143.399993896484375</ele>
        <time>2016-07-16T12:14:30.000Z</time>
        <extensions>
          <ns3:TrackPointExtension>
            <ns3:hr>137</ns3:hr>
            <ns3:cad>0</ns3:cad>
          </ns3:TrackPointExtension>
        </extensions>
      </trkpt>
      <trkpt lat="29.14929161779582500457763671875" lon="120.3283931314945220947265625">
        <ele>143.399993896484375</ele>
        <time>2016-07-16T12:14:31.000Z</time>
        <extensions>
          <ns3:TrackPointExtension>
            <ns3:hr>136</ns3:hr>
            <ns3:cad>0</ns3:cad>
          </ns3:TrackPointExtension>
        </extensions>
      </trkpt>
      <trkpt lat="29.149282984435558319091796875" lon="120.32838919200003147125244140625">
        <ele>143.1999969482421875</ele>
        <time>2016-07-16T12:14:32.000Z</time>
        <extensions>
          <ns3:TrackPointExtension>
            <ns3:hr>136</ns3:hr>
            <ns3:cad>62</ns3:cad>
          </ns3:TrackPointExtension>
        </extensions>
      </trkpt>
      <trkpt lat="29.1492747701704502105712890625" lon="120.32838567160069942474365234375">
        <ele>143.1999969482421875</ele>
        <time>2016-07-16T12:14:33.000Z</time>
        <extensions>
          <ns3:TrackPointExtension>
            <ns3:hr>134</ns3:hr>
            <ns3:cad>62</ns3:cad>
          </ns3:TrackPointExtension>
        </extensions>
      </trkpt>
      <trkpt lat="29.14925322867929935455322265625" lon="120.328378044068813323974609375">
        <ele>143.1999969482421875</ele>
        <time>2016-07-16T12:14:36.000Z</time>
        <extensions>
          <ns3:TrackPointExtension>
            <ns3:hr>133</ns3:hr>
            <ns3:cad>62</ns3:cad>
          </ns3:TrackPointExtension>
        </extensions>
      </trkpt>
      <trkpt lat="29.14924300275743007659912109375" lon="120.32837728969752788543701171875">
        <ele>143.1999969482421875</ele>
        <time>2016-07-16T12:14:37.000Z</time>
        <extensions>
          <ns3:TrackPointExtension>
            <ns3:hr>133</ns3:hr>
            <ns3:cad>0</ns3:cad>
          </ns3:TrackPointExtension>
        </extensions>
      </trkpt>
    </trkseg>
  </trk>
</gpx>
